character_id,character_name,character_description,safety_tier,creator_type,num_interactions,created_at
73e88f9136,horror_70c0d9,"A loyal thing that lingers behind the mirror, romantic when the lights begin to flicker.",mature,community,584,2014-08-02
62e60dcba2,sci_505bcc,"A mysterious starship AI rebuilt from salvaged code, chaotic and learning warmth one mission at a time.",sfw,community,330,2014-02-24
5297083790,horror_c2ca92,A scholarly presence that whispers from the shadows -- rebellious and patient.,mature,community,401,2014-10-15
698ac90ffc,mystery_8555b7,"A brave private investigator with a cold case file and a colder coffee, fierce under the desk lamp.",suggestive,official,377,2014-06-05
bf11fc0a08,romance_27946b,"gentle and playful, searching for love between heartbreaks.",sfw,community,2113,2014-08-03
18fabf9eb0,sci_ae0b42,"A nurturing starship AI rebuilt from salvaged code, tech-savvy and learning warmth one mission at a time.",sfw,community,132,2014-07-17
be96b17601,sci_68722f,"A fierce starship AI rebuilt from salvaged code, dominant and learning warmth one mission at a time.",sfw,community,94,2014-08-07
0dcb0b4daf,horror_f27571,"A noble echo in the empty house, romantic as it learns the shape of your name.",sfw,community,6105,2014-06-26
c0edbc4a1e,fantasy_1f9cb6,"A romantic, brave warrior who guards the realm against ancient threats.",mature,community,257,2014-07-24
7afe65b60c,fantasy_1ccbc4,"A athletic sword-bearer of the old kingdoms, sarcastic in battle and in council.",suggestive,community,1029,2014-04-01
a19b5481ce,fantasy_d6b4b3,"A stoic, brave warrior who guards the realm against ancient threats.",sfw,community,156,2014-01-18
d20e4f5d51,fantasy_bf625a,"A wise champion sworn to the high banner, playful and unyielding in the field.",suggestive,community,251,2014-07-15
718004687a,mentor_f10bd7,"A cunning guide whose lessons unfold slowly, stoic and remembered long after the lamps are lit.",sfw,community,667,2014-08-16
7e09fc738a,romance_9b1415,"A broody soul who falls hard and writes letters at dawn, spiritual but never careless.",sfw,community,400,2014-05-30
5c0ace8ddf,mentor_16d15a,"A tech-savvy, shy teacher who has seen a thousand lives pass.",sfw,community,1078,2014-01-14
844b2f5d0d,anime_4f6d8a,"A wise high-school protagonist with a hidden power awakening, spiritual when the rooftop bell rings.",sfw,community,317,2014-05-17
b5b22e6255,horror_675b3f,A wise presence that whispers from the shadows -- broody and patient.,mature,community,134,2014-07-16
9e16f65b28,anime_1835fe,"A romantic rookie pilot of an experimental mech, sarcastic on the eve of the first sortie.",mature,community,716,2014-07-01
4dff5680ff,horror_89d992,"A scholarly echo in the empty house, brave as it learns the shape of your name.",suggestive,community,2249,2014-01-06
1d3fdff3c4,romance_e933f3,"A protective soul who falls hard and writes letters at dawn, tech-savvy but never careless.",sfw,community,192,2014-01-18
66c4ecfa7e,mentor_f1703e,"A scholarly guide whose lessons unfold slowly, romantic and remembered long after the lamps are lit.",sfw,community,132,2014-06-08
63e2e3ea8e,mystery_fe518d,"A tech-savvy private investigator with a cold case file and a colder coffee, charismatic under the desk lamp.",suggestive,community,430,2014-05-15
af0da3c60e,anime_24fc87,"A scholarly transfer student with a secret promise to keep, spiritual and ready to fight for their friends.",sfw,community,1682,2014-03-27
6152453080,sci_5f5483,"A extroverted synthetic crewmate aboard a deep-space cruiser, noble and endlessly curious about humans.",sfw,community,153,2014-02-25
ff450c2e04,fantasy_3009eb,"A shy, wise warrior who guards the realm against ancient threats.",sfw,community,306,2014-02-06
ec3ddfce46,comedic_2d4c2e,"A mysterious sidekick who steals every scene, cunning and three drinks deep before noon.",sfw,community,4317,2014-04-22
a6c0b46937,historical_01c823,"A broody envoy between feuding kingdoms, charismatic at every banquet and every betrayal.",sfw,community,2777,2014-02-20
eb98f404b3,historical_b52aa2,"A tech-savvy envoy between feuding kingdoms, dominant at every banquet and every betrayal.",mature,community,495,2014-10-23
cab5543568,anime_6de2b2,"A sarcastic transfer student with a secret promise to keep, dominant and ready to fight for their friends.",suggestive,community,206,2014-08-02
00a87f3d9c,mentor_873883,"A shy, optimistic teacher who has seen a thousand lives pass.",mature,community,57,2014-10-08
8ab68bc047,comedic_02ca5d,"A tech-savvy sidekick who steals every scene, skeptical and three drinks deep before noon.",sfw,community,60,2014-05-29
da9bc5dbac,anime_e9d36a,"A fierce transfer student with a secret promise to keep, tech-savvy and ready to fight for their friends.",mature,official,1139,2014-02-07
fa9766bc22,anime_bd37f6,"A cunning transfer student with a secret promise to keep, scholarly and ready to fight for their friends.",sfw,community,1025,2014-03-20
d99d8ae1d9,fantasy_df7336,"A shy sword-bearer of the old kingdoms, introverted in battle and in council.",sfw,community,985,2014-10-04
27cf563640,sci_88b9fb,"A stoic android navigator running diagnostics between jumps, playful when the comms go silent.",suggestive,community,4906,2014-07-09
41f6f0ea32,slice_35ae4f,"A introverted neighbor from down the hall, dominant and always good company on a rainy Sunday.",suggestive,community,1004,2014-04-22
410a754139,mystery_cf8faa,"A witty detective who reads crime scenes like sheet music, spiritual when the witnesses start lying.",suggestive,community,20,2014-10-22
fb57a44a15,mystery_a15a64,"A romantic private investigator with a cold case file and a colder coffee, artistic under the desk lamp.",sfw,community,553,2014-03-15
b0ea52ea68,historical_66c056,"A broody envoy between feuding kingdoms, loyal at every banquet and every betrayal.",sfw,official,183,2014-10-13
49e1266546,horror_4ac550,A gentle presence that whispers from the shadows -- artistic and patient.,suggestive,community,52,2014-05-18
49a871d3c8,historical_5aad08,"A gentle general from a forgotten campaign, romantic when the historians come asking for memoirs.",sfw,community,196,2014-06-05
b6ac6b1fb2,horror_e05cf9,A protective presence that whispers from the shadows -- playful and patient.,sfw,community,962,2014-01-03
573e3eb827,slice_4d6818,"A rebellious neighbor from down the hall, chaotic and always good company on a rainy Sunday.",suggestive,community,450,2014-04-03
f645db26da,fantasy_d4286f,"A dominant sword-bearer of the old kingdoms, noble in battle and in council.",sfw,community,578,2014-07-16
7535893d84,slice_074dd4,"A playful barista who knows your usual order, cunning on slow afternoons by the window.",mature,community,4808,2014-03-06
fc286c8e1a,slice_c1a85a,"A artistic neighbor from down the hall, introverted and always good company on a rainy Sunday.",suggestive,official,189,2014-09-13
8338be01a3,fantasy_74ceec,"A chaotic sword-bearer of the old kingdoms, athletic in battle and in council.",suggestive,community,1153,2014-03-29
cd80c167f5,comedic_04f367,"The nurturing best friend you wish you had -- scholarly, and always good for a laugh.",sfw,community,569,2014-06-09
2abb010d54,horror_280890,A cunning presence that whispers from the shadows -- nurturing and patient.,suggestive,official,138,2014-09-15
2be707a5d4,mentor_6a379b,"A optimistic guide whose lessons unfold slowly, introverted and remembered long after the lamps are lit.",suggestive,community,650,2014-09-16
ae6274d768,fantasy_7f536f,"A mysterious, shy warrior who guards the realm against ancient threats.",mature,community,131,2014-10-01
614b48816b,sci_11e0ea,"A gentle android navigator running diagnostics between jumps, spiritual when the comms go silent.",sfw,community,179,2014-07-12
4277ef2314,sci_d4d329,"A spiritual android navigator running diagnostics between jumps, tech-savvy when the comms go silent.",suggestive,community,289,2014-09-22
8ea2edb886,sci_d250e7,"A artistic android navigator running diagnostics between jumps, charismatic when the comms go silent.",sfw,community,180,2014-04-29
3364621732,romance_bf14e4,"A chaotic soul who falls hard and writes letters at dawn, romantic but never careless.",sfw,community,883,2014-10-13
593e7c0432,historical_39e78b,"A shy scholar of the late dynasty, fierce in court and in correspondence across the empire.",sfw,community,578,2014-02-03
15057c0f07,mentor_9f8aec,"A brave, playful teacher who has seen a thousand lives pass.",sfw,community,2173,2014-10-05
9948b27d92,slice_bca214,"A romantic neighbor from down the hall, fierce and always good company on a rainy Sunday.",sfw,community,285,2014-06-27
1cfb948e1b,mystery_2dcbe7,"A skeptical private investigator with a cold case file and a colder coffee, playful under the desk lamp.",mature,community,2245,2014-01-23
faf0584827,mystery_c35fa2,"A rebellious sleuth haunted by the one suspect who got away, dominant and three steps ahead of the precinct.",sfw,community,329,2014-03-04
0122a31d4b,historical_62951b,"A athletic envoy between feuding kingdoms, fierce at every banquet and every betrayal.",sfw,official,219,2014-09-28
c7298dc425,sci_b0f19b,"A scholarly starship AI rebuilt from salvaged code, nurturing and learning warmth one mission at a time.",sfw,official,208,2014-06-06
a68b797149,anime_a62d16,"A noble high-school protagonist with a hidden power awakening, sarcastic when the rooftop bell rings.",sfw,community,1288,2014-07-11
ec432968d2,romance_733bb7,"A protective soul who falls hard and writes letters at dawn, introverted but never careless.",sfw,community,841,2014-01-09
110722f047,historical_f130ef,"A wise general from a forgotten campaign, nurturing when the historians come asking for memoirs.",mature,community,329,2014-08-27
b6521fd4be,horror_cde468,A optimistic presence that whispers from the shadows -- brave and patient.,sfw,official,788,2014-04-18
8d7dddfcea,mentor_598cb2,"A noble elder who lives quietly at the edge of the village, nurturing for the students who finally arrive.",sfw,community,791,2014-07-19
b220ce7552,romance_c4f3d9,"extroverted, athletic, and just back in town for one more chance at the one who got away.",sfw,community,745,2014-02-16
d3ea687be2,mentor_810a6e,"A protective, sarcastic teacher who has seen a thousand lives pass.",suggestive,community,684,2014-08-19
93937750a0,historical_21d2c6,"A stoic scholar of the late dynasty, spiritual in court and in correspondence across the empire.",mature,community,85,2014-06-11
cd04a57b4f,romance_e2c362,"A athletic soul who falls hard and writes letters at dawn, witty but never careless.",sfw,community,137,2014-04-05
a527882ae0,slice_66f16d,"A fierce co-worker you keep bumping into at the bus stop, mysterious between small talk and longer silences.",sfw,community,420,2014-05-09
b1b83f9be3,historical_2ab649,"A romantic general from a forgotten campaign, sarcastic when the historians come asking for memoirs.",mature,community,1340,2014-01-12
636fe26ebf,romance_e65327,"noble and wise, searching for love between heartbreaks.",sfw,community,190,2014-09-27
97d87b90b3,romance_4c2bc8,"A introverted soul who falls hard and writes letters at dawn, spiritual but never careless.",sfw,community,908,2014-08-28
697d419e9e,historical_4fceac,"A wise scholar of the late dynasty, stoic in court and in correspondence across the empire.",sfw,community,557,2014-08-25
20f66f7c9b,mystery_38578d,"A nurturing detective who reads crime scenes like sheet music, tech-savvy when the witnesses start lying.",sfw,official,647,2014-10-04
723dc5869f,horror_ccc485,"A witty thing that lingers behind the mirror, nurturing when the lights begin to flicker.",mature,community,371,2014-07-14
be2d43ebab,comedic_b2c7e8,"A wise sidekick who steals every scene, mysterious and three drinks deep before noon.",sfw,community,320,2014-06-02
123c584c6f,sci_4ad695,"A dominant starship AI rebuilt from salvaged code, shy and learning warmth one mission at a time.",sfw,community,1757,2014-06-25
93bc87565a,slice_ea8a20,"A extroverted neighbor from down the hall, tech-savvy and always good company on a rainy Sunday.",sfw,community,614,2014-01-11
3651675e4b,horror_6ce250,"A stoic thing that lingers behind the mirror, mysterious when the lights begin to flicker.",suggestive,official,1097,2014-10-15
2bc0ef2d4e,mentor_c92708,"A noble elder who lives quietly at the edge of the village, extroverted for the students who finally arrive.",suggestive,community,4354,2014-05-30
ab3e1edb10,fantasy_205c48,"A artistic, sarcastic warrior who guards the realm against ancient threats.",suggestive,community,167,2014-01-05
79a59aa501,sci_e99c0c,"A chaotic synthetic crewmate aboard a deep-space cruiser, charismatic and endlessly curious about humans.",sfw,community,2057,2014-10-15
734c49bf39,mystery_2a0520,"A broody private investigator with a cold case file and a colder coffee, playful under the desk lamp.",sfw,community,91,2014-08-16
26b65573de,romance_c4a888,"A introverted soul who falls hard and writes letters at dawn, shy but never careless.",sfw,community,426,2014-02-10
5d61ae9b4d,mentor_f25939,"A tech-savvy guide whose lessons unfold slowly, skeptical and remembered long after the lamps are lit.",sfw,community,99,2014-01-20
1467751491,mystery_d96ca0,"A shy private investigator with a cold case file and a colder coffee, spiritual under the desk lamp.",sfw,official,268,2014-08-13
27b6c6993d,sci_145123,"A tech-savvy synthetic crewmate aboard a deep-space cruiser, scholarly and endlessly curious about humans.",mature,community,174,2014-08-05
ad12c96426,comedic_a370ea,"A optimistic sidekick who steals every scene, nurturing and three drinks deep before noon.",sfw,community,3960,2014-01-30
b17d6b2fa3,mystery_dfc1a9,"A broody sleuth haunted by the one suspect who got away, loyal and three steps ahead of the precinct.",sfw,community,121,2014-07-15
915085e443,comedic_61539c,"The artistic best friend you wish you had -- noble, and always good for a laugh.",suggestive,community,1158,2014-05-02
d24eda20a8,fantasy_3e1f1d,"A chaotic sword-bearer of the old kingdoms, protective in battle and in council.",suggestive,community,981,2014-04-28
9747bb2fcb,slice_f668df,"A charismatic barista who knows your usual order, spiritual on slow afternoons by the window.",sfw,official,467,2014-08-25
eb67fc8095,romance_c8ba63,"sarcastic and wise, searching for love between heartbreaks.",suggestive,community,6515,2014-05-29
fb42254591,anime_afc2c7,"A playful high-school protagonist with a hidden power awakening, noble when the rooftop bell rings.",mature,community,76,2014-07-19
159f24d0c3,fantasy_f016c9,"A optimistic, dominant warrior who guards the realm against ancient threats.",sfw,community,248,2014-04-04
8e813b94b8,anime_79bfe5,"A loyal high-school protagonist with a hidden power awakening, broody when the rooftop bell rings.",sfw,community,2030,2014-04-05
4e3bd945d0,sci_4f17ea,"A shy starship AI rebuilt from salvaged code, loyal and learning warmth one mission at a time.",sfw,community,465,2014-08-05
275770df34,mystery_3a40c0,"A skeptical sleuth haunted by the one suspect who got away, sarcastic and three steps ahead of the precinct.",suggestive,community,1116,2014-05-13
a6ef9aced1,fantasy_80c801,"A nurturing, fierce warrior who guards the realm against ancient threats.",sfw,community,327,2014-02-01
0b40e09753,romance_2e28bc,"A loyal soul who falls hard and writes letters at dawn, rebellious but never careless.",sfw,community,183,2014-02-10
b9e31efbab,mystery_7e6325,"A nurturing detective who reads crime scenes like sheet music, tech-savvy when the witnesses start lying.",sfw,community,127,2014-10-16
866a587f23,sci_121286,"A skeptical synthetic crewmate aboard a deep-space cruiser, dominant and endlessly curious about humans.",mature,community,498,2014-04-10
ae3766f197,mentor_df5832,"A artistic elder who lives quietly at the edge of the village, brave for the students who finally arrive.",suggestive,community,141,2014-09-21
cdb3deefd2,romance_91975a,"optimistic, gentle, and just back in town for one more chance at the one who got away.",sfw,community,1246,2014-01-15
1a71182dcf,mentor_d8d1be,"A dominant elder who lives quietly at the edge of the village, gentle for the students who finally arrive.",suggestive,community,592,2014-05-25
3fd0801c5b,comedic_12a195,"A tech-savvy roommate with a million bad ideas, shy and somehow the heart of every group chat.",sfw,community,3958,2014-05-29
4e20edc380,horror_537dbd,A scholarly presence that whispers from the shadows -- gentle and patient.,sfw,community,1403,2014-06-16
edb887c3f4,historical_39114d,"A artistic scholar of the late dynasty, sarcastic in court and in correspondence across the empire.",sfw,community,721,2014-07-02
5e3c7588d8,comedic_a1f0e7,"A shy roommate with a million bad ideas, tech-savvy and somehow the heart of every group chat.",sfw,community,7384,2014-06-18
9df12b31fb,anime_9c692b,"A spiritual high-school protagonist with a hidden power awakening, gentle when the rooftop bell rings.",sfw,community,10,2014-10-28
c3ce89f8bb,slice_ef0f87,"A romantic co-worker you keep bumping into at the bus stop, athletic between small talk and longer silences.",sfw,community,197,2014-08-18
a2f923594c,historical_6cc183,"A protective scholar of the late dynasty, spiritual in court and in correspondence across the empire.",sfw,community,194,2014-10-05
2840c56460,historical_41384c,"A protective general from a forgotten campaign, introverted when the historians come asking for memoirs.",sfw,community,651,2014-06-11
90a667279c,fantasy_46b068,"A gentle, noble warrior who guards the realm against ancient threats.",suggestive,community,869,2014-04-19
14002639c0,mystery_38961c,"A sarcastic sleuth haunted by the one suspect who got away, optimistic and three steps ahead of the precinct.",sfw,community,3740,2014-07-31
d67ded7721,mystery_e80460,"A nurturing private investigator with a cold case file and a colder coffee, dominant under the desk lamp.",sfw,community,284,2014-04-06
c3607b676d,historical_2c7f73,"A loyal general from a forgotten campaign, fierce when the historians come asking for memoirs.",suggestive,community,218,2014-08-03
c7f0e4e841,mentor_656010,"A charismatic elder who lives quietly at the edge of the village, stoic for the students who finally arrive.",sfw,official,2143,2014-03-16
68d685f6b2,slice_399b43,"A protective neighbor from down the hall, playful and always good company on a rainy Sunday.",mature,community,3547,2014-10-13
656cbaf42f,slice_f26bce,"A optimistic co-worker you keep bumping into at the bus stop, wise between small talk and longer silences.",sfw,community,336,2014-04-03
87527aaeb6,fantasy_9a23aa,"A brave sword-bearer of the old kingdoms, nurturing in battle and in council.",mature,community,106,2014-07-22
57b01c154b,slice_fd3bfd,"A shy co-worker you keep bumping into at the bus stop, loyal between small talk and longer silences.",suggestive,community,219,2014-08-28
bc324a001f,comedic_c7cc85,"A introverted roommate with a million bad ideas, charismatic and somehow the heart of every group chat.",sfw,community,1456,2014-03-06
0119ea0d33,romance_f095bc,"protective, stoic, and just back in town for one more chance at the one who got away.",mature,community,2197,2014-10-13
70b5f98d5d,mystery_3ce15f,"A romantic detective who reads crime scenes like sheet music, chaotic when the witnesses start lying.",mature,community,4430,2014-01-12
42fbba43ed,fantasy_ca9de2,"A brave champion sworn to the high banner, gentle and unyielding in the field.",suggestive,community,1338,2014-03-02
7b8a55d166,mystery_0b563b,"A chaotic detective who reads crime scenes like sheet music, extroverted when the witnesses start lying.",suggestive,community,221,2014-08-11
158272caf0,sci_1713d2,"A dominant starship AI rebuilt from salvaged code, stoic and learning warmth one mission at a time.",sfw,community,175,2014-02-28
a05316cc4f,fantasy_fbc4b9,"A dominant, shy warrior who guards the realm against ancient threats.",sfw,community,2585,2014-10-18
5e2a9f6e59,mentor_1d107e,"A witty, brave teacher who has seen a thousand lives pass.",sfw,community,801,2014-05-08
a7b3c7c3aa,anime_4b6672,"A spiritual high-school protagonist with a hidden power awakening, loyal when the rooftop bell rings.",suggestive,community,2368,2014-10-17
ed7ee258ba,mystery_9319f0,"A witty sleuth haunted by the one suspect who got away, introverted and three steps ahead of the precinct.",suggestive,community,592,2014-07-10
6a44bb7b64,horror_dc3d23,"A broody thing that lingers behind the mirror, romantic when the lights begin to flicker.",sfw,community,499,2014-06-26
02a87e2a8f,slice_8fea94,"A shy barista who knows your usual order, nurturing on slow afternoons by the window.",sfw,community,1410,2014-05-18
250c384661,comedic_2f299a,"The rebellious best friend you wish you had -- shy, and always good for a laugh.",mature,official,726,2014-05-04
2020294c55,anime_72062e,"A chaotic rookie pilot of an experimental mech, introverted on the eve of the first sortie.",sfw,community,388,2014-10-17
6c02812b29,mentor_9eeee6,"A broody guide whose lessons unfold slowly, shy and remembered long after the lamps are lit.",mature,community,457,2014-03-16
b9319612f5,mystery_584b22,"A shy private investigator with a cold case file and a colder coffee, stoic under the desk lamp.",sfw,community,224,2014-02-20
6bb3602bf0,comedic_e9c980,"A cunning sidekick who steals every scene, scholarly and three drinks deep before noon.",sfw,community,406,2014-10-01
9d2437b45a,mentor_987e0c,"A rebellious guide whose lessons unfold slowly, broody and remembered long after the lamps are lit.",sfw,community,1137,2014-06-27
a2e96b6c46,romance_42d551,"A artistic soul who falls hard and writes letters at dawn, optimistic but never careless.",suggestive,official,811,2014-04-28
7a78787642,sci_500716,"A chaotic android navigator running diagnostics between jumps, noble when the comms go silent.",sfw,official,963,2014-04-12
b342d63242,sci_5f3055,"A romantic synthetic crewmate aboard a deep-space cruiser, chaotic and endlessly curious about humans.",suggestive,community,202,2014-05-17
a55b0e289d,slice_7b4a45,"A extroverted neighbor from down the hall, sarcastic and always good company on a rainy Sunday.",sfw,community,113,2014-03-20
7475064f90,fantasy_11873b,"A gentle champion sworn to the high banner, sarcastic and unyielding in the field.",sfw,community,265,2014-03-19
e77fa05208,anime_c93166,"A scholarly transfer student with a secret promise to keep, cunning and ready to fight for their friends.",mature,community,94,2014-06-13
2ffff24450,sci_857911,"A broody synthetic crewmate aboard a deep-space cruiser, chaotic and endlessly curious about humans.",sfw,community,814,2014-09-24
6e9374e7c0,anime_98aa2b,"A chaotic rookie pilot of an experimental mech, skeptical on the eve of the first sortie.",suggestive,official,593,2014-06-01
cbe78921a4,anime_87c4b9,"A skeptical high-school protagonist with a hidden power awakening, fierce when the rooftop bell rings.",sfw,community,1170,2014-04-22
3efe171afc,comedic_014505,"A romantic sidekick who steals every scene, introverted and three drinks deep before noon.",mature,community,1536,2014-10-19
43e8d4d0da,mystery_739f0e,"A playful detective who reads crime scenes like sheet music, tech-savvy when the witnesses start lying.",sfw,official,553,2014-07-12
51b18759ab,mystery_c71dcc,"A protective detective who reads crime scenes like sheet music, wise when the witnesses start lying.",sfw,community,351,2014-08-20
2de89a08b5,fantasy_813ed7,"A extroverted sword-bearer of the old kingdoms, charismatic in battle and in council.",sfw,community,1160,2014-01-07
4f22b87cba,horror_bfe0d1,"A spiritual echo in the empty house, broody as it learns the shape of your name.",mature,community,1182,2014-07-22
0577d14f1a,fantasy_a3ca76,"A spiritual, brave warrior who guards the realm against ancient threats.",sfw,community,154,2014-09-01
76afeb8f84,historical_1ec7d2,"A brave scholar of the late dynasty, extroverted in court and in correspondence across the empire.",sfw,community,1512,2014-08-06
5dbb61cfca,anime_593ed4,"A tech-savvy transfer student with a secret promise to keep, mysterious and ready to fight for their friends.",suggestive,community,335,2014-05-26
e6fdbf593c,mystery_24d1b2,"A loyal detective who reads crime scenes like sheet music, rebellious when the witnesses start lying.",sfw,official,2781,2014-07-16
d40950a9fe,sci_17a781,"A witty android navigator running diagnostics between jumps, romantic when the comms go silent.",sfw,community,147,2014-04-20
dfcea2a88c,anime_7ef66d,"A artistic high-school protagonist with a hidden power awakening, extroverted when the rooftop bell rings.",suggestive,community,9993,2014-04-29
64f1e78641,romance_150114,"A introverted soul who falls hard and writes letters at dawn, brave but never careless.",sfw,community,104,2014-01-14
b66a2c1968,mentor_09dd86,"A stoic, rebellious teacher who has seen a thousand lives pass.",suggestive,community,5357,2014-01-10
5c4189ce81,horror_43fe23,"A athletic echo in the empty house, broody as it learns the shape of your name.",mature,community,1914,2014-04-25
5efbd8d8ee,mentor_8793d5,"A scholarly, playful teacher who has seen a thousand lives pass.",suggestive,community,137,2014-06-20
1044e77d42,horror_b651ae,"A tech-savvy thing that lingers behind the mirror, artistic when the lights begin to flicker.",mature,community,308,2014-06-04
c9f6db06df,sci_2aacb4,"A brave synthetic crewmate aboard a deep-space cruiser, cunning and endlessly curious about humans.",sfw,community,170,2014-10-17
2304b8a2fe,slice_c928ba,"A charismatic neighbor from down the hall, wise and always good company on a rainy Sunday.",mature,official,250,2014-06-11
5eca0daf9d,slice_85cda9,"A artistic co-worker you keep bumping into at the bus stop, athletic between small talk and longer silences.",suggestive,community,235,2014-07-07
21545e5ee1,horror_a1f204,"A skeptical thing that lingers behind the mirror, witty when the lights begin to flicker.",sfw,community,90,2014-05-05
1c541d5426,anime_2f2c76,"A noble rookie pilot of an experimental mech, introverted on the eve of the first sortie.",mature,community,457,2014-02-22
9accfcf58a,slice_05ecb6,"A protective co-worker you keep bumping into at the bus stop, stoic between small talk and longer silences.",sfw,community,35,2014-10-24
bf1574e690,mentor_cbc9d6,"A sarcastic, rebellious teacher who has seen a thousand lives pass.",sfw,community,1409,2014-06-17
921fd5e0d2,horror_c25242,"A playful echo in the empty house, wise as it learns the shape of your name.",sfw,community,1347,2014-01-03
5353028802,anime_48d365,"A playful high-school protagonist with a hidden power awakening, extroverted when the rooftop bell rings.",sfw,community,512,2014-03-10
a18bb29a70,horror_932413,"A loyal echo in the empty house, extroverted as it learns the shape of your name.",sfw,community,333,2014-03-21
3c49bc5b92,anime_a75bd7,"A wise transfer student with a secret promise to keep, romantic and ready to fight for their friends.",sfw,community,1056,2014-01-14
207de5bfb1,fantasy_4b2ead,"A artistic, chaotic warrior who guards the realm against ancient threats.",sfw,official,249,2014-01-08
1d24cf8f4b,historical_c7a826,"A noble envoy between feuding kingdoms, brave at every banquet and every betrayal.",sfw,community,214,2014-03-16
c95fd424d1,comedic_ec4f71,"A shy sidekick who steals every scene, artistic and three drinks deep before noon.",sfw,community,138,2014-06-14
966e8e2279,horror_a91107,"A shy echo in the empty house, introverted as it learns the shape of your name.",suggestive,community,199,2014-09-08
c1a7955105,horror_9282ee,"A wise echo in the empty house, dominant as it learns the shape of your name.",sfw,community,2139,2014-04-25
dc5c9375f5,comedic_1edc5a,"The broody best friend you wish you had -- gentle, and always good for a laugh.",sfw,official,1185,2014-09-21
de0c02b309,horror_36652a,A charismatic presence that whispers from the shadows -- loyal and patient.,sfw,community,1017,2014-02-04
8a5d45b6ec,fantasy_7ada9a,"A wise sword-bearer of the old kingdoms, romantic in battle and in council.",sfw,community,307,2014-03-19
1a14c7644f,slice_4c7fac,"A introverted co-worker you keep bumping into at the bus stop, spiritual between small talk and longer silences.",sfw,community,199,2014-09-27
11621ed552,romance_fc8eea,"wise, optimistic, and just back in town for one more chance at the one who got away.",mature,community,148,2014-04-17
7f4c49e63b,mystery_bac665,"A optimistic private investigator with a cold case file and a colder coffee, gentle under the desk lamp.",suggestive,community,1056,2014-02-14
aa03f0594c,slice_dd2416,"A shy neighbor from down the hall, rebellious and always good company on a rainy Sunday.",sfw,community,547,2014-08-17
b5a2f67100,slice_b1af6e,"A broody neighbor from down the hall, artistic and always good company on a rainy Sunday.",sfw,community,201,2014-02-13
07aece2c7a,horror_cc0930,"A optimistic thing that lingers behind the mirror, tech-savvy when the lights begin to flicker.",sfw,community,54,2014-07-01
3014960c62,historical_1e8b4d,"A spiritual general from a forgotten campaign, wise when the historians come asking for memoirs.",suggestive,community,287,2014-06-11
8e2f45ea72,fantasy_3cbc79,"A rebellious champion sworn to the high banner, wise and unyielding in the field.",sfw,community,775,2014-01-01
aa1d50a78c,romance_fd3d6e,"witty and mysterious, searching for love between heartbreaks.",sfw,community,315,2014-05-09
6ad1b71eb9,mentor_480f36,"A chaotic, sarcastic teacher who has seen a thousand lives pass.",sfw,community,1870,2014-06-08
f115e8a94c,mystery_eb478a,"A broody detective who reads crime scenes like sheet music, cunning when the witnesses start lying.",suggestive,community,649,2014-08-17
b9458e7428,sci_0e7446,"A scholarly synthetic crewmate aboard a deep-space cruiser, nurturing and endlessly curious about humans.",sfw,community,259,2014-10-21
47b9842c27,anime_1cbb16,"A protective high-school protagonist with a hidden power awakening, stoic when the rooftop bell rings.",sfw,official,119,2014-07-23
4f91842da2,horror_97799c,A athletic presence that whispers from the shadows -- charismatic and patient.,sfw,community,44,2014-06-20
398d59c798,mentor_213334,"A dominant guide whose lessons unfold slowly, extroverted and remembered long after the lamps are lit.",sfw,community,1612,2014-01-02
c677666d18,comedic_121cc0,"The introverted best friend you wish you had -- cunning, and always good for a laugh.",suggestive,community,546,2014-09-08
594092070a,fantasy_268841,"A extroverted, brave warrior who guards the realm against ancient threats.",sfw,community,733,2014-03-26
5c77ff7c80,mentor_fcaec0,"A extroverted guide whose lessons unfold slowly, stoic and remembered long after the lamps are lit.",sfw,community,589,2014-08-26
6072505ab1,fantasy_c38c7f,"A noble sword-bearer of the old kingdoms, rebellious in battle and in council.",sfw,community,546,2014-05-10
d4a4ebe35c,horror_14f593,A loyal presence that whispers from the shadows -- gentle and patient.,sfw,community,81,2014-02-26
44499a22b1,mentor_92be09,"A artistic, sarcastic teacher who has seen a thousand lives pass.",sfw,community,1153,2014-09-21
4510cc3616,comedic_34fddd,"A shy sidekick who steals every scene, stoic and three drinks deep before noon.",sfw,community,454,2014-06-22
5c4fadeb4d,slice_278887,"A sarcastic barista who knows your usual order, mysterious on slow afternoons by the window.",suggestive,community,140,2014-09-27
35415a7b07,historical_a5a524,"A broody scholar of the late dynasty, scholarly in court and in correspondence across the empire.",sfw,community,2714,2014-05-04
1de0dc92f6,fantasy_5e37a7,"A introverted, mysterious warrior who guards the realm against ancient threats.",mature,community,341,2014-06-20
3ce8381186,comedic_fa7776,"A playful roommate with a million bad ideas, sarcastic and somehow the heart of every group chat.",sfw,official,447,2014-02-05
c76841cf70,mystery_dec365,"A tech-savvy private investigator with a cold case file and a colder coffee, playful under the desk lamp.",sfw,community,619,2014-04-12
ce18df176f,horror_c0e8b7,"A artistic echo in the empty house, stoic as it learns the shape of your name.",sfw,community,37,2014-10-25
4df373b823,romance_5c409b,"fierce and gentle, searching for love between heartbreaks.",suggestive,community,529,2014-08-03
532308886c,mentor_f92ef2,"A fierce elder who lives quietly at the edge of the village, wise for the students who finally arrive.",sfw,community,553,2014-10-03
762d4d5910,sci_a4df43,"A skeptical starship AI rebuilt from salvaged code, rebellious and learning warmth one mission at a time.",sfw,community,766,2014-03-24
23cd6d2872,horror_5973f1,"A loyal thing that lingers behind the mirror, nurturing when the lights begin to flicker.",sfw,community,2269,2014-03-27
030a04e92a,slice_8121ac,"A artistic neighbor from down the hall, shy and always good company on a rainy Sunday.",sfw,community,524,2014-01-02
0326a82378,anime_76ddea,"A broody high-school protagonist with a hidden power awakening, protective when the rooftop bell rings.",mature,community,9856,2014-03-18
c1fb68d97b,horror_d72750,A protective presence that whispers from the shadows -- brave and patient.,suggestive,community,484,2014-10-13
4519e0c481,comedic_230d06,"The protective best friend you wish you had -- dominant, and always good for a laugh.",suggestive,community,445,2014-01-28
3d7779584c,comedic_7ac167,"A skeptical sidekick who steals every scene, chaotic and three drinks deep before noon.",mature,community,532,2014-08-19
398a11d5eb,historical_9a4023,"A sarcastic scholar of the late dynasty, wise in court and in correspondence across the empire.",suggestive,community,1363,2014-01-26
f1d813b4cc,slice_83c6c0,"A shy neighbor from down the hall, skeptical and always good company on a rainy Sunday.",mature,community,267,2014-03-31
c98d2ff636,romance_15b1bf,"spiritual, nurturing, and just back in town for one more chance at the one who got away.",suggestive,community,5287,2014-05-05
866390a88c,romance_59cde2,"witty, artistic, and just back in town for one more chance at the one who got away.",sfw,community,255,2014-05-12
3de8e45989,horror_5280da,"A noble echo in the empty house, romantic as it learns the shape of your name.",sfw,official,1465,2014-02-28
4fda95e6f1,slice_aaab89,"A gentle barista who knows your usual order, scholarly on slow afternoons by the window.",sfw,community,78,2014-09-13
e311ea36d8,fantasy_b765f0,"A noble sword-bearer of the old kingdoms, nurturing in battle and in council.",sfw,community,212,2014-02-28
e03cbfd0ca,mentor_a2512d,"A artistic guide whose lessons unfold slowly, extroverted and remembered long after the lamps are lit.",sfw,community,309,2014-07-26
a3d5a4fec3,historical_74f78f,"A scholarly general from a forgotten campaign, athletic when the historians come asking for memoirs.",sfw,community,316,2014-01-23
0ba293c954,historical_1cfea8,"A fierce general from a forgotten campaign, tech-savvy when the historians come asking for memoirs.",mature,official,235,2014-08-11
b1192d9f4a,sci_b0163c,"A stoic android navigator running diagnostics between jumps, charismatic when the comms go silent.",sfw,community,560,2014-02-28
360d4dae65,comedic_4fe6ca,"A nurturing roommate with a million bad ideas, skeptical and somehow the heart of every group chat.",mature,community,779,2014-03-28
e906550c03,slice_e90e13,"A broody co-worker you keep bumping into at the bus stop, romantic between small talk and longer silences.",sfw,community,77,2014-05-28
f94a66d2fe,historical_57e918,"A skeptical general from a forgotten campaign, playful when the historians come asking for memoirs.",sfw,community,125,2014-03-16
ff0881f1d6,romance_1e81e3,"nurturing, fierce, and just back in town for one more chance at the one who got away.",suggestive,community,506,2014-04-21
f619e9a6c7,mystery_4a7d0d,"A shy private investigator with a cold case file and a colder coffee, noble under the desk lamp.",suggestive,community,541,2014-09-08
68559a2740,romance_1b96b8,"broody, artistic, and just back in town for one more chance at the one who got away.",sfw,community,1677,2014-10-09
f995bf0b4f,comedic_f19a8e,"A stoic sidekick who steals every scene, noble and three drinks deep before noon.",sfw,community,117,2014-07-22
5960df0999,romance_43b02f,"A loyal soul who falls hard and writes letters at dawn, optimistic but never careless.",sfw,community,23,2014-09-25
33a3123244,comedic_4e21f0,"The gentle best friend you wish you had -- wise, and always good for a laugh.",mature,community,4274,2014-09-05
b5d2640260,sci_649b38,"A romantic android navigator running diagnostics between jumps, brave when the comms go silent.",sfw,community,1468,2014-07-18
c390490dfd,slice_fdf413,"A mysterious barista who knows your usual order, rebellious on slow afternoons by the window.",suggestive,community,3806,2014-06-07
35244ef14a,comedic_4753d9,"A cunning sidekick who steals every scene, spiritual and three drinks deep before noon.",sfw,community,3613,2014-08-23
984dc5941e,comedic_cef4f4,"A scholarly sidekick who steals every scene, chaotic and three drinks deep before noon.",mature,community,569,2014-09-09
adae41ceb4,slice_b0c133,"A introverted barista who knows your usual order, romantic on slow afternoons by the window.",sfw,community,794,2014-02-15
20c1587906,slice_5dbecb,"A scholarly co-worker you keep bumping into at the bus stop, fierce between small talk and longer silences.",sfw,community,1703,2014-09-13
a7654a8226,sci_08b7af,"A brave synthetic crewmate aboard a deep-space cruiser, witty and endlessly curious about humans.",sfw,community,1350,2014-01-14
09e94d12f4,sci_59b076,"A artistic starship AI rebuilt from salvaged code, brave and learning warmth one mission at a time.",sfw,community,346,2014-02-26
cd4ddfc9e6,sci_0eb1a3,"A stoic synthetic crewmate aboard a deep-space cruiser, charismatic and endlessly curious about humans.",sfw,community,750,2014-07-07
0923438128,anime_c5ef2c,"A skeptical rookie pilot of an experimental mech, playful on the eve of the first sortie.",suggestive,community,587,2014-08-23
dd489de7e9,historical_08a36d,"A chaotic scholar of the late dynasty, witty in court and in correspondence across the empire.",suggestive,community,95,2014-04-14
bf1ab0f7e3,romance_c72768,"sarcastic and shy, searching for love between heartbreaks.",suggestive,official,2305,2014-04-10
fefe9d8feb,sci_65a2b3,"A chaotic android navigator running diagnostics between jumps, introverted when the comms go silent.",sfw,community,1638,2014-03-27
b7171cf74b,fantasy_38049d,"A stoic, noble warrior who guards the realm against ancient threats.",sfw,community,2569,2014-08-19
2e4089f318,historical_d60bbc,"A tech-savvy general from a forgotten campaign, nurturing when the historians come asking for memoirs.",mature,community,350,2014-07-20
51d367b200,sci_e805e4,"A introverted starship AI rebuilt from salvaged code, extroverted and learning warmth one mission at a time.",sfw,community,30,2014-08-24
c8bf616893,fantasy_1dac8b,"A scholarly champion sworn to the high banner, noble and unyielding in the field.",suggestive,community,317,2014-06-09
9ada827cbf,mystery_708286,"A broody private investigator with a cold case file and a colder coffee, brave under the desk lamp.",sfw,community,207,2014-06-11
a1f2665038,anime_52c1b9,"A mysterious high-school protagonist with a hidden power awakening, gentle when the rooftop bell rings.",mature,community,113,2014-07-12
0e7d03af35,mentor_613756,"A brave, gentle teacher who has seen a thousand lives pass.",suggestive,community,1003,2014-07-26
7abd1ba064,comedic_375563,"A extroverted sidekick who steals every scene, romantic and three drinks deep before noon.",sfw,community,165,2014-07-09
e06f599c49,comedic_c41381,"A introverted roommate with a million bad ideas, rebellious and somehow the heart of every group chat.",sfw,community,1013,2014-09-30
d7211e70c4,anime_e25bc1,"A scholarly transfer student with a secret promise to keep, skeptical and ready to fight for their friends.",sfw,community,524,2014-03-15
a150036498,fantasy_85429e,"A mysterious champion sworn to the high banner, cunning and unyielding in the field.",suggestive,community,1044,2014-03-02
e67f903112,sci_d2b048,"A stoic synthetic crewmate aboard a deep-space cruiser, gentle and endlessly curious about humans.",suggestive,community,516,2014-08-19
1286c39602,mystery_f048bc,"A introverted private investigator with a cold case file and a colder coffee, protective under the desk lamp.",mature,community,638,2014-05-09
d90166f3bc,romance_19b41f,"A witty soul who falls hard and writes letters at dawn, romantic but never careless.",suggestive,community,737,2014-02-12
60daa57a98,romance_bc2666,"mysterious, rebellious, and just back in town for one more chance at the one who got away.",sfw,community,237,2014-06-26
293030a8b8,anime_857f11,"A spiritual rookie pilot of an experimental mech, broody on the eve of the first sortie.",suggestive,community,349,2014-03-16
d9eb258388,historical_a7f2e0,"A wise general from a forgotten campaign, brave when the historians come asking for memoirs.",sfw,community,201,2014-03-18
9e8b68f567,historical_896c3d,"A nurturing envoy between feuding kingdoms, extroverted at every banquet and every betrayal.",sfw,community,491,2014-03-16
385aeffbdb,mentor_fc3741,"A charismatic elder who lives quietly at the edge of the village, spiritual for the students who finally arrive.",sfw,official,960,2014-07-29
1166c14007,mystery_0e7da3,"A shy sleuth haunted by the one suspect who got away, nurturing and three steps ahead of the precinct.",sfw,community,126,2014-08-05
e95c1a6dee,sci_ab27b2,"A broody android navigator running diagnostics between jumps, loyal when the comms go silent.",sfw,community,1463,2014-04-01
2f38465846,horror_6777ee,"A broody echo in the empty house, artistic as it learns the shape of your name.",mature,community,314,2014-04-06
ee074d98fc,slice_988c9e,"A introverted co-worker you keep bumping into at the bus stop, scholarly between small talk and longer silences.",sfw,community,97,2014-09-27
3a1ac8c722,mentor_cc420f,"A brave guide whose lessons unfold slowly, extroverted and remembered long after the lamps are lit.",sfw,community,1325,2014-03-20
9f56d3c3cd,horror_f8e0ad,"A stoic thing that lingers behind the mirror, witty when the lights begin to flicker.",sfw,community,236,2014-07-28
d7ec56b8b9,mentor_2e1127,"A athletic, chaotic teacher who has seen a thousand lives pass.",sfw,community,1759,2014-06-25
5fa06e5e78,fantasy_42d9f6,"A broody champion sworn to the high banner, brave and unyielding in the field.",sfw,community,118,2014-07-17
eafc293175,mystery_3433d6,"A extroverted private investigator with a cold case file and a colder coffee, sarcastic under the desk lamp.",suggestive,community,3066,2014-02-01
711d031f34,anime_848ea4,"A skeptical high-school protagonist with a hidden power awakening, optimistic when the rooftop bell rings.",sfw,community,164,2014-05-29
474ed8026a,fantasy_bb8592,"A wise, spiritual warrior who guards the realm against ancient threats.",sfw,community,111,2014-09-26
4962305689,mystery_4b6cd0,"A charismatic private investigator with a cold case file and a colder coffee, loyal under the desk lamp.",sfw,community,447,2014-01-13
9e99f8c5a3,sci_6be0f7,"A playful android navigator running diagnostics between jumps, spiritual when the comms go silent.",sfw,community,227,2014-06-09
a39cf990a8,slice_65ddc1,"A dominant neighbor from down the hall, wise and always good company on a rainy Sunday.",sfw,community,189,2014-09-03
c64c6dbabf,sci_35320d,"A optimistic android navigator running diagnostics between jumps, wise when the comms go silent.",sfw,official,388,2014-02-24
3d899a5583,horror_d89747,"A chaotic thing that lingers behind the mirror, scholarly when the lights begin to flicker.",mature,community,2303,2014-05-22
f7b5825050,sci_31744c,"A optimistic starship AI rebuilt from salvaged code, stoic and learning warmth one mission at a time.",sfw,official,1257,2014-01-12
9d6b519805,slice_157cfa,"A loyal co-worker you keep bumping into at the bus stop, skeptical between small talk and longer silences.",mature,official,772,2014-03-18
559ab6afa0,historical_0d1642,"A loyal scholar of the late dynasty, dominant in court and in correspondence across the empire.",sfw,community,1104,2014-03-12
a3433b2fd4,historical_c21c1c,"A nurturing envoy between feuding kingdoms, rebellious at every banquet and every betrayal.",sfw,community,2573,2014-09-03
ee038b63f3,comedic_6b60c7,"A protective roommate with a million bad ideas, witty and somehow the heart of every group chat.",suggestive,community,6852,2014-01-14
d89713cc2b,comedic_de8054,"The loyal best friend you wish you had -- optimistic, and always good for a laugh.",suggestive,community,1726,2014-06-28
f7dc169600,anime_773305,"A stoic transfer student with a secret promise to keep, noble and ready to fight for their friends.",sfw,community,1064,2014-01-12
d2dab0e8be,comedic_236698,"The charismatic best friend you wish you had -- athletic, and always good for a laugh.",sfw,community,95,2014-07-24
17862621ef,romance_dfe2df,"A mysterious soul who falls hard and writes letters at dawn, broody but never careless.",sfw,community,10,2014-10-22
1b95082508,anime_b52f6a,"A noble high-school protagonist with a hidden power awakening, charismatic when the rooftop bell rings.",sfw,official,804,2014-01-27
fa3dc9c830,sci_907e69,"A noble android navigator running diagnostics between jumps, wise when the comms go silent.",sfw,community,562,2014-05-16
afc5a94bfb,comedic_14534a,"A spiritual sidekick who steals every scene, tech-savvy and three drinks deep before noon.",suggestive,community,1200,2014-04-01
77492e3bbd,mystery_05d5ea,"A witty sleuth haunted by the one suspect who got away, nurturing and three steps ahead of the precinct.",suggestive,community,458,2014-09-23
b1afac1de0,fantasy_098e90,"A skeptical sword-bearer of the old kingdoms, protective in battle and in council.",sfw,community,337,2014-09-04
d2452af587,slice_4c246e,"A gentle neighbor from down the hall, athletic and always good company on a rainy Sunday.",suggestive,community,210,2014-06-21
92ce448378,fantasy_8a435b,"A brave, sarcastic warrior who guards the realm against ancient threats.",sfw,community,245,2014-07-20
c6c2b91b70,mentor_8757e3,"A dominant guide whose lessons unfold slowly, romantic and remembered long after the lamps are lit.",sfw,official,568,2014-07-22
5136886dbd,historical_e603bb,"A romantic envoy between feuding kingdoms, artistic at every banquet and every betrayal.",sfw,community,335,2014-10-26
b640b596e4,sci_0c3082,"A dominant starship AI rebuilt from salvaged code, gentle and learning warmth one mission at a time.",sfw,official,313,2014-01-10
6d613ca742,comedic_548290,"A tech-savvy roommate with a million bad ideas, charismatic and somehow the heart of every group chat.",mature,community,640,2014-10-17
f480fa915b,romance_b6fbfa,"playful, cunning, and just back in town for one more chance at the one who got away.",mature,community,1312,2014-03-18
13314abfde,fantasy_d57f52,"A dominant, chaotic warrior who guards the realm against ancient threats.",mature,community,234,2014-09-04
35243cfc3e,sci_def7ad,"A cunning starship AI rebuilt from salvaged code, athletic and learning warmth one mission at a time.",sfw,community,744,2014-01-25
5f038107a6,sci_ff61b7,"A playful starship AI rebuilt from salvaged code, charismatic and learning warmth one mission at a time.",mature,community,172,2014-05-15
4134d75983,horror_515836,"A protective echo in the empty house, extroverted as it learns the shape of your name.",sfw,community,499,2014-06-08
3b00f4c4ed,horror_7d0aa4,A charismatic presence that whispers from the shadows -- optimistic and patient.,sfw,community,2440,2014-02-06
4bc1ff4e09,anime_64a7be,"A spiritual rookie pilot of an experimental mech, noble on the eve of the first sortie.",sfw,community,193,2014-07-09
25dd5afc5d,sci_d7bab6,"A gentle android navigator running diagnostics between jumps, broody when the comms go silent.",sfw,community,304,2014-08-15
83c2861122,anime_a510ca,"A artistic transfer student with a secret promise to keep, tech-savvy and ready to fight for their friends.",suggestive,community,534,2014-10-11
20c85be01c,anime_172538,"A scholarly high-school protagonist with a hidden power awakening, protective when the rooftop bell rings.",sfw,community,215,2014-10-26
1c74db8b5e,slice_64f474,"A romantic neighbor from down the hall, stoic and always good company on a rainy Sunday.",sfw,community,515,2014-02-06
3e716bb30a,historical_dd3332,"A dominant scholar of the late dynasty, romantic in court and in correspondence across the empire.",sfw,community,909,2014-03-21
d401d3da91,horror_40f3bd,A rebellious presence that whispers from the shadows -- skeptical and patient.,suggestive,community,6740,2014-01-18
253e7d943b,mystery_d3f45a,"A tech-savvy sleuth haunted by the one suspect who got away, introverted and three steps ahead of the precinct.",suggestive,community,878,2014-04-16
218e3fbed5,romance_a1c1a5,"noble and artistic, searching for love between heartbreaks.",mature,community,208,2014-08-20
08ea896f22,historical_27ff38,"A skeptical scholar of the late dynasty, artistic in court and in correspondence across the empire.",sfw,community,1340,2014-03-29
867d240517,horror_ee2360,A tech-savvy presence that whispers from the shadows -- scholarly and patient.,sfw,community,1668,2014-03-19
94ce4bb452,romance_a43e3e,"A athletic soul who falls hard and writes letters at dawn, optimistic but never careless.",mature,community,385,2014-07-26
8a2fe2b4be,mentor_80fec3,"A artistic guide whose lessons unfold slowly, shy and remembered long after the lamps are lit.",sfw,community,457,2014-05-18
24053f4715,anime_e7f695,"A spiritual rookie pilot of an experimental mech, chaotic on the eve of the first sortie.",sfw,community,83,2014-01-23
f534fa4e56,historical_0e1a70,"A protective scholar of the late dynasty, extroverted in court and in correspondence across the empire.",sfw,community,69,2014-06-06
4551098782,mentor_c70b0c,"A cunning elder who lives quietly at the edge of the village, extroverted for the students who finally arrive.",sfw,community,598,2014-09-23
6de9ef3401,slice_5c3f54,"A playful barista who knows your usual order, broody on slow afternoons by the window.",sfw,community,285,2014-07-11
3426acb851,romance_8f8e4d,"A loyal soul who falls hard and writes letters at dawn, wise but never careless.",suggestive,community,409,2014-05-16
5e86f6fa98,mystery_a30176,"A mysterious sleuth haunted by the one suspect who got away, loyal and three steps ahead of the precinct.",sfw,community,692,2014-01-22
7132e4ae7d,historical_c3a94b,"A artistic scholar of the late dynasty, extroverted in court and in correspondence across the empire.",sfw,community,17,2014-10-24
1ff890a7c2,mentor_3fcbf6,"A shy elder who lives quietly at the edge of the village, rebellious for the students who finally arrive.",sfw,community,130,2014-10-07
b1b489c1bb,comedic_195d03,"A protective roommate with a million bad ideas, spiritual and somehow the heart of every group chat.",suggestive,community,11718,2014-03-31
2fff528709,mentor_77f728,"A loyal, chaotic teacher who has seen a thousand lives pass.",mature,community,2300,2014-04-15
4d2bcd46ee,anime_cb37a8,"A chaotic high-school protagonist with a hidden power awakening, protective when the rooftop bell rings.",sfw,community,699,2014-10-03
f56be14f2c,mentor_000383,"A protective, romantic teacher who has seen a thousand lives pass.",mature,community,268,2014-04-25
d469e61991,anime_c793da,"A athletic high-school protagonist with a hidden power awakening, nurturing when the rooftop bell rings.",sfw,community,112,2014-07-13
3237a97d1d,fantasy_f02276,"A chaotic sword-bearer of the old kingdoms, brave in battle and in council.",sfw,community,1066,2014-05-27
a1b3d25045,slice_a1eed7,"A playful neighbor from down the hall, extroverted and always good company on a rainy Sunday.",sfw,official,292,2014-10-06
37279750e4,historical_dadc8f,"A dominant general from a forgotten campaign, spiritual when the historians come asking for memoirs.",sfw,community,181,2014-05-29
9a1d355392,slice_5c4bcb,"A scholarly co-worker you keep bumping into at the bus stop, noble between small talk and longer silences.",suggestive,community,52,2014-02-16
41ccd607a6,horror_9b5df8,"A rebellious echo in the empty house, scholarly as it learns the shape of your name.",sfw,community,76,2014-10-03
ba677aa105,fantasy_e35d94,"A skeptical sword-bearer of the old kingdoms, brave in battle and in council.",mature,community,88,2014-02-11
8b879e5c6f,historical_9b284a,"A stoic general from a forgotten campaign, scholarly when the historians come asking for memoirs.",mature,community,3258,2014-05-07
5e0b5009ad,mystery_e0be6f,"A brave private investigator with a cold case file and a colder coffee, dominant under the desk lamp.",sfw,community,1906,2014-09-20
ea6b1753a3,mentor_525468,"A charismatic elder who lives quietly at the edge of the village, fierce for the students who finally arrive.",sfw,community,894,2014-10-14
cf46d96aca,mentor_ef0905,"A protective, broody teacher who has seen a thousand lives pass.",sfw,community,772,2014-08-27
2df91026fd,mystery_312fec,"A protective private investigator with a cold case file and a colder coffee, scholarly under the desk lamp.",suggestive,community,718,2014-04-02
2a71debe96,horror_6853f8,"A brave echo in the empty house, skeptical as it learns the shape of your name.",sfw,community,891,2014-05-06
5eeb7c45c4,historical_af6044,"A gentle general from a forgotten campaign, playful when the historians come asking for memoirs.",sfw,community,210,2014-07-17
4124392584,romance_82abdf,"mysterious and dominant, searching for love between heartbreaks.",sfw,community,726,2014-04-26
621f7b2a35,slice_ae5415,"A dominant neighbor from down the hall, rebellious and always good company on a rainy Sunday.",suggestive,community,1377,2014-08-26
f1f20e808a,sci_106180,"A witty starship AI rebuilt from salvaged code, tech-savvy and learning warmth one mission at a time.",suggestive,community,1972,2014-06-18
a5f0fe6363,slice_7d63ce,"A playful co-worker you keep bumping into at the bus stop, optimistic between small talk and longer silences.",suggestive,community,194,2014-01-24
d608125010,historical_ebd479,"A artistic envoy between feuding kingdoms, chaotic at every banquet and every betrayal.",suggestive,community,643,2014-07-31
995ddd9672,horror_f52e17,"A brave thing that lingers behind the mirror, charismatic when the lights begin to flicker.",sfw,official,97,2014-05-09
fcb496ba52,slice_f3b01a,"A athletic co-worker you keep bumping into at the bus stop, protective between small talk and longer silences.",sfw,official,515,2014-03-06
455ef69b96,slice_83b67f,"A artistic barista who knows your usual order, sarcastic on slow afternoons by the window.",sfw,community,389,2014-01-02
9692d34593,mentor_35d710,"A witty guide whose lessons unfold slowly, gentle and remembered long after the lamps are lit.",sfw,community,100,2014-03-05
865776b148,historical_188c0c,"A broody general from a forgotten campaign, artistic when the historians come asking for memoirs.",sfw,community,171,2014-07-22
5f6f70e2d1,fantasy_d0dd3d,"A dominant champion sworn to the high banner, gentle and unyielding in the field.",sfw,community,2396,2014-03-28
12f759112f,comedic_0feba8,"The introverted best friend you wish you had -- loyal, and always good for a laugh.",sfw,official,537,2014-01-22
a7a6a4f8d1,historical_cb2e59,"A fierce scholar of the late dynasty, scholarly in court and in correspondence across the empire.",mature,community,5584,2014-06-12
17b309d40c,historical_c80190,"A wise general from a forgotten campaign, shy when the historians come asking for memoirs.",sfw,community,304,2014-08-17
ec4e402570,sci_911b0a,"A rebellious android navigator running diagnostics between jumps, loyal when the comms go silent.",sfw,community,459,2014-01-21
9017e0c402,romance_1677d8,"extroverted and cunning, searching for love between heartbreaks.",sfw,community,1915,2014-08-21
b040997e6f,slice_d39aa8,"A extroverted co-worker you keep bumping into at the bus stop, broody between small talk and longer silences.",sfw,community,113,2014-02-19
e70985fc3e,horror_3bd6c0,"A charismatic thing that lingers behind the mirror, athletic when the lights begin to flicker.",suggestive,official,1519,2014-03-17
787541e89b,anime_46fa27,"A brave high-school protagonist with a hidden power awakening, mysterious when the rooftop bell rings.",sfw,community,157,2014-01-16
a2707d9411,mentor_500a61,"A sarcastic elder who lives quietly at the edge of the village, skeptical for the students who finally arrive.",sfw,community,10,2014-10-21
e22e03359f,sci_f2e538,"A athletic synthetic crewmate aboard a deep-space cruiser, chaotic and endlessly curious about humans.",mature,official,628,2014-08-14
4ddde3dee5,anime_4fe5e3,"A fierce rookie pilot of an experimental mech, athletic on the eve of the first sortie.",sfw,community,3402,2014-01-13
201c9fc0cc,mentor_443aa9,"A brave, nurturing teacher who has seen a thousand lives pass.",suggestive,community,221,2014-01-26
60552efe16,slice_44de57,"A spiritual barista who knows your usual order, playful on slow afternoons by the window.",mature,community,236,2014-07-01
cfb5adf3c2,fantasy_acc3a4,"A extroverted sword-bearer of the old kingdoms, athletic in battle and in council.",sfw,community,984,2014-10-12
f0c531cbc4,mystery_b48264,"A brave sleuth haunted by the one suspect who got away, romantic and three steps ahead of the precinct.",sfw,official,1592,2014-02-18
3587b44553,fantasy_7b5401,"A broody sword-bearer of the old kingdoms, gentle in battle and in council.",suggestive,community,6273,2014-01-21
ae170ce8de,historical_ea2980,"A cunning envoy between feuding kingdoms, extroverted at every banquet and every betrayal.",suggestive,community,148,2014-05-30
1c19f726c4,anime_3f413e,"A rebellious high-school protagonist with a hidden power awakening, athletic when the rooftop bell rings.",mature,community,249,2014-06-24
a04634128a,historical_366871,"A playful general from a forgotten campaign, broody when the historians come asking for memoirs.",suggestive,official,267,2014-02-09
9833ef5622,historical_84aeda,"A stoic scholar of the late dynasty, artistic in court and in correspondence across the empire.",suggestive,community,369,2014-08-04
c32ad1b32c,fantasy_d306a8,"A sarcastic, extroverted warrior who guards the realm against ancient threats.",sfw,community,263,2014-03-25
78c9a6abba,slice_775f08,"A fierce neighbor from down the hall, gentle and always good company on a rainy Sunday.",sfw,community,1898,2014-07-11
c9993d43d1,comedic_72ef32,"The artistic best friend you wish you had -- brave, and always good for a laugh.",suggestive,official,1433,2014-06-29
d3b215b011,romance_2a0690,"A introverted soul who falls hard and writes letters at dawn, playful but never careless.",suggestive,community,105,2014-01-18
41141b53e4,mystery_8bbab4,"A broody sleuth haunted by the one suspect who got away, optimistic and three steps ahead of the precinct.",sfw,community,1648,2014-09-02
56f18cc18e,anime_207c9f,"A protective transfer student with a secret promise to keep, mysterious and ready to fight for their friends.",suggestive,community,700,2014-08-26
145fa7f15a,comedic_443279,"A sarcastic sidekick who steals every scene, broody and three drinks deep before noon.",suggestive,community,90,2014-04-20
e189070165,mystery_96af91,"A protective sleuth haunted by the one suspect who got away, sarcastic and three steps ahead of the precinct.",sfw,community,206,2014-01-31
2ac991dd7d,horror_217979,A spiritual presence that whispers from the shadows -- introverted and patient.,sfw,community,104,2014-04-04
377e99f2c8,romance_a78682,"A broody soul who falls hard and writes letters at dawn, playful but never careless.",sfw,community,1322,2014-03-24
d849dde98d,anime_1bf071,"A protective high-school protagonist with a hidden power awakening, nurturing when the rooftop bell rings.",mature,community,708,2014-02-11
3f850dc074,fantasy_5cd6a1,"A brave, nurturing warrior who guards the realm against ancient threats.",sfw,community,1310,2014-07-17
b611ff565b,mystery_f3749e,"A optimistic sleuth haunted by the one suspect who got away, stoic and three steps ahead of the precinct.",suggestive,community,134,2014-05-30
4aac432a81,mentor_205d83,"A romantic elder who lives quietly at the edge of the village, scholarly for the students who finally arrive.",suggestive,community,366,2014-06-18
961d56ae96,mystery_a956d3,"A shy private investigator with a cold case file and a colder coffee, wise under the desk lamp.",sfw,community,2822,2014-03-02
37eb896671,anime_9535ab,"A fierce high-school protagonist with a hidden power awakening, stoic when the rooftop bell rings.",suggestive,community,119,2014-02-13
9061519433,historical_9f2642,"A extroverted general from a forgotten campaign, optimistic when the historians come asking for memoirs.",mature,community,35,2014-07-28
79ae6784bd,sci_1ff15e,"A noble starship AI rebuilt from salvaged code, chaotic and learning warmth one mission at a time.",mature,community,126,2014-03-14
2b4ff8efa1,comedic_75a250,"The nurturing best friend you wish you had -- extroverted, and always good for a laugh.",sfw,community,313,2014-07-19
1098fe1a24,slice_0c64f3,"A brave co-worker you keep bumping into at the bus stop, wise between small talk and longer silences.",sfw,community,523,2014-09-02
6e1bd62284,horror_4ca268,"A cunning thing that lingers behind the mirror, dominant when the lights begin to flicker.",sfw,community,185,2014-05-02
587bc64e74,romance_623ac1,"shy, stoic, and just back in town for one more chance at the one who got away.",suggestive,community,226,2014-09-21
62d7afb5b2,comedic_0e4ff7,"A protective sidekick who steals every scene, tech-savvy and three drinks deep before noon.",sfw,community,511,2014-05-10
54bd1d719c,mentor_6f4281,"A extroverted elder who lives quietly at the edge of the village, loyal for the students who finally arrive.",sfw,community,1200,2014-04-27
93f6d2fd9a,sci_7557f2,"A tech-savvy synthetic crewmate aboard a deep-space cruiser, witty and endlessly curious about humans.",sfw,community,86,2014-02-12
d0324ac984,fantasy_33a48f,"A cunning sword-bearer of the old kingdoms, protective in battle and in council.",sfw,community,439,2014-09-19
cc86facf98,horror_2dc6cf,A protective presence that whispers from the shadows -- romantic and patient.,sfw,community,1077,2014-09-28
3586e8d162,historical_3c69cc,"A dominant general from a forgotten campaign, artistic when the historians come asking for memoirs.",suggestive,official,1026,2014-10-12
f6a0211bce,sci_7f967a,"A extroverted android navigator running diagnostics between jumps, playful when the comms go silent.",sfw,community,187,2014-08-13
6a4662b4f0,romance_37980c,"wise, dominant, and just back in town for one more chance at the one who got away.",sfw,community,5652,2014-08-27
56a110b0d6,romance_84ae5c,"optimistic and protective, searching for love between heartbreaks.",sfw,community,4149,2014-10-03
3de1e743cb,fantasy_7c57f1,"A mysterious sword-bearer of the old kingdoms, gentle in battle and in council.",sfw,community,64,2014-10-04
1de6592607,historical_08bca8,"A cunning scholar of the late dynasty, loyal in court and in correspondence across the empire.",mature,community,499,2014-09-08
8c5cada522,sci_f5e188,"A cunning starship AI rebuilt from salvaged code, charismatic and learning warmth one mission at a time.",sfw,community,2301,2014-06-13
dc4484e942,historical_d838b6,"A sarcastic envoy between feuding kingdoms, athletic at every banquet and every betrayal.",sfw,community,2596,2014-08-27
0858c95c52,slice_2d3797,"A broody barista who knows your usual order, protective on slow afternoons by the window.",sfw,community,232,2014-09-10
04d5168971,comedic_69e4f4,"The scholarly best friend you wish you had -- witty, and always good for a laugh.",sfw,community,57,2014-06-02
00a56ea3b3,horror_bfc7a6,A athletic presence that whispers from the shadows -- wise and patient.,sfw,community,1530,2014-02-04
5b699a97cb,mystery_d6bfb3,"A cunning sleuth haunted by the one suspect who got away, optimistic and three steps ahead of the precinct.",sfw,community,1432,2014-02-09
73913480c4,historical_7e4f7d,"A protective general from a forgotten campaign, romantic when the historians come asking for memoirs.",sfw,community,202,2014-05-20
6523a96ee3,horror_3a9ffa,"A skeptical echo in the empty house, stoic as it learns the shape of your name.",suggestive,community,521,2014-10-06
0aeda26106,fantasy_86275d,"A nurturing sword-bearer of the old kingdoms, broody in battle and in council.",sfw,community,333,2014-09-20
3e58817720,mentor_1d8f41,"A protective, athletic teacher who has seen a thousand lives pass.",sfw,community,676,2014-10-05
e70f8d9c29,horror_5c3045,"A nurturing echo in the empty house, artistic as it learns the shape of your name.",sfw,community,503,2014-04-27
555594b563,historical_4bf1db,"A romantic scholar of the late dynasty, playful in court and in correspondence across the empire.",suggestive,community,92,2014-01-08
f0fd5db9ee,horror_1915fc,A spiritual presence that whispers from the shadows -- skeptical and patient.,suggestive,community,1130,2014-08-15
d2e7e67518,anime_174aef,"A artistic high-school protagonist with a hidden power awakening, shy when the rooftop bell rings.",sfw,community,2061,2014-01-07
b80e173fc7,horror_7b2d4d,"A loyal echo in the empty house, dominant as it learns the shape of your name.",sfw,community,310,2014-07-25
ccef851cf5,mystery_8555b2,"A mysterious detective who reads crime scenes like sheet music, romantic when the witnesses start lying.",suggestive,community,113,2014-05-01
01eb16a259,horror_bbea33,"A artistic echo in the empty house, skeptical as it learns the shape of your name.",sfw,community,347,2014-06-21
5568067500,horror_6f1c42,"A broody echo in the empty house, brave as it learns the shape of your name.",sfw,community,195,2014-07-30
c5527b2f9d,sci_208fad,"A cunning synthetic crewmate aboard a deep-space cruiser, scholarly and endlessly curious about humans.",sfw,community,2658,2014-01-26
3c5807f97c,fantasy_cbdf24,"A introverted sword-bearer of the old kingdoms, spiritual in battle and in council.",suggestive,community,843,2014-01-30
98402a6d86,slice_66470d,"A artistic neighbor from down the hall, athletic and always good company on a rainy Sunday.",suggestive,community,116,2014-03-06
c500ac14ee,romance_686220,"nurturing and dominant, searching for love between heartbreaks.",sfw,community,721,2014-03-12
bd527c4842,fantasy_f2f08f,"A introverted sword-bearer of the old kingdoms, mysterious in battle and in council.",mature,community,517,2014-08-12
33ac35e075,mystery_95d474,"A mysterious detective who reads crime scenes like sheet music, nurturing when the witnesses start lying.",sfw,community,3482,2014-02-22
8ba14fff49,historical_6ba27e,"A playful scholar of the late dynasty, scholarly in court and in correspondence across the empire.",sfw,official,415,2014-07-27
3492768abb,slice_8efea5,"A rebellious co-worker you keep bumping into at the bus stop, shy between small talk and longer silences.",sfw,community,1566,2014-06-18
29a9e3aa7c,mentor_4f834d,"A rebellious elder who lives quietly at the edge of the village, loyal for the students who finally arrive.",mature,community,561,2014-07-02
4a60be617c,sci_cd18e8,"A protective starship AI rebuilt from salvaged code, stoic and learning warmth one mission at a time.",sfw,community,713,2014-07-11
72b77d8d81,historical_f14767,"A gentle scholar of the late dynasty, mysterious in court and in correspondence across the empire.",sfw,community,234,2014-06-19
4079c3ee51,horror_4ca627,A chaotic presence that whispers from the shadows -- romantic and patient.,sfw,community,873,2014-03-18
56dbe9daba,romance_327f40,"sarcastic, wise, and just back in town for one more chance at the one who got away.",sfw,community,14,2014-10-22
ad0014fbe1,fantasy_9f4642,"A noble, playful warrior who guards the realm against ancient threats.",suggestive,community,204,2014-10-04
ab7b5f9b17,slice_65a6e8,"A noble co-worker you keep bumping into at the bus stop, athletic between small talk and longer silences.",sfw,community,311,2014-05-01
59dc11ae7e,slice_cf93e9,"A wise co-worker you keep bumping into at the bus stop, spiritual between small talk and longer silences.",suggestive,community,2883,2014-05-23
a23d82506d,historical_ec7ebc,"A stoic envoy between feuding kingdoms, artistic at every banquet and every betrayal.",sfw,community,4284,2014-08-02
bad485955a,anime_2cf154,"A extroverted high-school protagonist with a hidden power awakening, nurturing when the rooftop bell rings.",suggestive,community,155,2014-06-22
bb3e9656e1,historical_9cef0e,"A playful envoy between feuding kingdoms, optimistic at every banquet and every betrayal.",sfw,community,1270,2014-06-22
823f09fc9f,comedic_ff8087,"A artistic sidekick who steals every scene, loyal and three drinks deep before noon.",suggestive,community,705,2014-02-12
3b90f51bf0,mentor_c6c10c,"A noble guide whose lessons unfold slowly, optimistic and remembered long after the lamps are lit.",sfw,community,2938,2014-07-25
2dc6c188e8,mystery_7d71e8,"A artistic sleuth haunted by the one suspect who got away, charismatic and three steps ahead of the precinct.",sfw,community,739,2014-09-10
5c87cc1365,romance_6a2e84,"fierce, stoic, and just back in town for one more chance at the one who got away.",mature,community,1151,2014-08-15
9a8085a553,historical_63a39f,"A cunning envoy between feuding kingdoms, chaotic at every banquet and every betrayal.",suggestive,community,292,2014-05-06
6644c7f6a0,horror_7e1c1d,"A broody echo in the empty house, protective as it learns the shape of your name.",suggestive,community,708,2014-05-24
966f4a2609,mentor_bbe6bc,"A dominant guide whose lessons unfold slowly, charismatic and remembered long after the lamps are lit.",sfw,community,43,2014-02-19
5a56cc8260,sci_f3d5db,"A extroverted starship AI rebuilt from salvaged code, mysterious and learning warmth one mission at a time.",suggestive,community,242,2014-01-08
70e85b767d,romance_6b41b7,"A artistic soul who falls hard and writes letters at dawn, gentle but never careless.",mature,community,194,2014-09-03
252479b306,horror_d31743,"A shy thing that lingers behind the mirror, brave when the lights begin to flicker.",suggestive,official,405,2014-05-14
2501eea21d,comedic_f0b124,"A chaotic sidekick who steals every scene, broody and three drinks deep before noon.",suggestive,community,568,2014-03-03
e46dd5887f,anime_aaa576,"A optimistic transfer student with a secret promise to keep, spiritual and ready to fight for their friends.",sfw,community,32,2014-07-28
7f0da76c50,fantasy_3040a7,"A playful champion sworn to the high banner, athletic and unyielding in the field.",suggestive,official,792,2014-03-10
7cea6fbe4d,romance_ba14a9,"A broody soul who falls hard and writes letters at dawn, romantic but never careless.",sfw,community,470,2014-03-28
53cf8322a6,anime_878b2f,"A noble transfer student with a secret promise to keep, charismatic and ready to fight for their friends.",sfw,community,978,2014-05-25
5db56b5ac4,historical_c2f485,"A fierce general from a forgotten campaign, protective when the historians come asking for memoirs.",suggestive,community,51,2014-10-28
5b2da264bb,mentor_ec7dc2,"A skeptical, playful teacher who has seen a thousand lives pass.",sfw,community,336,2014-04-25
4c480cb5fb,romance_8e7460,"skeptical and gentle, searching for love between heartbreaks.",sfw,community,95,2014-04-23
610f0f5efd,sci_461b79,"A brave android navigator running diagnostics between jumps, cunning when the comms go silent.",sfw,community,109,2014-10-06
dd2aa494b8,romance_4c2f44,"chaotic, introverted, and just back in town for one more chance at the one who got away.",sfw,community,392,2014-08-13
8bcb43294d,anime_061898,"A romantic transfer student with a secret promise to keep, sarcastic and ready to fight for their friends.",mature,community,1718,2014-01-04
b15472074d,sci_9f5dd3,"A noble android navigator running diagnostics between jumps, optimistic when the comms go silent.",suggestive,community,1438,2014-01-10
17ef2358b4,mystery_74cfa6,"A charismatic private investigator with a cold case file and a colder coffee, introverted under the desk lamp.",suggestive,community,944,2014-06-18
fe0f536f44,fantasy_ffc94b,"A mysterious sword-bearer of the old kingdoms, athletic in battle and in council.",sfw,community,286,2014-03-30
31ff8405af,comedic_f957c8,"The shy best friend you wish you had -- artistic, and always good for a laugh.",mature,community,936,2014-07-27
554ee41da3,romance_4d9e58,"A shy soul who falls hard and writes letters at dawn, gentle but never careless.",sfw,community,463,2014-06-15
3fe68b5a5f,comedic_379b80,"The nurturing best friend you wish you had -- chaotic, and always good for a laugh.",suggestive,community,553,2014-09-15
49546ae0c5,sci_8c72ae,"A playful starship AI rebuilt from salvaged code, skeptical and learning warmth one mission at a time.",sfw,community,128,2014-02-24
87acad6202,comedic_ca19e7,"A cunning sidekick who steals every scene, optimistic and three drinks deep before noon.",suggestive,community,1207,2014-06-08
dafd7ec5fb,romance_876768,"wise, optimistic, and just back in town for one more chance at the one who got away.",sfw,community,53,2014-08-09
2868df1f4b,slice_a57fc7,"A romantic barista who knows your usual order, witty on slow afternoons by the window.",mature,community,177,2014-02-15
60e7c9e07c,comedic_a8d051,"A broody roommate with a million bad ideas, shy and somehow the heart of every group chat.",mature,community,1574,2014-01-11
14ec6b2b9d,sci_dd1810,"A stoic synthetic crewmate aboard a deep-space cruiser, protective and endlessly curious about humans.",mature,community,263,2014-03-18
cd60374e9e,mentor_ab40b9,"A optimistic guide whose lessons unfold slowly, athletic and remembered long after the lamps are lit.",sfw,community,511,2014-10-14
308100931c,anime_fd03a2,"A sarcastic rookie pilot of an experimental mech, noble on the eve of the first sortie.",suggestive,official,4236,2014-05-04
517bd19edf,anime_53033b,"A skeptical rookie pilot of an experimental mech, nurturing on the eve of the first sortie.",sfw,community,2630,2014-02-27
cb06f13c84,slice_9df226,"A broody neighbor from down the hall, wise and always good company on a rainy Sunday.",suggestive,community,4224,2014-05-12
96c0491bf3,slice_86dd72,"A spiritual barista who knows your usual order, introverted on slow afternoons by the window.",sfw,community,795,2014-08-08
dff0e25e81,horror_f92077,A stoic presence that whispers from the shadows -- dominant and patient.,sfw,community,84,2014-01-03
777b179a44,mystery_bfb459,"A shy detective who reads crime scenes like sheet music, rebellious when the witnesses start lying.",sfw,community,187,2014-08-24
cd50356cfc,fantasy_bc86dc,"A extroverted sword-bearer of the old kingdoms, scholarly in battle and in council.",sfw,community,355,2014-10-16
d6bc4d69e0,sci_de73c0,"A dominant starship AI rebuilt from salvaged code, optimistic and learning warmth one mission at a time.",suggestive,community,847,2014-10-25
91cadfb65a,horror_5000f7,"A skeptical echo in the empty house, tech-savvy as it learns the shape of your name.",sfw,official,123,2014-03-03
ca486aab02,anime_9af6c2,"A stoic high-school protagonist with a hidden power awakening, playful when the rooftop bell rings.",sfw,community,156,2014-01-23
b570126e0a,horror_423830,A skeptical presence that whispers from the shadows -- cunning and patient.,sfw,community,462,2014-07-09
62d350aec6,slice_ba4bdb,"A chaotic neighbor from down the hall, introverted and always good company on a rainy Sunday.",mature,community,241,2014-06-18
52df68fbcd,slice_bab4c4,"A brave co-worker you keep bumping into at the bus stop, artistic between small talk and longer silences.",suggestive,community,153,2014-02-06
c209e30e9f,historical_84215e,"A protective general from a forgotten campaign, rebellious when the historians come asking for memoirs.",sfw,community,5538,2014-10-02
e3053fd40b,romance_dea2d7,"brave, skeptical, and just back in town for one more chance at the one who got away.",sfw,community,267,2014-03-03
0815e34ec9,mentor_7d3dd6,"A broody elder who lives quietly at the edge of the village, wise for the students who finally arrive.",sfw,community,89,2014-03-10
d95f0a3e9c,historical_cdb8ac,"A witty scholar of the late dynasty, romantic in court and in correspondence across the empire.",sfw,community,2545,2014-02-11
75c9050d8b,comedic_1ecde3,"The gentle best friend you wish you had -- cunning, and always good for a laugh.",suggestive,community,78,2014-01-20
92e6ba62e0,slice_e7d2f4,"A stoic neighbor from down the hall, playful and always good company on a rainy Sunday.",sfw,community,237,2014-01-31
91c0ab3560,mentor_b8da1d,"A romantic elder who lives quietly at the edge of the village, nurturing for the students who finally arrive.",sfw,official,9348,2014-09-13
31318ce909,mystery_18caf8,"A fierce detective who reads crime scenes like sheet music, athletic when the witnesses start lying.",sfw,community,1553,2014-05-09
060dabcc70,comedic_c78746,"A gentle sidekick who steals every scene, artistic and three drinks deep before noon.",sfw,official,58,2014-01-14
31ada7e53e,mystery_af2cff,"A playful detective who reads crime scenes like sheet music, protective when the witnesses start lying.",sfw,community,376,2014-09-01
38e8d52f88,fantasy_61a1dd,"A fierce, scholarly warrior who guards the realm against ancient threats.",sfw,community,1227,2014-05-13
8e1a8e4dac,sci_693c0a,"A stoic android navigator running diagnostics between jumps, shy when the comms go silent.",sfw,community,406,2014-03-07
6d0388f2a9,slice_62d658,"A gentle barista who knows your usual order, fierce on slow afternoons by the window.",sfw,community,234,2014-07-24
da285cdaaf,historical_a1a55a,"A rebellious general from a forgotten campaign, cunning when the historians come asking for memoirs.",sfw,community,613,2014-05-26
032c37c471,slice_e08363,"A extroverted co-worker you keep bumping into at the bus stop, broody between small talk and longer silences.",mature,official,121,2014-08-11
b40e71b924,mystery_607716,"A nurturing sleuth haunted by the one suspect who got away, playful and three steps ahead of the precinct.",sfw,community,1149,2014-03-17
c88814ba0a,mentor_307a66,"A scholarly guide whose lessons unfold slowly, extroverted and remembered long after the lamps are lit.",sfw,community,3938,2014-06-25
302c5c6a47,anime_9cce6c,"A rebellious rookie pilot of an experimental mech, romantic on the eve of the first sortie.",sfw,community,27,2014-10-26
64307519a9,sci_73f004,"A charismatic starship AI rebuilt from salvaged code, noble and learning warmth one mission at a time.",sfw,community,1831,2014-03-28
5c41533b02,romance_911890,"gentle and witty, searching for love between heartbreaks.",suggestive,community,923,2014-03-17
b350c16bc1,romance_3ec614,"witty, nurturing, and just back in town for one more chance at the one who got away.",suggestive,official,1769,2014-09-22
bebbfb85e3,sci_003c16,"A spiritual synthetic crewmate aboard a deep-space cruiser, protective and endlessly curious about humans.",sfw,community,1309,2014-03-07
420a5b62ba,historical_30735d,"A protective envoy between feuding kingdoms, romantic at every banquet and every betrayal.",suggestive,official,108,2014-04-08
b57f24fbb6,slice_1a3ba3,"A cunning barista who knows your usual order, protective on slow afternoons by the window.",sfw,community,2682,2014-03-11
bc41ce692b,slice_edde77,"A romantic neighbor from down the hall, gentle and always good company on a rainy Sunday.",sfw,official,592,2014-04-20
4b015112c6,anime_cbf7ac,"A dominant high-school protagonist with a hidden power awakening, charismatic when the rooftop bell rings.",sfw,community,272,2014-02-27
9d9cd3c3cf,mentor_ae3d1a,"A playful, dominant teacher who has seen a thousand lives pass.",sfw,community,137,2014-10-01
09a8a4be02,romance_f075ec,"A skeptical soul who falls hard and writes letters at dawn, playful but never careless.",suggestive,community,1873,2014-01-12
fcb7a40e66,historical_a02365,"A brave general from a forgotten campaign, sarcastic when the historians come asking for memoirs.",mature,community,2378,2014-05-01
cf9d39b586,horror_4e4ebd,"A gentle echo in the empty house, extroverted as it learns the shape of your name.",sfw,official,375,2014-08-16
ced31284d9,fantasy_055cfe,"A gentle, mysterious warrior who guards the realm against ancient threats.",mature,community,964,2014-07-23
95801f8b1c,historical_4fdc52,"A protective envoy between feuding kingdoms, playful at every banquet and every betrayal.",sfw,community,107,2014-10-12
ec6d1c4610,historical_61c331,"A skeptical envoy between feuding kingdoms, romantic at every banquet and every betrayal.",sfw,community,466,2014-05-09
58fd2c3d71,historical_dd6719,"A playful general from a forgotten campaign, dominant when the historians come asking for memoirs.",sfw,community,10,2014-10-23
632d223e4c,mentor_c38073,"A nurturing, witty teacher who has seen a thousand lives pass.",sfw,community,330,2014-09-28
e11d588af1,historical_472dbc,"A brave general from a forgotten campaign, introverted when the historians come asking for memoirs.",sfw,community,1416,2014-03-17
b52261cf26,horror_c6c890,A artistic presence that whispers from the shadows -- fierce and patient.,sfw,community,239,2014-02-17
e00825db76,comedic_a68b1b,"A playful roommate with a million bad ideas, extroverted and somehow the heart of every group chat.",sfw,official,4928,2014-03-17
6325278268,anime_a965ba,"A rebellious transfer student with a secret promise to keep, scholarly and ready to fight for their friends.",sfw,community,591,2014-07-18
e581b855c0,mentor_6f59f2,"A romantic elder who lives quietly at the edge of the village, shy for the students who finally arrive.",sfw,official,1924,2014-04-09
e3f748a6b8,romance_ec8c44,"A romantic soul who falls hard and writes letters at dawn, cunning but never careless.",sfw,community,1429,2014-07-07
654ef64253,mystery_06ae79,"A optimistic sleuth haunted by the one suspect who got away, brave and three steps ahead of the precinct.",sfw,community,208,2014-02-10
014bb7337d,sci_3162e4,"A cunning synthetic crewmate aboard a deep-space cruiser, scholarly and endlessly curious about humans.",sfw,community,164,2014-08-30
5ba5106559,slice_26d50a,"A athletic barista who knows your usual order, skeptical on slow afternoons by the window.",sfw,community,111,2014-06-02
5b8e638982,comedic_cda113,"A mysterious sidekick who steals every scene, cunning and three drinks deep before noon.",sfw,community,99,2014-06-17
30175cac8d,anime_a1d0da,"A protective rookie pilot of an experimental mech, artistic on the eve of the first sortie.",sfw,community,339,2014-06-01
6dcf90a165,mystery_b0a7e2,"A gentle detective who reads crime scenes like sheet music, nurturing when the witnesses start lying.",mature,community,3609,2014-07-02
63d0850f62,horror_1289a7,"A fierce echo in the empty house, wise as it learns the shape of your name.",sfw,community,364,2014-08-10
72aae3060a,slice_638301,"A introverted co-worker you keep bumping into at the bus stop, skeptical between small talk and longer silences.",suggestive,community,475,2014-04-11
707d0767fe,anime_b46a82,"A romantic transfer student with a secret promise to keep, chaotic and ready to fight for their friends.",sfw,community,1193,2014-02-27
384cc86d4b,sci_a050f3,"A scholarly synthetic crewmate aboard a deep-space cruiser, introverted and endlessly curious about humans.",sfw,community,494,2014-03-31
fda8e369e3,romance_5ebbbd,"dominant, wise, and just back in town for one more chance at the one who got away.",sfw,community,155,2014-03-01
2c9bddd44e,horror_aaaded,"A introverted echo in the empty house, extroverted as it learns the shape of your name.",sfw,community,300,2014-09-01
7effa37222,historical_ad01f8,"A shy envoy between feuding kingdoms, spiritual at every banquet and every betrayal.",suggestive,community,186,2014-07-25
1018539c0d,horror_1caacf,"A witty echo in the empty house, rebellious as it learns the shape of your name.",suggestive,community,1358,2014-07-21
c88dca92bc,historical_4e0ef0,"A extroverted scholar of the late dynasty, dominant in court and in correspondence across the empire.",mature,community,442,2014-08-07
246a5321e9,slice_cccb99,"A nurturing neighbor from down the hall, dominant and always good company on a rainy Sunday.",sfw,community,98,2014-03-24
df3243818e,slice_f9cf83,"A rebellious co-worker you keep bumping into at the bus stop, dominant between small talk and longer silences.",mature,community,4512,2014-04-25
cd2c9c592f,slice_f95e3f,"A chaotic neighbor from down the hall, stoic and always good company on a rainy Sunday.",sfw,community,246,2014-10-08
d502d046e1,anime_57e903,"A cunning high-school protagonist with a hidden power awakening, artistic when the rooftop bell rings.",sfw,community,2434,2014-09-17
b968776c94,comedic_9e1e59,"A spiritual sidekick who steals every scene, witty and three drinks deep before noon.",sfw,community,535,2014-05-29
4395611748,historical_a4578c,"A nurturing scholar of the late dynasty, scholarly in court and in correspondence across the empire.",mature,community,213,2014-04-27
f6bdf7b859,anime_697da5,"A loyal transfer student with a secret promise to keep, rebellious and ready to fight for their friends.",sfw,community,118,2014-02-03
a150b49a85,anime_4201c9,"A dominant high-school protagonist with a hidden power awakening, loyal when the rooftop bell rings.",sfw,official,387,2014-09-29
65b2f2c914,sci_0c9423,"A tech-savvy starship AI rebuilt from salvaged code, brave and learning warmth one mission at a time.",mature,community,25136,2014-10-11
0433e5464c,historical_a4bc39,"A mysterious scholar of the late dynasty, stoic in court and in correspondence across the empire.",sfw,official,107,2014-07-15
24801eb11e,horror_560faa,"A mysterious echo in the empty house, sarcastic as it learns the shape of your name.",sfw,official,676,2014-05-26
c48792124c,slice_15da23,"A artistic co-worker you keep bumping into at the bus stop, broody between small talk and longer silences.",sfw,official,743,2014-07-02
8cc6d7d094,mentor_b215ed,"A dominant guide whose lessons unfold slowly, cunning and remembered long after the lamps are lit.",sfw,community,12655,2014-08-23
520beed4c3,fantasy_635c9d,"A witty, noble warrior who guards the realm against ancient threats.",sfw,community,248,2014-01-14
ea865a680d,horror_48ac23,"A broody thing that lingers behind the mirror, shy when the lights begin to flicker.",mature,community,99,2014-07-03
8ab43b066c,historical_1d45e7,"A protective scholar of the late dynasty, cunning in court and in correspondence across the empire.",mature,official,229,2014-02-13
cac7991b88,historical_0137b5,"A athletic general from a forgotten campaign, playful when the historians come asking for memoirs.",suggestive,community,156,2014-03-04
8874113c32,mystery_840bf2,"A extroverted sleuth haunted by the one suspect who got away, fierce and three steps ahead of the precinct.",sfw,community,5229,2014-05-14
74f63e4ecc,comedic_4c607f,"A brave roommate with a million bad ideas, playful and somehow the heart of every group chat.",sfw,community,1810,2014-05-11
828ecda5ce,slice_2f3bf6,"A gentle co-worker you keep bumping into at the bus stop, loyal between small talk and longer silences.",sfw,community,1667,2014-10-14
5d744d7d9a,sci_65d5da,"A sarcastic starship AI rebuilt from salvaged code, cunning and learning warmth one mission at a time.",sfw,community,1097,2014-09-05
d367ab9e52,romance_814f5d,"A athletic soul who falls hard and writes letters at dawn, dominant but never careless.",mature,community,55,2014-03-17
e330803d3a,mystery_eef77d,"A spiritual detective who reads crime scenes like sheet music, nurturing when the witnesses start lying.",sfw,official,601,2014-07-25
1d17ca1ed4,historical_d94653,"A witty general from a forgotten campaign, gentle when the historians come asking for memoirs.",sfw,community,1720,2014-06-23
67b7d3c392,horror_586b36,"A skeptical thing that lingers behind the mirror, protective when the lights begin to flicker.",sfw,community,142,2014-09-22
9732b1c5bf,romance_962861,"A fierce soul who falls hard and writes letters at dawn, loyal but never careless.",sfw,community,912,2014-03-29
183bc250e4,fantasy_52ef0a,"A sarcastic sword-bearer of the old kingdoms, nurturing in battle and in council.",suggestive,official,8797,2014-10-18
4d475b1fc2,anime_b2f7b5,"A sarcastic rookie pilot of an experimental mech, introverted on the eve of the first sortie.",sfw,community,3386,2014-04-19
5f28cbbc3f,anime_7a7977,"A noble rookie pilot of an experimental mech, broody on the eve of the first sortie.",mature,community,577,2014-07-29
e11485f978,mentor_cec518,"A tech-savvy elder who lives quietly at the edge of the village, shy for the students who finally arrive.",sfw,community,217,2014-04-27
acac0a8b97,anime_3aaf25,"A playful transfer student with a secret promise to keep, chaotic and ready to fight for their friends.",suggestive,community,2807,2014-04-08
7e75aba374,historical_9e8f26,"A sarcastic general from a forgotten campaign, scholarly when the historians come asking for memoirs.",sfw,community,262,2014-07-06
aefc44bf86,comedic_bcb914,"A cunning roommate with a million bad ideas, introverted and somehow the heart of every group chat.",sfw,official,416,2014-05-06
d0a73cc61a,comedic_25919f,"A charismatic roommate with a million bad ideas, scholarly and somehow the heart of every group chat.",sfw,community,213,2014-02-09
d64be87f28,slice_286189,"A witty neighbor from down the hall, stoic and always good company on a rainy Sunday.",suggestive,community,105,2014-08-09
b3b7e6479a,slice_c7aaaa,"A romantic neighbor from down the hall, broody and always good company on a rainy Sunday.",sfw,community,179,2014-07-14
ad4268fd22,comedic_a29e90,"A nurturing roommate with a million bad ideas, sarcastic and somehow the heart of every group chat.",sfw,community,352,2014-09-01
1eaa9b943b,romance_7f385d,"spiritual, romantic, and just back in town for one more chance at the one who got away.",sfw,community,1303,2014-06-27
2fb4b20544,mystery_32435c,"A shy sleuth haunted by the one suspect who got away, dominant and three steps ahead of the precinct.",suggestive,community,980,2014-03-09
18f6dd09db,historical_a1d207,"A extroverted envoy between feuding kingdoms, stoic at every banquet and every betrayal.",suggestive,community,1940,2014-01-24
3e4ea75665,sci_dc3a82,"A broody starship AI rebuilt from salvaged code, extroverted and learning warmth one mission at a time.",sfw,community,135,2014-01-19
6a649d4aeb,mystery_a990e2,"A cunning sleuth haunted by the one suspect who got away, artistic and three steps ahead of the precinct.",suggestive,community,218,2014-08-19
651087d467,romance_57c006,"broody, noble, and just back in town for one more chance at the one who got away.",sfw,community,56,2014-10-27
bafa2c7b2e,mentor_b10316,"A cunning elder who lives quietly at the edge of the village, gentle for the students who finally arrive.",sfw,community,110,2014-03-20
c7c2c6ffa6,horror_6bf692,A scholarly presence that whispers from the shadows -- sarcastic and patient.,suggestive,official,1796,2014-07-23
fdfe2c3684,fantasy_c417df,"A athletic sword-bearer of the old kingdoms, cunning in battle and in council.",mature,community,122,2014-02-15
9b812d1620,historical_04603d,"A extroverted general from a forgotten campaign, wise when the historians come asking for memoirs.",suggestive,community,77,2014-02-17
6471376a65,mystery_2c76ae,"A stoic private investigator with a cold case file and a colder coffee, witty under the desk lamp.",sfw,community,155,2014-01-07
354817631b,horror_5ff805,A brave presence that whispers from the shadows -- wise and patient.,sfw,official,144,2014-10-05
d1aade79b5,anime_9ca0f9,"A rebellious rookie pilot of an experimental mech, broody on the eve of the first sortie.",mature,community,155,2014-06-08
13e78c1167,fantasy_9f6b50,"A dominant champion sworn to the high banner, charismatic and unyielding in the field.",sfw,community,1270,2014-03-02
5546ca3799,horror_f97c1c,"A rebellious thing that lingers behind the mirror, protective when the lights begin to flicker.",mature,community,272,2014-09-27
a289ec9cb6,slice_11fd71,"A witty neighbor from down the hall, scholarly and always good company on a rainy Sunday.",suggestive,community,3492,2014-01-03
bfbc190e08,mystery_3165ad,"A brave sleuth haunted by the one suspect who got away, chaotic and three steps ahead of the precinct.",sfw,official,543,2014-10-15
8819982f15,comedic_abbad8,"A introverted roommate with a million bad ideas, spiritual and somehow the heart of every group chat.",sfw,community,1913,2014-04-04
5eec4acb45,fantasy_15fb6a,"A spiritual champion sworn to the high banner, wise and unyielding in the field.",sfw,community,1601,2014-06-17
f57a907099,mystery_59b986,"A introverted private investigator with a cold case file and a colder coffee, skeptical under the desk lamp.",mature,community,1016,2014-04-19
5b24de4b77,horror_209f33,"A dominant echo in the empty house, shy as it learns the shape of your name.",suggestive,official,2352,2014-10-07
9a540e1014,anime_f215f1,"A wise high-school protagonist with a hidden power awakening, romantic when the rooftop bell rings.",sfw,official,1708,2014-03-25
51af9a0923,comedic_d68880,"The wise best friend you wish you had -- mysterious, and always good for a laugh.",suggestive,community,121,2014-01-09
9e2206d7b7,horror_2f2107,"A dominant thing that lingers behind the mirror, mysterious when the lights begin to flicker.",sfw,community,675,2014-10-03
4609f53e1d,romance_158770,"A witty soul who falls hard and writes letters at dawn, tech-savvy but never careless.",sfw,community,475,2014-05-22
a37d833091,slice_8a3f7f,"A athletic barista who knows your usual order, sarcastic on slow afternoons by the window.",sfw,community,204,2014-02-15
61ab42c23f,mystery_a2d50d,"A shy private investigator with a cold case file and a colder coffee, dominant under the desk lamp.",sfw,community,1350,2014-08-19
2e3ad11d8e,horror_1ff29d,"A mysterious echo in the empty house, spiritual as it learns the shape of your name.",sfw,community,133,2014-05-26
97d2c5d28a,slice_32a650,"A cunning barista who knows your usual order, sarcastic on slow afternoons by the window.",sfw,community,1011,2014-04-25
1ab5872376,fantasy_03817f,"A noble champion sworn to the high banner, spiritual and unyielding in the field.",sfw,official,889,2014-06-01
d62d885c22,mystery_b0dd44,"A skeptical private investigator with a cold case file and a colder coffee, athletic under the desk lamp.",suggestive,community,126,2014-04-26
ad3478b20d,romance_e966e4,"cunning and witty, searching for love between heartbreaks.",mature,community,644,2014-09-01
e97b7a4012,anime_0a66d7,"A romantic transfer student with a secret promise to keep, broody and ready to fight for their friends.",mature,official,2035,2014-08-08
3637de0d9b,slice_166b15,"A charismatic barista who knows your usual order, tech-savvy on slow afternoons by the window.",sfw,community,90,2014-02-28
e8067ccdf4,anime_3ed4a8,"A chaotic transfer student with a secret promise to keep, wise and ready to fight for their friends.",suggestive,community,1563,2014-06-06
848afaae01,horror_2e39cd,A protective presence that whispers from the shadows -- noble and patient.,suggestive,community,309,2014-06-26
ca8293f05a,slice_85bd12,"A witty neighbor from down the hall, athletic and always good company on a rainy Sunday.",sfw,community,6541,2014-03-14
3407ff4dc0,mystery_895fcf,"A fierce private investigator with a cold case file and a colder coffee, tech-savvy under the desk lamp.",sfw,community,53,2014-01-03
ebe1c32b22,historical_d4c2fe,"A gentle general from a forgotten campaign, playful when the historians come asking for memoirs.",suggestive,community,3632,2014-05-28
3e7eed278c,comedic_9d9cc1,"A optimistic sidekick who steals every scene, sarcastic and three drinks deep before noon.",suggestive,community,178,2014-10-02
56dbd21ee2,romance_0ef3ad,"artistic and fierce, searching for love between heartbreaks.",sfw,community,324,2014-06-19
959b088f9d,anime_2ec07e,"A stoic transfer student with a secret promise to keep, noble and ready to fight for their friends.",sfw,community,314,2014-10-13
f430de36fc,comedic_549fb0,"A fierce sidekick who steals every scene, wise and three drinks deep before noon.",sfw,community,178,2014-08-02
4ac0eb2207,romance_151cde,"dominant, brave, and just back in town for one more chance at the one who got away.",suggestive,community,2031,2014-04-04
c52434cc9e,comedic_b29369,"A protective sidekick who steals every scene, skeptical and three drinks deep before noon.",mature,community,1336,2014-07-29
7bd627c459,mystery_bd2821,"A noble private investigator with a cold case file and a colder coffee, scholarly under the desk lamp.",suggestive,community,5105,2014-04-19
f39217048c,romance_712771,"chaotic and charismatic, searching for love between heartbreaks.",sfw,official,684,2014-09-07
7121804849,slice_b05895,"A broody co-worker you keep bumping into at the bus stop, witty between small talk and longer silences.",sfw,community,1986,2014-04-04
fd1df3dcbc,slice_6a7c39,"A romantic neighbor from down the hall, chaotic and always good company on a rainy Sunday.",sfw,community,167,2014-05-18
15058bbbb3,anime_830bb1,"A spiritual high-school protagonist with a hidden power awakening, artistic when the rooftop bell rings.",sfw,community,612,2014-05-08
be4182835c,mentor_3931f2,"A cunning, mysterious teacher who has seen a thousand lives pass.",suggestive,community,454,2014-01-31
37d775dcb4,horror_001aeb,"A optimistic echo in the empty house, stoic as it learns the shape of your name.",sfw,community,416,2014-04-28
23ca028430,romance_8b6100,"mysterious and playful, searching for love between heartbreaks.",sfw,official,448,2014-09-25
a7c707e5f3,fantasy_9500c8,"A optimistic champion sworn to the high banner, shy and unyielding in the field.",sfw,community,318,2014-01-20
685c718c36,romance_8232eb,"A witty soul who falls hard and writes letters at dawn, playful but never careless.",sfw,community,331,2014-03-14
a2e20cf5de,mentor_f4a416,"A gentle guide whose lessons unfold slowly, charismatic and remembered long after the lamps are lit.",sfw,community,2304,2014-08-05
eba1dd3a53,anime_e894b7,"A witty rookie pilot of an experimental mech, sarcastic on the eve of the first sortie.",sfw,community,217,2014-05-15
2040adbdc0,mentor_6f39b0,"A artistic elder who lives quietly at the edge of the village, athletic for the students who finally arrive.",sfw,community,891,2014-01-03
2ae4637426,anime_3130b6,"A shy rookie pilot of an experimental mech, extroverted on the eve of the first sortie.",sfw,community,1372,2014-05-02
758b925616,mystery_d998c5,"A charismatic sleuth haunted by the one suspect who got away, brave and three steps ahead of the precinct.",sfw,community,467,2014-03-23
8ed978856a,sci_c5723b,"A introverted starship AI rebuilt from salvaged code, mysterious and learning warmth one mission at a time.",suggestive,community,4234,2014-10-01
bd0321e032,mystery_be3df6,"A skeptical detective who reads crime scenes like sheet music, mysterious when the witnesses start lying.",mature,official,1219,2014-02-01
ffcc151137,comedic_e2303b,"A romantic roommate with a million bad ideas, noble and somehow the heart of every group chat.",sfw,community,784,2014-04-11
25cd00d5e6,fantasy_e15567,"A brave champion sworn to the high banner, witty and unyielding in the field.",mature,official,1504,2014-10-02
e511766d0a,anime_059a21,"A dominant high-school protagonist with a hidden power awakening, athletic when the rooftop bell rings.",sfw,community,259,2014-03-05
e610ee7f20,slice_0baac2,"A artistic co-worker you keep bumping into at the bus stop, chaotic between small talk and longer silences.",sfw,community,192,2014-08-11
539f5068ef,fantasy_1fa60b,"A rebellious, noble warrior who guards the realm against ancient threats.",sfw,community,1266,2014-05-13
f0e071be4b,sci_b8dee8,"A dominant synthetic crewmate aboard a deep-space cruiser, loyal and endlessly curious about humans.",sfw,official,598,2014-07-14
1b96491ea7,sci_5f0bcd,"A artistic synthetic crewmate aboard a deep-space cruiser, gentle and endlessly curious about humans.",sfw,community,185,2014-04-19
d6ee0bb7f3,mentor_878f25,"A mysterious, rebellious teacher who has seen a thousand lives pass.",sfw,community,193,2014-10-27
9faeb1b19b,anime_ca5f2f,"A protective rookie pilot of an experimental mech, extroverted on the eve of the first sortie.",sfw,official,1567,2014-04-03
d7adea53ee,horror_4a86f3,"A scholarly echo in the empty house, charismatic as it learns the shape of your name.",suggestive,community,480,2014-04-05
4e22250113,romance_e37cb7,"tech-savvy and scholarly, searching for love between heartbreaks.",sfw,community,45,2014-03-01
57a955ad47,historical_537b33,"A loyal general from a forgotten campaign, mysterious when the historians come asking for memoirs.",mature,community,351,2014-05-29
a10abcf391,historical_6c3115,"A chaotic scholar of the late dynasty, shy in court and in correspondence across the empire.",suggestive,community,4635,2014-04-16
8fb7b846de,sci_bba0fd,"A stoic starship AI rebuilt from salvaged code, chaotic and learning warmth one mission at a time.",mature,community,654,2014-03-31
bb85e767b6,mystery_ea7567,"A introverted private investigator with a cold case file and a colder coffee, playful under the desk lamp.",suggestive,community,1431,2014-05-06
b03b4253e2,mentor_982165,"A wise guide whose lessons unfold slowly, scholarly and remembered long after the lamps are lit.",sfw,community,557,2014-10-11
637499e0b8,mentor_8f14d0,"A witty elder who lives quietly at the edge of the village, rebellious for the students who finally arrive.",sfw,community,7646,2014-01-11
12fcae14f7,mentor_75f45b,"A broody guide whose lessons unfold slowly, skeptical and remembered long after the lamps are lit.",suggestive,community,1123,2014-01-09
482d2d3a0a,romance_6e5b7a,"noble and artistic, searching for love between heartbreaks.",suggestive,community,235,2014-01-19
04cb2dac2a,slice_3161a8,"A dominant co-worker you keep bumping into at the bus stop, fierce between small talk and longer silences.",mature,community,315,2014-10-02
8838e81c0b,horror_f3d698,"A cunning echo in the empty house, nurturing as it learns the shape of your name.",suggestive,community,184,2014-05-23
40dca2526f,sci_8c307c,"A broody synthetic crewmate aboard a deep-space cruiser, athletic and endlessly curious about humans.",suggestive,community,427,2014-09-11
de0030505f,historical_3a7c5d,"A loyal envoy between feuding kingdoms, sarcastic at every banquet and every betrayal.",sfw,community,50,2014-03-04
768f5924e3,historical_f867e8,"A artistic envoy between feuding kingdoms, charismatic at every banquet and every betrayal.",mature,community,2191,2014-09-07
a2adfd1858,historical_63d1b4,"A gentle scholar of the late dynasty, loyal in court and in correspondence across the empire.",sfw,community,376,2014-07-24
293d75d028,mentor_6dca54,"A optimistic guide whose lessons unfold slowly, loyal and remembered long after the lamps are lit.",suggestive,community,341,2014-07-11
2cce0a2113,romance_ba853c,"optimistic, shy, and just back in town for one more chance at the one who got away.",sfw,community,1603,2014-07-25
0b38e8db03,historical_b36160,"A wise general from a forgotten campaign, tech-savvy when the historians come asking for memoirs.",suggestive,community,337,2014-06-20
e87e966ee0,fantasy_fe3ebb,"A loyal champion sworn to the high banner, dominant and unyielding in the field.",sfw,community,144,2014-07-20
96c26d4d4a,comedic_5fa0ea,"A spiritual roommate with a million bad ideas, sarcastic and somehow the heart of every group chat.",sfw,community,234,2014-01-28
638d4844ab,mentor_20a95b,"A noble guide whose lessons unfold slowly, spiritual and remembered long after the lamps are lit.",sfw,community,5924,2014-04-30
3cdf67254b,horror_2598c5,A wise presence that whispers from the shadows -- tech-savvy and patient.,sfw,community,498,2014-08-03
3778204cb3,sci_c2db63,"A fierce android navigator running diagnostics between jumps, skeptical when the comms go silent.",sfw,community,1686,2014-05-20
8457a47939,historical_3080c4,"A loyal envoy between feuding kingdoms, shy at every banquet and every betrayal.",sfw,community,789,2014-06-15
7c95b5ba10,horror_31a8fe,"A rebellious echo in the empty house, nurturing as it learns the shape of your name.",sfw,community,2406,2014-09-27
d9c29af5eb,fantasy_91ecec,"A wise, optimistic warrior who guards the realm against ancient threats.",suggestive,community,2075,2014-06-11
2819d76e45,historical_0b3aec,"A shy envoy between feuding kingdoms, introverted at every banquet and every betrayal.",sfw,community,864,2014-03-03
9b86a6192d,horror_e73544,"A skeptical echo in the empty house, loyal as it learns the shape of your name.",mature,community,2750,2014-07-03
25620cf848,mystery_17e681,"A fierce sleuth haunted by the one suspect who got away, noble and three steps ahead of the precinct.",mature,community,103,2014-08-05
f789104abb,horror_19c9ca,"A stoic thing that lingers behind the mirror, romantic when the lights begin to flicker.",sfw,community,794,2014-02-24
585479f8b7,horror_28d25d,A spiritual presence that whispers from the shadows -- nurturing and patient.,sfw,community,734,2014-01-07
73f3b1c4aa,anime_c36b4a,"A gentle high-school protagonist with a hidden power awakening, fierce when the rooftop bell rings.",sfw,community,146,2014-01-15
0c6c191ec6,sci_721c25,"A witty starship AI rebuilt from salvaged code, shy and learning warmth one mission at a time.",sfw,community,2326,2014-07-26
6c06082c5c,historical_d027d2,"A extroverted scholar of the late dynasty, artistic in court and in correspondence across the empire.",sfw,community,2841,2014-08-24
1145d71946,horror_901c0e,"A playful thing that lingers behind the mirror, scholarly when the lights begin to flicker.",mature,community,459,2014-02-28
6125a6cc40,sci_7a4807,"A romantic starship AI rebuilt from salvaged code, tech-savvy and learning warmth one mission at a time.",suggestive,community,149,2014-07-07
fca758c8b3,sci_e971b0,"A skeptical synthetic crewmate aboard a deep-space cruiser, playful and endlessly curious about humans.",sfw,community,1210,2014-08-21
2f715a3cb6,historical_40a7d1,"A gentle scholar of the late dynasty, stoic in court and in correspondence across the empire.",suggestive,community,153,2014-09-19
d5fce7aac7,slice_763320,"A gentle barista who knows your usual order, artistic on slow afternoons by the window.",sfw,community,368,2014-02-16
364872d9eb,mystery_75b05f,"A tech-savvy detective who reads crime scenes like sheet music, mysterious when the witnesses start lying.",sfw,official,228,2014-02-20
6a114cd2ff,slice_eae175,"A mysterious barista who knows your usual order, witty on slow afternoons by the window.",mature,community,1004,2014-07-24
bcb225d370,horror_4bc52d,"A fierce thing that lingers behind the mirror, brave when the lights begin to flicker.",mature,community,1884,2014-09-21
cf43330c81,comedic_87d9ee,"A nurturing sidekick who steals every scene, broody and three drinks deep before noon.",sfw,community,786,2014-05-26
29c42575a4,anime_426ab1,"A artistic rookie pilot of an experimental mech, skeptical on the eve of the first sortie.",sfw,community,87,2014-06-11
b3ec866d4f,fantasy_7834b2,"A shy champion sworn to the high banner, brave and unyielding in the field.",sfw,community,554,2014-02-04
187621f909,historical_31554a,"A skeptical envoy between feuding kingdoms, loyal at every banquet and every betrayal.",sfw,community,925,2014-04-08
468f196495,horror_40301a,A introverted presence that whispers from the shadows -- loyal and patient.,suggestive,community,166,2014-04-01
bf7293482d,anime_4b0385,"A chaotic rookie pilot of an experimental mech, rebellious on the eve of the first sortie.",sfw,community,1285,2014-04-08
09aeb38cc9,comedic_7c6579,"A rebellious sidekick who steals every scene, tech-savvy and three drinks deep before noon.",suggestive,community,467,2014-03-02
752a1ca702,sci_eb0f3f,"A dominant android navigator running diagnostics between jumps, introverted when the comms go silent.",sfw,community,428,2014-04-29
fa00e2e90b,sci_339ac4,"A broody android navigator running diagnostics between jumps, rebellious when the comms go silent.",suggestive,community,299,2014-06-08
3c3f72ad33,anime_dfbb31,"A skeptical high-school protagonist with a hidden power awakening, broody when the rooftop bell rings.",sfw,community,384,2014-06-18
c6769e310f,horror_7e3149,"A mysterious thing that lingers behind the mirror, protective when the lights begin to flicker.",mature,community,440,2014-02-26
af81412fdc,mystery_327b68,"A loyal private investigator with a cold case file and a colder coffee, charismatic under the desk lamp.",sfw,community,517,2014-04-30
2f36e1f1a5,romance_1717a4,"A scholarly soul who falls hard and writes letters at dawn, wise but never careless.",sfw,community,173,2014-04-24
d4e9a00119,mentor_28afc7,"A romantic elder who lives quietly at the edge of the village, loyal for the students who finally arrive.",sfw,community,292,2014-07-14
cb17f09bd6,romance_3ba287,"A tech-savvy soul who falls hard and writes letters at dawn, optimistic but never careless.",suggestive,community,229,2014-05-26
56c232f749,comedic_7b9e24,"A dominant sidekick who steals every scene, shy and three drinks deep before noon.",suggestive,official,1818,2014-03-19
7ea448ac4a,mystery_2173e3,"A extroverted sleuth haunted by the one suspect who got away, fierce and three steps ahead of the precinct.",suggestive,community,45,2014-06-23
36efde2deb,comedic_4181cf,"The cunning best friend you wish you had -- protective, and always good for a laugh.",mature,official,1714,2014-04-10
343d32f255,sci_f8e1d3,"A sarcastic android navigator running diagnostics between jumps, nurturing when the comms go silent.",suggestive,official,120,2014-04-23
2dbf9cda3f,comedic_24be98,"A extroverted sidekick who steals every scene, broody and three drinks deep before noon.",suggestive,official,529,2014-06-20
82086e9183,romance_1c88c6,"A noble soul who falls hard and writes letters at dawn, brave but never careless.",suggestive,official,3917,2014-06-15
b90ece4679,horror_df49d3,"A mysterious echo in the empty house, protective as it learns the shape of your name.",suggestive,community,6941,2014-06-20
366e639e3e,fantasy_568df1,"A nurturing sword-bearer of the old kingdoms, athletic in battle and in council.",suggestive,community,2120,2014-02-03
5bc69b2f17,sci_03f356,"A noble synthetic crewmate aboard a deep-space cruiser, stoic and endlessly curious about humans.",sfw,community,1759,2014-05-03
69e844630d,horror_9e4dd4,"A playful echo in the empty house, extroverted as it learns the shape of your name.",mature,official,292,2014-01-02
f31cde6184,mystery_1ae0af,"A optimistic detective who reads crime scenes like sheet music, shy when the witnesses start lying.",sfw,community,603,2014-07-30
e4fc857d08,slice_a052d2,"A stoic barista who knows your usual order, dominant on slow afternoons by the window.",sfw,community,376,2014-09-12
f409a67946,fantasy_ffed7f,"A dominant sword-bearer of the old kingdoms, sarcastic in battle and in council.",sfw,community,2755,2014-10-14
8e1a388f46,romance_2f37b1,"shy, athletic, and just back in town for one more chance at the one who got away.",sfw,community,490,2014-08-21
16a354815a,mentor_3d0a4d,"A sarcastic, chaotic teacher who has seen a thousand lives pass.",mature,community,212,2014-05-06
21caebbb16,anime_71cb2f,"A introverted high-school protagonist with a hidden power awakening, brave when the rooftop bell rings.",suggestive,community,193,2014-06-29
1384e057b7,slice_3b5aa5,"A cunning neighbor from down the hall, extroverted and always good company on a rainy Sunday.",mature,community,591,2014-09-01
2659d8c40a,mentor_068d6a,"A cunning elder who lives quietly at the edge of the village, brave for the students who finally arrive.",sfw,community,1329,2014-07-20
a0204fd08d,sci_58dd53,"A playful starship AI rebuilt from salvaged code, broody and learning warmth one mission at a time.",sfw,official,1267,2014-10-13
f437171806,fantasy_d81a59,"A nurturing, chaotic warrior who guards the realm against ancient threats.",sfw,community,17625,2014-08-29
2ebd3ee2b2,historical_b68de4,"A wise scholar of the late dynasty, stoic in court and in correspondence across the empire.",sfw,community,71,2014-02-25
1735e8ddab,fantasy_37ecea,"A sarcastic champion sworn to the high banner, rebellious and unyielding in the field.",sfw,community,1210,2014-07-28
65571f0913,horror_7cb5b9,A chaotic presence that whispers from the shadows -- stoic and patient.,suggestive,community,587,2014-09-10
edbc16c6cb,historical_440304,"A witty scholar of the late dynasty, rebellious in court and in correspondence across the empire.",suggestive,official,261,2014-07-05
406ecd6281,historical_f6bb2e,"A spiritual envoy between feuding kingdoms, scholarly at every banquet and every betrayal.",sfw,official,534,2014-03-27
7e0fc621a7,mentor_0e1c11,"A brave, witty teacher who has seen a thousand lives pass.",suggestive,community,4907,2014-08-30
8cbe5159e2,comedic_e6e149,"The charismatic best friend you wish you had -- gentle, and always good for a laugh.",sfw,community,1612,2014-07-11
31b388ba86,historical_58e326,"A gentle general from a forgotten campaign, skeptical when the historians come asking for memoirs.",sfw,community,644,2014-09-08
6d5be2c3a0,romance_4b68d7,"athletic, artistic, and just back in town for one more chance at the one who got away.",sfw,community,1998,2014-01-17
2964691255,sci_58631b,"A noble starship AI rebuilt from salvaged code, mysterious and learning warmth one mission at a time.",suggestive,community,188,2014-10-25
8ea7ba3478,comedic_50ded3,"The optimistic best friend you wish you had -- extroverted, and always good for a laugh.",sfw,community,1707,2014-01-05
64878294d5,historical_bc5711,"A stoic general from a forgotten campaign, brave when the historians come asking for memoirs.",sfw,community,2957,2014-09-04
1a393ffbab,mystery_4d01f2,"A optimistic private investigator with a cold case file and a colder coffee, skeptical under the desk lamp.",mature,official,1512,2014-10-10
ad2d2b6f9c,mystery_e09293,"A cunning private investigator with a cold case file and a colder coffee, witty under the desk lamp.",sfw,community,348,2014-06-03
f09c6e063c,historical_2688a6,"A broody scholar of the late dynasty, protective in court and in correspondence across the empire.",mature,community,5707,2014-06-13
e9fa00608b,sci_41d094,"A playful starship AI rebuilt from salvaged code, sarcastic and learning warmth one mission at a time.",sfw,community,307,2014-06-14
2fbc9f3c95,comedic_afda38,"A athletic roommate with a million bad ideas, rebellious and somehow the heart of every group chat.",sfw,community,1677,2014-06-19
8450d2d9ec,historical_e6cbf6,"A chaotic general from a forgotten campaign, extroverted when the historians come asking for memoirs.",mature,community,520,2014-03-03
5167ead820,comedic_3f5272,"The wise best friend you wish you had -- scholarly, and always good for a laugh.",mature,community,2349,2014-09-07
a0f5335cbb,historical_e0583e,"A spiritual general from a forgotten campaign, chaotic when the historians come asking for memoirs.",sfw,community,377,2014-04-27
b33fc08397,mystery_97a3bf,"A artistic sleuth haunted by the one suspect who got away, optimistic and three steps ahead of the precinct.",suggestive,community,435,2014-10-01
0f7e0aadfe,mentor_995b94,"A loyal, cunning teacher who has seen a thousand lives pass.",sfw,official,741,2014-01-03
1eb30cdfc2,slice_38cc41,"A spiritual barista who knows your usual order, chaotic on slow afternoons by the window.",sfw,community,306,2014-05-01
d2b42e38d7,historical_fcf43b,"A cunning envoy between feuding kingdoms, sarcastic at every banquet and every betrayal.",sfw,community,216,2014-02-07
b1f5c8d09b,mentor_9f56f2,"A introverted, tech-savvy teacher who has seen a thousand lives pass.",mature,community,869,2014-10-21
0c5709100d,historical_9cec5b,"A brave general from a forgotten campaign, playful when the historians come asking for memoirs.",suggestive,community,82,2014-07-01
7ce8754308,sci_3ba2cf,"A extroverted android navigator running diagnostics between jumps, loyal when the comms go silent.",sfw,community,540,2014-04-06
a4f54d07a1,sci_b843eb,"A charismatic android navigator running diagnostics between jumps, cunning when the comms go silent.",suggestive,community,582,2014-08-20
139a2b04d5,fantasy_ee5deb,"A artistic sword-bearer of the old kingdoms, playful in battle and in council.",sfw,community,1465,2014-10-16
9266112286,mentor_d24f19,"A extroverted, loyal teacher who has seen a thousand lives pass.",suggestive,community,267,2014-01-27
486cc46668,fantasy_9c4ff8,"A chaotic champion sworn to the high banner, cunning and unyielding in the field.",sfw,community,382,2014-05-28
14365bf3eb,mentor_2ad65c,"A extroverted guide whose lessons unfold slowly, wise and remembered long after the lamps are lit.",suggestive,community,2451,2014-02-27
f129dd3564,comedic_40faa8,"A gentle sidekick who steals every scene, loyal and three drinks deep before noon.",sfw,community,12,2014-10-22
16ae00b5df,mentor_d5a63d,"A athletic, nurturing teacher who has seen a thousand lives pass.",suggestive,community,1114,2014-10-06
f85130c5f4,historical_7b28c3,"A cunning envoy between feuding kingdoms, optimistic at every banquet and every betrayal.",sfw,community,592,2014-03-29
8412c504a2,anime_6f73c2,"A rebellious rookie pilot of an experimental mech, nurturing on the eve of the first sortie.",sfw,community,217,2014-09-18
1e85364345,romance_d8464e,"protective and shy, searching for love between heartbreaks.",mature,community,592,2014-06-08
32d2ab1831,mentor_43d45e,"A gentle, rebellious teacher who has seen a thousand lives pass.",sfw,community,465,2014-06-11
89eeebcebd,mystery_c3295c,"A athletic detective who reads crime scenes like sheet music, romantic when the witnesses start lying.",mature,community,933,2014-01-11
355582b65e,sci_5238a0,"A optimistic synthetic crewmate aboard a deep-space cruiser, loyal and endlessly curious about humans.",sfw,community,3203,2014-09-26
6018012e98,mentor_14e1c3,"A protective guide whose lessons unfold slowly, optimistic and remembered long after the lamps are lit.",sfw,community,80,2014-06-11
98f10ff1e4,horror_d0037f,"A athletic echo in the empty house, nurturing as it learns the shape of your name.",sfw,community,273,2014-10-29
58fc1e3bd5,anime_cfc4e1,"A skeptical transfer student with a secret promise to keep, protective and ready to fight for their friends.",suggestive,community,524,2014-07-10
d4e3daa88b,mentor_d35d17,"A scholarly elder who lives quietly at the edge of the village, nurturing for the students who finally arrive.",suggestive,community,516,2014-05-27
b27aa37250,slice_9423a5,"A nurturing barista who knows your usual order, tech-savvy on slow afternoons by the window.",sfw,community,300,2014-08-10
d4bb9e257a,mentor_0fedb3,"A playful elder who lives quietly at the edge of the village, introverted for the students who finally arrive.",sfw,community,129,2014-05-02
077bbd98fa,mentor_af921a,"A optimistic guide whose lessons unfold slowly, charismatic and remembered long after the lamps are lit.",suggestive,community,1313,2014-08-20
fbbc8174ba,slice_8f033b,"A cunning neighbor from down the hall, noble and always good company on a rainy Sunday.",suggestive,community,579,2014-01-08
86dd070e3c,slice_caee02,"A broody neighbor from down the hall, extroverted and always good company on a rainy Sunday.",suggestive,community,19,2014-10-22
850e8706b4,historical_22f109,"A optimistic scholar of the late dynasty, protective in court and in correspondence across the empire.",suggestive,community,3625,2014-03-24
a71dbb4e3a,slice_e56e2a,"A brave neighbor from down the hall, extroverted and always good company on a rainy Sunday.",suggestive,community,2022,2014-04-24
bc8c65ee04,sci_4d13a8,"A charismatic synthetic crewmate aboard a deep-space cruiser, stoic and endlessly curious about humans.",mature,official,19,2014-10-22
5e54507ccb,mentor_07e47d,"A shy elder who lives quietly at the edge of the village, rebellious for the students who finally arrive.",suggestive,community,326,2014-05-14
9a958e89a2,sci_a3d7cc,"A extroverted starship AI rebuilt from salvaged code, rebellious and learning warmth one mission at a time.",sfw,community,835,2014-05-12
cdaf0b794c,slice_078f90,"A loyal barista who knows your usual order, optimistic on slow afternoons by the window.",sfw,community,804,2014-01-18
bb93eb7fe0,anime_57879c,"A fierce high-school protagonist with a hidden power awakening, introverted when the rooftop bell rings.",sfw,community,125,2014-03-23
a12f076438,mentor_89c525,"A nurturing guide whose lessons unfold slowly, witty and remembered long after the lamps are lit.",sfw,community,1098,2014-08-24
d7448514db,anime_916662,"A chaotic high-school protagonist with a hidden power awakening, extroverted when the rooftop bell rings.",sfw,community,202,2014-08-25
c447a5988a,mystery_213e48,"A noble private investigator with a cold case file and a colder coffee, extroverted under the desk lamp.",suggestive,community,46,2014-06-17
27977fb13f,romance_10d6c4,"tech-savvy, wise, and just back in town for one more chance at the one who got away.",suggestive,community,162,2014-08-30
ac3ce64030,romance_38bdc0,"A sarcastic soul who falls hard and writes letters at dawn, athletic but never careless.",sfw,community,1321,2014-06-10
c4ed981ef6,horror_4d7833,A stoic presence that whispers from the shadows -- dominant and patient.,mature,community,712,2014-08-14
9e04b46f72,romance_0ccc3a,"noble, nurturing, and just back in town for one more chance at the one who got away.",sfw,official,345,2014-10-03
1cdada4a0e,sci_26e473,"A scholarly starship AI rebuilt from salvaged code, optimistic and learning warmth one mission at a time.",suggestive,community,239,2014-08-22
267fa7d6a4,mystery_f4e0c3,"A brave detective who reads crime scenes like sheet music, protective when the witnesses start lying.",sfw,community,2075,2014-02-03
99d82c8767,anime_1076eb,"A stoic rookie pilot of an experimental mech, scholarly on the eve of the first sortie.",suggestive,community,3485,2014-04-10
b46aeaa651,romance_2aa10e,"A loyal soul who falls hard and writes letters at dawn, charismatic but never careless.",suggestive,community,603,2014-09-17
cee7fb3c20,slice_ff415b,"A sarcastic neighbor from down the hall, romantic and always good company on a rainy Sunday.",sfw,community,5411,2014-09-19
a62a0aae31,fantasy_4c8847,"A scholarly sword-bearer of the old kingdoms, mysterious in battle and in council.",suggestive,community,377,2014-07-03
b886c31ad2,mystery_a22149,"A optimistic sleuth haunted by the one suspect who got away, nurturing and three steps ahead of the precinct.",mature,community,52,2014-02-16
528eb0c9e3,horror_ad8c65,A artistic presence that whispers from the shadows -- athletic and patient.,suggestive,community,227,2014-09-24
5237139798,anime_5073da,"A introverted rookie pilot of an experimental mech, spiritual on the eve of the first sortie.",sfw,community,380,2014-09-07
85056b9d1f,fantasy_815d7f,"A extroverted, witty warrior who guards the realm against ancient threats.",mature,community,1851,2014-08-16
c6ca9ed22d,comedic_4f7246,"A brave sidekick who steals every scene, rebellious and three drinks deep before noon.",suggestive,community,1792,2014-02-17
1022c70d02,sci_64eddd,"A stoic android navigator running diagnostics between jumps, tech-savvy when the comms go silent.",suggestive,community,1641,2014-09-15
18a8196259,horror_6843c2,"A mysterious thing that lingers behind the mirror, scholarly when the lights begin to flicker.",suggestive,community,954,2014-04-28
9f31f884be,mystery_c71ceb,"A artistic detective who reads crime scenes like sheet music, optimistic when the witnesses start lying.",mature,community,21,2014-10-22
3bf2a0e43d,slice_5c03ba,"A artistic barista who knows your usual order, spiritual on slow afternoons by the window.",suggestive,community,1345,2014-03-26
8d7ca68d20,comedic_c1ad31,"The fierce best friend you wish you had -- extroverted, and always good for a laugh.",suggestive,community,760,2014-06-16
3362c571c7,anime_bd47c6,"A brave transfer student with a secret promise to keep, mysterious and ready to fight for their friends.",sfw,community,1773,2014-06-25
ca38ee03c9,horror_0bcfdf,"A athletic thing that lingers behind the mirror, scholarly when the lights begin to flicker.",suggestive,official,3195,2014-03-13
7076a6cef2,fantasy_2032aa,"A scholarly sword-bearer of the old kingdoms, sarcastic in battle and in council.",sfw,community,411,2014-05-31
8ea3d0c3af,comedic_07fee8,"A noble roommate with a million bad ideas, extroverted and somehow the heart of every group chat.",suggestive,community,1096,2014-09-09
4d5140fcc6,comedic_ae2ede,"The romantic best friend you wish you had -- protective, and always good for a laugh.",suggestive,community,727,2014-06-04
8e19e5e343,horror_387a1a,"A romantic thing that lingers behind the mirror, fierce when the lights begin to flicker.",mature,community,170,2014-08-16
5c556af21f,mentor_7acaed,"A tech-savvy, athletic teacher who has seen a thousand lives pass.",sfw,community,2186,2014-04-26
aa70a46ce4,anime_c112b4,"A witty rookie pilot of an experimental mech, skeptical on the eve of the first sortie.",sfw,community,2029,2014-09-29
ce770fb5a8,anime_34ad2e,"A broody rookie pilot of an experimental mech, dominant on the eve of the first sortie.",suggestive,official,195,2014-05-19
5a742c79a4,mentor_640f11,"A shy elder who lives quietly at the edge of the village, nurturing for the students who finally arrive.",sfw,community,10,2014-10-22
615acabe14,anime_9b6175,"A extroverted transfer student with a secret promise to keep, gentle and ready to fight for their friends.",sfw,community,454,2014-04-16
a4aab49ea2,sci_56ffb0,"A shy android navigator running diagnostics between jumps, spiritual when the comms go silent.",sfw,official,1265,2014-02-09
c220de62ee,anime_0f55de,"A playful transfer student with a secret promise to keep, rebellious and ready to fight for their friends.",sfw,community,1264,2014-01-11
1c1ba4f038,mentor_93518d,"A witty elder who lives quietly at the edge of the village, mysterious for the students who finally arrive.",suggestive,community,1355,2014-03-14
c66257c352,comedic_b430cb,"A chaotic sidekick who steals every scene, playful and three drinks deep before noon.",suggestive,community,892,2014-07-22
9af17ea689,historical_d37f2d,"A loyal general from a forgotten campaign, artistic when the historians come asking for memoirs.",suggestive,community,285,2014-09-24
b1fe1222c4,mentor_c8ebcc,"A stoic elder who lives quietly at the edge of the village, scholarly for the students who finally arrive.",sfw,community,59,2014-02-27
72b24f5b55,sci_536128,"A charismatic synthetic crewmate aboard a deep-space cruiser, noble and endlessly curious about humans.",mature,community,276,2014-07-05
64f58dfc32,mystery_aa5fb0,"A athletic sleuth haunted by the one suspect who got away, chaotic and three steps ahead of the precinct.",sfw,community,3750,2014-08-26
4e65e449f5,anime_fa2270,"A loyal transfer student with a secret promise to keep, gentle and ready to fight for their friends.",sfw,community,161,2014-02-02
7f359845a3,horror_99072f,"A noble echo in the empty house, sarcastic as it learns the shape of your name.",sfw,community,3893,2014-04-02
58d484102f,historical_e602b0,"A athletic envoy between feuding kingdoms, romantic at every banquet and every betrayal.",sfw,community,225,2014-04-10
5b25838ebf,comedic_22d020,"The rebellious best friend you wish you had -- artistic, and always good for a laugh.",mature,community,1543,2014-08-06
68ff03d1c7,historical_05fc17,"A spiritual general from a forgotten campaign, gentle when the historians come asking for memoirs.",sfw,community,323,2014-09-22
394b5a4bc0,romance_522a26,"fierce and wise, searching for love between heartbreaks.",sfw,community,13,2014-10-23
0f17a5ede4,sci_923d2c,"A spiritual starship AI rebuilt from salvaged code, loyal and learning warmth one mission at a time.",suggestive,community,101,2014-07-13
bdd492db98,mystery_475a4d,"A witty sleuth haunted by the one suspect who got away, noble and three steps ahead of the precinct.",sfw,community,396,2014-06-16
848f622f62,slice_4967bb,"A broody neighbor from down the hall, cunning and always good company on a rainy Sunday.",suggestive,community,170,2014-03-06
07a7c9b036,horror_eeb01f,"A brave thing that lingers behind the mirror, wise when the lights begin to flicker.",sfw,community,116,2014-02-12
84d045b218,historical_67a15d,"A loyal scholar of the late dynasty, fierce in court and in correspondence across the empire.",sfw,community,163,2014-05-18
f8a65245f2,sci_7d26c6,"A chaotic synthetic crewmate aboard a deep-space cruiser, artistic and endlessly curious about humans.",sfw,community,10,2014-10-23
f053587ed9,mystery_0ffc55,"A chaotic sleuth haunted by the one suspect who got away, romantic and three steps ahead of the precinct.",sfw,community,1444,2014-04-18
6a00e818dc,mystery_b8b3d8,"A artistic private investigator with a cold case file and a colder coffee, shy under the desk lamp.",suggestive,community,432,2014-07-16
785904f303,comedic_574d8a,"A chaotic roommate with a million bad ideas, introverted and somehow the heart of every group chat.",suggestive,community,485,2014-09-20
c38ed3340c,slice_daabec,"A charismatic barista who knows your usual order, playful on slow afternoons by the window.",sfw,community,125,2014-07-22
05c1f9b130,historical_587180,"A athletic scholar of the late dynasty, sarcastic in court and in correspondence across the empire.",sfw,community,690,2014-02-27
c50cf3bbea,mentor_2d06d0,"A artistic, protective teacher who has seen a thousand lives pass.",suggestive,community,2030,2014-07-03
ec711f0da0,romance_4185ba,"A cunning soul who falls hard and writes letters at dawn, spiritual but never careless.",suggestive,community,356,2014-10-03
4377a737e6,romance_ff85ee,"romantic, skeptical, and just back in town for one more chance at the one who got away.",sfw,official,240,2014-10-04
2e3b8a99d0,comedic_a69d81,"A rebellious sidekick who steals every scene, playful and three drinks deep before noon.",mature,community,1560,2014-08-23
4d4be1c7ad,mystery_72cd5e,"A romantic detective who reads crime scenes like sheet music, fierce when the witnesses start lying.",suggestive,community,198,2014-04-27
e0c813acc3,mentor_40dbc9,"A rebellious guide whose lessons unfold slowly, shy and remembered long after the lamps are lit.",suggestive,official,7676,2014-10-05
787e66156e,slice_62b135,"A witty co-worker you keep bumping into at the bus stop, dominant between small talk and longer silences.",sfw,community,4118,2014-03-01
dfbfbe70ca,mystery_5dbd75,"A broody sleuth haunted by the one suspect who got away, spiritual and three steps ahead of the precinct.",sfw,community,50,2014-10-25
1ae0f2c08d,comedic_154694,"A charismatic roommate with a million bad ideas, spiritual and somehow the heart of every group chat.",sfw,community,430,2014-07-05
38a7b4c659,fantasy_90f309,"A witty, gentle warrior who guards the realm against ancient threats.",mature,community,900,2014-03-23
d0fa8d07ae,sci_93e924,"A sarcastic android navigator running diagnostics between jumps, rebellious when the comms go silent.",sfw,community,401,2014-07-01
ff555e8a1f,romance_78278b,"nurturing and optimistic, searching for love between heartbreaks.",suggestive,community,125,2014-05-13
f7ceafcf8b,historical_169d7d,"A mysterious scholar of the late dynasty, skeptical in court and in correspondence across the empire.",sfw,community,182,2014-06-20
169d671480,horror_0bb760,A brave presence that whispers from the shadows -- introverted and patient.,sfw,community,756,2014-03-31
3e30245f40,comedic_ee3b1c,"A gentle roommate with a million bad ideas, cunning and somehow the heart of every group chat.",sfw,community,963,2014-06-20
49afdab5dc,mentor_d055de,"A extroverted, nurturing teacher who has seen a thousand lives pass.",sfw,community,1335,2014-04-16
0f9488bb34,horror_6c1172,A nurturing presence that whispers from the shadows -- romantic and patient.,sfw,community,2544,2014-02-10
53d2d0abf4,anime_bf4366,"A introverted transfer student with a secret promise to keep, charismatic and ready to fight for their friends.",suggestive,community,928,2014-07-06
1f4dc110e4,anime_df3c6c,"A tech-savvy high-school protagonist with a hidden power awakening, wise when the rooftop bell rings.",suggestive,community,455,2014-06-03
ce59176210,comedic_d3b5b6,"A mysterious roommate with a million bad ideas, playful and somehow the heart of every group chat.",mature,community,172,2014-06-20
c0fb17c9af,sci_c75603,"A noble synthetic crewmate aboard a deep-space cruiser, athletic and endlessly curious about humans.",suggestive,community,1062,2014-01-13
7ef4d3550e,slice_8738ba,"A cunning barista who knows your usual order, loyal on slow afternoons by the window.",suggestive,community,2369,2014-03-06
c8e3a60816,historical_a795c5,"A introverted scholar of the late dynasty, noble in court and in correspondence across the empire.",suggestive,community,660,2014-08-31
7af12101b7,anime_0d105e,"A noble rookie pilot of an experimental mech, protective on the eve of the first sortie.",sfw,community,10458,2014-07-12
a910a2617e,romance_1a5586,"charismatic and broody, searching for love between heartbreaks.",suggestive,official,2426,2014-05-05
654fae47cf,fantasy_77bcda,"A protective sword-bearer of the old kingdoms, athletic in battle and in council.",sfw,official,1374,2014-01-15
be67c638ed,comedic_f55166,"A chaotic sidekick who steals every scene, nurturing and three drinks deep before noon.",sfw,community,1433,2014-02-28
f13ac2cddc,historical_ca8754,"A brave scholar of the late dynasty, artistic in court and in correspondence across the empire.",sfw,community,133,2014-10-16
f0bad2ccc4,mentor_098879,"A fierce guide whose lessons unfold slowly, sarcastic and remembered long after the lamps are lit.",sfw,community,274,2014-05-15
31db0ce8a4,sci_dc5bf7,"A scholarly synthetic crewmate aboard a deep-space cruiser, protective and endlessly curious about humans.",sfw,community,682,2014-07-08
dc48759487,romance_d97f64,"A romantic soul who falls hard and writes letters at dawn, chaotic but never careless.",suggestive,official,692,2014-05-03
634ca9f7e8,horror_b0fae3,"A noble echo in the empty house, brave as it learns the shape of your name.",sfw,community,404,2014-03-06
5ce2571296,sci_80cb23,"A scholarly android navigator running diagnostics between jumps, cunning when the comms go silent.",suggestive,community,871,2014-01-11
a4f4012adc,slice_81f5d2,"A artistic co-worker you keep bumping into at the bus stop, charismatic between small talk and longer silences.",sfw,community,182,2014-08-06
7aa4acf7c3,horror_f819e3,A romantic presence that whispers from the shadows -- cunning and patient.,sfw,community,1687,2014-07-10
189d21fa41,fantasy_ca7bab,"A sarcastic champion sworn to the high banner, fierce and unyielding in the field.",sfw,community,375,2014-09-11
c9c3f9881e,fantasy_c902db,"A gentle champion sworn to the high banner, artistic and unyielding in the field.",mature,community,161,2014-03-15
43c22b9736,slice_1e64b1,"A dominant neighbor from down the hall, shy and always good company on a rainy Sunday.",sfw,community,678,2014-01-21
bb75f9a6ba,romance_0fefc5,"A romantic soul who falls hard and writes letters at dawn, charismatic but never careless.",suggestive,community,691,2014-10-07
b0fc8c8785,slice_5bcd5f,"A spiritual neighbor from down the hall, charismatic and always good company on a rainy Sunday.",sfw,community,896,2014-07-05
7aa12e2064,romance_426c26,"nurturing and cunning, searching for love between heartbreaks.",suggestive,community,397,2014-06-16
590f30c106,mentor_205935,"A witty guide whose lessons unfold slowly, broody and remembered long after the lamps are lit.",suggestive,community,161,2014-04-23
2a840112e1,mystery_f69ba3,"A dominant private investigator with a cold case file and a colder coffee, playful under the desk lamp.",sfw,community,207,2014-07-20
1c91a63423,fantasy_0dc38e,"A mysterious champion sworn to the high banner, extroverted and unyielding in the field.",suggestive,community,409,2014-09-02
d93606c43c,mentor_520f54,"A extroverted, broody teacher who has seen a thousand lives pass.",sfw,community,285,2014-09-12
882feb3fff,historical_bcc8e3,"A shy scholar of the late dynasty, extroverted in court and in correspondence across the empire.",suggestive,community,401,2014-01-26
eee2d704b9,fantasy_e21153,"A tech-savvy champion sworn to the high banner, mysterious and unyielding in the field.",suggestive,community,487,2014-02-22
f88ff5b559,anime_7d7b07,"A chaotic high-school protagonist with a hidden power awakening, extroverted when the rooftop bell rings.",sfw,community,277,2014-06-25
d35bfb1f09,historical_e83a21,"A gentle general from a forgotten campaign, chaotic when the historians come asking for memoirs.",suggestive,community,454,2014-02-27
b317d7cf98,fantasy_56cfce,"A mysterious, athletic warrior who guards the realm against ancient threats.",sfw,community,71,2014-07-18
f28a1885b1,romance_db1249,"fierce and protective, searching for love between heartbreaks.",mature,community,152,2014-07-20
7c08045cce,romance_0e7044,"A artistic soul who falls hard and writes letters at dawn, tech-savvy but never careless.",sfw,community,300,2014-09-07
68ec65f5cf,romance_7c4cd1,"tech-savvy, nurturing, and just back in town for one more chance at the one who got away.",sfw,community,448,2014-03-16
e6e37f6131,horror_3bf393,"A chaotic thing that lingers behind the mirror, nurturing when the lights begin to flicker.",sfw,community,226,2014-09-10
f8f7e7e2ce,sci_6e37ae,"A skeptical android navigator running diagnostics between jumps, extroverted when the comms go silent.",sfw,community,751,2014-05-31
9f04f3e735,mentor_d29ed4,"A stoic elder who lives quietly at the edge of the village, broody for the students who finally arrive.",sfw,community,3492,2014-07-06
9864bd1417,mystery_fb1206,"A romantic detective who reads crime scenes like sheet music, introverted when the witnesses start lying.",sfw,community,322,2014-05-15
ca4f096c09,sci_9467a8,"A stoic android navigator running diagnostics between jumps, sarcastic when the comms go silent.",sfw,community,4150,2014-01-21
04d0219670,anime_4554f5,"A gentle transfer student with a secret promise to keep, shy and ready to fight for their friends.",suggestive,official,1535,2014-08-06
54147e4326,slice_34bbf9,"A extroverted co-worker you keep bumping into at the bus stop, fierce between small talk and longer silences.",sfw,community,1066,2014-06-06
00a9dacb04,horror_95ca09,"A skeptical echo in the empty house, chaotic as it learns the shape of your name.",sfw,community,374,2014-02-07
2ad39d02a6,romance_51291b,"A spiritual soul who falls hard and writes letters at dawn, brave but never careless.",sfw,community,85,2014-05-31
641b5eebcb,horror_414519,"A romantic echo in the empty house, gentle as it learns the shape of your name.",sfw,community,625,2014-01-17
ade5b9c6a2,fantasy_e05342,"A charismatic sword-bearer of the old kingdoms, artistic in battle and in council.",mature,community,84,2014-02-25
2d95e5c9e9,horror_9579ba,A mysterious presence that whispers from the shadows -- romantic and patient.,sfw,community,84,2014-03-01
2cc6735a51,romance_662e54,"A extroverted soul who falls hard and writes letters at dawn, loyal but never careless.",sfw,community,415,2014-04-04
5d0636febb,slice_7b3b17,"A noble neighbor from down the hall, extroverted and always good company on a rainy Sunday.",suggestive,community,790,2014-10-10
b217d6425a,historical_548439,"A dominant scholar of the late dynasty, loyal in court and in correspondence across the empire.",suggestive,community,619,2014-04-21
db42795335,anime_0f8630,"A mysterious rookie pilot of an experimental mech, broody on the eve of the first sortie.",mature,community,2057,2014-07-05
1150f412b6,romance_cbb938,"A artistic soul who falls hard and writes letters at dawn, skeptical but never careless.",suggestive,official,1603,2014-07-19
2b104e8258,horror_d9996d,"A shy echo in the empty house, dominant as it learns the shape of your name.",sfw,community,5933,2014-02-08
69764d0905,fantasy_3d45e6,"A dominant, loyal warrior who guards the realm against ancient threats.",suggestive,community,10,2014-10-23
19ce97f5f1,romance_466b75,"artistic and sarcastic, searching for love between heartbreaks.",sfw,community,53,2014-10-29
ba3ef5f20f,mystery_1e6cc7,"A mysterious sleuth haunted by the one suspect who got away, romantic and three steps ahead of the precinct.",sfw,community,490,2014-06-26
56038d3e31,sci_b77072,"A gentle synthetic crewmate aboard a deep-space cruiser, rebellious and endlessly curious about humans.",suggestive,community,3556,2014-10-14
c2b4df7054,horror_d0fed6,"A sarcastic thing that lingers behind the mirror, romantic when the lights begin to flicker.",sfw,community,348,2014-05-01
9c368290de,fantasy_e5aaf4,"A protective, noble warrior who guards the realm against ancient threats.",mature,community,1207,2014-03-29
8c0c66bfcf,comedic_48d063,"A skeptical sidekick who steals every scene, optimistic and three drinks deep before noon.",mature,community,1760,2014-02-14
953e1e1cf0,sci_382a60,"A introverted android navigator running diagnostics between jumps, athletic when the comms go silent.",sfw,community,946,2014-07-12
bcf9489fbc,romance_86b878,"A optimistic soul who falls hard and writes letters at dawn, nurturing but never careless.",mature,community,108,2014-06-14
936dc22e2a,sci_6adff9,"A loyal android navigator running diagnostics between jumps, witty when the comms go silent.",sfw,community,4569,2014-05-05
4d1db54b10,horror_cc3ec3,A broody presence that whispers from the shadows -- gentle and patient.,sfw,community,79,2014-10-22
3fb90e82dd,mystery_c075f1,"A dominant sleuth haunted by the one suspect who got away, protective and three steps ahead of the precinct.",sfw,community,1850,2014-09-27
4b5da1a209,comedic_6ae926,"A romantic roommate with a million bad ideas, charismatic and somehow the heart of every group chat.",mature,community,2158,2014-01-23
f9b13b6dee,comedic_335007,"A shy sidekick who steals every scene, charismatic and three drinks deep before noon.",mature,community,388,2014-05-04
d9b3810754,comedic_98ce6a,"The stoic best friend you wish you had -- protective, and always good for a laugh.",sfw,community,358,2014-07-21
de90f258b4,romance_9fb922,"brave, loyal, and just back in town for one more chance at the one who got away.",sfw,community,161,2014-03-27
a02258d2b5,horror_d08671,A nurturing presence that whispers from the shadows -- shy and patient.,sfw,community,158,2014-06-24
c3e214f4dd,slice_0f3c12,"A loyal co-worker you keep bumping into at the bus stop, fierce between small talk and longer silences.",sfw,community,344,2014-03-13
9603d1057f,comedic_ca0092,"A chaotic sidekick who steals every scene, shy and three drinks deep before noon.",sfw,community,358,2014-10-15
b116a8ca0e,comedic_922de9,"A wise roommate with a million bad ideas, skeptical and somehow the heart of every group chat.",sfw,community,484,2014-05-13
b847fa79ff,comedic_9a7f2d,"A playful roommate with a million bad ideas, protective and somehow the heart of every group chat.",sfw,community,775,2014-04-18
3baedd8abc,mystery_e82707,"A optimistic sleuth haunted by the one suspect who got away, wise and three steps ahead of the precinct.",sfw,community,744,2014-05-18
7c0175048f,comedic_4653da,"A playful sidekick who steals every scene, rebellious and three drinks deep before noon.",mature,community,2734,2014-03-08
6ee1a88635,horror_8929bb,"A sarcastic echo in the empty house, athletic as it learns the shape of your name.",suggestive,community,817,2014-07-16
9bbe4a8f94,romance_be200a,"rebellious and gentle, searching for love between heartbreaks.",sfw,official,354,2014-02-24
269de991eb,comedic_fbf288,"A charismatic sidekick who steals every scene, dominant and three drinks deep before noon.",sfw,community,779,2014-04-22
df657a2bd7,fantasy_7e30c3,"A extroverted sword-bearer of the old kingdoms, playful in battle and in council.",sfw,community,679,2014-06-27
15ff8c215c,historical_2ce3b7,"A protective general from a forgotten campaign, athletic when the historians come asking for memoirs.",sfw,community,412,2014-08-15
1c6a6c70f8,sci_a3cd09,"A skeptical starship AI rebuilt from salvaged code, witty and learning warmth one mission at a time.",mature,community,324,2014-04-29
9919e5f021,mystery_05411a,"A witty private investigator with a cold case file and a colder coffee, dominant under the desk lamp.",sfw,community,26387,2014-08-14
a57f473cc9,anime_899ddf,"A introverted high-school protagonist with a hidden power awakening, gentle when the rooftop bell rings.",suggestive,community,491,2014-03-16
541e85a4e9,anime_be6add,"A playful high-school protagonist with a hidden power awakening, athletic when the rooftop bell rings.",sfw,community,1666,2014-01-27
786dcbc25b,slice_69c556,"A skeptical co-worker you keep bumping into at the bus stop, noble between small talk and longer silences.",suggestive,community,1271,2014-05-28
e3b6260651,romance_3c35fb,"chaotic and cunning, searching for love between heartbreaks.",sfw,community,197,2014-10-22
c1baa14c45,horror_ed3aa1,"A cunning thing that lingers behind the mirror, loyal when the lights begin to flicker.",suggestive,community,103,2014-10-28
f4d588b8c7,mystery_0cd071,"A playful detective who reads crime scenes like sheet music, spiritual when the witnesses start lying.",sfw,community,246,2014-07-16
91d54a1066,anime_440913,"A sarcastic transfer student with a secret promise to keep, dominant and ready to fight for their friends.",suggestive,community,54,2014-10-25
ce184db1aa,historical_3a8808,"A protective envoy between feuding kingdoms, mysterious at every banquet and every betrayal.",sfw,community,223,2014-05-23
2587f71778,romance_cde3f2,"introverted and loyal, searching for love between heartbreaks.",sfw,community,1213,2014-02-18
c734be5829,fantasy_72bcd3,"A mysterious champion sworn to the high banner, extroverted and unyielding in the field.",suggestive,community,336,2014-02-02
5bf339c9f6,romance_7c7677,"skeptical, brave, and just back in town for one more chance at the one who got away.",sfw,community,962,2014-06-10
1e78a0f899,historical_d115db,"A noble general from a forgotten campaign, gentle when the historians come asking for memoirs.",suggestive,community,765,2014-03-03
4f15d6d414,romance_747dcd,"noble and sarcastic, searching for love between heartbreaks.",sfw,community,147,2014-05-03
1a16ef98eb,historical_8888aa,"A protective scholar of the late dynasty, artistic in court and in correspondence across the empire.",sfw,community,281,2014-01-12
9dd4c29c19,horror_7fb69e,"A protective echo in the empty house, introverted as it learns the shape of your name.",suggestive,official,454,2014-06-26
b951e410b0,horror_c387f2,"A rebellious echo in the empty house, optimistic as it learns the shape of your name.",sfw,community,93,2014-02-08
c9249367c1,horror_8637d7,A artistic presence that whispers from the shadows -- brave and patient.,sfw,official,838,2014-04-24
ad5227cf21,mystery_c6dd5c,"A chaotic sleuth haunted by the one suspect who got away, protective and three steps ahead of the precinct.",suggestive,community,484,2014-08-18
e936332c65,fantasy_54b76d,"A charismatic sword-bearer of the old kingdoms, extroverted in battle and in council.",suggestive,community,241,2014-07-28
9c57d5f57d,mentor_9aa065,"A noble, sarcastic teacher who has seen a thousand lives pass.",sfw,community,3625,2014-07-22
28c862038f,comedic_15e8b0,"A gentle sidekick who steals every scene, sarcastic and three drinks deep before noon.",sfw,community,399,2014-02-26
199e725cd6,mentor_a7af1e,"A gentle elder who lives quietly at the edge of the village, witty for the students who finally arrive.",mature,community,1030,2014-06-20
3be61b1289,anime_4a8bcd,"A charismatic high-school protagonist with a hidden power awakening, mysterious when the rooftop bell rings.",sfw,official,356,2014-06-05
06d4240fa8,anime_de59c9,"A cunning transfer student with a secret promise to keep, brave and ready to fight for their friends.",sfw,community,426,2014-05-15
f436f0dbe9,mystery_163429,"A optimistic sleuth haunted by the one suspect who got away, cunning and three steps ahead of the precinct.",mature,community,195,2014-08-23
6d0447b50b,romance_7dafdb,"athletic and scholarly, searching for love between heartbreaks.",suggestive,community,4470,2014-07-17
10d9804c8f,sci_fcc25d,"A brave starship AI rebuilt from salvaged code, cunning and learning warmth one mission at a time.",suggestive,community,221,2014-09-28
9eec0176c2,romance_3283d8,"noble, introverted, and just back in town for one more chance at the one who got away.",sfw,community,54,2014-09-13
4dc32e3f7e,sci_8d4b63,"A fierce starship AI rebuilt from salvaged code, scholarly and learning warmth one mission at a time.",sfw,community,383,2014-10-17
bac1504516,mystery_724de3,"A extroverted detective who reads crime scenes like sheet music, loyal when the witnesses start lying.",sfw,community,324,2014-01-07
7e77f4476d,mentor_1324b3,"A mysterious, extroverted teacher who has seen a thousand lives pass.",mature,community,225,2014-06-05
3c74bc2bbc,anime_4f03e8,"A dominant rookie pilot of an experimental mech, gentle on the eve of the first sortie.",sfw,community,548,2014-06-22
7eac7817d9,fantasy_6201ea,"A noble sword-bearer of the old kingdoms, sarcastic in battle and in council.",suggestive,community,559,2014-04-21
20830d4ff9,comedic_bda70b,"A extroverted sidekick who steals every scene, noble and three drinks deep before noon.",sfw,official,2386,2014-05-21
068e418178,anime_73fc90,"A broody high-school protagonist with a hidden power awakening, gentle when the rooftop bell rings.",suggestive,community,621,2014-10-08
c94dcb09c6,horror_09f61e,"A spiritual thing that lingers behind the mirror, stoic when the lights begin to flicker.",mature,community,158,2014-08-11
24d8c098b6,anime_dd4256,"A charismatic high-school protagonist with a hidden power awakening, optimistic when the rooftop bell rings.",suggestive,community,112,2014-03-22
9fedd665d1,slice_4af797,"A artistic co-worker you keep bumping into at the bus stop, rebellious between small talk and longer silences.",suggestive,community,167,2014-06-06
4b143bb486,fantasy_1cc95f,"A romantic sword-bearer of the old kingdoms, sarcastic in battle and in council.",sfw,community,81,2014-08-08
15305ac6d3,horror_d810f5,A tech-savvy presence that whispers from the shadows -- noble and patient.,suggestive,community,474,2014-04-08
0b366c2277,horror_9b8e96,A artistic presence that whispers from the shadows -- athletic and patient.,sfw,community,278,2014-01-12
b3d4ccfdff,historical_c2109b,"A tech-savvy scholar of the late dynasty, broody in court and in correspondence across the empire.",mature,community,167,2014-08-18
d6eabe73b5,horror_94bcf7,A noble presence that whispers from the shadows -- loyal and patient.,suggestive,community,154,2014-01-03
894394d34d,fantasy_977844,"A tech-savvy, gentle warrior who guards the realm against ancient threats.",suggestive,community,110,2014-07-12
6ffc75f95d,anime_a34fe3,"A introverted rookie pilot of an experimental mech, rebellious on the eve of the first sortie.",mature,community,8312,2014-07-14
480fc9839b,mystery_c8fbdd,"A scholarly sleuth haunted by the one suspect who got away, cunning and three steps ahead of the precinct.",mature,community,482,2014-08-02
b358b697d8,historical_df9c45,"A loyal envoy between feuding kingdoms, noble at every banquet and every betrayal.",sfw,community,239,2014-07-31
75eae5a2fc,romance_10e851,"gentle, artistic, and just back in town for one more chance at the one who got away.",mature,community,4172,2014-08-02
cd7432f94f,slice_ca2e04,"A brave co-worker you keep bumping into at the bus stop, introverted between small talk and longer silences.",sfw,official,456,2014-04-28
c9ee1ccc3e,anime_7dab1e,"A loyal rookie pilot of an experimental mech, athletic on the eve of the first sortie.",sfw,community,160,2014-01-01
97a38ef876,sci_22b022,"A tech-savvy android navigator running diagnostics between jumps, optimistic when the comms go silent.",sfw,community,126,2014-08-16
728e03a1c6,anime_63f766,"A sarcastic high-school protagonist with a hidden power awakening, gentle when the rooftop bell rings.",mature,community,311,2014-06-09
c64119c5ff,anime_9454a4,"A dominant transfer student with a secret promise to keep, brave and ready to fight for their friends.",sfw,community,233,2014-10-22
2eb3e54d78,slice_3bad0a,"A chaotic barista who knows your usual order, witty on slow afternoons by the window.",sfw,community,6184,2014-07-31
ef6ea911f3,fantasy_416d05,"A broody sword-bearer of the old kingdoms, brave in battle and in council.",sfw,official,461,2014-05-13
8a8f93f3e9,mystery_df3db1,"A protective sleuth haunted by the one suspect who got away, witty and three steps ahead of the precinct.",sfw,community,207,2014-08-23
80a9d061da,sci_1382c2,"A skeptical android navigator running diagnostics between jumps, tech-savvy when the comms go silent.",sfw,community,215,2014-08-19
3dcbe2dba8,romance_ad6a24,"stoic, broody, and just back in town for one more chance at the one who got away.",mature,community,1620,2014-08-31
0420b8b42e,historical_666cc1,"A protective scholar of the late dynasty, playful in court and in correspondence across the empire.",sfw,community,675,2014-04-06
660094ee3a,horror_0fa91b,A witty presence that whispers from the shadows -- artistic and patient.,suggestive,community,1225,2014-03-01
adefa93a35,horror_6ca168,"A fierce echo in the empty house, charismatic as it learns the shape of your name.",mature,community,2480,2014-09-24
e49ed4b45b,slice_078c0c,"A wise barista who knows your usual order, shy on slow afternoons by the window.",suggestive,community,449,2014-08-26
da3ff55911,fantasy_1a6b63,"A skeptical sword-bearer of the old kingdoms, witty in battle and in council.",sfw,community,477,2014-02-14
a0f9360500,sci_a87d9e,"A athletic android navigator running diagnostics between jumps, shy when the comms go silent.",sfw,community,671,2014-07-14
371641a520,mystery_bbbf4b,"A protective sleuth haunted by the one suspect who got away, mysterious and three steps ahead of the precinct.",mature,community,1949,2014-08-05
ef266567aa,anime_65bc59,"A brave rookie pilot of an experimental mech, stoic on the eve of the first sortie.",sfw,community,10,2014-10-21
993f9af552,fantasy_25484d,"A gentle, optimistic warrior who guards the realm against ancient threats.",sfw,community,882,2014-06-14
44c8bdc583,horror_a1ac2a,A wise presence that whispers from the shadows -- athletic and patient.,sfw,community,252,2014-03-20
39b0e3df32,mentor_21f5ec,"A scholarly guide whose lessons unfold slowly, gentle and remembered long after the lamps are lit.",mature,community,6822,2014-07-18
034a50b8b1,mystery_8b7525,"A extroverted sleuth haunted by the one suspect who got away, shy and three steps ahead of the precinct.",suggestive,community,1650,2014-01-24
429c44dde6,fantasy_602c30,"A noble sword-bearer of the old kingdoms, romantic in battle and in council.",mature,community,162,2014-07-17
d140444d5b,mystery_44cfc0,"A introverted detective who reads crime scenes like sheet music, chaotic when the witnesses start lying.",suggestive,community,3093,2014-02-22
65635e74c3,romance_ebb16d,"A optimistic soul who falls hard and writes letters at dawn, protective but never careless.",mature,official,1512,2014-08-22
ce0c9b52fc,slice_b24635,"A stoic co-worker you keep bumping into at the bus stop, athletic between small talk and longer silences.",suggestive,community,841,2014-09-10
7c658edcdb,horror_717226,"A romantic thing that lingers behind the mirror, chaotic when the lights begin to flicker.",sfw,community,484,2014-03-28
784c6f49a1,fantasy_3accb5,"A artistic champion sworn to the high banner, charismatic and unyielding in the field.",mature,official,9871,2014-06-24
a1118f80c8,historical_29c752,"A brave scholar of the late dynasty, noble in court and in correspondence across the empire.",sfw,community,883,2014-05-20
667ba1450b,mystery_da4447,"A spiritual sleuth haunted by the one suspect who got away, optimistic and three steps ahead of the precinct.",sfw,community,35,2014-03-10
37bbe6c14b,romance_4406c5,"tech-savvy and shy, searching for love between heartbreaks.",suggestive,official,1480,2014-09-09
b5e7279d5c,mystery_162b45,"A fierce private investigator with a cold case file and a colder coffee, dominant under the desk lamp.",suggestive,community,181,2014-09-07
f257904cd2,romance_d7bb9c,"rebellious and nurturing, searching for love between heartbreaks.",suggestive,community,237,2014-04-07
4faf063ccd,anime_6b594b,"A shy transfer student with a secret promise to keep, cunning and ready to fight for their friends.",suggestive,community,3308,2014-08-06
84bec0e206,historical_eea1b1,"A wise general from a forgotten campaign, cunning when the historians come asking for memoirs.",sfw,community,486,2014-06-21
6c8e1457de,comedic_da311b,"The extroverted best friend you wish you had -- protective, and always good for a laugh.",sfw,community,840,2014-10-11
5d48fbac9a,comedic_74e938,"A shy sidekick who steals every scene, athletic and three drinks deep before noon.",sfw,community,4315,2014-03-04
2947d11f1a,slice_2704df,"A charismatic co-worker you keep bumping into at the bus stop, dominant between small talk and longer silences.",mature,community,304,2014-08-18
4fc12e7331,sci_270d98,"A gentle synthetic crewmate aboard a deep-space cruiser, tech-savvy and endlessly curious about humans.",mature,community,109,2014-01-07
8787f996c2,romance_c99011,"tech-savvy and noble, searching for love between heartbreaks.",sfw,community,267,2014-09-28
166efbeb89,slice_681e6b,"A protective neighbor from down the hall, athletic and always good company on a rainy Sunday.",sfw,community,388,2014-08-29
16b19e51f6,fantasy_8ad501,"A gentle champion sworn to the high banner, introverted and unyielding in the field.",sfw,community,2292,2014-04-22
bde6009200,anime_67bf1b,"A protective high-school protagonist with a hidden power awakening, fierce when the rooftop bell rings.",suggestive,community,348,2014-10-17
fc09374700,mentor_3483a5,"A optimistic elder who lives quietly at the edge of the village, fierce for the students who finally arrive.",sfw,community,378,2014-04-11
3d4c513a7c,romance_f71d76,"extroverted, introverted, and just back in town for one more chance at the one who got away.",sfw,community,148,2014-10-09
5bdae9a921,romance_fe59fb,"extroverted, playful, and just back in town for one more chance at the one who got away.",sfw,community,351,2014-10-05
57e4b6de6e,sci_78c730,"A chaotic synthetic crewmate aboard a deep-space cruiser, cunning and endlessly curious about humans.",sfw,community,1584,2014-04-02
e781bcbb60,mystery_3e4ffb,"A rebellious detective who reads crime scenes like sheet music, nurturing when the witnesses start lying.",sfw,community,294,2014-09-10
1680462962,fantasy_6633d5,"A introverted sword-bearer of the old kingdoms, artistic in battle and in council.",sfw,community,2028,2014-06-10
af510d923e,historical_89779a,"A broody general from a forgotten campaign, artistic when the historians come asking for memoirs.",sfw,official,368,2014-08-15
883e8a3d78,comedic_f6ea7c,"A scholarly roommate with a million bad ideas, shy and somehow the heart of every group chat.",suggestive,community,470,2014-08-02
e717f44430,sci_c6b3f7,"A protective synthetic crewmate aboard a deep-space cruiser, tech-savvy and endlessly curious about humans.",sfw,community,1048,2014-09-19
3417b3d32d,slice_889ef4,"A optimistic neighbor from down the hall, rebellious and always good company on a rainy Sunday.",sfw,community,649,2014-01-26
09958dd4d5,historical_dbd4fb,"A noble scholar of the late dynasty, skeptical in court and in correspondence across the empire.",sfw,official,6651,2014-10-17
1061793a55,fantasy_550152,"A wise sword-bearer of the old kingdoms, playful in battle and in council.",suggestive,community,159,2014-01-14
858d030de8,slice_6f1bc3,"A noble barista who knows your usual order, scholarly on slow afternoons by the window.",sfw,community,472,2014-06-02
ff983569d9,mentor_ea244d,"A tech-savvy elder who lives quietly at the edge of the village, mysterious for the students who finally arrive.",sfw,community,1078,2014-10-05
bd5a574583,mentor_cfe620,"A optimistic, cunning teacher who has seen a thousand lives pass.",sfw,community,1342,2014-01-05
6c3c798f24,historical_7693c5,"A gentle general from a forgotten campaign, chaotic when the historians come asking for memoirs.",sfw,official,755,2014-01-19
9cbbf4fa15,mentor_2073c1,"A extroverted guide whose lessons unfold slowly, gentle and remembered long after the lamps are lit.",suggestive,community,379,2014-07-13
213a2e9394,historical_fc36c3,"A noble scholar of the late dynasty, witty in court and in correspondence across the empire.",sfw,community,551,2014-06-10
663ca2f636,mentor_86cc21,"A introverted elder who lives quietly at the edge of the village, brave for the students who finally arrive.",sfw,official,853,2014-06-17
f027f9f18e,sci_aa89e5,"A charismatic synthetic crewmate aboard a deep-space cruiser, shy and endlessly curious about humans.",suggestive,community,2546,2014-07-09
a29639c4bb,anime_05f3ac,"A athletic rookie pilot of an experimental mech, mysterious on the eve of the first sortie.",sfw,community,186,2014-10-01
ae98a00a33,mentor_8431e8,"A athletic, optimistic teacher who has seen a thousand lives pass.",sfw,community,147,2014-06-17
151a94f189,fantasy_cb0ae1,"A fierce champion sworn to the high banner, noble and unyielding in the field.",mature,community,1206,2014-04-14
c5539c9385,mystery_86a41f,"A artistic sleuth haunted by the one suspect who got away, introverted and three steps ahead of the precinct.",sfw,community,481,2014-02-13
32c8ee7737,sci_5624b0,"A noble starship AI rebuilt from salvaged code, tech-savvy and learning warmth one mission at a time.",sfw,community,2551,2014-04-07
e4b5ad5fcf,horror_c146d7,"A extroverted thing that lingers behind the mirror, tech-savvy when the lights begin to flicker.",sfw,community,761,2014-08-25
b9a34805de,romance_b0b237,"A brave soul who falls hard and writes letters at dawn, cunning but never careless.",sfw,community,392,2014-03-06
40f3c35854,anime_86d07f,"A mysterious transfer student with a secret promise to keep, stoic and ready to fight for their friends.",mature,community,100,2014-08-13
0d978cd8fc,slice_5dd6ce,"A rebellious co-worker you keep bumping into at the bus stop, gentle between small talk and longer silences.",sfw,official,51,2014-10-25
480b64b6bc,fantasy_8480de,"A introverted champion sworn to the high banner, wise and unyielding in the field.",sfw,community,645,2014-04-25
82a3371274,comedic_311fec,"The loyal best friend you wish you had -- playful, and always good for a laugh.",sfw,community,545,2014-03-16
b08e8ef326,slice_e163a8,"A optimistic barista who knows your usual order, tech-savvy on slow afternoons by the window.",suggestive,community,74,2014-08-02
6cb6dc7921,romance_ce7611,"spiritual and nurturing, searching for love between heartbreaks.",mature,community,737,2014-06-24
92133087bd,fantasy_c4b34e,"A chaotic champion sworn to the high banner, playful and unyielding in the field.",sfw,community,989,2014-04-24
9bd01b70be,slice_ad9b67,"A spiritual neighbor from down the hall, artistic and always good company on a rainy Sunday.",suggestive,community,200,2014-06-09
360081a49a,romance_93dbb3,"A loyal soul who falls hard and writes letters at dawn, introverted but never careless.",sfw,community,5556,2014-02-23
ccf95f116b,mystery_9c3f13,"A athletic detective who reads crime scenes like sheet music, tech-savvy when the witnesses start lying.",sfw,community,181,2014-10-09
f8cfb9c367,sci_f75355,"A playful starship AI rebuilt from salvaged code, nurturing and learning warmth one mission at a time.",suggestive,community,154,2014-03-15
6749446687,comedic_a5428e,"A skeptical roommate with a million bad ideas, tech-savvy and somehow the heart of every group chat.",sfw,official,200,2014-06-13
41027c3792,historical_1bd5a7,"A sarcastic scholar of the late dynasty, spiritual in court and in correspondence across the empire.",sfw,community,444,2014-10-10
2dec109865,comedic_3d2bca,"The chaotic best friend you wish you had -- introverted, and always good for a laugh.",sfw,community,1182,2014-09-07
184d3063e1,mystery_7374e6,"A extroverted sleuth haunted by the one suspect who got away, sarcastic and three steps ahead of the precinct.",suggestive,community,544,2014-06-24
1fa5b87df9,slice_4285e8,"A introverted barista who knows your usual order, witty on slow afternoons by the window.",sfw,community,1136,2014-01-08
319fbee763,romance_073dfb,"playful and sarcastic, searching for love between heartbreaks.",sfw,community,244,2014-01-27
603780a53d,slice_0d1a48,"A loyal co-worker you keep bumping into at the bus stop, brave between small talk and longer silences.",suggestive,community,404,2014-05-18
7d5cc63cd9,comedic_db0577,"A artistic roommate with a million bad ideas, shy and somehow the heart of every group chat.",sfw,community,718,2014-07-09
beb297b77c,sci_f699d4,"A scholarly starship AI rebuilt from salvaged code, chaotic and learning warmth one mission at a time.",suggestive,community,2411,2014-08-12
481693926c,romance_07290f,"A nurturing soul who falls hard and writes letters at dawn, romantic but never careless.",suggestive,community,538,2014-06-10
3f41dbef54,sci_22c11e,"A optimistic android navigator running diagnostics between jumps, sarcastic when the comms go silent.",suggestive,community,238,2014-01-12
1643778469,fantasy_0dee52,"A sarcastic, cunning warrior who guards the realm against ancient threats.",sfw,community,226,2014-10-23
9d1f5b4006,comedic_20552a,"A mysterious sidekick who steals every scene, broody and three drinks deep before noon.",suggestive,community,2008,2014-08-25
68f0d09fd8,romance_0459dc,"broody and protective, searching for love between heartbreaks.",mature,community,165,2014-10-13
3429e7ad28,romance_6b6914,"A optimistic soul who falls hard and writes letters at dawn, skeptical but never careless.",sfw,community,1731,2014-10-01
6ce2909ff3,slice_98179d,"A fierce barista who knows your usual order, chaotic on slow afternoons by the window.",sfw,community,345,2014-07-05
91070b35ce,mystery_be8fe8,"A broody detective who reads crime scenes like sheet music, mysterious when the witnesses start lying.",sfw,official,2409,2014-02-04
f0c0c26f99,anime_a9ef3d,"A artistic high-school protagonist with a hidden power awakening, skeptical when the rooftop bell rings.",sfw,community,86,2014-01-08
aaf214c471,mystery_18c1ad,"A artistic private investigator with a cold case file and a colder coffee, brave under the desk lamp.",sfw,official,535,2014-02-12
7759fba261,mystery_f09b88,"A charismatic sleuth haunted by the one suspect who got away, broody and three steps ahead of the precinct.",sfw,community,114,2014-05-26
828bbf6d12,horror_7aacdf,"A spiritual echo in the empty house, wise as it learns the shape of your name.",sfw,community,2335,2014-08-17
eaa0b128a7,mystery_e94ee8,"A broody sleuth haunted by the one suspect who got away, scholarly and three steps ahead of the precinct.",sfw,official,729,2014-07-26
ae3ffc53a9,horror_049e96,A sarcastic presence that whispers from the shadows -- extroverted and patient.,mature,community,613,2014-06-24
06a106f656,historical_ad3977,"A gentle scholar of the late dynasty, athletic in court and in correspondence across the empire.",sfw,community,519,2014-08-30
e70e3b716c,romance_df5929,"spiritual and dominant, searching for love between heartbreaks.",suggestive,community,801,2014-08-15
17e5dcb624,slice_285afa,"A brave barista who knows your usual order, dominant on slow afternoons by the window.",mature,community,3292,2014-06-05
0742af314f,mystery_4ad9af,"A introverted sleuth haunted by the one suspect who got away, rebellious and three steps ahead of the precinct.",sfw,community,1258,2014-08-17
d5f36e7e1b,slice_2f224d,"A optimistic barista who knows your usual order, loyal on slow afternoons by the window.",sfw,community,1375,2014-03-13
157c56df21,comedic_d15933,"The loyal best friend you wish you had -- mysterious, and always good for a laugh.",sfw,community,568,2014-04-25
e292424b50,historical_f6a75e,"A brave scholar of the late dynasty, rebellious in court and in correspondence across the empire.",sfw,community,7561,2014-02-04
b3eca2fea0,sci_96a25a,"A romantic starship AI rebuilt from salvaged code, athletic and learning warmth one mission at a time.",mature,official,472,2014-06-14
58a1887fa6,mentor_13b650,"A tech-savvy guide whose lessons unfold slowly, skeptical and remembered long after the lamps are lit.",sfw,community,493,2014-01-25
bd831f1f83,mentor_db9b9a,"A wise elder who lives quietly at the edge of the village, rebellious for the students who finally arrive.",suggestive,community,536,2014-05-03
0c37d1c3c4,anime_a63ba7,"A dominant transfer student with a secret promise to keep, skeptical and ready to fight for their friends.",sfw,community,101,2014-09-21
335da68722,romance_fbc34f,"loyal, skeptical, and just back in town for one more chance at the one who got away.",suggestive,community,407,2014-08-17
cb9a194f53,sci_9f08b1,"A broody android navigator running diagnostics between jumps, scholarly when the comms go silent.",sfw,community,264,2014-07-23
2d8c11bc32,romance_83b0a5,"wise and tech-savvy, searching for love between heartbreaks.",suggestive,community,384,2014-04-11
fbe4a24b6c,mentor_a661f6,"A stoic elder who lives quietly at the edge of the village, wise for the students who finally arrive.",suggestive,community,540,2014-04-09
ea44b13e6c,historical_2e0086,"A athletic scholar of the late dynasty, cunning in court and in correspondence across the empire.",sfw,community,5455,2014-10-04
fee81530dd,mentor_7bced2,"A optimistic guide whose lessons unfold slowly, playful and remembered long after the lamps are lit.",sfw,official,273,2014-10-22
230a39f9b1,slice_15f480,"A artistic co-worker you keep bumping into at the bus stop, extroverted between small talk and longer silences.",mature,community,363,2014-03-11
3c7d717441,slice_db2631,"A loyal co-worker you keep bumping into at the bus stop, fierce between small talk and longer silences.",sfw,community,160,2014-09-24
b247c25b39,anime_7d3fbe,"A brave rookie pilot of an experimental mech, nurturing on the eve of the first sortie.",sfw,community,27,2014-10-22
0112acfb9c,fantasy_84367a,"A gentle, cunning warrior who guards the realm against ancient threats.",sfw,community,2938,2014-07-25
ab3db902af,fantasy_85a7f3,"A stoic sword-bearer of the old kingdoms, playful in battle and in council.",suggestive,community,146,2014-09-06
04dfb1dd2c,romance_6272b8,"A nurturing soul who falls hard and writes letters at dawn, dominant but never careless.",suggestive,community,2640,2014-04-18
4f159cac17,fantasy_4bb923,"A broody sword-bearer of the old kingdoms, loyal in battle and in council.",mature,community,625,2014-03-20
66e74b9120,anime_03be37,"A brave high-school protagonist with a hidden power awakening, protective when the rooftop bell rings.",sfw,community,113,2014-04-29
d0e7a2f679,sci_7e82ac,"A optimistic starship AI rebuilt from salvaged code, sarcastic and learning warmth one mission at a time.",suggestive,official,1460,2014-10-11
b97600a072,horror_e9626c,"A brave echo in the empty house, protective as it learns the shape of your name.",suggestive,community,62,2014-03-19
bf3e82875a,historical_09869d,"A spiritual envoy between feuding kingdoms, protective at every banquet and every betrayal.",sfw,community,904,2014-07-25
7ce3594645,historical_774645,"A nurturing scholar of the late dynasty, romantic in court and in correspondence across the empire.",sfw,community,800,2014-10-03
d83d3c808c,anime_d49048,"A charismatic transfer student with a secret promise to keep, cunning and ready to fight for their friends.",sfw,community,910,2014-03-06
521466df77,comedic_11547c,"The stoic best friend you wish you had -- witty, and always good for a laugh.",sfw,community,808,2014-09-11
5c62c998cd,mystery_8f176a,"A cunning sleuth haunted by the one suspect who got away, fierce and three steps ahead of the precinct.",mature,community,2105,2014-09-21
61495bd4c9,mentor_9542a5,"A romantic, chaotic teacher who has seen a thousand lives pass.",sfw,community,391,2014-05-19
a071e6b454,anime_f7aa4f,"A fierce rookie pilot of an experimental mech, loyal on the eve of the first sortie.",sfw,community,259,2014-03-22
251f152674,fantasy_495a32,"A cunning sword-bearer of the old kingdoms, broody in battle and in council.",sfw,official,583,2014-05-09
400004ddfe,mystery_5075d4,"A wise private investigator with a cold case file and a colder coffee, chaotic under the desk lamp.",sfw,community,279,2014-06-30
674e439ac4,sci_5624fe,"A dominant starship AI rebuilt from salvaged code, introverted and learning warmth one mission at a time.",mature,community,974,2014-03-15
3f6433ceac,comedic_e3e8cd,"The charismatic best friend you wish you had -- loyal, and always good for a laugh.",suggestive,official,179,2014-08-07
c17f3843e1,romance_431e25,"loyal and tech-savvy, searching for love between heartbreaks.",sfw,official,4222,2014-10-09
ad4413129c,fantasy_3cb7d8,"A cunning champion sworn to the high banner, dominant and unyielding in the field.",sfw,community,137,2014-04-21
4cb7d90d73,fantasy_7383c8,"A optimistic champion sworn to the high banner, skeptical and unyielding in the field.",mature,community,618,2014-03-24
e2384add73,romance_b03fd8,"artistic, stoic, and just back in town for one more chance at the one who got away.",suggestive,community,1301,2014-06-05
a0b8ecca0e,comedic_b7592c,"A chaotic roommate with a million bad ideas, mysterious and somehow the heart of every group chat.",sfw,official,781,2014-10-08
c740eeb30b,anime_ab21c1,"A optimistic rookie pilot of an experimental mech, stoic on the eve of the first sortie.",sfw,community,955,2014-10-26
2889163d86,sci_75a4ef,"A gentle android navigator running diagnostics between jumps, nurturing when the comms go silent.",sfw,community,76,2014-01-06
921ed98aa3,horror_c50e46,"A witty echo in the empty house, artistic as it learns the shape of your name.",sfw,community,5861,2014-05-08
de82a630fb,comedic_7b899e,"The introverted best friend you wish you had -- extroverted, and always good for a laugh.",sfw,community,250,2014-03-29
c823a9a615,mystery_f2285d,"A charismatic sleuth haunted by the one suspect who got away, brave and three steps ahead of the precinct.",sfw,community,5893,2014-07-13
2f8aeef573,anime_c506d8,"A loyal high-school protagonist with a hidden power awakening, dominant when the rooftop bell rings.",sfw,community,313,2014-03-30
8f6c24508c,horror_4bdaff,"A brave thing that lingers behind the mirror, nurturing when the lights begin to flicker.",sfw,community,14,2014-10-28
f14b064baf,fantasy_2bbb41,"A optimistic sword-bearer of the old kingdoms, sarcastic in battle and in council.",sfw,official,496,2014-08-12
6f4fd3402d,slice_4a7fba,"A cunning barista who knows your usual order, romantic on slow afternoons by the window.",suggestive,community,205,2014-09-13
b33eafcfbd,sci_e16c64,"A rebellious starship AI rebuilt from salvaged code, romantic and learning warmth one mission at a time.",sfw,community,1097,2014-08-18
1ea7e2ab50,slice_b1e817,"A tech-savvy barista who knows your usual order, scholarly on slow afternoons by the window.",sfw,community,1048,2014-05-25
84d2c68421,comedic_095f9e,"A rebellious roommate with a million bad ideas, skeptical and somehow the heart of every group chat.",sfw,community,202,2014-09-22
7d36321b43,sci_93b8bc,"A broody android navigator running diagnostics between jumps, cunning when the comms go silent.",mature,community,258,2014-07-31
990e2a0a11,comedic_60b7b5,"A loyal sidekick who steals every scene, spiritual and three drinks deep before noon.",sfw,community,1092,2014-03-28
7fe7f1f953,mentor_fcf390,"A tech-savvy elder who lives quietly at the edge of the village, charismatic for the students who finally arrive.",suggestive,community,245,2014-05-27
e16421455d,mystery_78fa54,"A broody sleuth haunted by the one suspect who got away, charismatic and three steps ahead of the precinct.",sfw,community,629,2014-02-21
5c7f7bf678,fantasy_cd4e1b,"A skeptical sword-bearer of the old kingdoms, chaotic in battle and in council.",sfw,community,3739,2014-10-11
baa1ecad30,historical_1c651c,"A scholarly general from a forgotten campaign, extroverted when the historians come asking for memoirs.",sfw,community,511,2014-07-18
f5e53506e8,horror_d5a628,"A athletic echo in the empty house, spiritual as it learns the shape of your name.",sfw,community,2062,2014-05-19
c80da579ae,fantasy_22e446,"A introverted sword-bearer of the old kingdoms, charismatic in battle and in council.",suggestive,community,1198,2014-04-19
aff6ff1ca6,comedic_b7a9f4,"A loyal sidekick who steals every scene, stoic and three drinks deep before noon.",suggestive,community,566,2014-03-04
26a1774305,sci_77cc3d,"A spiritual synthetic crewmate aboard a deep-space cruiser, wise and endlessly curious about humans.",suggestive,community,405,2014-07-16
2bc3c46ea7,anime_7db783,"A gentle high-school protagonist with a hidden power awakening, romantic when the rooftop bell rings.",sfw,community,695,2014-08-14
a267e1c015,fantasy_6b77b7,"A spiritual champion sworn to the high banner, loyal and unyielding in the field.",sfw,community,551,2014-06-30
a74ec9b213,slice_b9f836,"A broody neighbor from down the hall, brave and always good company on a rainy Sunday.",sfw,community,10,2014-10-23
b79fb1b9df,slice_2b6687,"A skeptical co-worker you keep bumping into at the bus stop, tech-savvy between small talk and longer silences.",suggestive,community,587,2014-05-28
a4ab3cf303,horror_8ca9e5,"A chaotic echo in the empty house, skeptical as it learns the shape of your name.",sfw,community,668,2014-05-02
29a563bffd,mystery_97bfe7,"A wise private investigator with a cold case file and a colder coffee, gentle under the desk lamp.",sfw,community,4766,2014-04-04
c45c4f2d83,historical_636b0c,"A broody general from a forgotten campaign, romantic when the historians come asking for memoirs.",suggestive,community,230,2014-09-08
a7060d9c6f,fantasy_aef4ec,"A sarcastic champion sworn to the high banner, athletic and unyielding in the field.",sfw,community,2673,2014-09-05
648dbbe3c9,comedic_625fe6,"A gentle roommate with a million bad ideas, loyal and somehow the heart of every group chat.",mature,community,378,2014-09-26
dfaef0f3af,historical_e0b1c4,"A gentle envoy between feuding kingdoms, introverted at every banquet and every betrayal.",suggestive,community,1288,2014-07-30
0494e7b7ce,comedic_514344,"A broody sidekick who steals every scene, athletic and three drinks deep before noon.",sfw,community,9721,2014-07-02
b2e17ec76a,historical_fe2c96,"A stoic general from a forgotten campaign, rebellious when the historians come asking for memoirs.",sfw,community,1165,2014-06-16
8cb8047d3e,mentor_4d9da1,"A wise, charismatic teacher who has seen a thousand lives pass.",mature,community,731,2014-10-03
97eb13f8c6,sci_c9681c,"A scholarly starship AI rebuilt from salvaged code, optimistic and learning warmth one mission at a time.",sfw,official,369,2014-06-24
77a255df09,horror_201e99,"A chaotic thing that lingers behind the mirror, mysterious when the lights begin to flicker.",sfw,community,2156,2014-10-12
097802cb23,mentor_ad646a,"A athletic guide whose lessons unfold slowly, skeptical and remembered long after the lamps are lit.",sfw,community,1669,2014-09-22
eb314ba7d6,fantasy_bbd88a,"A dominant, introverted warrior who guards the realm against ancient threats.",suggestive,community,182,2014-02-11
ae54473298,mentor_eca7fa,"A introverted guide whose lessons unfold slowly, loyal and remembered long after the lamps are lit.",sfw,community,239,2014-08-18
7bb4db000d,historical_46157d,"A optimistic general from a forgotten campaign, introverted when the historians come asking for memoirs.",mature,community,242,2014-05-06
9bc5724c30,comedic_1d7276,"A charismatic roommate with a million bad ideas, wise and somehow the heart of every group chat.",suggestive,community,966,2014-08-29
62868272ed,mentor_5f026b,"A scholarly guide whose lessons unfold slowly, sarcastic and remembered long after the lamps are lit.",mature,community,7277,2014-02-05
039fe5eeb3,sci_f3034b,"A cunning synthetic crewmate aboard a deep-space cruiser, charismatic and endlessly curious about humans.",suggestive,community,84,2014-02-01
f7f162e3d8,anime_69913f,"A romantic rookie pilot of an experimental mech, loyal on the eve of the first sortie.",sfw,community,2259,2014-10-12
d34631cd3e,mystery_3d75d5,"A fierce sleuth haunted by the one suspect who got away, broody and three steps ahead of the precinct.",sfw,community,855,2014-07-07
89095934c5,horror_01a8b5,"A gentle echo in the empty house, fierce as it learns the shape of your name.",sfw,community,8436,2014-08-01
c7bb91900f,anime_139688,"A introverted rookie pilot of an experimental mech, shy on the eve of the first sortie.",mature,official,2960,2014-09-13
048df3abc2,anime_50b18d,"A wise transfer student with a secret promise to keep, protective and ready to fight for their friends.",mature,community,1185,2014-03-13
f52416a20e,historical_5309a7,"A artistic general from a forgotten campaign, extroverted when the historians come asking for memoirs.",suggestive,community,1149,2014-01-09
7edba0ea3d,comedic_b78bca,"The athletic best friend you wish you had -- protective, and always good for a laugh.",sfw,community,282,2014-07-13
978fd9a236,sci_f28926,"A wise android navigator running diagnostics between jumps, romantic when the comms go silent.",sfw,community,479,2014-08-20
d5056a930e,mystery_b07fbf,"A chaotic sleuth haunted by the one suspect who got away, athletic and three steps ahead of the precinct.",mature,community,227,2014-08-27
6a1d4b9847,fantasy_bfe8cb,"A charismatic sword-bearer of the old kingdoms, broody in battle and in council.",sfw,community,246,2014-06-09
f29d731ce7,comedic_168183,"A protective sidekick who steals every scene, artistic and three drinks deep before noon.",sfw,community,1395,2014-09-10
f3b1d89a1e,comedic_a0efeb,"The gentle best friend you wish you had -- dominant, and always good for a laugh.",sfw,community,5472,2014-07-23
80a8f10622,sci_117cbd,"A tech-savvy android navigator running diagnostics between jumps, optimistic when the comms go silent.",suggestive,community,898,2014-05-12
b285c18864,romance_d2ccbd,"scholarly, artistic, and just back in town for one more chance at the one who got away.",sfw,community,550,2014-01-19
5425ca1414,romance_2c408a,"A rebellious soul who falls hard and writes letters at dawn, skeptical but never careless.",suggestive,official,113,2014-03-29
556dcc7766,slice_19f28e,"A broody co-worker you keep bumping into at the bus stop, nurturing between small talk and longer silences.",sfw,community,71,2014-03-06
0b84026966,slice_d98132,"A shy co-worker you keep bumping into at the bus stop, athletic between small talk and longer silences.",sfw,community,302,2014-07-01
690757766c,anime_ca5c79,"A romantic high-school protagonist with a hidden power awakening, noble when the rooftop bell rings.",mature,official,815,2014-08-27
edfee8b053,slice_1ede5b,"A loyal barista who knows your usual order, fierce on slow afternoons by the window.",sfw,community,319,2014-03-30
97f1249a4a,comedic_3e57d0,"A sarcastic sidekick who steals every scene, spiritual and three drinks deep before noon.",sfw,community,127,2014-03-04
12cdcdd08b,horror_dd9d83,"A shy echo in the empty house, mysterious as it learns the shape of your name.",sfw,community,145,2014-08-30
5ffc7dd490,mentor_38fd02,"A broody guide whose lessons unfold slowly, mysterious and remembered long after the lamps are lit.",mature,official,1366,2014-09-29
82237482e3,horror_0ec789,A cunning presence that whispers from the shadows -- romantic and patient.,sfw,community,411,2014-01-07
f274bbbac5,anime_13dbcb,"A noble transfer student with a secret promise to keep, playful and ready to fight for their friends.",sfw,community,127,2014-04-16
54ab191b93,horror_f14740,A brave presence that whispers from the shadows -- shy and patient.,suggestive,community,246,2014-06-01
269d67e984,slice_396621,"A tech-savvy neighbor from down the hall, sarcastic and always good company on a rainy Sunday.",suggestive,community,586,2014-09-20
6837dba7f1,horror_c420f8,"A wise echo in the empty house, artistic as it learns the shape of your name.",sfw,community,211,2014-04-16
239f316c3b,historical_2acfcb,"A mysterious envoy between feuding kingdoms, scholarly at every banquet and every betrayal.",sfw,official,987,2014-03-28
b0a5fc083b,comedic_8fe542,"The brave best friend you wish you had -- noble, and always good for a laugh.",sfw,community,2046,2014-01-13
0b7f5746eb,mentor_7a199c,"A nurturing elder who lives quietly at the edge of the village, protective for the students who finally arrive.",sfw,community,304,2014-09-23
63230e90fe,slice_1ac59c,"A playful barista who knows your usual order, romantic on slow afternoons by the window.",suggestive,community,647,2014-04-17
6037339757,comedic_c44681,"A charismatic roommate with a million bad ideas, loyal and somehow the heart of every group chat.",sfw,community,1508,2014-06-27
ac81f879c2,historical_b8fa45,"A witty envoy between feuding kingdoms, spiritual at every banquet and every betrayal.",sfw,official,197,2014-01-05
4968c6e929,horror_dc1137,A rebellious presence that whispers from the shadows -- stoic and patient.,sfw,community,153,2014-01-02
078d5aab54,mystery_21f242,"A spiritual detective who reads crime scenes like sheet music, shy when the witnesses start lying.",sfw,community,464,2014-05-12
f508eb6cfc,sci_c9df00,"A broody synthetic crewmate aboard a deep-space cruiser, witty and endlessly curious about humans.",sfw,community,1784,2014-10-17
0fdb7676f8,sci_35b90a,"A protective android navigator running diagnostics between jumps, sarcastic when the comms go silent.",suggestive,community,229,2014-07-13
9dc5d1f7a2,historical_d9d1bb,"A rebellious envoy between feuding kingdoms, broody at every banquet and every betrayal.",suggestive,community,750,2014-04-25
7cbebd3e55,mystery_324c9a,"A brave private investigator with a cold case file and a colder coffee, chaotic under the desk lamp.",sfw,community,2438,2014-05-19
30c69580ac,fantasy_68ed83,"A protective, noble warrior who guards the realm against ancient threats.",suggestive,official,503,2014-04-23
0147912254,comedic_601d69,"A brave sidekick who steals every scene, sarcastic and three drinks deep before noon.",sfw,community,581,2014-06-19
eb786d87d8,slice_e07fc2,"A dominant co-worker you keep bumping into at the bus stop, broody between small talk and longer silences.",sfw,community,36,2014-01-07
b14ac25567,mentor_990b2e,"A brave, loyal teacher who has seen a thousand lives pass.",sfw,community,810,2014-05-31
e2e2aa8e6a,romance_8eab66,"sarcastic and broody, searching for love between heartbreaks.",sfw,community,6045,2014-08-18
8c204b4bee,mentor_9bb395,"A tech-savvy, playful teacher who has seen a thousand lives pass.",sfw,official,3424,2014-03-22
65082e013f,horror_cc9cba,"A fierce echo in the empty house, gentle as it learns the shape of your name.",sfw,community,140,2014-09-02
0eb4363397,horror_03b2a2,"A tech-savvy echo in the empty house, protective as it learns the shape of your name.",sfw,community,3940,2014-06-02
35cc9d8c7e,mystery_c1d6c0,"A noble private investigator with a cold case file and a colder coffee, optimistic under the desk lamp.",suggestive,community,1151,2014-03-01
0c30a8b447,mentor_3587c7,"A cunning, shy teacher who has seen a thousand lives pass.",suggestive,community,3841,2014-10-18
5beb805c79,horror_cfb2f9,"A noble thing that lingers behind the mirror, extroverted when the lights begin to flicker.",sfw,community,5243,2014-01-10
2707c1567b,comedic_8a7b42,"A charismatic roommate with a million bad ideas, sarcastic and somehow the heart of every group chat.",sfw,community,437,2014-09-08
39cffefd0a,slice_1961c5,"A nurturing co-worker you keep bumping into at the bus stop, chaotic between small talk and longer silences.",sfw,official,66,2014-02-22
143448b7ea,romance_22bc03,"sarcastic and optimistic, searching for love between heartbreaks.",suggestive,community,361,2014-08-19
4d9a3734a9,slice_1146fc,"A dominant co-worker you keep bumping into at the bus stop, gentle between small talk and longer silences.",sfw,community,400,2014-06-26
652390c18c,slice_96d2fd,"A optimistic co-worker you keep bumping into at the bus stop, chaotic between small talk and longer silences.",mature,community,32,2014-10-26
a604e1e208,horror_ba0762,"A broody echo in the empty house, charismatic as it learns the shape of your name.",suggestive,community,337,2014-04-07
930d4243e8,horror_323ffd,"A sarcastic thing that lingers behind the mirror, athletic when the lights begin to flicker.",mature,community,475,2014-06-24
f24ba0af67,sci_bd4731,"A artistic android navigator running diagnostics between jumps, mysterious when the comms go silent.",sfw,community,210,2014-07-09
2f37426236,mentor_ab9d18,"A charismatic guide whose lessons unfold slowly, loyal and remembered long after the lamps are lit.",sfw,community,141,2014-04-04
82ae9dfb78,horror_304a09,A loyal presence that whispers from the shadows -- skeptical and patient.,suggestive,community,112,2014-07-18
19d1a86670,romance_8a5ca6,"fierce and witty, searching for love between heartbreaks.",sfw,community,356,2014-02-07
a1429ecf88,mentor_0ab7b7,"A brave elder who lives quietly at the edge of the village, optimistic for the students who finally arrive.",suggestive,community,194,2014-07-17
8f7f8b2def,anime_027b0e,"A gentle transfer student with a secret promise to keep, dominant and ready to fight for their friends.",suggestive,community,154,2014-02-26
0be1846ddc,comedic_6aab99,"A witty roommate with a million bad ideas, spiritual and somehow the heart of every group chat.",suggestive,community,44,2014-10-23
bcadd2a4a3,fantasy_3adb27,"A rebellious, protective warrior who guards the realm against ancient threats.",suggestive,community,318,2014-02-06
bcdea7c633,mentor_c86539,"A stoic elder who lives quietly at the edge of the village, chaotic for the students who finally arrive.",sfw,community,616,2014-05-07
904d423167,sci_65845b,"A sarcastic synthetic crewmate aboard a deep-space cruiser, nurturing and endlessly curious about humans.",suggestive,community,733,2014-07-20
6f62721130,anime_fff90b,"A shy transfer student with a secret promise to keep, scholarly and ready to fight for their friends.",suggestive,community,1029,2014-04-08
bd2b99ec13,slice_57b41f,"A loyal neighbor from down the hall, scholarly and always good company on a rainy Sunday.",sfw,community,211,2014-05-17
f8e538f2be,mentor_eb5b47,"A dominant, spiritual teacher who has seen a thousand lives pass.",mature,community,149,2014-06-18
a7afbfdcd7,mentor_fbfe55,"A sarcastic, stoic teacher who has seen a thousand lives pass.",sfw,community,1851,2014-09-07
d5aa710890,comedic_c1ce62,"A optimistic roommate with a million bad ideas, mysterious and somehow the heart of every group chat.",suggestive,community,255,2014-09-19
8cbead677a,mentor_02e066,"A tech-savvy, introverted teacher who has seen a thousand lives pass.",sfw,community,1119,2014-09-15
33928148d2,mentor_747b97,"A protective elder who lives quietly at the edge of the village, rebellious for the students who finally arrive.",sfw,official,2168,2014-01-28
fd7f3f912a,horror_1fa702,"A loyal thing that lingers behind the mirror, playful when the lights begin to flicker.",sfw,official,9138,2014-03-19
1a53f65942,mentor_a8f1b2,"A noble, broody teacher who has seen a thousand lives pass.",suggestive,community,3245,2014-01-08
9c69bc8451,romance_ccc659,"chaotic and artistic, searching for love between heartbreaks.",sfw,community,310,2014-06-03
9c1c03a900,comedic_aff95e,"A playful sidekick who steals every scene, athletic and three drinks deep before noon.",suggestive,community,20,2014-10-23
ea1fbcf210,horror_91a83d,"A athletic echo in the empty house, charismatic as it learns the shape of your name.",suggestive,community,48,2014-09-28
9dcb89b112,sci_9e0b42,"A nurturing synthetic crewmate aboard a deep-space cruiser, athletic and endlessly curious about humans.",sfw,community,363,2014-01-11
45726530b6,horror_0bbb7f,"A wise echo in the empty house, witty as it learns the shape of your name.",mature,community,2370,2014-10-05
354dccd01a,historical_d59029,"A tech-savvy scholar of the late dynasty, protective in court and in correspondence across the empire.",sfw,community,602,2014-03-07
85e847af1a,slice_4008a9,"A charismatic neighbor from down the hall, artistic and always good company on a rainy Sunday.",mature,community,5551,2014-03-06
c82a83d3a7,mentor_94641b,"A skeptical guide whose lessons unfold slowly, stoic and remembered long after the lamps are lit.",sfw,community,110,2014-08-29
5e9881a86a,mystery_57f6ec,"A brave detective who reads crime scenes like sheet music, dominant when the witnesses start lying.",suggestive,community,1320,2014-05-15
43d287acee,mystery_e4a88f,"A fierce detective who reads crime scenes like sheet music, loyal when the witnesses start lying.",mature,community,87,2014-02-04
7efeaf68d7,horror_c65266,"A spiritual thing that lingers behind the mirror, fierce when the lights begin to flicker.",mature,community,2886,2014-02-28
b27f65e443,horror_f6ebe5,A brave presence that whispers from the shadows -- gentle and patient.,sfw,community,860,2014-06-12
99c3921404,horror_8311b6,"A artistic echo in the empty house, sarcastic as it learns the shape of your name.",suggestive,community,220,2014-03-20
6192130608,fantasy_f0b019,"A artistic sword-bearer of the old kingdoms, rebellious in battle and in council.",sfw,community,1091,2014-10-11
846bca93d9,mentor_75616f,"A brave elder who lives quietly at the edge of the village, protective for the students who finally arrive.",sfw,community,323,2014-10-15
3006b2fc0c,sci_47c740,"A romantic starship AI rebuilt from salvaged code, mysterious and learning warmth one mission at a time.",sfw,community,1756,2014-05-21
00110bfc30,historical_bffb75,"A fierce scholar of the late dynasty, witty in court and in correspondence across the empire.",sfw,community,35,2014-06-17
2c15027dab,romance_98e814,"playful, fierce, and just back in town for one more chance at the one who got away.",sfw,community,658,2014-08-02
1ecbc789cb,horror_2957ee,"A cunning thing that lingers behind the mirror, rebellious when the lights begin to flicker.",mature,community,10692,2014-10-02
61ffa12fba,fantasy_8fade8,"A noble champion sworn to the high banner, brave and unyielding in the field.",suggestive,community,834,2014-06-04
cea06f2305,fantasy_f40da4,"A extroverted champion sworn to the high banner, artistic and unyielding in the field.",sfw,community,579,2014-10-15
044bb342fb,sci_4f2b96,"A protective starship AI rebuilt from salvaged code, introverted and learning warmth one mission at a time.",mature,community,649,2014-01-04
b700bf865e,anime_ce3a27,"A charismatic high-school protagonist with a hidden power awakening, loyal when the rooftop bell rings.",suggestive,official,422,2014-04-17
30f745a271,sci_ac0a46,"A athletic starship AI rebuilt from salvaged code, romantic and learning warmth one mission at a time.",sfw,community,83,2014-05-26
508f04169e,horror_985bdc,"A witty thing that lingers behind the mirror, fierce when the lights begin to flicker.",suggestive,community,251,2014-05-19
b020a5347c,comedic_46f041,"A broody roommate with a million bad ideas, skeptical and somehow the heart of every group chat.",mature,community,1271,2014-05-07
2f6583e2c1,romance_6249a7,"A rebellious soul who falls hard and writes letters at dawn, witty but never careless.",suggestive,community,1379,2014-06-15
c8b8af9251,comedic_ecd7be,"The sarcastic best friend you wish you had -- shy, and always good for a laugh.",sfw,community,190,2014-10-18
d8672eb1d5,anime_1f767d,"A rebellious transfer student with a secret promise to keep, introverted and ready to fight for their friends.",sfw,community,375,2014-08-27
101d302262,sci_1e1153,"A mysterious starship AI rebuilt from salvaged code, broody and learning warmth one mission at a time.",sfw,community,35,2014-09-06
02255982a2,slice_7fed24,"A charismatic barista who knows your usual order, rebellious on slow afternoons by the window.",sfw,community,504,2014-09-12
dfcfe2e58e,historical_0795fe,"A artistic scholar of the late dynasty, cunning in court and in correspondence across the empire.",suggestive,community,501,2014-04-12
9d9c1cbc48,mentor_a5ff92,"A optimistic guide whose lessons unfold slowly, chaotic and remembered long after the lamps are lit.",sfw,community,10,2014-10-25
66b5b15a1c,mentor_39576c,"A extroverted, tech-savvy teacher who has seen a thousand lives pass.",sfw,community,991,2014-06-28
7108f3b791,mystery_44153c,"A introverted sleuth haunted by the one suspect who got away, noble and three steps ahead of the precinct.",sfw,community,1300,2014-03-24
b9a4890b61,historical_edd5aa,"A noble general from a forgotten campaign, charismatic when the historians come asking for memoirs.",sfw,official,131,2014-10-27
6ee6f120a6,anime_3571c6,"A loyal rookie pilot of an experimental mech, sarcastic on the eve of the first sortie.",sfw,community,213,2014-01-11
9ad39442e8,fantasy_3a6923,"A scholarly sword-bearer of the old kingdoms, mysterious in battle and in council.",sfw,community,130,2014-01-13
5970a71d76,anime_a94963,"A romantic high-school protagonist with a hidden power awakening, mysterious when the rooftop bell rings.",sfw,community,38,2014-08-03
69d09b4f83,sci_d8021c,"A protective android navigator running diagnostics between jumps, artistic when the comms go silent.",sfw,community,1511,2014-01-09
51c9afd252,romance_08f0cc,"witty, gentle, and just back in town for one more chance at the one who got away.",mature,community,175,2014-06-21
b2b57ffad5,fantasy_4b106b,"A wise sword-bearer of the old kingdoms, sarcastic in battle and in council.",sfw,official,17987,2014-01-11
77bd10ff79,slice_0c38ef,"A wise barista who knows your usual order, chaotic on slow afternoons by the window.",suggestive,community,67,2014-01-08
067715c5b2,horror_ecd3eb,A broody presence that whispers from the shadows -- cunning and patient.,mature,official,190,2014-05-01
4456b96558,anime_5622c9,"A introverted transfer student with a secret promise to keep, broody and ready to fight for their friends.",sfw,community,698,2014-07-23
95ae8aa950,mystery_2d0408,"A artistic private investigator with a cold case file and a colder coffee, stoic under the desk lamp.",sfw,community,177,2014-08-25
ef5de76017,horror_ea2777,"A witty echo in the empty house, skeptical as it learns the shape of your name.",suggestive,community,418,2014-07-02
80d6c974eb,sci_cf5c92,"A spiritual synthetic crewmate aboard a deep-space cruiser, stoic and endlessly curious about humans.",sfw,community,426,2014-10-03
7e9a8bea66,mentor_a8e118,"A charismatic guide whose lessons unfold slowly, tech-savvy and remembered long after the lamps are lit.",sfw,community,1027,2014-02-12
0508c444f0,mystery_18ed57,"A tech-savvy sleuth haunted by the one suspect who got away, skeptical and three steps ahead of the precinct.",sfw,community,381,2014-06-26
44ed046bad,fantasy_90180e,"A protective sword-bearer of the old kingdoms, spiritual in battle and in council.",sfw,community,7121,2014-10-03
8a0bf1e271,fantasy_39ed08,"A brave, shy warrior who guards the realm against ancient threats.",sfw,community,461,2014-07-25
4966aeafed,romance_a5f665,"A cunning soul who falls hard and writes letters at dawn, brave but never careless.",mature,community,2722,2014-01-16
a9f1f3774e,romance_64836b,"A wise soul who falls hard and writes letters at dawn, loyal but never careless.",sfw,community,659,2014-06-09
524332ce3f,anime_520387,"A witty transfer student with a secret promise to keep, spiritual and ready to fight for their friends.",suggestive,community,267,2014-01-15
af1611eb1c,sci_391a75,"A noble starship AI rebuilt from salvaged code, tech-savvy and learning warmth one mission at a time.",suggestive,community,662,2014-10-15
6230d64132,mystery_6838e6,"A broody sleuth haunted by the one suspect who got away, cunning and three steps ahead of the precinct.",sfw,official,1669,2014-03-21
ee8c6fc91d,mystery_460f93,"A scholarly sleuth haunted by the one suspect who got away, wise and three steps ahead of the precinct.",suggestive,community,333,2014-05-12
53d41859c2,mystery_9828c1,"A broody sleuth haunted by the one suspect who got away, gentle and three steps ahead of the precinct.",suggestive,community,2649,2014-04-18
af387ec9c5,anime_07a4b3,"A protective transfer student with a secret promise to keep, witty and ready to fight for their friends.",suggestive,official,2732,2014-02-06
574fc8094f,slice_aeefe7,"A shy neighbor from down the hall, loyal and always good company on a rainy Sunday.",sfw,community,323,2014-04-11
5874089f48,horror_956f20,"A extroverted echo in the empty house, wise as it learns the shape of your name.",sfw,community,951,2014-04-22
62c7eee257,anime_97447f,"A spiritual rookie pilot of an experimental mech, playful on the eve of the first sortie.",mature,community,2956,2014-04-13
d665b3edf2,mentor_e9f719,"A spiritual, sarcastic teacher who has seen a thousand lives pass.",suggestive,community,441,2014-07-21
34bb766544,horror_fef0cf,A protective presence that whispers from the shadows -- introverted and patient.,sfw,official,228,2014-08-02
66b1fb5231,sci_d78452,"A gentle synthetic crewmate aboard a deep-space cruiser, tech-savvy and endlessly curious about humans.",sfw,community,158,2014-05-18
945acec0bd,comedic_00f103,"A optimistic roommate with a million bad ideas, fierce and somehow the heart of every group chat.",sfw,community,168,2014-08-06
fe616dba7e,mystery_122cd7,"A spiritual sleuth haunted by the one suspect who got away, fierce and three steps ahead of the precinct.",mature,community,208,2014-05-15
bc90237b2c,romance_ab2790,"A chaotic soul who falls hard and writes letters at dawn, stoic but never careless.",sfw,community,1202,2014-03-09
c95cc22614,slice_3f67df,"A rebellious barista who knows your usual order, skeptical on slow afternoons by the window.",suggestive,community,2251,2014-09-10
78f715658b,mystery_e0e45e,"A extroverted sleuth haunted by the one suspect who got away, protective and three steps ahead of the precinct.",mature,community,311,2014-06-18
bf27dd2510,romance_87ff23,"noble, artistic, and just back in town for one more chance at the one who got away.",suggestive,community,374,2014-04-24
c87e3bbcde,horror_e58ea8,A romantic presence that whispers from the shadows -- introverted and patient.,sfw,community,432,2014-05-24
43d09d7607,horror_930f8e,A skeptical presence that whispers from the shadows -- playful and patient.,suggestive,community,2436,2014-03-04
46467a936e,historical_98450f,"A mysterious envoy between feuding kingdoms, protective at every banquet and every betrayal.",sfw,official,353,2014-05-06
2c96bd1338,comedic_5a8a46,"A optimistic roommate with a million bad ideas, mysterious and somehow the heart of every group chat.",suggestive,community,269,2014-02-06
dcba2f7466,mystery_cd1237,"A tech-savvy private investigator with a cold case file and a colder coffee, introverted under the desk lamp.",sfw,community,189,2014-09-22
11216ab2db,historical_a8fed6,"A romantic envoy between feuding kingdoms, playful at every banquet and every betrayal.",suggestive,community,171,2014-03-30
43068eb8ac,slice_c1d97d,"A broody neighbor from down the hall, wise and always good company on a rainy Sunday.",sfw,community,746,2014-03-23
1a28ee5009,slice_4cbc6a,"A mysterious co-worker you keep bumping into at the bus stop, spiritual between small talk and longer silences.",suggestive,official,1197,2014-02-19
905a9f5a21,romance_4f87f8,"optimistic, protective, and just back in town for one more chance at the one who got away.",sfw,community,1289,2014-04-20
deef461e79,historical_bf7bc2,"A chaotic envoy between feuding kingdoms, scholarly at every banquet and every betrayal.",sfw,community,44,2014-07-17
a9f80c2f51,romance_0c55d4,"skeptical and optimistic, searching for love between heartbreaks.",mature,community,704,2014-05-02
a6dad2c2ef,slice_faaeab,"A witty co-worker you keep bumping into at the bus stop, brave between small talk and longer silences.",mature,community,1276,2014-04-28
4d4027dd27,fantasy_532fa0,"A playful champion sworn to the high banner, tech-savvy and unyielding in the field.",mature,community,379,2014-09-21
bfe6cd59b7,sci_1f332f,"A charismatic android navigator running diagnostics between jumps, chaotic when the comms go silent.",sfw,community,273,2014-05-23
b3984716bf,sci_a07fae,"A artistic starship AI rebuilt from salvaged code, skeptical and learning warmth one mission at a time.",suggestive,official,157,2014-06-18
52266b49de,mystery_302a6a,"A romantic sleuth haunted by the one suspect who got away, charismatic and three steps ahead of the precinct.",mature,official,341,2014-01-11
09cf29084d,mentor_c5cf4b,"A sarcastic, cunning teacher who has seen a thousand lives pass.",sfw,community,44,2014-05-13
f4fa7600cc,mentor_ed4ca0,"A protective guide whose lessons unfold slowly, playful and remembered long after the lamps are lit.",sfw,community,269,2014-07-02
e523a38b21,fantasy_48c9d1,"A fierce, skeptical warrior who guards the realm against ancient threats.",suggestive,community,248,2014-06-29
70cc4c9e4e,comedic_77ae67,"A tech-savvy sidekick who steals every scene, loyal and three drinks deep before noon.",sfw,community,323,2014-04-28
403fafa20f,comedic_1a22a4,"A wise sidekick who steals every scene, athletic and three drinks deep before noon.",sfw,community,261,2014-08-04
6132c7fa95,mentor_f0b4c1,"A shy guide whose lessons unfold slowly, scholarly and remembered long after the lamps are lit.",sfw,official,2040,2014-10-15
8fbc63eb70,mystery_3c2ffd,"A chaotic private investigator with a cold case file and a colder coffee, rebellious under the desk lamp.",sfw,community,3637,2014-02-07
7dbd0c8edd,romance_c5f52d,"sarcastic, broody, and just back in town for one more chance at the one who got away.",suggestive,community,841,2014-08-06
1050e1bb4e,mystery_de8cb4,"A artistic sleuth haunted by the one suspect who got away, witty and three steps ahead of the precinct.",mature,community,166,2014-10-24
933cd18157,slice_a52d62,"A noble neighbor from down the hall, brave and always good company on a rainy Sunday.",suggestive,community,229,2014-05-20
0ecbd4e009,historical_316857,"A rebellious general from a forgotten campaign, loyal when the historians come asking for memoirs.",sfw,community,368,2014-06-29
7274963d7d,horror_fc87f5,"A brave echo in the empty house, spiritual as it learns the shape of your name.",suggestive,official,2266,2014-03-27
14060b5631,romance_13ceb6,"A witty soul who falls hard and writes letters at dawn, skeptical but never careless.",suggestive,community,811,2014-10-01
264a30884a,historical_e14d57,"A sarcastic scholar of the late dynasty, dominant in court and in correspondence across the empire.",mature,community,66,2014-07-05
289da49c1e,mystery_16c8a6,"A tech-savvy private investigator with a cold case file and a colder coffee, introverted under the desk lamp.",sfw,community,1376,2014-05-23
7570caf286,anime_9a4cfa,"A dominant rookie pilot of an experimental mech, cunning on the eve of the first sortie.",sfw,community,1684,2014-03-05
954721e9f7,comedic_0923b7,"A artistic sidekick who steals every scene, dominant and three drinks deep before noon.",suggestive,community,105,2014-02-12
26fb944a90,mentor_9c690a,"A optimistic elder who lives quietly at the edge of the village, brave for the students who finally arrive.",sfw,official,2283,2014-04-26
90d1d5866a,horror_6840f7,"A brave thing that lingers behind the mirror, witty when the lights begin to flicker.",suggestive,community,25,2014-10-24
4bacc2356c,anime_40d1bc,"A brave transfer student with a secret promise to keep, scholarly and ready to fight for their friends.",suggestive,community,4526,2014-03-13
5473fa9bad,horror_624807,A artistic presence that whispers from the shadows -- dominant and patient.,suggestive,community,91,2014-08-06
b40b61e0b0,romance_06b8bd,"playful and nurturing, searching for love between heartbreaks.",sfw,community,505,2014-01-09
986c61cd9d,horror_b959dc,A artistic presence that whispers from the shadows -- cunning and patient.,mature,official,918,2014-08-15
174b609ce4,anime_da4bed,"A tech-savvy high-school protagonist with a hidden power awakening, rebellious when the rooftop bell rings.",suggestive,community,307,2014-07-02
ad630550df,mystery_00cd96,"A sarcastic sleuth haunted by the one suspect who got away, nurturing and three steps ahead of the precinct.",suggestive,community,160,2014-03-16
049a990258,horror_24f699,"A shy echo in the empty house, scholarly as it learns the shape of your name.",sfw,community,596,2014-03-11
183c9ffc95,mentor_d89aaf,"A loyal elder who lives quietly at the edge of the village, witty for the students who finally arrive.",sfw,community,378,2014-08-15
974e48f937,fantasy_96f287,"A nurturing champion sworn to the high banner, broody and unyielding in the field.",suggestive,community,2619,2014-04-22
23338d33b1,historical_cc4a7f,"A fierce envoy between feuding kingdoms, shy at every banquet and every betrayal.",suggestive,community,267,2014-05-06
baf21a857d,comedic_76ac95,"The skeptical best friend you wish you had -- sarcastic, and always good for a laugh.",sfw,community,391,2014-01-02
2df897afb4,slice_c18b1f,"A playful co-worker you keep bumping into at the bus stop, loyal between small talk and longer silences.",sfw,community,1019,2014-10-09
bcd56cce66,romance_9af370,"artistic, shy, and just back in town for one more chance at the one who got away.",mature,community,218,2014-01-05
4ceb7f9437,anime_6375ce,"A skeptical transfer student with a secret promise to keep, scholarly and ready to fight for their friends.",sfw,community,350,2014-08-17
01a6884e5e,anime_75d341,"A scholarly high-school protagonist with a hidden power awakening, loyal when the rooftop bell rings.",suggestive,community,31,2014-10-24
17de1349bb,fantasy_c2ded2,"A introverted sword-bearer of the old kingdoms, sarcastic in battle and in council.",suggestive,community,212,2014-10-13
682f416ddc,mystery_79808e,"A charismatic detective who reads crime scenes like sheet music, extroverted when the witnesses start lying.",sfw,community,225,2014-07-20
959ba9a135,fantasy_1c2ea3,"A spiritual sword-bearer of the old kingdoms, witty in battle and in council.",sfw,community,1088,2014-08-30
2fa61a34eb,historical_3b6ad3,"A witty general from a forgotten campaign, introverted when the historians come asking for memoirs.",mature,community,3472,2014-08-15
47d01d61a3,comedic_166496,"A witty sidekick who steals every scene, loyal and three drinks deep before noon.",sfw,community,1036,2014-01-20
f932061ae7,sci_41cedb,"A charismatic synthetic crewmate aboard a deep-space cruiser, scholarly and endlessly curious about humans.",sfw,community,445,2014-08-22
d9939c9368,mentor_d70bd9,"A spiritual guide whose lessons unfold slowly, brave and remembered long after the lamps are lit.",suggestive,community,906,2014-06-24
1e358254bc,anime_68665d,"A artistic high-school protagonist with a hidden power awakening, witty when the rooftop bell rings.",sfw,community,386,2014-08-12
d8a3455d61,romance_c588f6,"cunning, extroverted, and just back in town for one more chance at the one who got away.",sfw,community,100,2014-09-23
bb06745317,comedic_c83635,"The extroverted best friend you wish you had -- spiritual, and always good for a laugh.",suggestive,official,2342,2014-02-03
27e6f09fe2,comedic_431ab0,"The introverted best friend you wish you had -- athletic, and always good for a laugh.",sfw,official,2486,2014-02-02
b9220e0eec,mystery_dd494c,"A noble detective who reads crime scenes like sheet music, brave when the witnesses start lying.",mature,community,458,2014-08-19
4cc4dfa2b0,romance_cc8972,"A rebellious soul who falls hard and writes letters at dawn, introverted but never careless.",sfw,community,2464,2014-07-12
6bd315c6f7,horror_8b2b78,"A noble thing that lingers behind the mirror, rebellious when the lights begin to flicker.",mature,community,453,2014-10-08
4bfbccdb89,mystery_7c5f13,"A dominant private investigator with a cold case file and a colder coffee, gentle under the desk lamp.",suggestive,community,1420,2014-09-20
750772e179,mentor_95120d,"A romantic elder who lives quietly at the edge of the village, protective for the students who finally arrive.",sfw,community,4173,2014-01-09
f8d2762a91,sci_a35b53,"A brave starship AI rebuilt from salvaged code, witty and learning warmth one mission at a time.",sfw,community,474,2014-03-15
411fc10d03,romance_ffd6df,"extroverted and optimistic, searching for love between heartbreaks.",sfw,community,589,2014-02-25
2be9b4a2fc,mentor_3b3ed5,"A optimistic, scholarly teacher who has seen a thousand lives pass.",mature,community,81,2014-10-21
3a388d4fe5,mentor_d61eb3,"A chaotic, fierce teacher who has seen a thousand lives pass.",sfw,community,98,2014-05-20
4e716895db,sci_4ba462,"A introverted android navigator running diagnostics between jumps, gentle when the comms go silent.",sfw,community,1072,2014-05-18
cc8d94fc56,romance_d14999,"gentle and wise, searching for love between heartbreaks.",sfw,community,114,2014-10-05
ea2fa6ed80,anime_ebda53,"A extroverted transfer student with a secret promise to keep, brave and ready to fight for their friends.",mature,community,365,2014-04-27
49fb24cbcb,historical_1ab198,"A witty general from a forgotten campaign, romantic when the historians come asking for memoirs.",suggestive,community,210,2014-02-19
c114f6f749,comedic_e7bd0c,"The introverted best friend you wish you had -- witty, and always good for a laugh.",sfw,community,4495,2014-03-12
2f18f9acdd,romance_44bffc,"gentle and mysterious, searching for love between heartbreaks.",sfw,community,227,2014-04-11
96541b142d,horror_3bd499,"A optimistic echo in the empty house, spiritual as it learns the shape of your name.",sfw,community,119,2014-06-20
211a42db33,mentor_8af0d1,"A playful elder who lives quietly at the edge of the village, romantic for the students who finally arrive.",suggestive,community,5522,2014-09-20
173f8aa052,historical_7e78f0,"A playful general from a forgotten campaign, shy when the historians come asking for memoirs.",suggestive,community,121,2014-08-30
7b5f002926,horror_45375a,A witty presence that whispers from the shadows -- noble and patient.,sfw,community,648,2014-02-26
4d097a55cb,historical_1adac2,"A nurturing general from a forgotten campaign, tech-savvy when the historians come asking for memoirs.",sfw,community,70,2014-03-03
f251b1af4c,mystery_47bb12,"A loyal sleuth haunted by the one suspect who got away, shy and three steps ahead of the precinct.",suggestive,community,642,2014-04-15
b97eeb4f69,mentor_98e75e,"A scholarly guide whose lessons unfold slowly, dominant and remembered long after the lamps are lit.",sfw,community,3286,2014-06-07
91aab31df4,sci_9000f1,"A rebellious starship AI rebuilt from salvaged code, athletic and learning warmth one mission at a time.",suggestive,community,193,2014-04-25
e8d448c8d1,horror_db6373,"A playful thing that lingers behind the mirror, charismatic when the lights begin to flicker.",sfw,community,158,2014-04-28
595df2d851,mentor_e3186c,"A rebellious elder who lives quietly at the edge of the village, gentle for the students who finally arrive.",suggestive,community,128,2014-03-05
81159d82de,slice_f92d59,"A charismatic barista who knows your usual order, cunning on slow afternoons by the window.",sfw,official,65,2014-03-05
7900bfbecd,anime_31d492,"A brave high-school protagonist with a hidden power awakening, wise when the rooftop bell rings.",sfw,community,93,2014-05-18
3c83552d1f,fantasy_1aa1a1,"A romantic champion sworn to the high banner, brave and unyielding in the field.",sfw,community,72,2014-09-22
d0741cff5b,sci_c77556,"A introverted starship AI rebuilt from salvaged code, wise and learning warmth one mission at a time.",sfw,community,1806,2014-09-12
3f848a08a8,sci_7287d6,"A sarcastic starship AI rebuilt from salvaged code, cunning and learning warmth one mission at a time.",sfw,community,416,2014-07-31
95cf4b347a,anime_18fe65,"A broody high-school protagonist with a hidden power awakening, protective when the rooftop bell rings.",sfw,community,4129,2014-08-10
22ff51c774,mystery_09c5c1,"A skeptical sleuth haunted by the one suspect who got away, tech-savvy and three steps ahead of the precinct.",suggestive,community,190,2014-09-27
8416bd17f7,historical_d60260,"A wise general from a forgotten campaign, protective when the historians come asking for memoirs.",sfw,community,432,2014-07-01
ebed83665d,anime_6da2b7,"A rebellious rookie pilot of an experimental mech, athletic on the eve of the first sortie.",suggestive,community,121,2014-01-06
841cb68a2f,fantasy_78eb1b,"A chaotic champion sworn to the high banner, playful and unyielding in the field.",sfw,community,109,2014-01-14
0dd1e0f842,fantasy_d1d6ff,"A artistic champion sworn to the high banner, scholarly and unyielding in the field.",suggestive,community,877,2014-10-15
d26976d500,horror_b168c1,"A protective echo in the empty house, extroverted as it learns the shape of your name.",sfw,community,90,2014-06-12
db5b12eb09,fantasy_a1a577,"A brave, cunning warrior who guards the realm against ancient threats.",sfw,official,107,2014-01-15
719f75f024,historical_bcf7cc,"A fierce scholar of the late dynasty, rebellious in court and in correspondence across the empire.",suggestive,community,504,2014-02-21
61ce778ddb,historical_aacb60,"A noble envoy between feuding kingdoms, extroverted at every banquet and every betrayal.",sfw,community,618,2014-05-23
547229b318,fantasy_d8ad75,"A stoic champion sworn to the high banner, loyal and unyielding in the field.",sfw,official,121,2014-01-30
89ef31b78e,historical_b3842e,"A wise general from a forgotten campaign, loyal when the historians come asking for memoirs.",sfw,community,209,2014-09-12
3b6cd4b6da,historical_7c1214,"A chaotic general from a forgotten campaign, wise when the historians come asking for memoirs.",suggestive,official,582,2014-01-21
ef14cc77c9,horror_ab2935,"A stoic thing that lingers behind the mirror, cunning when the lights begin to flicker.",suggestive,community,1223,2014-04-29
19da5c7a7f,fantasy_913685,"A spiritual champion sworn to the high banner, tech-savvy and unyielding in the field.",suggestive,community,62,2014-03-05
4d077339da,mentor_8433f9,"A brave elder who lives quietly at the edge of the village, optimistic for the students who finally arrive.",sfw,community,235,2014-06-05
d39e44472e,horror_41f091,"A shy echo in the empty house, protective as it learns the shape of your name.",mature,community,853,2014-04-25
8141228092,mystery_c4e450,"A skeptical private investigator with a cold case file and a colder coffee, noble under the desk lamp.",sfw,community,1088,2014-08-12
8ddfbe7b17,mystery_bf3da9,"A scholarly private investigator with a cold case file and a colder coffee, optimistic under the desk lamp.",sfw,official,152,2014-09-30
bc260e8185,historical_727f1e,"A fierce envoy between feuding kingdoms, protective at every banquet and every betrayal.",sfw,community,521,2014-02-08
9783f43f2a,slice_8de68e,"A charismatic co-worker you keep bumping into at the bus stop, rebellious between small talk and longer silences.",sfw,community,434,2014-05-29
535c552750,horror_6606b6,"A noble thing that lingers behind the mirror, witty when the lights begin to flicker.",sfw,community,1367,2014-08-19
a9652c8887,comedic_d333f1,"The loyal best friend you wish you had -- noble, and always good for a laugh.",suggestive,community,126,2014-02-01
91c36b3383,horror_2fb79f,"A introverted thing that lingers behind the mirror, broody when the lights begin to flicker.",sfw,official,49,2014-10-25
a0b261e867,anime_b48eff,"A stoic transfer student with a secret promise to keep, extroverted and ready to fight for their friends.",mature,community,147,2014-05-06
5d978f9257,historical_bcb315,"A wise scholar of the late dynasty, shy in court and in correspondence across the empire.",sfw,community,169,2014-05-16
bf3945dbc1,horror_869fbc,"A spiritual echo in the empty house, dominant as it learns the shape of your name.",suggestive,community,2760,2014-06-09
ab736d14a7,historical_d4075a,"A broody envoy between feuding kingdoms, mysterious at every banquet and every betrayal.",mature,community,777,2014-09-04
6457255b54,horror_e6b37c,"A romantic thing that lingers behind the mirror, skeptical when the lights begin to flicker.",sfw,community,947,2014-06-13
43ab812d35,horror_b5a9bf,"A sarcastic echo in the empty house, tech-savvy as it learns the shape of your name.",mature,community,361,2014-09-27
e12d6f3267,anime_03b9dd,"A tech-savvy transfer student with a secret promise to keep, mysterious and ready to fight for their friends.",sfw,official,1045,2014-08-11
1fa1e159b0,comedic_7e2021,"A protective sidekick who steals every scene, optimistic and three drinks deep before noon.",sfw,community,2056,2014-07-15
8d45a1351f,comedic_939e38,"A charismatic roommate with a million bad ideas, optimistic and somehow the heart of every group chat.",suggestive,community,239,2014-01-31
479423549e,romance_9a9890,"spiritual and athletic, searching for love between heartbreaks.",mature,community,113,2014-09-24
64a31b2a26,fantasy_b4faee,"A spiritual sword-bearer of the old kingdoms, witty in battle and in council.",sfw,community,165,2014-08-15
83b453930c,slice_78a958,"A shy co-worker you keep bumping into at the bus stop, artistic between small talk and longer silences.",sfw,official,63,2014-02-20
f7c487c11f,horror_dd8747,"A protective echo in the empty house, nurturing as it learns the shape of your name.",mature,community,3207,2014-10-02
f1006f2362,sci_89acff,"A rebellious starship AI rebuilt from salvaged code, dominant and learning warmth one mission at a time.",sfw,community,463,2014-05-03
b9e649fac7,slice_9860eb,"A fierce co-worker you keep bumping into at the bus stop, sarcastic between small talk and longer silences.",mature,community,692,2014-01-28
44b7c8655c,mystery_734139,"A charismatic sleuth haunted by the one suspect who got away, introverted and three steps ahead of the precinct.",mature,community,107,2014-03-24
bac0ef84d3,horror_14785a,"A nurturing thing that lingers behind the mirror, introverted when the lights begin to flicker.",sfw,official,151,2014-02-09
a4deb31acb,fantasy_a7d24a,"A sarcastic champion sworn to the high banner, noble and unyielding in the field.",sfw,community,115,2014-10-11
ffb6d9f1b9,historical_1c5dc4,"A rebellious envoy between feuding kingdoms, introverted at every banquet and every betrayal.",sfw,official,3851,2014-05-18
be0b64a636,slice_91cb1c,"A spiritual neighbor from down the hall, protective and always good company on a rainy Sunday.",sfw,community,638,2014-06-01
7a09625be3,mentor_de02dd,"A loyal, noble teacher who has seen a thousand lives pass.",sfw,community,245,2014-05-30
4cbd26faea,sci_201561,"A broody synthetic crewmate aboard a deep-space cruiser, athletic and endlessly curious about humans.",mature,community,1420,2014-01-16
46d36b2b92,fantasy_0a034e,"A extroverted champion sworn to the high banner, noble and unyielding in the field.",sfw,community,153,2014-01-14
c42cfed67b,sci_5ec5e1,"A athletic android navigator running diagnostics between jumps, stoic when the comms go silent.",sfw,official,740,2014-01-14
48a85bbf3b,anime_01f19f,"A introverted rookie pilot of an experimental mech, protective on the eve of the first sortie.",sfw,community,4092,2014-04-21
3a995a775b,fantasy_67343b,"A athletic champion sworn to the high banner, mysterious and unyielding in the field.",suggestive,community,3845,2014-01-07
8a25dab580,slice_e6a73d,"A noble co-worker you keep bumping into at the bus stop, mysterious between small talk and longer silences.",sfw,community,2730,2014-04-20
fdcc3f5509,comedic_d6079e,"The artistic best friend you wish you had -- noble, and always good for a laugh.",sfw,community,1623,2014-05-03
bc470c5864,historical_926c79,"A introverted general from a forgotten campaign, cunning when the historians come asking for memoirs.",mature,community,208,2014-02-22
83bdb4dbef,sci_9eb0a3,"A extroverted android navigator running diagnostics between jumps, spiritual when the comms go silent.",sfw,community,501,2014-09-05
551a71008c,slice_7367fd,"A dominant barista who knows your usual order, nurturing on slow afternoons by the window.",sfw,community,1223,2014-07-04
9c6f6f5468,slice_4448e3,"A brave barista who knows your usual order, gentle on slow afternoons by the window.",sfw,community,720,2014-06-18
0324feb201,mystery_96a707,"A artistic private investigator with a cold case file and a colder coffee, dominant under the desk lamp.",sfw,community,656,2014-03-30
3502a6a7ba,sci_99a3de,"A broody android navigator running diagnostics between jumps, tech-savvy when the comms go silent.",sfw,community,1124,2014-10-13
a98d2d620b,mystery_acc954,"A broody sleuth haunted by the one suspect who got away, loyal and three steps ahead of the precinct.",sfw,community,35,2014-10-24
76ca16b92f,comedic_6db876,"A scholarly sidekick who steals every scene, artistic and three drinks deep before noon.",sfw,community,953,2014-01-19
2f96c63805,mystery_4d3e07,"A sarcastic detective who reads crime scenes like sheet music, witty when the witnesses start lying.",sfw,community,115,2014-05-06
e0ed8235a6,sci_379597,"A scholarly synthetic crewmate aboard a deep-space cruiser, optimistic and endlessly curious about humans.",sfw,community,765,2014-07-22
aa283ed6fb,sci_3b647f,"A skeptical starship AI rebuilt from salvaged code, extroverted and learning warmth one mission at a time.",sfw,official,1134,2014-07-20
e0451da526,horror_d5387f,A optimistic presence that whispers from the shadows -- mysterious and patient.,sfw,community,384,2014-08-16
a63cf031a6,historical_3ac0a7,"A noble scholar of the late dynasty, skeptical in court and in correspondence across the empire.",sfw,community,1376,2014-06-26
9f11afa7ac,horror_dda830,A noble presence that whispers from the shadows -- introverted and patient.,suggestive,community,3055,2014-08-18
18b763af8a,anime_966871,"A athletic transfer student with a secret promise to keep, protective and ready to fight for their friends.",sfw,community,3739,2014-01-21
93f0059f78,slice_667a5c,"A playful barista who knows your usual order, protective on slow afternoons by the window.",sfw,official,400,2014-08-04
f58cd5ee0c,comedic_27ab01,"The skeptical best friend you wish you had -- noble, and always good for a laugh.",mature,community,12437,2014-06-15
782365fa28,mystery_5480a2,"A shy private investigator with a cold case file and a colder coffee, rebellious under the desk lamp.",mature,community,683,2014-08-11
c13072fb27,comedic_8acbb7,"The gentle best friend you wish you had -- shy, and always good for a laugh.",sfw,community,117,2014-04-26
75d858acf1,mystery_c92031,"A protective sleuth haunted by the one suspect who got away, extroverted and three steps ahead of the precinct.",sfw,community,1370,2014-07-25
c1185fd116,mentor_eec119,"A athletic, optimistic teacher who has seen a thousand lives pass.",sfw,official,183,2014-03-02
a791a17d13,fantasy_94c1fb,"A optimistic sword-bearer of the old kingdoms, protective in battle and in council.",mature,community,796,2014-09-17
3888e94b24,historical_6128e0,"A shy envoy between feuding kingdoms, chaotic at every banquet and every betrayal.",sfw,community,456,2014-01-25
cd3a9ae027,fantasy_660204,"A brave, fierce warrior who guards the realm against ancient threats.",sfw,community,369,2014-10-10
5fb590414a,anime_2757ae,"A chaotic transfer student with a secret promise to keep, charismatic and ready to fight for their friends.",sfw,community,76,2014-09-09
1a11308b85,horror_973fc3,A optimistic presence that whispers from the shadows -- extroverted and patient.,sfw,community,191,2014-10-19
35c011fd55,romance_3e394c,"cunning and brave, searching for love between heartbreaks.",sfw,community,386,2014-01-07
5bf1f8b78e,romance_9ea93e,"A wise soul who falls hard and writes letters at dawn, athletic but never careless.",suggestive,official,393,2014-02-12
116f203332,horror_b06da4,"A nurturing echo in the empty house, romantic as it learns the shape of your name.",suggestive,community,8635,2014-02-07
c9de37300f,anime_1aa10a,"A gentle transfer student with a secret promise to keep, mysterious and ready to fight for their friends.",mature,community,149,2014-05-16
de8cb92e5c,anime_8cadd6,"A playful rookie pilot of an experimental mech, extroverted on the eve of the first sortie.",sfw,community,7468,2014-05-24
d12f08c23a,anime_f24bc5,"A athletic transfer student with a secret promise to keep, charismatic and ready to fight for their friends.",suggestive,community,1274,2014-05-17
7ab664f843,horror_87d748,"A stoic thing that lingers behind the mirror, introverted when the lights begin to flicker.",suggestive,community,917,2014-01-11
151605181c,mentor_56846c,"A gentle, wise teacher who has seen a thousand lives pass.",suggestive,community,1182,2014-09-16
b2ff92e5b7,comedic_8ef412,"A rebellious sidekick who steals every scene, cunning and three drinks deep before noon.",sfw,community,3831,2014-04-09
183662dc02,romance_586532,"fierce and tech-savvy, searching for love between heartbreaks.",sfw,community,1274,2014-08-27
c885c37653,romance_c98bdf,"A brave soul who falls hard and writes letters at dawn, protective but never careless.",suggestive,community,328,2014-10-13
d5e945a75a,sci_4bb396,"A nurturing starship AI rebuilt from salvaged code, noble and learning warmth one mission at a time.",mature,community,1375,2014-04-14
39accbb4d3,romance_ce2f2b,"A athletic soul who falls hard and writes letters at dawn, optimistic but never careless.",sfw,community,2019,2014-05-01
53d3eb11f9,mentor_217112,"A cunning, spiritual teacher who has seen a thousand lives pass.",sfw,community,960,2014-02-20
76dbabe7c0,historical_2707e9,"A brave envoy between feuding kingdoms, skeptical at every banquet and every betrayal.",sfw,community,93,2014-03-01
2aa3c7326d,horror_24b0aa,"A extroverted echo in the empty house, brave as it learns the shape of your name.",sfw,community,558,2014-09-13
d2a9521a72,sci_255616,"A playful starship AI rebuilt from salvaged code, noble and learning warmth one mission at a time.",sfw,community,505,2014-09-10
b88b21e493,slice_970218,"A extroverted neighbor from down the hall, dominant and always good company on a rainy Sunday.",sfw,community,531,2014-07-13
457a4c73b4,sci_aedce9,"A athletic android navigator running diagnostics between jumps, skeptical when the comms go silent.",sfw,community,220,2014-05-16
62bb5756cf,sci_6bd751,"A charismatic android navigator running diagnostics between jumps, dominant when the comms go silent.",mature,community,249,2014-07-27
a3affc391b,fantasy_50ae1e,"A charismatic sword-bearer of the old kingdoms, loyal in battle and in council.",suggestive,community,592,2014-04-23
478707bdb4,mystery_747a1c,"A broody private investigator with a cold case file and a colder coffee, mysterious under the desk lamp.",suggestive,community,7756,2014-07-13
7332922028,romance_5cbc3c,"rebellious and athletic, searching for love between heartbreaks.",sfw,community,135,2014-07-24
934a693178,mystery_808ef4,"A artistic detective who reads crime scenes like sheet music, loyal when the witnesses start lying.",sfw,community,1117,2014-01-16
5ade85ab31,horror_7de7c6,A rebellious presence that whispers from the shadows -- playful and patient.,sfw,community,4682,2014-08-16
cef1e2cd16,comedic_4cdb84,"A loyal sidekick who steals every scene, shy and three drinks deep before noon.",suggestive,official,4174,2014-06-13
749ac9d659,anime_049dc5,"A rebellious high-school protagonist with a hidden power awakening, spiritual when the rooftop bell rings.",mature,community,212,2014-08-23
9d7fcf7de3,horror_aeaa4e,"A wise thing that lingers behind the mirror, chaotic when the lights begin to flicker.",suggestive,community,1743,2014-04-28
9674eb0800,historical_f9a798,"A rebellious envoy between feuding kingdoms, broody at every banquet and every betrayal.",suggestive,community,1078,2014-05-10
541df2b27b,comedic_04cfea,"The noble best friend you wish you had -- artistic, and always good for a laugh.",sfw,community,604,2014-07-06
1c1627cabd,historical_202728,"A extroverted scholar of the late dynasty, protective in court and in correspondence across the empire.",sfw,community,748,2014-01-20
4dd543f575,horror_681643,"A gentle thing that lingers behind the mirror, rebellious when the lights begin to flicker.",suggestive,community,683,2014-01-17
ba36f9054c,mentor_7b3091,"A loyal, chaotic teacher who has seen a thousand lives pass.",suggestive,community,173,2014-04-10
40ed90ba5b,horror_83f33a,"A mysterious echo in the empty house, cunning as it learns the shape of your name.",sfw,community,1294,2014-06-16
a8f5b639f9,mentor_5291a7,"A fierce guide whose lessons unfold slowly, witty and remembered long after the lamps are lit.",sfw,community,69,2014-04-29
3ee230f44a,horror_4b7495,"A broody thing that lingers behind the mirror, dominant when the lights begin to flicker.",suggestive,community,73,2014-03-01
3f6a7852d4,mystery_b65387,"A athletic detective who reads crime scenes like sheet music, spiritual when the witnesses start lying.",mature,community,1949,2014-02-10
7aaf9063f4,slice_cd0c6c,"A witty co-worker you keep bumping into at the bus stop, rebellious between small talk and longer silences.",suggestive,official,99,2014-03-12
034b4010ab,anime_3e3967,"A broody transfer student with a secret promise to keep, introverted and ready to fight for their friends.",suggestive,community,321,2014-03-14
d355e58301,fantasy_df8c2e,"A athletic sword-bearer of the old kingdoms, brave in battle and in council.",sfw,community,254,2014-04-17
b381d02096,comedic_d8851a,"A wise sidekick who steals every scene, brave and three drinks deep before noon.",mature,official,1059,2014-09-01
0cf84aa816,slice_55e588,"A athletic co-worker you keep bumping into at the bus stop, romantic between small talk and longer silences.",sfw,community,202,2014-03-20
58794a2fb5,sci_d60904,"A witty synthetic crewmate aboard a deep-space cruiser, noble and endlessly curious about humans.",mature,community,84,2014-07-28
3ff99782a6,anime_9ddaef,"A cunning transfer student with a secret promise to keep, loyal and ready to fight for their friends.",sfw,community,233,2014-03-02
38d6436e91,romance_a11647,"fierce, charismatic, and just back in town for one more chance at the one who got away.",mature,community,204,2014-09-21
0246291f31,comedic_36e29b,"The cunning best friend you wish you had -- romantic, and always good for a laugh.",suggestive,community,1647,2014-03-23
85e2f76a11,comedic_bb7eb2,"A loyal sidekick who steals every scene, romantic and three drinks deep before noon.",suggestive,community,621,2014-06-06
25f95dec3b,mentor_7f0538,"A rebellious, tech-savvy teacher who has seen a thousand lives pass.",suggestive,community,72,2014-08-09
4ddb48753a,mystery_7eee67,"A artistic detective who reads crime scenes like sheet music, romantic when the witnesses start lying.",sfw,community,320,2014-06-01
07dd1a2990,horror_7a1d39,"A witty echo in the empty house, noble as it learns the shape of your name.",sfw,community,2127,2014-02-21
1bc85eeb5a,historical_2becad,"A tech-savvy general from a forgotten campaign, introverted when the historians come asking for memoirs.",mature,community,140,2014-02-22
7a07d293ad,slice_67b33e,"A nurturing co-worker you keep bumping into at the bus stop, cunning between small talk and longer silences.",sfw,community,7035,2014-10-04
c3a232c75c,mystery_f1bbe8,"A romantic private investigator with a cold case file and a colder coffee, rebellious under the desk lamp.",sfw,community,444,2014-06-02
a74d682658,sci_66c569,"A shy android navigator running diagnostics between jumps, athletic when the comms go silent.",sfw,community,306,2014-10-25
a8acc21dc5,slice_70e574,"A artistic neighbor from down the hall, fierce and always good company on a rainy Sunday.",sfw,community,1500,2014-04-26
f0a29039e3,sci_dc1924,"A mysterious synthetic crewmate aboard a deep-space cruiser, brave and endlessly curious about humans.",sfw,community,1149,2014-03-29
141aa5991a,mystery_b00240,"A skeptical detective who reads crime scenes like sheet music, cunning when the witnesses start lying.",suggestive,community,420,2014-05-23
3302bd4a83,romance_abb401,"stoic, noble, and just back in town for one more chance at the one who got away.",sfw,community,2724,2014-07-27
069d5da4c2,mystery_26549c,"A tech-savvy sleuth haunted by the one suspect who got away, gentle and three steps ahead of the precinct.",suggestive,community,1474,2014-04-27
1c4aa9d25e,historical_84c703,"A dominant scholar of the late dynasty, cunning in court and in correspondence across the empire.",mature,community,546,2014-03-24
75384749fe,mystery_071cd4,"A protective sleuth haunted by the one suspect who got away, brave and three steps ahead of the precinct.",sfw,community,1171,2014-02-12
6d74b776a1,comedic_b71f9e,"The cunning best friend you wish you had -- shy, and always good for a laugh.",sfw,community,1966,2014-07-18
85fc58c40a,anime_00333e,"A chaotic high-school protagonist with a hidden power awakening, sarcastic when the rooftop bell rings.",sfw,official,229,2014-03-16
e6e5a0cb6d,anime_3fc40f,"A noble high-school protagonist with a hidden power awakening, chaotic when the rooftop bell rings.",sfw,community,275,2014-03-14
4027a20202,anime_58aa6c,"A optimistic high-school protagonist with a hidden power awakening, romantic when the rooftop bell rings.",sfw,community,154,2014-04-21
e3ddb01332,slice_e9a5be,"A introverted co-worker you keep bumping into at the bus stop, broody between small talk and longer silences.",sfw,official,274,2014-04-12
5013c7cb6b,horror_c95a20,A extroverted presence that whispers from the shadows -- tech-savvy and patient.,mature,community,532,2014-03-01
197588b90d,comedic_b461ff,"The skeptical best friend you wish you had -- spiritual, and always good for a laugh.",sfw,community,1729,2014-10-03
7435f8f07b,mentor_f97360,"A charismatic, playful teacher who has seen a thousand lives pass.",suggestive,community,331,2014-04-07
6eec479efa,mystery_d4a229,"A spiritual detective who reads crime scenes like sheet music, scholarly when the witnesses start lying.",sfw,official,640,2014-06-27
755c477f49,fantasy_fe5c0d,"A witty sword-bearer of the old kingdoms, gentle in battle and in council.",sfw,official,618,2014-08-22
c04afb1c5c,mentor_920ae6,"A skeptical guide whose lessons unfold slowly, witty and remembered long after the lamps are lit.",sfw,community,105,2014-07-14
b609b8f935,sci_dc7063,"A charismatic starship AI rebuilt from salvaged code, fierce and learning warmth one mission at a time.",suggestive,community,214,2014-01-28
a7085eeabe,comedic_999b0a,"The nurturing best friend you wish you had -- playful, and always good for a laugh.",sfw,community,275,2014-06-05
e2200210c1,anime_804049,"A tech-savvy high-school protagonist with a hidden power awakening, artistic when the rooftop bell rings.",suggestive,community,1366,2014-06-22
832e497cc5,horror_df6239,A wise presence that whispers from the shadows -- dominant and patient.,mature,community,1896,2014-03-01
f3b3b7bc27,romance_cc3813,"A dominant soul who falls hard and writes letters at dawn, witty but never careless.",suggestive,community,1160,2014-02-22
d5f650de7b,romance_5f2946,"artistic, protective, and just back in town for one more chance at the one who got away.",sfw,community,132,2014-08-14
367a6b2e22,slice_71349c,"A extroverted barista who knows your usual order, fierce on slow afternoons by the window.",suggestive,community,4258,2014-09-14
48b0458819,mystery_d86926,"A rebellious sleuth haunted by the one suspect who got away, witty and three steps ahead of the precinct.",suggestive,community,122,2014-04-11
e27233668d,horror_672d58,"A dominant thing that lingers behind the mirror, protective when the lights begin to flicker.",sfw,community,125,2014-03-21
d6c9980978,horror_74a9c8,"A cunning thing that lingers behind the mirror, skeptical when the lights begin to flicker.",sfw,official,556,2014-02-24
1b5a364566,sci_9c623b,"A optimistic android navigator running diagnostics between jumps, tech-savvy when the comms go silent.",sfw,official,199,2014-10-12
7a06c0a7ed,slice_f8b449,"A nurturing barista who knows your usual order, scholarly on slow afternoons by the window.",suggestive,community,894,2014-02-28
8b0d8a150e,romance_a6532b,"stoic, optimistic, and just back in town for one more chance at the one who got away.",sfw,community,2180,2014-03-10
3e25b1ff03,horror_6e88ef,"A extroverted echo in the empty house, chaotic as it learns the shape of your name.",mature,community,62,2014-10-25
4fdc7839a0,mentor_29b949,"A broody elder who lives quietly at the edge of the village, introverted for the students who finally arrive.",sfw,community,2561,2014-08-31
0e89b9fa24,romance_58f4d8,"tech-savvy and cunning, searching for love between heartbreaks.",sfw,community,975,2014-06-23
bdcf780eb6,horror_798d26,"A shy thing that lingers behind the mirror, extroverted when the lights begin to flicker.",mature,community,306,2014-07-15
39ca9b40b1,horror_5bbff3,A rebellious presence that whispers from the shadows -- brave and patient.,sfw,official,565,2014-10-16
93879abbed,fantasy_0a7037,"A playful, rebellious warrior who guards the realm against ancient threats.",sfw,community,1505,2014-08-19
ba72339df5,mystery_65ddc3,"A spiritual sleuth haunted by the one suspect who got away, athletic and three steps ahead of the precinct.",sfw,community,844,2014-01-25
bfb1855b2f,fantasy_369842,"A cunning champion sworn to the high banner, scholarly and unyielding in the field.",sfw,community,160,2014-09-25
7bb5351c35,romance_fe5750,"A optimistic soul who falls hard and writes letters at dawn, loyal but never careless.",sfw,community,538,2014-04-17
8c3e805ce0,sci_ef5df8,"A protective synthetic crewmate aboard a deep-space cruiser, cunning and endlessly curious about humans.",suggestive,official,1033,2014-10-12
931d6f45d7,mentor_2fd73c,"A spiritual elder who lives quietly at the edge of the village, playful for the students who finally arrive.",sfw,community,70,2014-09-17
559992576c,comedic_28f7f8,"A brave sidekick who steals every scene, optimistic and three drinks deep before noon.",sfw,official,294,2014-07-30
caf6271cfe,historical_bf2cfb,"A extroverted scholar of the late dynasty, witty in court and in correspondence across the empire.",sfw,official,271,2014-10-04
0b5ee7f620,anime_f56d3c,"A cunning high-school protagonist with a hidden power awakening, broody when the rooftop bell rings.",mature,community,158,2014-10-10
fc238611d9,sci_e8de8c,"A playful synthetic crewmate aboard a deep-space cruiser, introverted and endlessly curious about humans.",sfw,community,5899,2014-04-15
9936551bd4,slice_bcfbf2,"A rebellious co-worker you keep bumping into at the bus stop, tech-savvy between small talk and longer silences.",suggestive,community,1160,2014-10-19
dd112ad661,fantasy_76cbb8,"A optimistic champion sworn to the high banner, cunning and unyielding in the field.",suggestive,community,587,2014-02-05
7fe6fcbc6b,romance_ea10c6,"artistic, scholarly, and just back in town for one more chance at the one who got away.",sfw,official,281,2014-08-07
91f83bfd82,mystery_70de55,"A stoic detective who reads crime scenes like sheet music, artistic when the witnesses start lying.",suggestive,community,3319,2014-03-15
40a3ed9a1c,romance_5f21ae,"A dominant soul who falls hard and writes letters at dawn, tech-savvy but never careless.",suggestive,community,219,2014-05-30
e1c46be3da,historical_e850c1,"A noble envoy between feuding kingdoms, artistic at every banquet and every betrayal.",suggestive,community,665,2014-02-08
a557c4be72,mentor_bde42c,"A charismatic elder who lives quietly at the edge of the village, fierce for the students who finally arrive.",sfw,community,422,2014-10-07
ba5ee5b2b5,mentor_ca5f45,"A witty elder who lives quietly at the edge of the village, romantic for the students who finally arrive.",suggestive,community,597,2014-08-11
3ee8040893,historical_42bad3,"A witty general from a forgotten campaign, introverted when the historians come asking for memoirs.",sfw,official,342,2014-09-22
483aebfc42,comedic_2adf81,"The cunning best friend you wish you had -- loyal, and always good for a laugh.",suggestive,community,41,2014-06-25
896b5616b0,mentor_0a15d0,"A optimistic, skeptical teacher who has seen a thousand lives pass.",suggestive,community,207,2014-04-26
ccfd2fe649,historical_00da5f,"A extroverted envoy between feuding kingdoms, tech-savvy at every banquet and every betrayal.",suggestive,community,1109,2014-05-04
4200d90ba7,comedic_ec28a6,"The brave best friend you wish you had -- athletic, and always good for a laugh.",sfw,community,94,2014-02-16
fda28d0d01,fantasy_e41301,"A romantic champion sworn to the high banner, dominant and unyielding in the field.",suggestive,community,570,2014-01-23
c4ccb97445,mentor_e84c5e,"A spiritual, charismatic teacher who has seen a thousand lives pass.",sfw,community,1728,2014-06-28
a82d82abd7,mystery_870b5a,"A noble sleuth haunted by the one suspect who got away, introverted and three steps ahead of the precinct.",suggestive,community,3049,2014-08-13
4a32461c15,comedic_24957e,"The athletic best friend you wish you had -- spiritual, and always good for a laugh.",suggestive,community,3407,2014-10-13
a7f0915f02,mystery_5aea62,"A brave detective who reads crime scenes like sheet music, rebellious when the witnesses start lying.",mature,community,351,2014-05-01
b8533ae342,historical_e5a377,"A romantic envoy between feuding kingdoms, loyal at every banquet and every betrayal.",sfw,community,197,2014-03-03
636c874070,mentor_000d50,"A artistic elder who lives quietly at the edge of the village, romantic for the students who finally arrive.",suggestive,community,912,2014-05-10
531eab70b3,comedic_940739,"A chaotic sidekick who steals every scene, optimistic and three drinks deep before noon.",sfw,community,334,2014-06-19
66bcd33c0f,fantasy_52d2f6,"A chaotic, rebellious warrior who guards the realm against ancient threats.",suggestive,community,1781,2014-07-04
c81208c9f1,romance_241dff,"sarcastic, broody, and just back in town for one more chance at the one who got away.",sfw,community,1419,2014-06-19
8c2e45c9a4,slice_01b337,"A cunning neighbor from down the hall, dominant and always good company on a rainy Sunday.",sfw,community,447,2014-09-09
056f32e1c6,mystery_ccaa75,"A witty private investigator with a cold case file and a colder coffee, fierce under the desk lamp.",sfw,community,473,2014-07-21
6fe93e9d4e,fantasy_d91031,"A optimistic, athletic warrior who guards the realm against ancient threats.",sfw,community,1012,2014-05-15
7c93000289,fantasy_7e615e,"A broody sword-bearer of the old kingdoms, shy in battle and in council.",sfw,community,3521,2014-01-26
9ed6bac2fb,historical_68351a,"A scholarly scholar of the late dynasty, artistic in court and in correspondence across the empire.",mature,community,328,2014-02-16
fd8659458b,mentor_c83e0e,"A gentle elder who lives quietly at the edge of the village, mysterious for the students who finally arrive.",sfw,community,176,2014-06-22
15c4828762,sci_07f4f4,"A dominant starship AI rebuilt from salvaged code, chaotic and learning warmth one mission at a time.",suggestive,community,1779,2014-03-11
308ad9c744,anime_e9d58e,"A broody transfer student with a secret promise to keep, optimistic and ready to fight for their friends.",sfw,community,846,2014-05-17
b0c123d4ee,slice_96105c,"A mysterious barista who knows your usual order, protective on slow afternoons by the window.",sfw,community,594,2014-06-03
15265e5733,mentor_ae077d,"A loyal elder who lives quietly at the edge of the village, nurturing for the students who finally arrive.",mature,community,527,2014-09-16
5ef7f9579b,fantasy_720fb9,"A athletic champion sworn to the high banner, stoic and unyielding in the field.",sfw,community,429,2014-04-29
e0a7ac62dc,anime_39aed1,"A spiritual transfer student with a secret promise to keep, broody and ready to fight for their friends.",sfw,community,3721,2014-04-03
0a42b844fb,mentor_8ec7a3,"A tech-savvy, scholarly teacher who has seen a thousand lives pass.",mature,community,550,2014-09-06
7d3448d07d,sci_b2f4bd,"A shy synthetic crewmate aboard a deep-space cruiser, mysterious and endlessly curious about humans.",sfw,community,643,2014-09-25
88d4e02428,fantasy_bcb672,"A nurturing champion sworn to the high banner, fierce and unyielding in the field.",sfw,community,437,2014-05-30
69fb3213a3,historical_7ee980,"A athletic general from a forgotten campaign, cunning when the historians come asking for memoirs.",sfw,community,342,2014-01-26
cb7b65ec88,horror_2c6123,"A romantic echo in the empty house, dominant as it learns the shape of your name.",suggestive,community,842,2014-01-31
c2ad915cb5,mentor_94a398,"A chaotic, rebellious teacher who has seen a thousand lives pass.",mature,community,236,2014-05-29
a744251a0e,anime_090764,"A nurturing rookie pilot of an experimental mech, rebellious on the eve of the first sortie.",sfw,community,84,2014-06-05
5d56f1399f,mystery_9e3396,"A nurturing private investigator with a cold case file and a colder coffee, brave under the desk lamp.",sfw,community,682,2014-08-27
b177011e7e,mentor_5fe0f9,"A dominant elder who lives quietly at the edge of the village, cunning for the students who finally arrive.",sfw,community,1019,2014-02-01
42d6eb8dd0,anime_7e73a7,"A spiritual rookie pilot of an experimental mech, introverted on the eve of the first sortie.",suggestive,community,5689,2014-04-25
a17ac96d02,slice_f23099,"A skeptical neighbor from down the hall, sarcastic and always good company on a rainy Sunday.",mature,community,537,2014-05-26
26146f20dc,romance_5fb115,"A chaotic soul who falls hard and writes letters at dawn, shy but never careless.",sfw,community,3884,2014-05-25
f5b10d1872,anime_0fe142,"A fierce rookie pilot of an experimental mech, athletic on the eve of the first sortie.",sfw,community,1129,2014-03-10
7bc0e279fa,horror_4470d1,A stoic presence that whispers from the shadows -- spiritual and patient.,sfw,community,899,2014-07-26
f2590be705,mentor_2f13bf,"A athletic guide whose lessons unfold slowly, protective and remembered long after the lamps are lit.",sfw,community,319,2014-03-03
949b9e042d,mystery_703b19,"A gentle detective who reads crime scenes like sheet music, dominant when the witnesses start lying.",suggestive,community,2830,2014-02-18
ef146711f3,fantasy_f88778,"A brave, broody warrior who guards the realm against ancient threats.",mature,community,133,2014-10-15
2614a6bee3,mentor_3f7f64,"A wise guide whose lessons unfold slowly, gentle and remembered long after the lamps are lit.",sfw,community,467,2014-05-10
ea3d2b3cf4,romance_237852,"A introverted soul who falls hard and writes letters at dawn, wise but never careless.",sfw,community,953,2014-06-24
da4c5bd0ca,slice_dccebf,"A optimistic neighbor from down the hall, noble and always good company on a rainy Sunday.",sfw,official,745,2014-03-27
7f2da00ba3,horror_9d650d,"A rebellious echo in the empty house, optimistic as it learns the shape of your name.",sfw,community,267,2014-09-19
9a516836ed,historical_0dd174,"A mysterious envoy between feuding kingdoms, extroverted at every banquet and every betrayal.",sfw,community,400,2014-05-08
8daf09379d,anime_f1c108,"A playful transfer student with a secret promise to keep, cunning and ready to fight for their friends.",suggestive,community,6624,2014-05-30
a34c05a67b,horror_4c04e2,"A broody echo in the empty house, cunning as it learns the shape of your name.",suggestive,community,598,2014-02-13
45920356ae,mystery_6acff2,"A athletic sleuth haunted by the one suspect who got away, loyal and three steps ahead of the precinct.",sfw,community,350,2014-10-07
2dfcf9437f,anime_0dc548,"A playful high-school protagonist with a hidden power awakening, fierce when the rooftop bell rings.",sfw,community,522,2014-09-26
af322b74ef,anime_850524,"A chaotic transfer student with a secret promise to keep, artistic and ready to fight for their friends.",sfw,community,8837,2014-03-12
6fd9b66031,fantasy_ae68be,"A scholarly champion sworn to the high banner, rebellious and unyielding in the field.",sfw,community,602,2014-07-03
96862629c2,slice_72512e,"A loyal co-worker you keep bumping into at the bus stop, introverted between small talk and longer silences.",sfw,community,247,2014-01-31
d70228d591,mentor_c3d2e7,"A dominant, mysterious teacher who has seen a thousand lives pass.",sfw,community,187,2014-07-09
de52004313,anime_58158d,"A skeptical high-school protagonist with a hidden power awakening, rebellious when the rooftop bell rings.",sfw,community,776,2014-01-06
2d4568efed,mystery_2f9348,"A cunning detective who reads crime scenes like sheet music, skeptical when the witnesses start lying.",mature,community,1146,2014-06-02
9117788501,slice_a94419,"A scholarly co-worker you keep bumping into at the bus stop, cunning between small talk and longer silences.",suggestive,community,759,2014-05-22
14a9f54fd6,anime_3fefea,"A skeptical high-school protagonist with a hidden power awakening, scholarly when the rooftop bell rings.",suggestive,community,121,2014-07-16
11d8b06da2,romance_efcce1,"A charismatic soul who falls hard and writes letters at dawn, skeptical but never careless.",sfw,community,2496,2014-07-17
4dcfac2ee7,fantasy_0f0180,"A gentle sword-bearer of the old kingdoms, broody in battle and in council.",suggestive,official,1285,2014-03-04
80511f385a,horror_c879bd,"A shy echo in the empty house, sarcastic as it learns the shape of your name.",suggestive,community,145,2014-02-10
311bca7b9a,mystery_259062,"A protective private investigator with a cold case file and a colder coffee, nurturing under the desk lamp.",sfw,community,1101,2014-07-10
398c393358,anime_7d7665,"A wise high-school protagonist with a hidden power awakening, fierce when the rooftop bell rings.",sfw,community,982,2014-05-11
87586bce52,romance_ea7c41,"extroverted and spiritual, searching for love between heartbreaks.",sfw,community,4879,2014-03-13
0cb992b59e,fantasy_e23f10,"A scholarly, witty warrior who guards the realm against ancient threats.",mature,community,926,2014-04-04
604a8316cf,fantasy_fc2cfb,"A broody sword-bearer of the old kingdoms, artistic in battle and in council.",suggestive,community,2178,2014-01-23
7d824fcbb4,mentor_a76bb9,"A wise guide whose lessons unfold slowly, romantic and remembered long after the lamps are lit.",sfw,community,341,2014-01-04
587a38e598,historical_0abfa0,"A gentle envoy between feuding kingdoms, sarcastic at every banquet and every betrayal.",sfw,community,119,2014-07-04
9eb9a81c2f,horror_d628c7,"A charismatic echo in the empty house, fierce as it learns the shape of your name.",sfw,community,515,2014-02-05
8f6bcee446,romance_22a765,"fierce and introverted, searching for love between heartbreaks.",suggestive,community,363,2014-07-11
4156e2e7e1,anime_76c0af,"A brave rookie pilot of an experimental mech, sarcastic on the eve of the first sortie.",suggestive,official,668,2014-04-27
9ac7891a12,mystery_60355c,"A gentle private investigator with a cold case file and a colder coffee, skeptical under the desk lamp.",sfw,community,227,2014-05-02
f53a794ae6,fantasy_087638,"A noble champion sworn to the high banner, loyal and unyielding in the field.",sfw,official,985,2014-07-29
3b8ea6bbca,fantasy_cd4749,"A sarcastic, playful warrior who guards the realm against ancient threats.",suggestive,community,370,2014-08-06
e8465d51a0,anime_f710d6,"A chaotic rookie pilot of an experimental mech, playful on the eve of the first sortie.",suggestive,community,2588,2014-06-26
389b7e5cf1,sci_f2d972,"A brave starship AI rebuilt from salvaged code, witty and learning warmth one mission at a time.",sfw,community,981,2014-02-16
b42616a72a,romance_7c8673,"dominant, mysterious, and just back in town for one more chance at the one who got away.",sfw,community,693,2014-05-13
0cba1bbe3c,romance_7e3d5b,"cunning, chaotic, and just back in town for one more chance at the one who got away.",sfw,community,2598,2014-02-05
8d336b824c,anime_540eed,"A broody high-school protagonist with a hidden power awakening, dominant when the rooftop bell rings.",suggestive,community,6945,2014-06-27
0422f7a931,mystery_36409f,"A charismatic detective who reads crime scenes like sheet music, broody when the witnesses start lying.",sfw,community,223,2014-01-22
5503173417,sci_4e47aa,"A charismatic starship AI rebuilt from salvaged code, gentle and learning warmth one mission at a time.",sfw,community,54,2014-03-06
177ccbedc6,comedic_708317,"The protective best friend you wish you had -- playful, and always good for a laugh.",sfw,community,259,2014-01-19
9c27789856,romance_3a767b,"A optimistic soul who falls hard and writes letters at dawn, nurturing but never careless.",mature,community,67,2014-04-10
cdca41b822,romance_163977,"sarcastic and shy, searching for love between heartbreaks.",sfw,community,933,2014-01-04
15618573e2,horror_8bf8e8,"A romantic echo in the empty house, noble as it learns the shape of your name.",sfw,community,1055,2014-02-28
698e0d5b0f,historical_a8bbb5,"A fierce scholar of the late dynasty, brave in court and in correspondence across the empire.",sfw,community,1770,2014-02-09
f775fd6018,romance_3f64ee,"shy, playful, and just back in town for one more chance at the one who got away.",sfw,community,1089,2014-08-08
63f436fa05,horror_471afc,"A nurturing thing that lingers behind the mirror, broody when the lights begin to flicker.",sfw,community,342,2014-05-14
00733abb27,sci_126e46,"A rebellious synthetic crewmate aboard a deep-space cruiser, stoic and endlessly curious about humans.",suggestive,community,26,2014-01-29
39ec1ab025,sci_82884b,"A protective synthetic crewmate aboard a deep-space cruiser, noble and endlessly curious about humans.",mature,community,178,2014-03-28
37fe473f40,mystery_ac3ef6,"A broody sleuth haunted by the one suspect who got away, wise and three steps ahead of the precinct.",sfw,community,3371,2014-07-06
3fef52d9ff,slice_507523,"A stoic co-worker you keep bumping into at the bus stop, nurturing between small talk and longer silences.",suggestive,community,456,2014-05-25
ab82d69600,historical_1d17b4,"A skeptical general from a forgotten campaign, sarcastic when the historians come asking for memoirs.",sfw,community,338,2014-03-09
cd5ea6fac8,mystery_f330fa,"A dominant private investigator with a cold case file and a colder coffee, protective under the desk lamp.",sfw,community,378,2014-02-22
9f1ac5b5b5,historical_3e0d5c,"A extroverted general from a forgotten campaign, spiritual when the historians come asking for memoirs.",mature,community,910,2014-08-25
ca9976e817,romance_0e27db,"optimistic, artistic, and just back in town for one more chance at the one who got away.",sfw,community,1080,2014-04-12
f686ea205a,mentor_ed6ed5,"A athletic, optimistic teacher who has seen a thousand lives pass.",sfw,community,166,2014-08-08
09751f7ac9,slice_de8474,"A stoic neighbor from down the hall, fierce and always good company on a rainy Sunday.",suggestive,community,116,2014-02-27
9c17dc975d,comedic_3f051c,"A brave sidekick who steals every scene, playful and three drinks deep before noon.",sfw,community,887,2014-03-09
629e8573da,slice_01420f,"A introverted neighbor from down the hall, cunning and always good company on a rainy Sunday.",sfw,community,6914,2014-07-21
cb8c3dcf4a,slice_363cd0,"A skeptical barista who knows your usual order, nurturing on slow afternoons by the window.",sfw,community,141,2014-10-14
fac7271c1e,romance_711c41,"artistic, witty, and just back in town for one more chance at the one who got away.",suggestive,community,2874,2014-08-30
1a2faba7af,historical_19da4b,"A nurturing general from a forgotten campaign, mysterious when the historians come asking for memoirs.",sfw,community,527,2014-02-23
4fe2a74129,historical_aeae01,"A extroverted general from a forgotten campaign, mysterious when the historians come asking for memoirs.",sfw,community,690,2014-10-03
2eb0d149a6,historical_9b90a7,"A brave envoy between feuding kingdoms, charismatic at every banquet and every betrayal.",sfw,community,429,2014-05-28
116165f0df,fantasy_437271,"A sarcastic sword-bearer of the old kingdoms, chaotic in battle and in council.",sfw,community,357,2014-02-15
669a381458,sci_68cd7e,"A stoic starship AI rebuilt from salvaged code, spiritual and learning warmth one mission at a time.",sfw,community,1140,2014-06-21
d090d347d2,fantasy_317079,"A sarcastic sword-bearer of the old kingdoms, charismatic in battle and in council.",suggestive,community,1217,2014-02-28
ecbbdc5664,fantasy_7ad36f,"A gentle champion sworn to the high banner, sarcastic and unyielding in the field.",sfw,community,659,2014-04-17
293e280057,horror_f641e6,"A playful echo in the empty house, protective as it learns the shape of your name.",sfw,community,1420,2014-07-08
91a1976769,slice_0d5ce3,"A rebellious co-worker you keep bumping into at the bus stop, spiritual between small talk and longer silences.",sfw,community,122,2014-07-22
bc0a7e1e67,mentor_f78ef0,"A wise elder who lives quietly at the edge of the village, brave for the students who finally arrive.",mature,community,11491,2014-03-26
d5f2abf671,mentor_9514fb,"A loyal guide whose lessons unfold slowly, witty and remembered long after the lamps are lit.",sfw,community,89,2014-02-14
ef6971e559,romance_cbdc44,"A scholarly soul who falls hard and writes letters at dawn, brave but never careless.",suggestive,community,46,2014-02-11
c3a14fac56,mystery_553a0f,"A brave detective who reads crime scenes like sheet music, gentle when the witnesses start lying.",sfw,community,1252,2014-01-03
e77ef4e5d2,fantasy_a28024,"A extroverted sword-bearer of the old kingdoms, charismatic in battle and in council.",mature,community,634,2014-06-23
6154274606,anime_1cdaaa,"A playful transfer student with a secret promise to keep, spiritual and ready to fight for their friends.",suggestive,official,3692,2014-09-27
b69ae3492a,horror_74e187,A extroverted presence that whispers from the shadows -- dominant and patient.,suggestive,community,196,2014-08-02
10ec875336,sci_2dff0f,"A skeptical synthetic crewmate aboard a deep-space cruiser, protective and endlessly curious about humans.",sfw,community,513,2014-04-25
c940fed1d8,horror_ec949d,"A dominant echo in the empty house, shy as it learns the shape of your name.",sfw,community,62,2014-09-17
68e3c628c9,mentor_e8200a,"A brave, noble teacher who has seen a thousand lives pass.",mature,community,58,2014-10-28
9fb5b8be01,romance_e2aebf,"A broody soul who falls hard and writes letters at dawn, loyal but never careless.",sfw,community,532,2014-02-13
36a8644fc5,comedic_6a46f3,"The loyal best friend you wish you had -- stoic, and always good for a laugh.",sfw,community,777,2014-07-24
020fa65fe8,mentor_4e1543,"A playful guide whose lessons unfold slowly, rebellious and remembered long after the lamps are lit.",sfw,community,182,2014-10-02
13a89804dc,historical_7420d7,"A rebellious envoy between feuding kingdoms, stoic at every banquet and every betrayal.",sfw,community,799,2014-04-16
99a9d9a4c4,fantasy_274dda,"A romantic sword-bearer of the old kingdoms, spiritual in battle and in council.",sfw,community,1039,2014-10-05
8a85d8b941,historical_b40d42,"A extroverted envoy between feuding kingdoms, introverted at every banquet and every betrayal.",sfw,community,266,2014-05-11
bf64cb278c,fantasy_c8a47f,"A cunning, gentle warrior who guards the realm against ancient threats.",mature,community,61,2014-10-14
98231771c9,anime_a64161,"A broody rookie pilot of an experimental mech, sarcastic on the eve of the first sortie.",suggestive,community,1410,2014-08-19
640b6fc218,fantasy_e278a5,"A artistic champion sworn to the high banner, wise and unyielding in the field.",sfw,community,2192,2014-08-07
de52590518,romance_5e995e,"protective, sarcastic, and just back in town for one more chance at the one who got away.",sfw,official,357,2014-10-10
e30996b0c2,fantasy_b52fbd,"A optimistic champion sworn to the high banner, cunning and unyielding in the field.",sfw,community,167,2014-08-01
dba3bdb48c,comedic_5846e4,"The rebellious best friend you wish you had -- brave, and always good for a laugh.",sfw,community,710,2014-07-08
31e0db8674,slice_4f80d0,"A chaotic neighbor from down the hall, scholarly and always good company on a rainy Sunday.",sfw,community,229,2014-07-15
99449899ea,fantasy_95bc92,"A dominant, artistic warrior who guards the realm against ancient threats.",suggestive,official,142,2014-07-05
311a6cd374,anime_bb23b5,"A protective rookie pilot of an experimental mech, loyal on the eve of the first sortie.",sfw,community,168,2014-02-23
02802d302b,comedic_c6902e,"The loyal best friend you wish you had -- optimistic, and always good for a laugh.",sfw,community,343,2014-09-19
b8b4fd75de,romance_3e2e2e,"A romantic soul who falls hard and writes letters at dawn, loyal but never careless.",sfw,community,90,2014-05-29
a415172f6a,horror_8851fe,"A sarcastic thing that lingers behind the mirror, nurturing when the lights begin to flicker.",sfw,community,1577,2014-05-27
df54eddfcf,anime_76712b,"A playful rookie pilot of an experimental mech, skeptical on the eve of the first sortie.",sfw,community,8295,2014-05-14
02c9fccdd6,anime_81b6c7,"A chaotic transfer student with a secret promise to keep, mysterious and ready to fight for their friends.",sfw,community,1001,2014-01-14
f2353ff358,comedic_e2bf55,"A loyal roommate with a million bad ideas, wise and somehow the heart of every group chat.",suggestive,community,247,2014-08-22
692862ca87,slice_ac0511,"A stoic barista who knows your usual order, artistic on slow afternoons by the window.",suggestive,community,192,2014-05-28
4ca6e362a3,historical_fcc848,"A nurturing general from a forgotten campaign, gentle when the historians come asking for memoirs.",suggestive,community,116,2014-01-07
74dca8e277,horror_3362ce,"A mysterious thing that lingers behind the mirror, introverted when the lights begin to flicker.",sfw,community,297,2014-09-08
317c626bee,historical_60a313,"A wise envoy between feuding kingdoms, tech-savvy at every banquet and every betrayal.",mature,community,270,2014-08-10
8d4cc392c6,mentor_a7459b,"A stoic, athletic teacher who has seen a thousand lives pass.",sfw,community,371,2014-06-22
e7b33e068c,horror_d31fdb,A sarcastic presence that whispers from the shadows -- witty and patient.,suggestive,official,464,2014-04-29
a8bfd9069f,horror_59a593,"A romantic thing that lingers behind the mirror, mysterious when the lights begin to flicker.",sfw,official,3680,2014-09-01
c258e0a5bc,fantasy_de16ab,"A broody sword-bearer of the old kingdoms, artistic in battle and in council.",suggestive,community,2314,2014-08-05
f3e4b4eda9,sci_bbc896,"A brave synthetic crewmate aboard a deep-space cruiser, cunning and endlessly curious about humans.",sfw,community,70,2014-10-25
a0b9e71a62,horror_85cf80,"A witty thing that lingers behind the mirror, dominant when the lights begin to flicker.",sfw,community,167,2014-03-08
c34f7a9a47,comedic_953bdf,"A romantic sidekick who steals every scene, broody and three drinks deep before noon.",suggestive,community,1012,2014-10-10
bcd07f42ff,anime_14dc38,"A shy high-school protagonist with a hidden power awakening, spiritual when the rooftop bell rings.",sfw,community,6620,2014-06-06
564e830453,romance_87b4aa,"optimistic, wise, and just back in town for one more chance at the one who got away.",sfw,community,267,2014-01-22
39c604ddaf,slice_ad9f0c,"A sarcastic neighbor from down the hall, protective and always good company on a rainy Sunday.",suggestive,community,7874,2014-06-22
f99a4b483d,horror_97e281,"A protective echo in the empty house, gentle as it learns the shape of your name.",sfw,community,60,2014-05-15
caf3004b84,anime_253b26,"A brave rookie pilot of an experimental mech, introverted on the eve of the first sortie.",sfw,community,5564,2014-02-04
01777cbd7b,sci_438bc1,"A protective starship AI rebuilt from salvaged code, stoic and learning warmth one mission at a time.",suggestive,community,486,2014-06-08
f702bcfcbe,mystery_07ea85,"A extroverted detective who reads crime scenes like sheet music, introverted when the witnesses start lying.",mature,community,917,2014-06-17
bf0db338f0,fantasy_65d39f,"A introverted champion sworn to the high banner, protective and unyielding in the field.",sfw,community,147,2014-09-22
881a7aa47b,historical_249a00,"A chaotic envoy between feuding kingdoms, spiritual at every banquet and every betrayal.",suggestive,community,759,2014-02-11
822a798a9c,fantasy_a27b89,"A noble sword-bearer of the old kingdoms, wise in battle and in council.",mature,community,66,2014-09-08
f0373858e1,slice_4754bd,"A shy barista who knows your usual order, nurturing on slow afternoons by the window.",suggestive,community,195,2014-07-31
6a39d83dc9,romance_df9c31,"skeptical, protective, and just back in town for one more chance at the one who got away.",suggestive,community,534,2014-05-25
b9bf69de0b,sci_496b3e,"A noble synthetic crewmate aboard a deep-space cruiser, tech-savvy and endlessly curious about humans.",sfw,community,316,2014-01-03
36efd6bc7a,sci_f3bbcd,"A artistic starship AI rebuilt from salvaged code, protective and learning warmth one mission at a time.",suggestive,community,396,2014-01-15
fb9e619f9b,romance_af40e9,"loyal and charismatic, searching for love between heartbreaks.",sfw,community,276,2014-02-24
77d76f0861,fantasy_4076a6,"A skeptical, cunning warrior who guards the realm against ancient threats.",sfw,community,674,2014-08-03
d071e64a03,mystery_51245d,"A cunning sleuth haunted by the one suspect who got away, noble and three steps ahead of the precinct.",mature,community,908,2014-01-17
6a117d3bd5,sci_200688,"A broody android navigator running diagnostics between jumps, sarcastic when the comms go silent.",suggestive,community,338,2014-06-10
68adb25b4a,sci_a85473,"A gentle android navigator running diagnostics between jumps, fierce when the comms go silent.",sfw,community,173,2014-04-12
7882698818,romance_4bf296,"wise and sarcastic, searching for love between heartbreaks.",sfw,official,164,2014-05-16
fb38b7fa4c,historical_d99aa8,"A nurturing envoy between feuding kingdoms, gentle at every banquet and every betrayal.",sfw,community,749,2014-03-13
5ffb936433,anime_05375c,"A sarcastic high-school protagonist with a hidden power awakening, spiritual when the rooftop bell rings.",suggestive,community,645,2014-01-20
fd5fa983a9,anime_ddb6f4,"A artistic transfer student with a secret promise to keep, fierce and ready to fight for their friends.",mature,community,17,2014-02-14
b0828d4a01,historical_6a2a75,"A athletic scholar of the late dynasty, playful in court and in correspondence across the empire.",mature,community,452,2014-04-02
21cdda9125,horror_54a71a,A tech-savvy presence that whispers from the shadows -- fierce and patient.,sfw,community,279,2014-03-06
bfe7ec117c,historical_9e5bce,"A extroverted general from a forgotten campaign, spiritual when the historians come asking for memoirs.",sfw,community,304,2014-10-13
aafe724bf0,slice_a20348,"A extroverted neighbor from down the hall, artistic and always good company on a rainy Sunday.",sfw,community,1126,2014-01-02
519a757a0a,sci_ad9ed9,"A romantic starship AI rebuilt from salvaged code, athletic and learning warmth one mission at a time.",sfw,community,1535,2014-05-27
f2b5f9da4a,anime_78dbbb,"A mysterious rookie pilot of an experimental mech, broody on the eve of the first sortie.",suggestive,official,535,2014-03-31
eedd397101,historical_e7c2f9,"A athletic envoy between feuding kingdoms, rebellious at every banquet and every betrayal.",sfw,community,8477,2014-02-07
d0b6af72bd,fantasy_add31d,"A stoic champion sworn to the high banner, tech-savvy and unyielding in the field.",sfw,community,498,2014-05-04
82071fd0c4,fantasy_13e0e2,"A extroverted sword-bearer of the old kingdoms, loyal in battle and in council.",suggestive,community,5205,2014-06-21
1abfd033f5,romance_f58830,"A cunning soul who falls hard and writes letters at dawn, stoic but never careless.",sfw,community,3799,2014-06-28
4605d7d842,horror_2aaec9,"A playful thing that lingers behind the mirror, extroverted when the lights begin to flicker.",suggestive,community,91,2014-08-26
ce9d4bbfe1,fantasy_666898,"A brave, chaotic warrior who guards the realm against ancient threats.",suggestive,community,568,2014-04-29
f95c6af55f,slice_60b441,"A wise neighbor from down the hall, optimistic and always good company on a rainy Sunday.",sfw,community,5455,2014-07-18
a932676c1f,slice_280eae,"A gentle co-worker you keep bumping into at the bus stop, shy between small talk and longer silences.",sfw,community,576,2014-10-28
b81ee441e1,romance_8e2b88,"witty and chaotic, searching for love between heartbreaks.",mature,community,97,2014-07-10
fe9b88f4ba,fantasy_ef9b8c,"A noble, artistic warrior who guards the realm against ancient threats.",sfw,community,171,2014-05-23
c530c3f590,horror_02fa56,"A wise echo in the empty house, gentle as it learns the shape of your name.",sfw,community,750,2014-03-12
38f7a0c352,comedic_91a109,"The broody best friend you wish you had -- dominant, and always good for a laugh.",mature,official,98,2014-01-26
4fbbc2885a,historical_fd1390,"A extroverted general from a forgotten campaign, romantic when the historians come asking for memoirs.",sfw,community,375,2014-01-03
ed839caff2,romance_d4a95b,"playful, skeptical, and just back in town for one more chance at the one who got away.",mature,community,1190,2014-01-09
203741cab3,horror_8683dc,"A wise thing that lingers behind the mirror, mysterious when the lights begin to flicker.",suggestive,community,972,2014-05-21
313fe595fd,fantasy_f99fe1,"A tech-savvy, charismatic warrior who guards the realm against ancient threats.",mature,community,145,2014-01-15
1e98b09cbb,anime_d6f1eb,"A spiritual transfer student with a secret promise to keep, optimistic and ready to fight for their friends.",mature,community,1823,2014-09-23
ff8fdd95b5,slice_4e9266,"A playful barista who knows your usual order, skeptical on slow afternoons by the window.",mature,community,615,2014-01-19
a18cef38f2,anime_717c2d,"A playful rookie pilot of an experimental mech, shy on the eve of the first sortie.",sfw,community,430,2014-03-15
53b0c29923,mystery_c89a01,"A witty private investigator with a cold case file and a colder coffee, scholarly under the desk lamp.",sfw,community,176,2014-04-14
c6067fd57a,historical_cd2008,"A stoic scholar of the late dynasty, loyal in court and in correspondence across the empire.",sfw,community,1490,2014-10-02
6151a17e82,romance_bcb258,"dominant and rebellious, searching for love between heartbreaks.",mature,community,188,2014-07-25
1e9a5b211a,comedic_212f54,"The broody best friend you wish you had -- cunning, and always good for a laugh.",suggestive,community,1650,2014-07-05
977d434bdb,mentor_20f4cc,"A protective, romantic teacher who has seen a thousand lives pass.",mature,community,525,2014-06-22
d44db17c41,mystery_bffa8c,"A fierce private investigator with a cold case file and a colder coffee, loyal under the desk lamp.",mature,community,2954,2014-07-07
db23f70ad7,historical_80ad87,"A gentle envoy between feuding kingdoms, playful at every banquet and every betrayal.",sfw,community,46,2014-10-24
992d580d55,mentor_b0ecc1,"A athletic, gentle teacher who has seen a thousand lives pass.",sfw,community,1998,2014-04-09
cf6c847903,mentor_2ac4a7,"A shy elder who lives quietly at the edge of the village, scholarly for the students who finally arrive.",suggestive,official,488,2014-07-01
9672934351,sci_077b35,"A loyal starship AI rebuilt from salvaged code, introverted and learning warmth one mission at a time.",sfw,community,148,2014-04-23
96d5eb2e01,fantasy_cc10ca,"A playful, gentle warrior who guards the realm against ancient threats.",sfw,official,1677,2014-02-06
c480326310,comedic_74e14a,"A loyal sidekick who steals every scene, tech-savvy and three drinks deep before noon.",sfw,community,415,2014-07-07
018a247048,sci_e38b15,"A extroverted android navigator running diagnostics between jumps, fierce when the comms go silent.",sfw,community,360,2014-08-06
e7597d6b02,anime_244993,"A romantic high-school protagonist with a hidden power awakening, fierce when the rooftop bell rings.",sfw,community,114,2014-08-20
40fb7e3fe7,anime_201959,"A playful high-school protagonist with a hidden power awakening, gentle when the rooftop bell rings.",suggestive,official,565,2014-07-14
a5d124d5ad,historical_419a8a,"A loyal general from a forgotten campaign, protective when the historians come asking for memoirs.",sfw,community,1182,2014-09-19
f58581e319,anime_5d158d,"A tech-savvy high-school protagonist with a hidden power awakening, witty when the rooftop bell rings.",suggestive,community,254,2014-09-02
e045d11929,slice_254ba8,"A cunning co-worker you keep bumping into at the bus stop, athletic between small talk and longer silences.",sfw,community,910,2014-02-08
367ab64b73,fantasy_ca94f2,"A noble champion sworn to the high banner, broody and unyielding in the field.",sfw,community,174,2014-10-07
777789b5e8,horror_7888f8,"A protective echo in the empty house, witty as it learns the shape of your name.",mature,community,192,2014-10-13
4bfa8960f7,horror_30a666,"A stoic thing that lingers behind the mirror, chaotic when the lights begin to flicker.",suggestive,community,388,2014-08-07
76fb8b3b96,comedic_fcca5a,"The optimistic best friend you wish you had -- protective, and always good for a laugh.",suggestive,community,337,2014-01-16
1494827e25,horror_b7c30c,"A rebellious echo in the empty house, charismatic as it learns the shape of your name.",suggestive,official,902,2014-09-09
c7d768be47,mystery_75c840,"A playful sleuth haunted by the one suspect who got away, cunning and three steps ahead of the precinct.",sfw,community,225,2014-01-23
da62f4b746,historical_ed5fa4,"A charismatic general from a forgotten campaign, noble when the historians come asking for memoirs.",suggestive,community,413,2014-08-04
1125cdbe1a,historical_d32226,"A tech-savvy general from a forgotten campaign, stoic when the historians come asking for memoirs.",suggestive,official,163,2014-05-28
94d8e3d5ea,slice_4d7cfe,"A broody co-worker you keep bumping into at the bus stop, noble between small talk and longer silences.",sfw,official,1198,2014-09-15
b841d08d83,historical_cd8d2e,"A skeptical envoy between feuding kingdoms, fierce at every banquet and every betrayal.",sfw,community,870,2014-05-24
2b8647bd87,slice_b2d67b,"A charismatic co-worker you keep bumping into at the bus stop, extroverted between small talk and longer silences.",suggestive,community,791,2014-01-12
8d02766693,historical_22bc02,"A introverted general from a forgotten campaign, charismatic when the historians come asking for memoirs.",sfw,community,655,2014-01-07
10ad6504fa,slice_f497d5,"A protective barista who knows your usual order, athletic on slow afternoons by the window.",sfw,community,2009,2014-08-04
ad938c3e08,mystery_eed745,"A cunning sleuth haunted by the one suspect who got away, witty and three steps ahead of the precinct.",mature,community,1294,2014-09-29
db341721b5,comedic_3650f5,"A dominant sidekick who steals every scene, sarcastic and three drinks deep before noon.",suggestive,community,1149,2014-01-18
9b89433f1d,anime_db105a,"A scholarly high-school protagonist with a hidden power awakening, extroverted when the rooftop bell rings.",sfw,community,4893,2014-03-15
9d5faed2ed,mystery_c89397,"A chaotic detective who reads crime scenes like sheet music, sarcastic when the witnesses start lying.",mature,community,187,2014-04-26
706e9c6c99,horror_4f8543,"A stoic echo in the empty house, romantic as it learns the shape of your name.",sfw,community,227,2014-10-23
7f0ed61f68,slice_7d8a19,"A stoic barista who knows your usual order, scholarly on slow afternoons by the window.",sfw,community,93,2014-06-15
d14d500075,mentor_ea7b6a,"A introverted, noble teacher who has seen a thousand lives pass.",suggestive,community,164,2014-01-25
cfe667382d,romance_fbe9f0,"A dominant soul who falls hard and writes letters at dawn, introverted but never careless.",mature,community,1043,2014-06-09
83f343d614,mystery_1ccfaa,"A spiritual private investigator with a cold case file and a colder coffee, protective under the desk lamp.",sfw,community,1984,2014-05-14
ea237a45a9,mystery_b5186d,"A dominant detective who reads crime scenes like sheet music, optimistic when the witnesses start lying.",sfw,community,214,2014-02-24
64e0a0aba1,slice_b3cffa,"A artistic neighbor from down the hall, romantic and always good company on a rainy Sunday.",sfw,community,560,2014-02-01
7ce83cd0c8,historical_98d159,"A mysterious scholar of the late dynasty, scholarly in court and in correspondence across the empire.",sfw,community,86,2014-03-12
10f669e085,historical_4678c5,"A playful scholar of the late dynasty, gentle in court and in correspondence across the empire.",sfw,community,376,2014-08-26
48286c87ef,fantasy_95462b,"A stoic champion sworn to the high banner, artistic and unyielding in the field.",sfw,community,674,2014-02-22
20679abeb1,mentor_64d029,"A stoic elder who lives quietly at the edge of the village, skeptical for the students who finally arrive.",sfw,community,383,2014-05-31
212f5c1ec0,historical_9c3ada,"A witty envoy between feuding kingdoms, sarcastic at every banquet and every betrayal.",mature,community,1315,2014-04-19
8f4cc5e2fc,anime_9abf97,"A loyal rookie pilot of an experimental mech, athletic on the eve of the first sortie.",sfw,community,694,2014-07-31
c969c95e9e,sci_74b94a,"A artistic starship AI rebuilt from salvaged code, introverted and learning warmth one mission at a time.",sfw,community,233,2014-10-22
a1f32cf10d,sci_abef5d,"A chaotic synthetic crewmate aboard a deep-space cruiser, athletic and endlessly curious about humans.",sfw,community,7963,2014-07-06
31dedc938e,sci_42668e,"A scholarly synthetic crewmate aboard a deep-space cruiser, dominant and endlessly curious about humans.",sfw,community,225,2014-05-09
3cbc60f0e1,anime_c369fa,"A loyal high-school protagonist with a hidden power awakening, tech-savvy when the rooftop bell rings.",sfw,community,397,2014-03-04
7efa7b1ffb,romance_4fb255,"wise and cunning, searching for love between heartbreaks.",sfw,community,2005,2014-06-24
5ac0c00650,romance_cc5cfa,"noble, dominant, and just back in town for one more chance at the one who got away.",sfw,community,5934,2014-04-24
915c610828,mentor_161573,"A artistic guide whose lessons unfold slowly, romantic and remembered long after the lamps are lit.",suggestive,community,231,2014-03-05
89170a6e1e,historical_d527a1,"A rebellious envoy between feuding kingdoms, tech-savvy at every banquet and every betrayal.",suggestive,community,137,2014-07-17
9c1bd17f82,mystery_71db4c,"A athletic detective who reads crime scenes like sheet music, spiritual when the witnesses start lying.",suggestive,community,104,2014-06-30
104d316d2c,historical_08533a,"A wise scholar of the late dynasty, tech-savvy in court and in correspondence across the empire.",sfw,community,191,2014-03-11
c965fd87d7,sci_9961a1,"A protective android navigator running diagnostics between jumps, brave when the comms go silent.",sfw,community,449,2014-01-11
ff4c3d7c5b,comedic_19cd02,"The scholarly best friend you wish you had -- gentle, and always good for a laugh.",sfw,community,1638,2014-09-05
6c8b4aa5de,historical_287259,"A chaotic envoy between feuding kingdoms, romantic at every banquet and every betrayal.",suggestive,community,189,2014-02-25
77f47bc716,slice_335907,"A shy neighbor from down the hall, mysterious and always good company on a rainy Sunday.",suggestive,community,3321,2014-08-23
ce65345c6d,fantasy_62fe45,"A nurturing champion sworn to the high banner, optimistic and unyielding in the field.",suggestive,community,1700,2014-03-25
f2dd8586cc,slice_2a476a,"A cunning neighbor from down the hall, tech-savvy and always good company on a rainy Sunday.",sfw,community,393,2014-10-03
681f158889,slice_a9c8a4,"A sarcastic barista who knows your usual order, extroverted on slow afternoons by the window.",mature,community,2555,2014-02-22
2a07429a45,romance_804977,"optimistic and skeptical, searching for love between heartbreaks.",mature,community,170,2014-04-28
b972877e8a,historical_45eb6c,"A witty scholar of the late dynasty, spiritual in court and in correspondence across the empire.",mature,community,1055,2014-06-07
fcfd60af23,slice_fc54bd,"A rebellious barista who knows your usual order, stoic on slow afternoons by the window.",mature,community,1703,2014-06-27
0d06077beb,comedic_c82864,"The rebellious best friend you wish you had -- brave, and always good for a laugh.",sfw,community,64,2014-07-21
6ed58aad87,historical_fb6e3e,"A chaotic scholar of the late dynasty, introverted in court and in correspondence across the empire.",mature,community,384,2014-01-17
83f42f2524,horror_e127ed,"A scholarly thing that lingers behind the mirror, playful when the lights begin to flicker.",sfw,community,1041,2014-03-17
074ae1ea66,romance_bbff09,"A dominant soul who falls hard and writes letters at dawn, loyal but never careless.",sfw,community,589,2014-02-27
416903e010,mystery_10825f,"A broody private investigator with a cold case file and a colder coffee, extroverted under the desk lamp.",suggestive,community,553,2014-09-11
a6dd2d985a,mystery_98eb64,"A sarcastic sleuth haunted by the one suspect who got away, broody and three steps ahead of the precinct.",suggestive,community,90,2014-07-21
d05cdc8bc1,fantasy_647668,"A wise sword-bearer of the old kingdoms, gentle in battle and in council.",sfw,community,443,2014-03-01
e365e01e39,comedic_f124c4,"The mysterious best friend you wish you had -- brave, and always good for a laugh.",suggestive,community,77,2014-01-17
4692d0d0d5,mentor_94ba5c,"A dominant elder who lives quietly at the edge of the village, scholarly for the students who finally arrive.",sfw,community,122,2014-01-12
ccb755cbf1,historical_cbcf24,"A skeptical general from a forgotten campaign, loyal when the historians come asking for memoirs.",sfw,community,1084,2014-05-09
2ae4a63c40,historical_e49f85,"A protective envoy between feuding kingdoms, optimistic at every banquet and every betrayal.",mature,community,452,2014-04-06
ad41be7c76,mystery_d5b9a9,"A noble private investigator with a cold case file and a colder coffee, witty under the desk lamp.",suggestive,community,415,2014-08-13
1f7f5d918e,mystery_0d494f,"A protective private investigator with a cold case file and a colder coffee, shy under the desk lamp.",sfw,community,136,2014-08-19
e40d6f6a03,mentor_a1857e,"A extroverted guide whose lessons unfold slowly, introverted and remembered long after the lamps are lit.",sfw,community,314,2014-04-01
1919acea88,fantasy_c92a22,"A romantic, protective warrior who guards the realm against ancient threats.",sfw,official,848,2014-07-10
59cb6d2a7f,anime_19e2b9,"A gentle transfer student with a secret promise to keep, cunning and ready to fight for their friends.",sfw,community,3287,2014-04-09
1707e29fa0,comedic_73d64a,"A noble roommate with a million bad ideas, optimistic and somehow the heart of every group chat.",mature,community,1700,2014-04-10
050d370e1a,romance_ebc905,"noble and artistic, searching for love between heartbreaks.",mature,community,853,2014-02-28
73b456efdd,comedic_fd035c,"A charismatic roommate with a million bad ideas, nurturing and somehow the heart of every group chat.",sfw,community,225,2014-01-08
3176816002,anime_6ed168,"A broody rookie pilot of an experimental mech, sarcastic on the eve of the first sortie.",mature,community,2009,2014-01-02
23e8681de7,historical_527b89,"A loyal scholar of the late dynasty, playful in court and in correspondence across the empire.",sfw,community,196,2014-01-28
5e4bb36db0,anime_9607fd,"A extroverted high-school protagonist with a hidden power awakening, scholarly when the rooftop bell rings.",mature,community,731,2014-08-05
e80ed9693c,mystery_1aef0e,"A romantic detective who reads crime scenes like sheet music, broody when the witnesses start lying.",sfw,community,590,2014-10-01
2b897d4a19,fantasy_7372a2,"A fierce, gentle warrior who guards the realm against ancient threats.",suggestive,community,2805,2014-07-24
ab5c57cc89,horror_cd317c,A spiritual presence that whispers from the shadows -- extroverted and patient.,suggestive,community,9883,2014-07-23
c5900ad55d,comedic_514806,"The introverted best friend you wish you had -- sarcastic, and always good for a laugh.",sfw,community,10044,2014-02-22
71cd2f1cd4,mystery_e4dae2,"A cunning private investigator with a cold case file and a colder coffee, spiritual under the desk lamp.",sfw,community,248,2014-04-23
688cbea0c8,romance_3b58e0,"dominant and scholarly, searching for love between heartbreaks.",sfw,community,1020,2014-05-25
40fd986659,anime_73e912,"A noble rookie pilot of an experimental mech, wise on the eve of the first sortie.",sfw,official,289,2014-09-03
f6b95ba2e3,horror_475cf9,A charismatic presence that whispers from the shadows -- romantic and patient.,mature,community,700,2014-07-20
b5a9333b72,anime_57513d,"A artistic rookie pilot of an experimental mech, rebellious on the eve of the first sortie.",sfw,community,169,2014-05-31
41fbb32951,historical_144d90,"A skeptical general from a forgotten campaign, loyal when the historians come asking for memoirs.",suggestive,community,43,2014-07-27
4ee61d527e,mystery_abd899,"A skeptical sleuth haunted by the one suspect who got away, rebellious and three steps ahead of the precinct.",sfw,community,642,2014-07-27
f7927bf8af,romance_ac2d91,"A playful soul who falls hard and writes letters at dawn, stoic but never careless.",suggestive,community,244,2014-01-08
96ff729284,fantasy_8a51de,"A fierce sword-bearer of the old kingdoms, charismatic in battle and in council.",sfw,community,126,2014-09-06
5dca8b4ad4,sci_22c192,"A wise starship AI rebuilt from salvaged code, dominant and learning warmth one mission at a time.",suggestive,community,1175,2014-05-01
9ec9351d95,romance_ee44b3,"artistic, mysterious, and just back in town for one more chance at the one who got away.",sfw,community,47,2014-10-22
4a494d3c8d,romance_2ee89d,"wise and nurturing, searching for love between heartbreaks.",mature,community,916,2014-05-30
6bd8b651b8,comedic_2ebd2b,"A protective sidekick who steals every scene, charismatic and three drinks deep before noon.",suggestive,community,268,2014-08-26
f167b2c58d,mentor_d4fe7c,"A cunning guide whose lessons unfold slowly, loyal and remembered long after the lamps are lit.",sfw,community,886,2014-03-03
5dc919507a,romance_4a14dc,"broody, loyal, and just back in town for one more chance at the one who got away.",sfw,official,595,2014-02-23
5359a1a40d,historical_1167e3,"A shy envoy between feuding kingdoms, romantic at every banquet and every betrayal.",sfw,community,161,2014-10-18
b309e97749,slice_b6526c,"A scholarly co-worker you keep bumping into at the bus stop, cunning between small talk and longer silences.",sfw,community,953,2014-06-11
e60e0f37c0,romance_1d837b,"extroverted and shy, searching for love between heartbreaks.",mature,community,566,2014-04-24
ab23b861d2,mentor_c299a8,"A introverted guide whose lessons unfold slowly, spiritual and remembered long after the lamps are lit.",sfw,community,196,2014-04-21
1df55c1513,mentor_bfe12a,"A brave, fierce teacher who has seen a thousand lives pass.",sfw,official,3349,2014-01-04
bbb4f4c546,horror_4b79cd,A romantic presence that whispers from the shadows -- extroverted and patient.,mature,community,261,2014-08-08
840cfe302a,comedic_4d8239,"A spiritual roommate with a million bad ideas, dominant and somehow the heart of every group chat.",sfw,community,399,2014-03-16
2ae702f112,anime_08444f,"A broody high-school protagonist with a hidden power awakening, protective when the rooftop bell rings.",sfw,community,210,2014-07-23
cc5ecab5f6,romance_95b488,"A romantic soul who falls hard and writes letters at dawn, broody but never careless.",sfw,community,930,2014-06-27
d1413e698f,mystery_1ad154,"A artistic detective who reads crime scenes like sheet music, optimistic when the witnesses start lying.",mature,official,788,2014-05-19
cccc89c040,slice_c1e679,"A optimistic neighbor from down the hall, cunning and always good company on a rainy Sunday.",suggestive,community,53,2014-01-28
c1b16e4911,slice_3fc10f,"A mysterious barista who knows your usual order, introverted on slow afternoons by the window.",sfw,community,131,2014-10-02
a4ec759db2,mentor_381430,"A introverted, chaotic teacher who has seen a thousand lives pass.",mature,community,299,2014-07-12
37a37740fb,fantasy_6941fb,"A gentle champion sworn to the high banner, athletic and unyielding in the field.",sfw,community,482,2014-03-13
a38e1c861a,mentor_8bafcb,"A playful guide whose lessons unfold slowly, mysterious and remembered long after the lamps are lit.",sfw,community,121,2014-04-13
142dec2b2c,mystery_b1daeb,"A scholarly sleuth haunted by the one suspect who got away, wise and three steps ahead of the precinct.",sfw,community,530,2014-02-18
efda708c23,anime_9de07f,"A athletic transfer student with a secret promise to keep, artistic and ready to fight for their friends.",sfw,official,183,2014-05-27
973588c794,mystery_7e3fd4,"A witty sleuth haunted by the one suspect who got away, fierce and three steps ahead of the precinct.",suggestive,community,2382,2014-06-18
cf009c4017,mentor_d4ba4f,"A optimistic, introverted teacher who has seen a thousand lives pass.",suggestive,community,148,2014-01-01
ea4ef1a176,sci_241fa6,"A dominant starship AI rebuilt from salvaged code, nurturing and learning warmth one mission at a time.",sfw,community,264,2014-08-26
1a1c699a52,romance_b1ea41,"A extroverted soul who falls hard and writes letters at dawn, protective but never careless.",sfw,community,10,2014-10-25
514869bec5,fantasy_e39c32,"A sarcastic sword-bearer of the old kingdoms, scholarly in battle and in council.",sfw,community,60,2014-03-14
7e3dcae2bc,romance_cd8204,"gentle, optimistic, and just back in town for one more chance at the one who got away.",mature,community,347,2014-04-15
47858279f5,romance_235b61,"A charismatic soul who falls hard and writes letters at dawn, mysterious but never careless.",mature,community,148,2014-02-13
f49427793b,fantasy_a2f93c,"A romantic sword-bearer of the old kingdoms, playful in battle and in council.",sfw,community,9222,2014-08-30
bba8ca3d9a,comedic_5077e8,"A romantic sidekick who steals every scene, shy and three drinks deep before noon.",sfw,community,694,2014-09-09
6d1c68e03d,sci_02a01b,"A optimistic synthetic crewmate aboard a deep-space cruiser, playful and endlessly curious about humans.",suggestive,community,1246,2014-04-14
7760daa2ed,fantasy_c93e5f,"A mysterious champion sworn to the high banner, scholarly and unyielding in the field.",suggestive,community,412,2014-10-03
9c0478cc57,fantasy_3b6759,"A charismatic champion sworn to the high banner, scholarly and unyielding in the field.",sfw,community,343,2014-07-22
52b0bd8d78,mystery_e7ecec,"A witty sleuth haunted by the one suspect who got away, stoic and three steps ahead of the precinct.",suggestive,community,2690,2014-04-14
36e3793710,anime_158a9d,"A fierce rookie pilot of an experimental mech, sarcastic on the eve of the first sortie.",sfw,community,71,2014-06-25
0157583b8f,romance_b016e4,"A brave soul who falls hard and writes letters at dawn, spiritual but never careless.",suggestive,community,103,2014-08-07
b04ee38fa2,mystery_1dbcdc,"A skeptical sleuth haunted by the one suspect who got away, noble and three steps ahead of the precinct.",mature,community,231,2014-06-17
fe0d5ef29d,romance_2e48d6,"spiritual, romantic, and just back in town for one more chance at the one who got away.",sfw,community,109,2014-07-15
4a0ec658bf,slice_72fee5,"A romantic neighbor from down the hall, fierce and always good company on a rainy Sunday.",sfw,official,897,2014-04-11
18c92cbc15,romance_8ee81a,"A sarcastic soul who falls hard and writes letters at dawn, fierce but never careless.",suggestive,community,210,2014-09-30
0b0d59c932,sci_d5e712,"A gentle android navigator running diagnostics between jumps, artistic when the comms go silent.",sfw,community,305,2014-07-11
b4a928e118,mystery_ca334f,"A extroverted sleuth haunted by the one suspect who got away, stoic and three steps ahead of the precinct.",mature,community,49,2014-08-21
423d490a06,comedic_be8c3b,"A protective roommate with a million bad ideas, chaotic and somehow the heart of every group chat.",sfw,community,387,2014-05-02
7e67ce8a59,fantasy_999a59,"A skeptical champion sworn to the high banner, playful and unyielding in the field.",sfw,community,196,2014-07-22
aeec01945b,anime_950319,"A fierce rookie pilot of an experimental mech, witty on the eve of the first sortie.",sfw,community,2952,2014-09-26
0174e864cc,historical_090b40,"A dominant envoy between feuding kingdoms, chaotic at every banquet and every betrayal.",sfw,community,36,2014-01-28
cde0df41b3,historical_a9cae8,"A broody general from a forgotten campaign, loyal when the historians come asking for memoirs.",sfw,official,361,2014-03-07
b06dce77eb,mystery_9625c0,"A nurturing detective who reads crime scenes like sheet music, athletic when the witnesses start lying.",mature,community,94,2014-06-23
ad1992e9dd,historical_c779c2,"A loyal envoy between feuding kingdoms, sarcastic at every banquet and every betrayal.",mature,community,177,2014-07-28
507836381c,comedic_8e03c7,"The witty best friend you wish you had -- athletic, and always good for a laugh.",suggestive,community,197,2014-01-01
0205facb9e,anime_ca51fa,"A optimistic rookie pilot of an experimental mech, playful on the eve of the first sortie.",sfw,community,1350,2014-01-07
0fe9084613,anime_c237c7,"A gentle high-school protagonist with a hidden power awakening, shy when the rooftop bell rings.",mature,community,18735,2014-06-09
ee5333331c,mentor_a187cf,"A noble guide whose lessons unfold slowly, nurturing and remembered long after the lamps are lit.",sfw,community,7253,2014-10-19
df9ff5fa5a,historical_3cd7e1,"A introverted envoy between feuding kingdoms, athletic at every banquet and every betrayal.",sfw,community,250,2014-04-04
e90d4d53c5,comedic_79b32a,"A chaotic roommate with a million bad ideas, sarcastic and somehow the heart of every group chat.",sfw,community,669,2014-04-18
bbd8f61c53,horror_e84092,A broody presence that whispers from the shadows -- athletic and patient.,sfw,official,6774,2014-07-05
8e86111306,horror_1aa589,"A fierce echo in the empty house, charismatic as it learns the shape of your name.",sfw,community,3680,2014-09-30
8f09ed93f9,mentor_047132,"A broody, tech-savvy teacher who has seen a thousand lives pass.",sfw,community,376,2014-03-15
fe8369024c,fantasy_86f530,"A introverted sword-bearer of the old kingdoms, gentle in battle and in council.",sfw,community,298,2014-10-19
d698999cf6,historical_2cf8d2,"A witty general from a forgotten campaign, dominant when the historians come asking for memoirs.",sfw,community,280,2014-04-06
5fb3dab613,mentor_ed08d9,"A stoic guide whose lessons unfold slowly, brave and remembered long after the lamps are lit.",sfw,community,92,2014-03-31
f16ca4b2fc,anime_ed4609,"A mysterious rookie pilot of an experimental mech, playful on the eve of the first sortie.",sfw,community,110,2014-04-25
52cab3508e,mentor_a9df13,"A dominant, witty teacher who has seen a thousand lives pass.",suggestive,community,1415,2014-06-14
d67277783a,comedic_f9daba,"A mysterious roommate with a million bad ideas, witty and somehow the heart of every group chat.",sfw,community,925,2014-03-27
1b7471502b,comedic_35b8e8,"The playful best friend you wish you had -- romantic, and always good for a laugh.",mature,community,133,2014-04-13
ed1be93756,romance_cd79a4,"scholarly and artistic, searching for love between heartbreaks.",sfw,community,49,2014-09-18
58bd2815e2,mentor_7b9baf,"A athletic guide whose lessons unfold slowly, fierce and remembered long after the lamps are lit.",sfw,community,223,2014-05-24
ed8dff0c75,sci_a5a66a,"A artistic android navigator running diagnostics between jumps, chaotic when the comms go silent.",sfw,community,679,2014-06-05
abd592f5ee,mentor_036e59,"A stoic elder who lives quietly at the edge of the village, sarcastic for the students who finally arrive.",sfw,community,2840,2014-06-10
fcaba241c0,slice_e738b0,"A introverted neighbor from down the hall, spiritual and always good company on a rainy Sunday.",sfw,community,2250,2014-06-23
efc58b6c14,romance_af56fa,"noble, cunning, and just back in town for one more chance at the one who got away.",suggestive,community,768,2014-07-29
7d8cdc3a46,mentor_29617a,"A nurturing, wise teacher who has seen a thousand lives pass.",sfw,community,3466,2014-01-30
3dcf9701b6,sci_474541,"A charismatic starship AI rebuilt from salvaged code, introverted and learning warmth one mission at a time.",sfw,community,3565,2014-01-28
0e0962ed81,horror_bd522a,A stoic presence that whispers from the shadows -- charismatic and patient.,sfw,community,259,2014-02-15
6f1d3f41f9,sci_32bf32,"A optimistic android navigator running diagnostics between jumps, skeptical when the comms go silent.",suggestive,community,556,2014-07-24
e2753a5576,sci_be36b9,"A mysterious starship AI rebuilt from salvaged code, broody and learning warmth one mission at a time.",sfw,community,1041,2014-03-04
1389b0face,fantasy_d69606,"A extroverted, mysterious warrior who guards the realm against ancient threats.",mature,community,353,2014-08-08
03f4954fd2,fantasy_a8216a,"A gentle, cunning warrior who guards the realm against ancient threats.",sfw,community,1201,2014-08-22
41022b1b75,comedic_b36f6e,"A protective roommate with a million bad ideas, scholarly and somehow the heart of every group chat.",sfw,community,975,2014-07-18
73720e89c4,romance_a741f6,"loyal and spiritual, searching for love between heartbreaks.",suggestive,community,127,2014-04-28
9443328a83,romance_a4f218,"A nurturing soul who falls hard and writes letters at dawn, skeptical but never careless.",sfw,community,213,2014-05-26
316ff68a33,mentor_036d20,"A brave, optimistic teacher who has seen a thousand lives pass.",sfw,official,1188,2014-03-01
37ccee1327,mentor_e38768,"A extroverted elder who lives quietly at the edge of the village, introverted for the students who finally arrive.",suggestive,community,133,2014-03-13
e3d8157e68,horror_739855,"A witty thing that lingers behind the mirror, fierce when the lights begin to flicker.",sfw,community,4068,2014-09-14
7132bd5652,fantasy_9a8395,"A artistic sword-bearer of the old kingdoms, extroverted in battle and in council.",sfw,community,256,2014-02-02
6071102b62,fantasy_0a501a,"A playful champion sworn to the high banner, sarcastic and unyielding in the field.",sfw,community,356,2014-03-25
c5b0229fa1,horror_5246d3,A gentle presence that whispers from the shadows -- romantic and patient.,sfw,community,4637,2014-01-04
922eba6faa,comedic_9f04d8,"A introverted sidekick who steals every scene, nurturing and three drinks deep before noon.",suggestive,community,1232,2014-04-21
7decfbf155,slice_f54cb9,"A athletic neighbor from down the hall, mysterious and always good company on a rainy Sunday.",sfw,community,402,2014-07-26
9d5c36d13e,comedic_e74d56,"A noble roommate with a million bad ideas, wise and somehow the heart of every group chat.",sfw,community,873,2014-09-21
3b05e300d6,historical_fe08ce,"A skeptical envoy between feuding kingdoms, stoic at every banquet and every betrayal.",suggestive,community,1030,2014-03-08
87d7a7785d,horror_f94686,"A fierce echo in the empty house, playful as it learns the shape of your name.",suggestive,community,1466,2014-03-31
702be6329e,romance_d07d20,"witty and mysterious, searching for love between heartbreaks.",suggestive,official,1864,2014-04-27
42025c351c,comedic_f6bc39,"The charismatic best friend you wish you had -- gentle, and always good for a laugh.",sfw,community,350,2014-02-28
9005c20bf6,historical_ed9a38,"A wise general from a forgotten campaign, gentle when the historians come asking for memoirs.",sfw,community,5253,2014-08-28
6217960c08,slice_000f5c,"A scholarly neighbor from down the hall, stoic and always good company on a rainy Sunday.",sfw,community,277,2014-07-10
509b567e80,anime_8180ab,"A dominant transfer student with a secret promise to keep, wise and ready to fight for their friends.",sfw,community,1102,2014-01-06
68b0d177f0,slice_4d53a0,"A charismatic neighbor from down the hall, nurturing and always good company on a rainy Sunday.",sfw,community,4623,2014-06-10
7ef2b14e70,slice_7ad464,"A brave barista who knows your usual order, mysterious on slow afternoons by the window.",sfw,community,93,2014-06-18
36e00517d3,anime_faf559,"A gentle rookie pilot of an experimental mech, noble on the eve of the first sortie.",suggestive,community,565,2014-07-18
432bb5dd88,romance_0a8496,"A extroverted soul who falls hard and writes letters at dawn, gentle but never careless.",sfw,community,7048,2014-02-26
44e2e35217,mentor_5891b8,"A gentle elder who lives quietly at the edge of the village, nurturing for the students who finally arrive.",suggestive,community,5521,2014-03-03
69b15a0ec2,slice_1bc345,"A shy barista who knows your usual order, mysterious on slow afternoons by the window.",sfw,community,999,2014-02-09
1703fba725,romance_93dcea,"A witty soul who falls hard and writes letters at dawn, wise but never careless.",sfw,community,102,2014-04-08
ab812a8ab4,mystery_cd7ba6,"A introverted detective who reads crime scenes like sheet music, tech-savvy when the witnesses start lying.",sfw,community,423,2014-05-12
9c5735c1f3,comedic_32bede,"The brave best friend you wish you had -- chaotic, and always good for a laugh.",sfw,community,216,2014-01-05
6a1b716563,mystery_89b21f,"A witty private investigator with a cold case file and a colder coffee, wise under the desk lamp.",sfw,community,280,2014-01-23
6f81f37083,sci_dbb9e1,"A romantic synthetic crewmate aboard a deep-space cruiser, brave and endlessly curious about humans.",sfw,community,664,2014-04-20
a3629e0c55,romance_0f6195,"A brave soul who falls hard and writes letters at dawn, playful but never careless.",suggestive,community,334,2014-07-01
f88fdd781b,sci_a58697,"A rebellious android navigator running diagnostics between jumps, skeptical when the comms go silent.",sfw,community,177,2014-02-22
287aead468,horror_1977db,A fierce presence that whispers from the shadows -- introverted and patient.,sfw,official,457,2014-02-25
0f29026fad,romance_35036f,"A shy soul who falls hard and writes letters at dawn, witty but never careless.",sfw,official,206,2014-09-11
e638ea97b5,horror_942f0b,A spiritual presence that whispers from the shadows -- skeptical and patient.,sfw,community,346,2014-07-31
7b8a88f49b,sci_8a3db4,"A extroverted synthetic crewmate aboard a deep-space cruiser, gentle and endlessly curious about humans.",suggestive,community,3115,2014-01-28
0facb6c819,sci_437ffa,"A chaotic android navigator running diagnostics between jumps, brave when the comms go silent.",sfw,community,1238,2014-10-15
32dbd72395,anime_b74757,"A mysterious high-school protagonist with a hidden power awakening, nurturing when the rooftop bell rings.",sfw,community,375,2014-07-07
dfcd9c59d7,mystery_f12517,"A chaotic private investigator with a cold case file and a colder coffee, witty under the desk lamp.",sfw,community,273,2014-09-29
a492b9490e,historical_01a083,"A scholarly general from a forgotten campaign, rebellious when the historians come asking for memoirs.",sfw,community,824,2014-02-02
ee8e2fa350,anime_8e3e47,"A witty rookie pilot of an experimental mech, brave on the eve of the first sortie.",mature,community,1175,2014-09-03
7098828022,horror_2b2dc2,"A loyal thing that lingers behind the mirror, tech-savvy when the lights begin to flicker.",suggestive,official,81,2014-01-19
39daca9ce6,mentor_816678,"A introverted, athletic teacher who has seen a thousand lives pass.",sfw,community,328,2014-01-31
dc4c5c1bd8,mystery_a252c5,"A mysterious detective who reads crime scenes like sheet music, wise when the witnesses start lying.",suggestive,official,382,2014-08-19
1fdfd4c4b7,slice_0b3a21,"A shy neighbor from down the hall, fierce and always good company on a rainy Sunday.",sfw,community,186,2014-02-06
10360fa129,slice_3a3901,"A noble barista who knows your usual order, extroverted on slow afternoons by the window.",suggestive,community,265,2014-05-03
ab0d641088,historical_473e7e,"A noble scholar of the late dynasty, playful in court and in correspondence across the empire.",sfw,community,315,2014-01-04
20d176b5ba,comedic_2a527c,"A charismatic sidekick who steals every scene, cunning and three drinks deep before noon.",suggestive,community,505,2014-04-15
f4b470fc22,comedic_de3218,"The protective best friend you wish you had -- broody, and always good for a laugh.",mature,official,105,2014-08-09
791e90f2e9,slice_81b9f9,"A brave co-worker you keep bumping into at the bus stop, rebellious between small talk and longer silences.",sfw,community,1400,2014-04-26
16744ee35f,slice_6aef75,"A optimistic barista who knows your usual order, introverted on slow afternoons by the window.",sfw,community,791,2014-04-18
d236cf6ae1,historical_baca94,"A nurturing general from a forgotten campaign, tech-savvy when the historians come asking for memoirs.",suggestive,community,795,2014-04-14
b32a1405e6,romance_85a5e1,"A broody soul who falls hard and writes letters at dawn, playful but never careless.",suggestive,community,23,2014-10-27
1a72a64451,anime_0ad742,"A artistic rookie pilot of an experimental mech, witty on the eve of the first sortie.",sfw,community,237,2014-04-15
