id,hour,click,banner_pos,site_id,site_domain,site_category,app_id,app_domain,app_category,device_id,device_ip,device_model,device_type,device_conn_type,C1,C14,C15,C16,C17,C18,C19,C20,C21,character_id,conversation_turn,session_msg_count
12351885679770025507,14102100,0,1,e59ef3fc,0a4015b2,335d28a8,ecad2386,7801e8d9,07d7df22,a99f214a,c5b1653d,7ac6007f,1,2,1005,18993,320,50,2161,0,35,-1,157,99a9d9a4c4,17,17
13140396868917262062,14102100,0,0,cd58172f,b9c4ab81,f028772b,ecad2386,7801e8d9,07d7df22,a99f214a,a60bc6a3,c02433d4,1,0,1005,18993,320,50,2161,0,35,-1,157,2659d8c40a,2,4
1412897205791155600,14102100,0,0,1fbe01fe,f3845767,28905ebd,ecad2386,7801e8d9,07d7df22,a99f214a,0fb4b52c,d787e91b,1,0,1005,15706,320,50,1722,0,35,-1,79,2eb3e54d78,20,27
14195937844762865138,14102100,0,0,7294ea0f,863fa89d,3e814130,ecad2386,7801e8d9,07d7df22,a99f214a,23cbace5,5096d134,1,0,1005,20362,320,50,2333,0,39,-1,157,b40e71b924,9,17
14955163027567035813,14102100,0,0,d9750ee7,98572c79,f028772b,ecad2386,7801e8d9,07d7df22,a99f214a,c6563308,d5db24c3,1,0,1005,17914,320,50,2043,2,39,-1,32,04dfb1dd2c,8,8
15845839919642378656,14102100,0,1,85f751fd,c4e18dd6,50e219e0,c7f29df3,7801e8d9,0f2161f8,31da1bd0,a2405be5,ef726eae,4,0,1010,21665,320,50,2493,3,35,-1,117,7108f3b791,6,13
1614094412023657010,14102100,0,0,1fbe01fe,f3845767,28905ebd,ecad2386,7801e8d9,07d7df22,a99f214a,ce9db432,158e4944,1,0,1005,15705,320,50,1722,0,35,100084,79,8ba14fff49,1,10
2196028046974734126,14102100,0,1,43d6df75,27e3c518,28905ebd,ecad2386,7801e8d9,07d7df22,a99f214a,ad678560,c4cff2ea,1,0,1005,15706,320,50,1722,0,35,-1,79,6dcf90a165,3,5
3377890103642970081,14102100,0,0,1fbe01fe,f3845767,28905ebd,ecad2386,7801e8d9,07d7df22,a99f214a,d6c05740,4ea23a13,1,0,1005,15708,320,50,1722,0,35,100084,79,1ab5872376,1,3
382972702739063956,14102100,0,0,85f751fd,c4e18dd6,50e219e0,1779deee,2347f47a,f95efa07,a99f214a,064572b3,a1a7a957,1,0,1005,18993,320,50,2161,0,35,100166,157,638d4844ab,1,1
4049008908382579683,14102100,0,0,5b787406,f3ca2e42,50e219e0,ecad2386,7801e8d9,07d7df22,7733f2bf,d2516010,766b28b3,0,0,1002,21705,320,50,2497,3,43,100151,42,af387ec9c5,8,11
4563386857755590934,14102100,0,0,93eaba74,7687a86e,3e814130,ecad2386,7801e8d9,07d7df22,a99f214a,50e0cd92,ff0f1aca,1,0,1005,19015,300,250,2162,2,39,-1,33,20679abeb1,2,2
571051183962764121,14102100,0,0,85f751fd,c4e18dd6,50e219e0,bbcfa7a2,b9528b13,cef3e649,fb119767,55255a05,5e12edef,1,2,1005,20596,320,50,2161,0,35,100128,157,16744ee35f,6,6
8645284598922530092,14102100,1,1,d9750ee7,98572c79,f028772b,ecad2386,7801e8d9,07d7df22,a99f214a,64e932c5,ad0177e7,1,0,1005,17753,320,50,1993,2,1063,100084,33,d20e4f5d51,2,2
8730684228761013187,14102100,0,0,fefe6fb9,4427d823,f028772b,ecad2386,7801e8d9,07d7df22,a99f214a,57e820f8,76dc4769,1,0,1005,20366,320,50,2333,0,39,-1,157,9d5c36d13e,1,6
8773326048787431868,14102100,0,0,1fbe01fe,f3845767,28905ebd,ecad2386,7801e8d9,07d7df22,a99f214a,7f791cd1,c6263d8a,1,0,1005,15703,320,50,1722,0,35,-1,79,604a8316cf,2,2
8866912885700353496,14102100,1,0,1fbe01fe,f3845767,28905ebd,ecad2386,7801e8d9,07d7df22,a99f214a,828d4f98,d787e91b,1,0,1005,15705,320,50,1722,0,35,-1,79,17b309d40c,3,11
9041715893063572630,14102100,0,0,1bf0f8d0,e2e5d9f1,335d28a8,ecad2386,7801e8d9,07d7df22,a99f214a,b4eedf6a,07df03b2,1,0,1005,18993,320,50,2161,0,35,-1,157,930d4243e8,3,8
924504135161801176,14102100,0,0,85f751fd,c4e18dd6,50e219e0,d1f14f7d,ae637522,8ded1f7a,a99f214a,dfd50805,289f5dac,1,2,1005,21611,320,50,2480,3,297,100111,61,7dbd0c8edd,10,12
10010413941733319663,14102101,0,0,d9750ee7,98572c79,f028772b,ecad2386,7801e8d9,07d7df22,a99f214a,59ac940d,d787e91b,1,0,1005,17914,320,50,2043,2,39,-1,32,4fdc7839a0,7,8
1018196476889250531,14102101,1,0,1fbe01fe,f3845767,28905ebd,ecad2386,7801e8d9,07d7df22,a99f214a,75383a8d,e9b8d8d7,1,0,1005,15707,320,50,1722,0,35,100084,79,7ef4d3550e,7,22
13318378345415048571,14102101,0,1,85f751fd,c4e18dd6,50e219e0,615ee83a,7801e8d9,0f2161f8,070404c0,c431adcb,f07e20f8,4,0,1010,21665,320,50,2493,3,35,-1,117,eb786d87d8,4,10
1344495344949700017,14102101,0,0,85f751fd,c4e18dd6,50e219e0,febd1138,82e27996,0f2161f8,a99f214a,26308e33,d056b4bf,1,0,1005,20508,320,50,2351,3,163,100020,61,8cc6d7d094,11,11
14049856097321928173,14102101,0,0,1fbe01fe,f3845767,28905ebd,ecad2386,7801e8d9,07d7df22,a99f214a,1ab05f5f,1f0bc64f,1,0,1005,6616,320,50,576,2,35,100130,32,83bdb4dbef,2,4
17409716868597250072,14102101,0,1,85f751fd,c4e18dd6,50e219e0,f7dd00ec,7801e8d9,0f2161f8,1838d406,adcb08ec,f07e20f8,4,0,1010,21665,320,50,2493,3,35,-1,117,551a71008c,2,2
17561742199489854931,14102101,1,1,856e6d3f,58a89a43,f028772b,ecad2386,7801e8d9,07d7df22,a99f214a,a347aa6a,a0f5f879,1,0,1005,16208,320,50,1800,3,167,100077,23,1a393ffbab,1,2
2005036779719199242,14102101,0,0,85f751fd,c4e18dd6,50e219e0,2f6efcf2,813f3323,0f2161f8,a99f214a,156678da,ae7d30c3,1,0,1005,21611,320,50,2480,3,297,100111,61,c04afb1c5c,23,23
2626575124364464898,14102101,0,0,1fbe01fe,f3845767,28905ebd,ecad2386,7801e8d9,07d7df22,a99f214a,19257197,c6263d8a,1,0,1005,15708,320,50,1722,0,35,-1,79,5b25838ebf,6,21
5257877559396543472,14102101,0,1,43d6df75,27e3c518,28905ebd,ecad2386,7801e8d9,07d7df22,a99f214a,1282a3fc,cb82c508,1,0,1005,15706,320,50,1722,0,35,-1,79,7e77f4476d,2,4
5918203685576073008,14102101,0,0,1fbe01fe,f3845767,28905ebd,ecad2386,7801e8d9,07d7df22,a99f214a,fe8d56be,1ccc7835,1,0,1005,15702,320,50,1722,0,35,100084,79,7bb5351c35,4,17
8121674205199118398,14102101,0,0,1fbe01fe,f3845767,28905ebd,ecad2386,7801e8d9,07d7df22,a99f214a,af43cbfa,711ee120,1,0,1005,15706,320,50,1722,0,35,-1,79,4a60be617c,1,3
842161603686837137,14102101,0,0,1fbe01fe,f3845767,28905ebd,ecad2386,7801e8d9,07d7df22,a99f214a,7fa5e074,ecb851b2,1,0,1005,15708,320,50,1722,0,35,-1,79,3efe171afc,13,41
8603623910372949967,14102101,0,1,098e18a3,b93564ec,3e814130,ecad2386,7801e8d9,07d7df22,a99f214a,e6587792,d787e91b,1,0,1005,13778,320,50,1447,2,47,100077,13,bb85e767b6,6,9
8761749671337585889,14102101,0,1,856e6d3f,58a89a43,f028772b,ecad2386,7801e8d9,07d7df22,a99f214a,ee45706e,1ebc7efd,1,0,1005,15705,320,50,1722,0,35,100084,79,2bc0ef2d4e,3,4
887776680963094841,14102101,0,0,518d6168,92c9e92d,f028772b,ecad2386,7801e8d9,07d7df22,a99f214a,6f1bb009,1f0bc64f,1,0,1005,18993,320,50,2161,0,35,-1,157,44e2e35217,15,15
9237179476382558252,14102101,0,0,1fbe01fe,f3845767,28905ebd,ecad2386,7801e8d9,07d7df22,a99f214a,5fdf8f0a,c6263d8a,1,0,1005,15707,320,50,1722,0,35,-1,79,966e8e2279,14,16
9298124754946890259,14102101,0,0,85f751fd,c4e18dd6,50e219e0,5adb10d9,2347f47a,cef3e649,a99f214a,9a8ab7a7,ac221d6c,1,2,1005,19251,320,50,2201,3,35,100041,43,afc5a94bfb,13,16
9602021634479381531,14102101,0,0,1fbe01fe,f3845767,28905ebd,ecad2386,7801e8d9,07d7df22,a99f214a,6bb165e9,f39b265e,1,0,1005,15701,320,50,1722,0,35,-1,79,d401d3da91,2,9
1015379332783784073,14102102,0,0,1fbe01fe,f3845767,28905ebd,ecad2386,7801e8d9,07d7df22,a99f214a,431b3174,8a4875bd,1,0,1005,15704,320,50,1722,0,35,-1,79,949b9e042d,3,4
11146443351101802939,14102102,0,1,856e6d3f,58a89a43,f028772b,ecad2386,7801e8d9,07d7df22,a99f214a,827b4b2d,be6db1d7,1,0,1005,16208,320,50,1800,3,167,100075,23,b3984716bf,1,3
11867586244229822204,14102102,0,0,cd58172f,b9c4ab81,f028772b,ecad2386,7801e8d9,07d7df22,a99f214a,fbaa3d8b,40e413a8,1,0,1005,21647,320,50,2487,1,547,100013,51,03f4954fd2,1,1
12049274495096626179,14102102,0,0,85f751fd,c4e18dd6,50e219e0,a0a45985,885c7f3f,0f2161f8,a99f214a,b7c66903,fdeb8df5,1,0,1005,21647,320,50,2487,1,547,-1,51,6a117d3bd5,8,13
12388918989386793188,14102102,0,1,e151e245,7e091613,f028772b,ecad2386,7801e8d9,07d7df22,a99f214a,235dacaa,8a4875bd,1,0,1005,15701,320,50,1722,0,35,-1,79,41f6f0ea32,1,10
12470511826472860369,14102102,0,1,16c73019,8025317b,28905ebd,ecad2386,7801e8d9,07d7df22,a99f214a,5ec7aaaa,7648431e,1,0,1005,20153,320,50,2307,3,163,100020,61,060dabcc70,28,50
12719517651411361999,14102102,0,1,e151e245,7e091613,f028772b,ecad2386,7801e8d9,07d7df22,a99f214a,23117f8f,3f3d3fa8,1,0,1005,19251,320,50,2201,3,35,-1,43,00110bfc30,1,4
12976342295348109015,14102102,0,0,85f751fd,c4e18dd6,50e219e0,5a8b2345,2347f47a,0f2161f8,78d7bb72,e7fa0458,ab5132f6,1,0,1005,21611,320,50,2480,3,297,100111,61,bf3e82875a,5,6
13829588141833113888,14102102,0,1,5ee41ff2,17d996e6,f028772b,ecad2386,7801e8d9,07d7df22,a99f214a,018f35e3,5ec45883,1,0,1005,16920,320,50,1899,0,431,100074,117,bafa2c7b2e,8,9
14253066622006212060,14102102,1,1,d9750ee7,98572c79,f028772b,ecad2386,7801e8d9,07d7df22,a99f214a,f258f869,fd1ab1f0,1,0,1005,17614,320,50,1993,2,1063,100084,33,bb75f9a6ba,1,2
14918309959095023767,14102102,0,0,85f751fd,c4e18dd6,50e219e0,396df801,2347f47a,0f2161f8,a99f214a,ec307739,1f0bc64f,1,0,1005,21647,320,50,2487,1,547,-1,51,9faeb1b19b,3,29
14970558221415527649,14102102,0,0,1fbe01fe,f3845767,28905ebd,ecad2386,7801e8d9,07d7df22,a99f214a,239dce4c,3bd9e8e7,1,0,1005,15704,320,50,1722,0,35,100084,79,2bc3c46ea7,6,6
14975164719755459740,14102102,0,0,85f751fd,c4e18dd6,50e219e0,39947756,2347f47a,cef3e649,a8154ef1,0cd11e52,a9fb0439,1,3,1005,21647,320,50,2487,1,547,-1,51,fcb496ba52,2,8
15461023048137348488,14102102,0,0,85f751fd,c4e18dd6,50e219e0,e8f785ac,7801e8d9,dc97ec06,60444ff5,9a7792ba,cba8c0ed,1,0,1005,20476,320,50,2348,3,427,100005,61,3176816002,9,31
16117889306100787778,14102102,0,1,93de26ae,7d05db75,335d28a8,ecad2386,7801e8d9,07d7df22,a99f214a,515072ed,e043f7b2,1,0,1005,21647,320,50,2487,1,547,100130,51,a6c0b46937,29,43
16987111298408174863,14102102,0,0,1fbe01fe,f3845767,28905ebd,ecad2386,7801e8d9,07d7df22,a99f214a,77f8e09d,81b42528,1,0,1005,15701,320,50,1722,0,35,100084,79,d0a73cc61a,1,5
1711428911956057336,14102102,0,0,1fbe01fe,f3845767,28905ebd,ecad2386,7801e8d9,07d7df22,a99f214a,d96efaee,8a4875bd,1,0,1005,15706,320,50,1722,0,35,-1,79,203741cab3,24,25
17120402275333367353,14102102,0,0,85f751fd,c4e18dd6,50e219e0,3cee27e1,d9b5648e,0f2161f8,a99f214a,4548e808,b4b19c97,1,0,1005,21611,320,50,2480,3,297,100111,61,5425ca1414,6,7
17829046046668714775,14102102,0,0,c74e86fb,7bd4e8cc,50e219e0,ecad2386,7801e8d9,07d7df22,419a5518,431b3174,23c526cf,0,0,1002,15705,320,50,1722,0,35,-1,79,44e2e35217,1,1
178346416659966250,14102102,0,0,85f751fd,c4e18dd6,50e219e0,8b89048f,2347f47a,cef3e649,3d03bca3,1fa4a67b,684581ce,1,2,1005,21647,320,50,2487,1,547,-1,51,6037339757,1,1
17894535612887956950,14102102,0,1,5114c672,3f2f3819,3e814130,ecad2386,7801e8d9,07d7df22,a99f214a,6bee3dfe,d787e91b,1,0,1005,19771,320,50,2227,0,687,-1,48,ee5333331c,1,1
2323859643870208604,14102102,0,0,85f751fd,c4e18dd6,50e219e0,febd1138,82e27996,0f2161f8,a99f214a,020d0d9b,d056b4bf,1,0,1005,21611,320,50,2480,3,297,100111,61,9f11afa7ac,18,27
2738381594175665189,14102102,1,0,1fbe01fe,f3845767,28905ebd,ecad2386,7801e8d9,07d7df22,a99f214a,a8667eb0,a0f5f879,1,0,1005,15702,320,50,1722,0,35,-1,79,3fef52d9ff,2,4
3001066888760641046,14102102,0,0,85f751fd,c4e18dd6,50e219e0,5719d42b,ae637522,f95efa07,a99f214a,1ffd4b00,cf28826a,1,0,1005,21647,320,50,2487,1,547,-1,51,674e439ac4,1,21
3421278748007763541,14102102,0,1,fe8cc448,9166c161,0569f928,ecad2386,7801e8d9,07d7df22,a99f214a,e5cbacad,0fadd2fe,1,0,1005,18993,320,50,2161,0,35,-1,157,9783f43f2a,1,4
518434308762651587,14102102,0,0,9b971c93,c1aa3c04,f028772b,ecad2386,7801e8d9,07d7df22,a99f214a,f0139221,6f21a189,1,0,1005,8330,320,50,761,3,175,100074,23,c80da579ae,10,12
5596251157262572044,14102102,0,0,1fbe01fe,f3845767,28905ebd,ecad2386,7801e8d9,07d7df22,a99f214a,edb03195,8a4875bd,1,0,1005,15702,320,50,1722,0,35,-1,79,8a2fe2b4be,1,4
5732785149045513441,14102102,1,1,e151e245,7e091613,f028772b,ecad2386,7801e8d9,07d7df22,a99f214a,964835c3,1f0bc64f,1,0,1005,17037,320,50,1934,2,39,-1,16,8ab43b066c,8,12
6441913748320791205,14102102,1,0,5b08c53b,7687a86e,3e814130,ecad2386,7801e8d9,07d7df22,a99f214a,89660a8a,6afc734f,1,0,1005,20019,300,250,2286,3,39,100077,23,b57f24fbb6,4,4
7038145964629520705,14102102,1,1,7dd19f44,9690165f,f028772b,ecad2386,7801e8d9,07d7df22,a99f214a,2a748499,744ae245,1,0,1005,20596,320,50,2161,0,35,-1,157,bd527c4842,42,54
870816121896160081,14102102,1,1,d9750ee7,98572c79,f028772b,ecad2386,7801e8d9,07d7df22,a99f214a,a4afe726,04f5b394,1,0,1005,17753,320,50,1993,2,1063,-1,33,f3b1d89a1e,3,13
909251896901155631,14102102,0,0,85f751fd,c4e18dd6,50e219e0,3c4b944d,2347f47a,0f2161f8,32e5e8b8,75bcc44d,e8811b1f,1,0,1005,21647,320,50,2487,1,547,100021,51,6c3c798f24,12,18
9735352876117212159,14102102,0,0,686546d3,9d54950b,f028772b,ecad2386,7801e8d9,07d7df22,a99f214a,3476b871,9e3836ff,1,0,1005,21647,320,50,2487,1,547,-1,51,4027a20202,16,27
9884691263680757270,14102102,0,1,5b4d2eda,16a36ef3,f028772b,ecad2386,7801e8d9,07d7df22,a99f214a,faaa3c99,d787e91b,1,0,1005,19950,320,50,1800,3,167,100081,23,823f09fc9f,1,20
9944404868302110754,14102102,0,0,85f751fd,c4e18dd6,50e219e0,39947756,2347f47a,cef3e649,4fea132f,8b0c4dd9,31f63ca2,1,3,1005,21647,320,50,2487,1,547,100021,51,0dd1e0f842,4,8
11148875902228548362,14102103,0,1,d9750ee7,98572c79,f028772b,ecad2386,7801e8d9,07d7df22,a99f214a,58115efb,ad0177e7,1,0,1005,17753,320,50,1993,2,1063,-1,33,f437171806,9,15
11665533075496217336,14102103,0,0,85f751fd,c4e18dd6,50e219e0,d33d55c4,d9b5648e,0f2161f8,a99f214a,40f43300,b4b19c97,1,0,1005,21611,320,50,2480,3,299,100111,61,8cc6d7d094,9,16
12826333446785520508,14102103,1,0,a7563c35,2471bfbc,3e814130,ecad2386,7801e8d9,07d7df22,a99f214a,3b7e6b9b,945dd5c4,1,0,1005,6616,320,50,576,2,35,100130,32,a150b49a85,23,36
14655840956900952944,14102103,0,1,e151e245,7e091613,f028772b,ecad2386,7801e8d9,07d7df22,a99f214a,77c1cb1c,81892725,1,0,1005,17014,320,50,1872,3,39,100173,23,7d5cc63cd9,3,8
1497767839413942853,14102103,0,0,1fbe01fe,f3845767,28905ebd,ecad2386,7801e8d9,07d7df22,a99f214a,f8137b6f,1aa0e912,1,0,1005,15706,320,50,1722,0,35,-1,79,768f5924e3,7,8
15088064683709184772,14102103,0,5,85f751fd,c4e18dd6,50e219e0,3366d26c,7801e8d9,07d7df22,414601be,e02aa1ba,8453abb9,1,0,1008,21611,320,50,2480,3,297,100111,61,41fbb32951,2,5
16167971140856440554,14102103,0,0,bb4524e7,d733bbc3,28905ebd,ecad2386,7801e8d9,07d7df22,a99f214a,ec1d29da,8f5c9827,1,0,1005,19251,320,50,2201,3,35,100074,43,61ab42c23f,3,4
17443195250040511022,14102103,0,0,1fbe01fe,f3845767,28905ebd,ecad2386,7801e8d9,07d7df22,a99f214a,aa42be81,d787e91b,1,0,1005,15703,320,50,1722,0,35,-1,79,f1d813b4cc,15,18
1801702946633252947,14102103,0,0,85f751fd,c4e18dd6,50e219e0,683a547c,d9b5648e,0f2161f8,a99f214a,a6bf1b6d,f4fffcd0,1,0,1005,21611,320,50,2480,3,299,100111,61,35244ef14a,5,6
3559316163923211571,14102103,0,0,84c7ba46,c4e18dd6,50e219e0,ecad2386,7801e8d9,07d7df22,89b5aaa7,c422baa9,cf19f7f7,0,0,1002,21660,320,50,2446,3,171,100228,156,f39217048c,1,1
4175897744929375729,14102103,1,0,1fbe01fe,f3845767,28905ebd,ecad2386,7801e8d9,07d7df22,a99f214a,ff4f3dbb,c6263d8a,1,0,1005,15702,320,50,1722,0,35,-1,79,05c1f9b130,6,10
5451550652959825448,14102103,1,1,57fe1b20,5b626596,f028772b,ecad2386,7801e8d9,07d7df22,a99f214a,d30b7fc1,8a4875bd,1,0,1005,19950,320,50,1800,3,167,100075,23,56f18cc18e,24,45
5476799750840562280,14102103,0,1,80c7456b,7f1924b7,3e814130,ecad2386,7801e8d9,07d7df22,a99f214a,aa570c87,1f0bc64f,1,0,1005,16920,320,50,1899,0,431,100074,117,275770df34,8,9
5765876016883475368,14102103,0,0,85f751fd,c4e18dd6,50e219e0,65a1a0c4,f2f777fb,0f2161f8,a99f214a,ea47107b,f4fffcd0,1,0,1005,21611,320,50,2480,3,299,100111,61,5efbd8d8ee,34,53
5817376471993810430,14102103,0,0,1fbe01fe,f3845767,28905ebd,ecad2386,7801e8d9,07d7df22,a99f214a,652ed39d,1df52df3,1,0,1005,15707,320,50,1722,0,35,-1,79,15618573e2,1,2
6262743980378572307,14102103,0,0,85f751fd,c4e18dd6,50e219e0,e9739828,df32afa9,cef3e649,a99f214a,84c33eac,be74e6fe,1,0,1005,20003,320,50,2282,3,35,-1,117,2c9bddd44e,10,10
6459439358484206490,14102103,0,0,85f751fd,c4e18dd6,50e219e0,febd1138,82e27996,0f2161f8,a99f214a,7ff03edc,b4b19c97,1,0,1005,21611,320,50,2480,3,299,100111,61,b0c123d4ee,20,21
7240106646517877685,14102103,0,1,17caea14,0dde25ec,f028772b,ecad2386,7801e8d9,07d7df22,a99f214a,250ec094,aa3d4e52,1,0,1005,19950,320,50,1800,3,167,100074,23,f58581e319,3,4
8837355473489670890,14102103,0,0,85f751fd,c4e18dd6,50e219e0,5d74d2a4,2347f47a,f95efa07,a99f214a,e9d5636f,1f0bc64f,1,0,1005,20003,320,50,2282,3,35,-1,117,e0c813acc3,15,15
9736867003159390520,14102103,0,0,85f751fd,c4e18dd6,50e219e0,51cedd4e,aefc06bd,0f2161f8,a99f214a,72965b7a,e3bb76b5,1,0,1005,21611,320,50,2480,3,299,100111,61,531eab70b3,5,11
10205803449692683986,14102104,0,1,22d080df,6eb534a7,3e814130,ecad2386,7801e8d9,07d7df22,a99f214a,14bcf262,8b1aa260,1,0,1005,18993,320,50,2161,0,35,-1,157,d090d347d2,17,19
10527066895598208834,14102104,0,0,85f751fd,c4e18dd6,50e219e0,3692fd30,7801e8d9,07d7df22,56e18847,b7933112,99e427c9,1,0,1012,21611,320,50,2480,3,299,100111,61,df3243818e,11,33
10917090976689935473,14102104,0,1,e151e245,7e091613,f028772b,ecad2386,7801e8d9,07d7df22,a99f214a,ee618da4,158e4944,1,0,1005,17264,320,50,1872,3,39,-1,23,1389b0face,1,12
10966044891230476966,14102104,0,0,b03fedc9,eb88a226,f028772b,ecad2386,7801e8d9,07d7df22,a99f214a,3ab325f5,ecb851b2,1,0,1005,8330,320,50,761,3,175,100077,23,1a71182dcf,2,2
11217143013102927114,14102104,0,1,d9750ee7,98572c79,f028772b,ecad2386,7801e8d9,07d7df22,a99f214a,6b9769f2,8b1aa260,1,0,1005,17614,320,50,1993,2,1063,-1,33,b020a5347c,13,35
11807418822702814056,14102104,0,0,85f751fd,c4e18dd6,50e219e0,73206397,2347f47a,8ded1f7a,68eff667,a1cb5bcb,dc15c87e,1,2,1005,21647,320,50,2487,1,547,-1,51,31db0ce8a4,3,3
11831629270205770195,14102104,0,0,9b971c93,c1aa3c04,f028772b,ecad2386,7801e8d9,07d7df22,a99f214a,4e9264f4,5096d134,1,0,1005,19251,320,50,2201,3,35,-1,43,c3a232c75c,1,5
12383430025333179253,14102104,1,1,e151e245,7e091613,f028772b,ecad2386,7801e8d9,07d7df22,a99f214a,5988b60e,74de3ee6,1,0,1005,17747,320,50,1974,2,39,100020,33,18f6dd09db,8,9
12716411513261891168,14102104,0,0,85f751fd,c4e18dd6,50e219e0,2d869bee,d9b5648e,0f2161f8,a99f214a,6cad0388,99e427c9,1,0,1005,21611,320,50,2480,3,299,100111,61,4a0ec658bf,11,12
12756188482683387207,14102104,0,0,8dfecaca,9cef9343,3e814130,ecad2386,7801e8d9,07d7df22,a99f214a,25156e33,fce66524,1,0,1005,17239,320,50,1973,3,39,-1,23,00733abb27,5,17
1281302782334061275,14102104,0,1,20e2b21c,44f61852,3e814130,ecad2386,7801e8d9,07d7df22,a99f214a,b0d7d777,bd7ff5aa,1,0,1005,19251,320,50,2201,3,35,100076,43,bf3945dbc1,7,7
13197373498902117893,14102104,0,0,85f751fd,c4e18dd6,50e219e0,be7bbf93,2347f47a,cef3e649,038d8c1d,63527915,620fe843,1,0,1005,456,320,50,122,3,1319,-1,15,d67277783a,5,15
13211342020527674343,14102104,0,0,85f751fd,c4e18dd6,50e219e0,396df801,2347f47a,0f2161f8,a99f214a,d39a8446,1f0bc64f,1,0,1005,19251,320,50,2201,3,35,-1,43,8e813b94b8,2,7
13248458224205541302,14102104,0,1,8c788ce9,eac4567d,3e814130,ecad2386,7801e8d9,07d7df22,a99f214a,c7bed0b9,8b1aa260,1,0,1005,20596,320,50,2161,0,35,-1,157,db341721b5,1,2
14472890625444690440,14102104,0,0,e9ca7d40,98572c79,f028772b,ecad2386,7801e8d9,07d7df22,a99f214a,64fd1535,ad0177e7,1,0,1005,17653,300,250,1994,2,39,100084,33,c209e30e9f,3,35
14757182450309015526,14102104,1,1,85f751fd,c4e18dd6,50e219e0,c776ba2a,7801e8d9,0f2161f8,56ff92c3,b997c840,f07e20f8,4,0,1010,21310,320,50,2449,0,163,100105,91,b6521fd4be,8,8
14797853770542234303,14102104,0,0,6399eda6,968765cd,f028772b,ecad2386,7801e8d9,07d7df22,a99f214a,2bf6586a,a0f5f879,1,0,1005,19251,320,50,2201,3,35,-1,43,4faf063ccd,2,10
15344030518574814858,14102104,0,1,85f751fd,c4e18dd6,50e219e0,3867a01b,7801e8d9,0f2161f8,f633d785,50d23ec4,a5fbe35d,4,0,1010,21664,320,50,2492,3,35,-1,43,791e90f2e9,1,6
15379391007742281590,14102104,0,0,85f751fd,c4e18dd6,50e219e0,7e7baafa,2347f47a,0f2161f8,a99f214a,3c4f232d,d787e91b,1,0,1005,19251,320,50,2201,3,35,-1,43,4bacc2356c,2,3
16610533457798287179,14102104,0,0,4bf5bbe2,6b560cc1,28905ebd,ecad2386,7801e8d9,07d7df22,a99f214a,c3c72abd,ef726eae,1,0,1005,19665,320,50,2253,2,303,100105,52,4510cc3616,1,1
16712741372652290817,14102104,1,0,93eaba74,7687a86e,3e814130,ecad2386,7801e8d9,07d7df22,a99f214a,c3ea9a6f,84ebbcd4,1,0,1005,17653,300,250,1994,2,39,-1,33,b40e71b924,1,1
16730807545059483172,14102104,0,0,1fbe01fe,f3845767,28905ebd,ecad2386,7801e8d9,07d7df22,a99f214a,ceffea69,d787e91b,1,0,1005,15699,320,50,1722,0,35,-1,79,212f5c1ec0,1,1
17827474340538229261,14102104,0,0,85f751fd,c4e18dd6,50e219e0,c743495f,2347f47a,0f2161f8,a99f214a,a3542508,24f6b932,1,0,1005,21665,320,50,2493,3,35,-1,117,8c3e805ce0,3,12
2930822030327096390,14102104,0,1,93de26ae,7d05db75,335d28a8,ecad2386,7801e8d9,07d7df22,a99f214a,1d18b07c,89deac5a,1,2,1005,20003,320,50,2282,3,35,-1,117,ae54473298,1,4
3064530326620381027,14102104,0,0,85f751fd,c4e18dd6,50e219e0,197b4f7f,2347f47a,09481d60,fdbe1d44,c63e48c9,aa35da31,1,0,1005,19251,320,50,2201,3,35,100061,43,1098fe1a24,3,27
557207660124793257,14102104,0,1,b7e9786d,b12b9f85,f028772b,ecad2386,7801e8d9,07d7df22,a99f214a,7181ca29,d4897fef,1,0,1005,16208,320,50,1800,3,167,100075,23,c50cf3bbea,10,24
6078862716586709826,14102104,0,0,85f751fd,c4e18dd6,50e219e0,5e3f096f,2347f47a,0f2161f8,a99f214a,6b9769f2,81b42528,1,0,1005,20003,320,50,2282,3,35,-1,117,3f6433ceac,3,3
6188414995222001947,14102104,0,0,1fbe01fe,f3845767,28905ebd,ecad2386,7801e8d9,07d7df22,a99f214a,54596751,c6263d8a,1,0,1005,15703,320,50,1722,0,35,-1,79,68d685f6b2,18,28
6243639018370835490,14102104,1,1,6bdcda77,b0a0505f,72722551,ecad2386,7801e8d9,07d7df22,a99f214a,a1dc6eb1,8b1aa260,1,0,1005,20596,320,50,2161,0,35,-1,157,9c27789856,2,2
6379500203126718324,14102104,1,0,1fbe01fe,f3845767,28905ebd,ecad2386,7801e8d9,07d7df22,a99f214a,7e03091f,c144e605,1,0,1005,15701,320,50,1722,0,35,100084,79,c80da579ae,3,13
7311809095571685344,14102104,1,0,5b08c53b,7687a86e,3e814130,ecad2386,7801e8d9,07d7df22,a99f214a,50199b1e,c6263d8a,1,0,1005,17654,300,250,1994,2,39,-1,33,9d1f5b4006,14,18
7500222355330770077,14102104,1,1,e151e245,7e091613,f028772b,ecad2386,7801e8d9,07d7df22,a99f214a,46b1dc9f,1b13b020,1,0,1005,17014,320,50,1872,3,39,-1,23,423d490a06,6,13
8294042104045690489,14102104,1,0,1fbe01fe,f3845767,28905ebd,ecad2386,7801e8d9,07d7df22,a99f214a,96462a59,1f0bc64f,1,0,1005,15701,320,50,1722,0,35,-1,79,7a09625be3,1,1
9604018061501439523,14102104,0,1,0c2fe9d6,27e3c518,28905ebd,ecad2386,7801e8d9,07d7df22,a99f214a,9062fd37,6715887e,1,0,1005,6560,320,50,571,2,39,-1,32,4ac0eb2207,1,12
9620834463331419065,14102104,0,1,57fe1b20,5b626596,f028772b,ecad2386,7801e8d9,07d7df22,a99f214a,cda51be7,8a4875bd,1,0,1005,21153,320,50,2420,2,35,-1,69,4d5140fcc6,25,33
10405660912932301382,14102105,0,0,85f751fd,c4e18dd6,50e219e0,c743495f,2347f47a,0f2161f8,a99f214a,4bf81b24,00b1f3a7,1,0,1005,21664,320,50,2492,3,35,-1,43,3ee8040893,4,5
11997236848216842883,14102105,1,0,ac696ed4,c7dcd9d1,f66779e6,ecad2386,7801e8d9,07d7df22,a99f214a,f58722b6,5f45452b,1,0,1005,21684,320,50,2496,3,167,100200,23,ed1be93756,6,15
12757674143727771559,14102105,0,1,856e6d3f,58a89a43,f028772b,ecad2386,7801e8d9,07d7df22,a99f214a,1edf98cd,2203a096,1,0,1005,19950,320,50,1800,3,167,100079,23,573e3eb827,13,17
12914961336332288305,14102105,0,0,d6137915,bb1ef334,f028772b,ecad2386,7801e8d9,07d7df22,a99f214a,8f613c61,0eb711ec,1,0,1005,21664,320,50,2492,3,35,-1,43,abd592f5ee,14,22
13153507078075516498,14102105,0,0,85f751fd,c4e18dd6,50e219e0,3692fd30,7801e8d9,07d7df22,f7e04fb4,559f9ec8,aad45b01,1,0,1012,21611,320,50,2480,3,299,100111,61,8ea7ba3478,2,2
13341343377290831157,14102105,0,1,e151e245,7e091613,f028772b,ecad2386,7801e8d9,07d7df22,a99f214a,ba6bac5d,8a4875bd,1,0,1005,21679,320,50,2495,2,167,100079,23,fefe9d8feb,2,18
14379281093755539171,14102105,1,1,17caea14,0dde25ec,f028772b,ecad2386,7801e8d9,07d7df22,a99f214a,a3667f68,be6db1d7,1,0,1005,6616,320,50,576,2,35,-1,32,40ed90ba5b,19,36
15701184392672372469,14102105,0,0,85f751fd,c4e18dd6,50e219e0,e2fcccd2,5c5a694b,0f2161f8,b8083ac1,18002bcc,0eb711ec,1,0,1005,21647,320,50,2487,1,547,-1,51,2eb3e54d78,1,4
16536503049564025265,14102105,0,0,c21df24f,c4e18dd6,f028772b,ecad2386,7801e8d9,07d7df22,a99f214a,12d5c0b3,efb02a8f,1,0,1012,21612,320,50,2481,3,297,100111,61,62d7afb5b2,1,4
16558197386541197790,14102105,0,0,1fbe01fe,f3845767,28905ebd,ecad2386,7801e8d9,07d7df22,a99f214a,5a7292d7,7eef184d,1,0,1005,15704,320,50,1722,0,35,-1,79,9d5c36d13e,26,38
17513296168139892910,14102105,0,1,5b4d2eda,16a36ef3,f028772b,ecad2386,7801e8d9,07d7df22,a99f214a,f2dd66c9,76dc4769,1,0,1005,16071,320,50,1784,2,175,100081,95,fdfe2c3684,7,9
17555823645535717199,14102105,0,0,85f751fd,c4e18dd6,50e219e0,e96773f0,2347f47a,0f2161f8,a99f214a,7252c42e,49e4cc4f,1,0,1005,21666,320,50,2494,3,35,100144,112,d502d046e1,10,10
1774731621248898004,14102105,0,0,07c0f30b,d5f8625e,50e219e0,ecad2386,7801e8d9,07d7df22,5aecab83,b9dffaf3,d002cb2f,0,0,1002,16920,320,50,1899,0,431,100077,117,02255982a2,1,1
17981839734262424341,14102105,0,1,85f751fd,c4e18dd6,50e219e0,49227c50,7801e8d9,0f2161f8,d156333b,f787548f,be74e6fe,4,2,1010,21664,320,50,2492,3,35,-1,43,ced31284d9,6,19
18392100647604852731,14102105,0,0,85f751fd,c4e18dd6,50e219e0,e96773f0,2347f47a,0f2161f8,a99f214a,bebc88be,a0f5f879,1,0,1005,21667,320,50,2494,3,35,100144,112,141aa5991a,1,1
2659582532507653520,14102105,0,0,85f751fd,c4e18dd6,50e219e0,febd1138,82e27996,0f2161f8,a99f214a,58961852,9b5ce758,1,0,1005,21611,320,50,2480,3,299,100111,61,b6521fd4be,3,4
3036616620154261573,14102105,0,0,1fbe01fe,f3845767,28905ebd,ecad2386,7801e8d9,07d7df22,a99f214a,958b1639,711ee120,1,0,1005,15701,320,50,1722,0,35,-1,79,7edba0ea3d,5,19
3188368649185024090,14102105,0,0,1fbe01fe,f3845767,28905ebd,ecad2386,7801e8d9,07d7df22,a99f214a,c62c72f0,553f099b,1,0,1005,15704,320,50,1722,0,35,100084,79,904d423167,5,5
4097571967736984113,14102105,0,0,e3c09f3a,d262cf1e,28905ebd,ecad2386,7801e8d9,07d7df22,a99f214a,e0f04ab2,837b5bc8,1,0,1005,21664,320,50,2492,3,35,-1,43,b15472074d,9,20
4114182927532312717,14102105,0,0,1fbe01fe,f3845767,28905ebd,ecad2386,7801e8d9,07d7df22,a99f214a,d72096bf,3bd9e8e7,1,0,1005,15708,320,50,1722,0,35,100084,79,cee7fb3c20,1,2
4929022901101553560,14102105,0,1,856e6d3f,58a89a43,f028772b,ecad2386,7801e8d9,07d7df22,a99f214a,ed393152,78f79f80,1,0,1005,19771,320,50,2227,0,687,100077,48,bcadd2a4a3,1,1
5500858295844637866,14102105,0,1,c8862f47,ddea3334,0569f928,ecad2386,7801e8d9,07d7df22,a99f214a,5bfbeea7,be74e6fe,1,0,1005,20596,320,50,2161,0,35,-1,157,ab7b5f9b17,2,5
5855378150831825906,14102105,0,0,5b08c53b,7687a86e,3e814130,ecad2386,7801e8d9,07d7df22,a99f214a,c79e3ad5,a5a2318d,1,0,1005,20345,300,250,2331,2,39,-1,23,9b89433f1d,12,14
6709003249925404654,14102105,0,0,1fbe01fe,f3845767,28905ebd,ecad2386,7801e8d9,07d7df22,a99f214a,1d2ff490,1f0bc64f,1,0,1005,15704,320,50,1722,0,35,100084,79,a1b3d25045,19,46
6717129338962740095,14102105,0,0,470bf185,2064e137,3e814130,ecad2386,7801e8d9,07d7df22,a99f214a,614fa5f9,8a4875bd,1,0,1005,20362,320,50,2333,0,39,-1,157,ff983569d9,2,2
7052486911325464360,14102105,0,1,5b4d2eda,16a36ef3,f028772b,ecad2386,7801e8d9,07d7df22,a99f214a,b21d3403,8a4875bd,1,0,1005,20596,320,50,2161,0,35,100148,157,d89713cc2b,10,17
7094866962597188355,14102105,0,0,bb4524e7,d733bbc3,28905ebd,ecad2386,7801e8d9,07d7df22,a99f214a,94cbe793,07bb0685,1,0,1005,19251,320,50,2201,3,35,-1,43,68d685f6b2,5,14
7155257050142705804,14102105,0,5,85f751fd,c4e18dd6,50e219e0,3366d26c,7801e8d9,07d7df22,c0e6a96e,4b1946d7,8453abb9,1,0,1008,21611,320,50,2480,3,299,100111,61,6c02812b29,2,2
7267258755971092226,14102105,0,0,85f751fd,c4e18dd6,50e219e0,a0a45985,885c7f3f,0f2161f8,a99f214a,cfaafac4,4ea23a13,1,0,1005,20596,320,50,2161,0,35,-1,157,fe9b88f4ba,2,14
9394171336643087714,14102105,0,1,5ee41ff2,17d996e6,f028772b,ecad2386,7801e8d9,07d7df22,a99f214a,ef36318c,3e7932d7,1,0,1005,19772,320,50,2227,0,687,100075,48,a7a6a4f8d1,27,31
9721642645930619836,14102105,0,0,85a2e413,1cb2f518,50e219e0,ecad2386,7801e8d9,07d7df22,610cacb0,c8787dd1,373ecbe6,0,0,1002,21681,320,50,2496,3,167,100074,23,c823a9a615,2,13
10068547086885734480,14102106,0,0,85f751fd,c4e18dd6,50e219e0,36f58dec,2347f47a,f95efa07,a99f214a,a37371b6,0838d155,1,0,1005,21666,320,50,2494,3,35,-1,112,b03b4253e2,1,2
12220493686042692429,14102106,1,0,85f751fd,c4e18dd6,50e219e0,03528b27,2347f47a,8ded1f7a,a99f214a,d2e16ec2,36d749e5,1,0,1005,15705,320,50,1722,0,35,-1,79,cb17f09bd6,1,1
13086869504874171667,14102106,1,0,85f751fd,c4e18dd6,50e219e0,718e4622,d9b5648e,8ded1f7a,a99f214a,c5f099b5,f51246a7,1,0,1005,20984,320,50,2371,0,551,-1,46,e292424b50,52,53
13553925615052574840,14102106,0,0,e3c09f3a,d262cf1e,28905ebd,ecad2386,7801e8d9,07d7df22,a99f214a,cf326539,38a73904,1,0,1005,21664,320,50,2492,3,35,100004,43,2fff528709,1,5
13908877932872105306,14102106,0,0,1fbe01fe,f3845767,28905ebd,ecad2386,7801e8d9,07d7df22,a99f214a,7cdaef5e,711ee120,1,0,1005,15701,320,50,1722,0,35,-1,79,84d2c68421,40,73
1544228123373993779,14102106,0,0,1fbe01fe,f3845767,28905ebd,ecad2386,7801e8d9,07d7df22,a99f214a,306d06b3,4ea23a13,1,0,1005,15706,320,50,1722,0,35,-1,79,828ecda5ce,1,1
15932186999235770132,14102106,0,1,e4d8dd7b,a17bde68,3e814130,ecad2386,7801e8d9,07d7df22,a99f214a,a4a13c4a,6e1e2240,1,0,1005,19950,320,50,1800,3,167,100075,23,26fb944a90,37,42
16210613840149007038,14102106,0,0,1fbe01fe,f3845767,28905ebd,ecad2386,7801e8d9,07d7df22,a99f214a,6c279c34,1f0bc64f,1,0,1005,15705,320,50,1722,0,35,-1,79,80a9d061da,1,3
16318407281871895533,14102106,0,0,85f751fd,c4e18dd6,50e219e0,f0d41ff1,2347f47a,0f2161f8,a99f214a,6e8a9e7f,7ac6007f,1,2,1005,21666,320,50,2494,3,35,-1,112,39ec1ab025,21,25
16444666352327036849,14102106,0,1,e5c60a05,7256c623,f028772b,ecad2386,7801e8d9,07d7df22,a99f214a,1683adb9,be6db1d7,1,0,1005,16208,320,50,1800,3,167,100081,23,9017e0c402,2,6
16929895960916091404,14102106,0,1,e151e245,7e091613,f028772b,ecad2386,7801e8d9,07d7df22,a99f214a,2dbac30f,158e4944,1,0,1005,19251,320,50,2201,3,35,-1,43,b81ee441e1,40,59
17851381342541564679,14102106,0,1,5b4d2eda,16a36ef3,f028772b,ecad2386,7801e8d9,07d7df22,a99f214a,47628888,8a4875bd,1,0,1005,16208,320,50,1800,3,167,100077,23,4962305689,1,1
17952324747134615654,14102106,0,0,85f751fd,c4e18dd6,50e219e0,f0d41ff1,2347f47a,0f2161f8,a99f214a,3b19efaf,1c6a881d,1,2,1005,19493,320,50,2229,0,687,100031,48,d4e3daa88b,16,16
18154853253661300255,14102106,0,0,6ec06dbd,d262cf1e,f66779e6,ecad2386,7801e8d9,07d7df22,a99f214a,00317258,8587457d,1,0,1005,21682,320,50,2496,3,167,100200,23,aa283ed6fb,1,1
2085270721658267100,14102106,0,1,e8f79e60,c4342784,f028772b,ecad2386,7801e8d9,07d7df22,a99f214a,7e8e1751,68b6db2c,1,0,1005,19772,320,50,2227,0,687,100077,48,39c604ddaf,79,81
2432351046656299282,14102106,0,1,b7e9786d,b12b9f85,f028772b,ecad2386,7801e8d9,07d7df22,a99f214a,d9b7a671,450aace5,1,0,1005,19772,320,50,2227,0,687,100075,48,4f91842da2,8,11
2441231134003931996,14102106,0,0,85f751fd,c4e18dd6,50e219e0,8b89048f,2347f47a,cef3e649,3299c281,613c3a00,ccb3c6ff,1,3,1005,21664,320,50,2492,3,35,-1,43,e03cbfd0ca,1,7
2745485765808264827,14102106,0,0,1fbe01fe,f3845767,28905ebd,ecad2386,7801e8d9,07d7df22,a99f214a,bca8f26d,76dc4769,1,0,1005,15701,320,50,1722,0,35,-1,79,66bcd33c0f,1,13
2838763678092026357,14102106,0,1,20e2b21c,44f61852,3e814130,ecad2386,7801e8d9,07d7df22,a99f214a,4a837d88,8f5c9827,1,0,1005,19251,320,50,2201,3,35,100075,43,cd3a9ae027,13,35
3958894636412669851,14102106,1,0,1fbe01fe,f3845767,28905ebd,ecad2386,7801e8d9,07d7df22,a99f214a,c6101688,b78e6543,1,0,1005,15701,320,50,1722,0,35,-1,79,6152453080,1,1
4777586569260895986,14102106,0,0,85f751fd,c4e18dd6,50e219e0,febd1138,82e27996,0f2161f8,a99f214a,fdcac65a,99e427c9,1,0,1005,21611,320,50,2480,3,299,100111,61,3587b44553,2,2
4843381032750594956,14102106,0,0,cd58172f,b9c4ab81,f028772b,ecad2386,7801e8d9,07d7df22,a99f214a,ebf92316,7abbbd5c,1,0,1005,19251,320,50,2201,3,35,-1,43,9117788501,2,2
5394984589223100090,14102106,0,0,d6137915,bb1ef334,f028772b,ecad2386,7801e8d9,07d7df22,a99f214a,f0a7b6a9,05e70df4,1,0,1005,16920,320,50,1899,0,431,100077,117,f14b064baf,17,19
6024010364298270415,14102106,0,0,1fbe01fe,f3845767,28905ebd,ecad2386,7801e8d9,07d7df22,a99f214a,2c8220ed,78d9bd10,1,0,1005,15703,320,50,1722,0,35,-1,79,61495bd4c9,8,12
613992054550698382,14102106,0,0,1fbe01fe,f3845767,28905ebd,ecad2386,7801e8d9,07d7df22,a99f214a,6aa729b5,5db079b5,1,2,1005,15708,320,50,1722,0,35,-1,79,535c552750,15,36
6905686521480953524,14102106,0,0,85f751fd,c4e18dd6,50e219e0,396df801,2347f47a,0f2161f8,a99f214a,8f790939,ef726eae,1,0,1005,21685,320,50,2496,3,167,-1,23,4a32461c15,3,7
8515296591722265196,14102106,1,1,d9750ee7,98572c79,f028772b,ecad2386,7801e8d9,07d7df22,a99f214a,f697c6e0,c6263d8a,1,0,1005,17753,320,50,1993,2,1063,-1,33,98231771c9,2,2
8641648441602204523,14102106,0,1,85f751fd,c4e18dd6,50e219e0,7eee9ec3,7801e8d9,f95efa07,ddb5b8bf,c0abd333,f07e20f8,4,0,1010,21664,320,50,2492,3,35,100041,43,bb85e767b6,1,3
9419413474108183273,14102106,0,0,12fb4121,6b59f079,f028772b,ecad2386,7801e8d9,07d7df22,a99f214a,7bbbaa79,0eb711ec,1,0,1005,21683,320,50,2496,3,167,-1,23,9dc5d1f7a2,16,38
9437785526602959147,14102106,1,1,d9750ee7,98572c79,f028772b,ecad2386,7801e8d9,07d7df22,a99f214a,d42f96ec,711ee120,1,0,1005,17614,320,50,1993,2,1063,-1,33,1a2faba7af,3,3
980479700709242972,14102106,0,0,26fa1946,e2a5dc06,3e814130,ecad2386,7801e8d9,07d7df22,a99f214a,6bd98127,cebbcb2d,1,0,1005,20362,320,50,2333,0,39,-1,157,2df91026fd,21,25
10129824152204503326,14102107,0,0,1fbe01fe,f3845767,28905ebd,ecad2386,7801e8d9,07d7df22,a99f214a,285a04bf,1ccc7835,1,0,1005,15708,320,50,1722,0,35,-1,79,dd112ad661,7,8
10503990899012290865,14102107,0,1,d9750ee7,98572c79,f028772b,ecad2386,7801e8d9,07d7df22,a99f214a,6b9769f2,8a4875bd,1,0,1005,15706,320,50,1722,0,35,-1,79,adefa93a35,2,3
12339947825422991877,14102107,0,0,d6137915,bb1ef334,f028772b,ecad2386,7801e8d9,07d7df22,a99f214a,fe99f315,86030d43,1,0,1005,16920,320,50,1899,0,431,100081,117,528eb0c9e3,1,1
12731828361263356485,14102107,0,0,85f751fd,c4e18dd6,50e219e0,8b89048f,2347f47a,cef3e649,16973bb6,52049538,76dc4769,1,3,1005,21664,320,50,2492,3,35,-1,43,78c9a6abba,1,1
13640035459329424002,14102107,0,0,1fbe01fe,f3845767,28905ebd,ecad2386,7801e8d9,07d7df22,a99f214a,4ba12825,8ce34352,1,0,1005,15706,320,50,1722,0,35,-1,79,7cea6fbe4d,8,33
14697691174283178648,14102107,0,0,85f751fd,c4e18dd6,50e219e0,8b89048f,2347f47a,cef3e649,8d7e4380,1fe30b87,db1d05df,1,2,1005,21664,320,50,2492,3,35,-1,43,d0741cff5b,8,10
15075405056837470946,14102107,0,0,26fa1946,e2a5dc06,3e814130,ecad2386,7801e8d9,07d7df22,a99f214a,0a212668,cdf6ea96,1,0,1005,20366,320,50,2333,0,39,-1,157,0b0d59c932,1,3
15862976816023750205,14102107,0,0,85f751fd,c4e18dd6,50e219e0,685d1c4c,2347f47a,8ded1f7a,08ebd713,a8536f3a,6332421a,1,3,1005,15705,320,50,1722,0,35,-1,79,33ac35e075,5,8
16569344046589168141,14102107,0,7,85f751fd,c4e18dd6,50e219e0,753e3e5a,7801e8d9,0f2161f8,c23debff,7ae635bd,36b67a2a,4,0,1010,21135,320,480,2418,0,423,100033,195,c42cfed67b,1,4
16954023522896909978,14102107,0,0,1fbe01fe,f3845767,28905ebd,ecad2386,7801e8d9,07d7df22,a99f214a,5c391bb0,8a4875bd,1,0,1005,15701,320,50,1722,0,35,-1,79,64f58dfc32,2,4
17869749849561968341,14102107,0,0,85f751fd,c4e18dd6,50e219e0,2a5a7c9d,2347f47a,0f2161f8,fed72862,e67c54d0,65c93b38,1,3,1005,19251,320,50,2201,3,35,-1,43,d0a73cc61a,9,19
18064272286960800191,14102107,0,1,e151e245,7e091613,f028772b,ecad2386,7801e8d9,07d7df22,a99f214a,382cef9c,84ebbcd4,1,0,1005,20363,216,36,2333,0,39,-1,157,f5b10d1872,1,2
2403556980480325628,14102107,0,1,16c73019,8025317b,28905ebd,ecad2386,7801e8d9,07d7df22,a99f214a,b997e643,0153a639,1,0,1005,20153,320,50,2307,3,163,100020,61,4ee61d527e,1,2
3806673001335981122,14102107,0,0,517b8671,ac5abf20,f028772b,ecad2386,7801e8d9,07d7df22,a99f214a,77a7e5a8,86030d43,1,0,1005,19870,320,50,2271,0,687,-1,48,b66a2c1968,11,12
3849653260219873932,14102107,0,1,856e6d3f,58a89a43,f028772b,ecad2386,7801e8d9,07d7df22,a99f214a,4f7b92f6,9fef9da8,1,0,1005,19772,320,50,2227,0,687,100077,48,c4ccb97445,14,16
5136643862001311476,14102107,0,0,9a977531,a434fa42,f028772b,ecad2386,7801e8d9,07d7df22,a99f214a,8a533945,8f5c9827,1,0,1005,20010,300,50,2283,0,163,100076,95,fe0d5ef29d,3,4
5354724569505705926,14102107,0,0,1fbe01fe,f3845767,28905ebd,ecad2386,7801e8d9,07d7df22,a99f214a,9c04d2e3,4ea23a13,1,0,1005,15708,320,50,1722,0,35,-1,79,dc5c9375f5,3,3
6783130133462707164,14102107,0,0,f282ab5a,61eb5bc4,f028772b,ecad2386,7801e8d9,07d7df22,a99f214a,df5c3eca,6332421a,1,0,1005,19251,320,50,2201,3,35,-1,43,12fcae14f7,1,1
8177488939093120114,14102107,0,0,83a0ad1a,5c9ae867,f028772b,ecad2386,7801e8d9,07d7df22,a99f214a,d93b9920,9a45a8e8,1,0,1005,17212,320,50,1887,3,39,100202,23,018a247048,7,7
8838344458623426325,14102107,0,0,1fbe01fe,f3845767,28905ebd,ecad2386,7801e8d9,07d7df22,a99f214a,35cae603,f07e20f8,1,2,1005,15699,320,50,1722,0,35,-1,79,547229b318,6,6
8841890948965842105,14102107,0,0,85f751fd,c4e18dd6,50e219e0,febd1138,82e27996,0f2161f8,a99f214a,e39b3c7c,99e427c9,1,0,1005,20508,320,50,2351,3,163,100020,61,c7d768be47,21,21
9130406656734110443,14102107,0,0,85f751fd,c4e18dd6,50e219e0,e71aba61,2347f47a,0f2161f8,a99f214a,fdf126de,5db079b5,1,2,1005,21647,320,50,2487,1,547,-1,51,e3d8157e68,2,2
11106204398391505022,14102108,0,0,1fbe01fe,f3845767,28905ebd,ecad2386,7801e8d9,07d7df22,a99f214a,86038b4c,d787e91b,1,0,1005,15704,320,50,1722,0,35,-1,79,ccfd2fe649,2,3
11338248315880596386,14102108,0,1,e8f79e60,c4342784,f028772b,ecad2386,7801e8d9,07d7df22,a99f214a,66b7c96c,76dc4769,1,0,1005,19950,320,50,1800,3,167,100074,23,8a25dab580,11,12
11558187566041284423,14102108,1,0,cd58172f,b9c4ab81,f028772b,ecad2386,7801e8d9,07d7df22,a99f214a,bd326393,84ebbcd4,1,0,1005,21665,320,50,2493,3,35,100013,117,d0fa8d07ae,1,2
13636840712890914123,14102108,0,0,e6409ff1,2148062c,f028772b,ecad2386,7801e8d9,07d7df22,a99f214a,fe7e494b,76dc4769,1,0,1005,16208,320,50,1800,3,167,100079,23,f39217048c,10,37
1400212543938401197,14102108,1,0,6ec06dbd,d262cf1e,f66779e6,ecad2386,7801e8d9,07d7df22,a99f214a,5cc09a32,3db9fde9,1,0,1005,17163,320,50,1955,3,163,100193,71,7bb5351c35,11,39
14080028311609915620,14102108,0,1,16c73019,8025317b,28905ebd,ecad2386,7801e8d9,07d7df22,a99f214a,2f2dc440,89416188,1,0,1005,21664,320,50,2492,3,35,-1,43,2ae4637426,7,8
15339285772809552085,14102108,0,0,85f751fd,c4e18dd6,50e219e0,aa50890c,d9b5648e,0f2161f8,a99f214a,84511a13,779d90c2,1,0,1005,21665,320,50,2493,3,35,-1,117,e8067ccdf4,1,4
17559850108104490110,14102108,0,0,518d6168,92c9e92d,f028772b,ecad2386,7801e8d9,07d7df22,a99f214a,bc6dffb7,ce12dd72,1,0,1005,19251,320,50,2201,3,35,-1,43,5d0636febb,7,10
18323379624483084397,14102108,0,0,6256f5b4,28f93029,f028772b,ecad2386,7801e8d9,07d7df22,a99f214a,69062ef4,fce66524,1,0,1005,21647,320,50,2487,1,547,-1,51,16ae00b5df,2,2
2003308349953439262,14102108,0,1,17caea14,0dde25ec,f028772b,ecad2386,7801e8d9,07d7df22,a99f214a,f14aa768,684581ce,1,0,1005,16208,320,50,1800,3,167,100077,23,7d824fcbb4,1,20
2692383995129276200,14102108,0,0,030440fe,08ba7db9,76b2941d,ecad2386,7801e8d9,07d7df22,a99f214a,5dd1f390,a0f5f879,1,0,1005,21665,320,50,2493,3,35,-1,117,ad12c96426,7,8
411772473951706895,14102108,0,1,17caea14,0dde25ec,f028772b,ecad2386,7801e8d9,07d7df22,a99f214a,2668acbb,816484ae,1,0,1005,20312,320,50,1780,0,1711,100077,48,f1d813b4cc,4,6
495868831936384236,14102108,0,1,e151e245,7e091613,f028772b,ecad2386,7801e8d9,07d7df22,a99f214a,a220b345,a5a2318d,1,0,1005,20359,216,36,2333,0,39,-1,157,85e2f76a11,6,8
5160370274321053930,14102108,0,0,c1fcc9a1,422b8953,76b2941d,ecad2386,7801e8d9,07d7df22,a99f214a,315ed79c,36a30aeb,1,0,1005,19251,320,50,2201,3,35,100084,43,f58cd5ee0c,9,10
5195873096195115688,14102108,0,0,85f751fd,c4e18dd6,50e219e0,9c13b419,2347f47a,f95efa07,a99f214a,640776e8,a17b4231,1,0,1005,21715,320,50,2500,2,34,-1,90,5ba5106559,3,4
5370779122534074623,14102108,0,0,26fa1946,e2a5dc06,3e814130,ecad2386,7801e8d9,07d7df22,a99f214a,a565340d,277e7b8c,1,0,1005,20355,216,36,2333,0,39,-1,157,75d858acf1,5,20
6079978976461395407,14102108,0,0,c1fcc9a1,422b8953,76b2941d,ecad2386,7801e8d9,07d7df22,a99f214a,17d2c43f,84ebbcd4,1,0,1005,21665,320,50,2493,3,35,-1,117,069d5da4c2,6,6
6147364797474906657,14102108,0,0,85f751fd,c4e18dd6,50e219e0,66f5e02e,6f7ca2ba,0f2161f8,a99f214a,747a578f,3d64834e,1,2,1005,21715,320,50,2500,2,34,-1,90,fd8659458b,8,8
6596320464169041875,14102108,1,1,d9750ee7,98572c79,f028772b,ecad2386,7801e8d9,07d7df22,a99f214a,12d41642,d787e91b,1,0,1005,17614,320,50,1993,2,1063,100084,33,53d2d0abf4,2,7
8478833818442542722,14102108,0,0,b99a2c43,cc962a1f,f028772b,ecad2386,7801e8d9,07d7df22,a99f214a,d5545b05,c144e605,1,0,1005,21665,320,50,2493,3,35,-1,117,f3b1d89a1e,2,4
10412805645411673814,14102109,0,0,ac696ed4,c7dcd9d1,f66779e6,ecad2386,7801e8d9,07d7df22,a99f214a,11618bb1,7fce49a8,1,0,1005,19251,320,50,2201,3,35,-1,43,6152453080,2,12
10418574032708198909,14102109,0,1,5b4d2eda,16a36ef3,f028772b,ecad2386,7801e8d9,07d7df22,a99f214a,f7317092,76dc4769,1,0,1005,20386,320,50,2338,0,35,100077,79,8d02766693,9,11
10870274293736888525,14102109,0,1,0a742914,510bd839,f028772b,ecad2386,7801e8d9,07d7df22,a99f214a,9b6e3230,6c15a39b,1,0,1005,20312,320,50,1780,0,1711,100077,48,48a85bbf3b,9,13
11131315436850514124,14102109,0,1,856e6d3f,58a89a43,f028772b,ecad2386,7801e8d9,07d7df22,a99f214a,3fa6aa8b,8a4875bd,1,0,1005,16208,320,50,1800,3,167,100075,23,33a3123244,3,8
12499162340118063563,14102109,0,0,1fbe01fe,f3845767,28905ebd,ecad2386,7801e8d9,07d7df22,a99f214a,f297732f,d787e91b,1,0,1005,21757,320,50,2502,0,35,-1,221,c3a14fac56,3,3
13251215225881853025,14102109,0,0,85f751fd,c4e18dd6,50e219e0,e7cf2855,ae637522,0f2161f8,3e6a85dc,b19c24b7,c517f57b,1,2,1005,21234,320,50,2434,3,163,100088,61,3dcbe2dba8,5,7
14495894943966379814,14102109,0,1,f61eaaae,6b59f079,f028772b,ecad2386,7801e8d9,07d7df22,a99f214a,6c915ec6,0b3a28f0,1,0,1005,19251,320,50,2201,3,35,100173,43,cf46d96aca,1,3
15211254716473267788,14102109,0,0,85f751fd,c4e18dd6,50e219e0,0acbeaa3,45a51db4,f95efa07,a99f214a,010a8a04,f4a9b698,1,2,1005,21665,320,50,2493,3,35,-1,117,a3629e0c55,6,19
1576382428619387496,14102109,1,1,0a742914,510bd839,f028772b,ecad2386,7801e8d9,07d7df22,a99f214a,7068fc25,be6db1d7,1,0,1005,16208,320,50,1800,3,167,100077,23,b27aa37250,3,11
1678777699041121797,14102109,0,0,6256f5b4,28f93029,f028772b,ecad2386,7801e8d9,07d7df22,a99f214a,af62faf4,9bbdb88c,1,0,1005,18316,320,50,2083,0,169,100156,111,37279750e4,31,33
17263041967848289791,14102109,0,1,856e6d3f,58a89a43,f028772b,ecad2386,7801e8d9,07d7df22,a99f214a,94e4cb42,3e7932d7,1,0,1005,19771,320,50,2227,0,687,100077,48,1fa1e159b0,7,13
17477436716455241483,14102109,0,1,856e6d3f,58a89a43,f028772b,ecad2386,7801e8d9,07d7df22,a99f214a,1bedec21,68b6db2c,1,0,1005,19772,320,50,2227,0,687,100077,48,a05316cc4f,7,17
18307228765312837308,14102109,0,1,856e6d3f,58a89a43,f028772b,ecad2386,7801e8d9,07d7df22,a99f214a,0a52eed2,cdf6ea96,1,0,1005,21694,320,50,2497,3,43,100149,42,4fdc7839a0,2,3
1970568650175466484,14102109,0,1,b554a32a,7e091613,f028772b,ecad2386,7801e8d9,07d7df22,a99f214a,0a7f1772,f60c2fd3,1,0,1005,19143,320,50,2181,0,169,100156,111,f775fd6018,12,15
1989698075341464478,14102109,0,0,d6137915,bb1ef334,f028772b,ecad2386,7801e8d9,07d7df22,a99f214a,09edef9c,9efa421a,1,0,1005,20251,320,50,2323,0,687,100081,48,02a87e2a8f,1,1
2529423556575663630,14102109,0,0,85f751fd,c4e18dd6,50e219e0,3f2a6cbb,33da2e74,cef3e649,a99f214a,285aa37d,3bb1ddd7,1,0,1005,19733,320,50,2260,0,171,100156,91,68ec65f5cf,5,8
3141358775171113925,14102109,1,0,85f751fd,c4e18dd6,50e219e0,e2fcccd2,5c5a694b,0f2161f8,a99f214a,b0070d9a,e4d304c6,1,0,1005,20633,320,50,2374,3,39,-1,23,5b25838ebf,1,1
3482966311066542172,14102109,0,1,e4d8dd7b,a17bde68,3e814130,ecad2386,7801e8d9,07d7df22,a99f214a,ab8a431a,cbb77256,1,0,1005,16208,320,50,1800,3,167,100074,23,20830d4ff9,2,3
3584308448067671213,14102109,0,1,e151e245,7e091613,f028772b,ecad2386,7801e8d9,07d7df22,a99f214a,31d88dfc,3c55fad5,1,0,1005,19251,320,50,2201,3,35,-1,43,ba3ef5f20f,7,7
3662403428063967068,14102109,0,0,85f751fd,c4e18dd6,50e219e0,54c5d545,2347f47a,0f2161f8,a99f214a,98931fa1,ff065cf0,1,2,1005,17016,320,50,1873,3,39,-1,23,c447a5988a,42,45
3715254742979333327,14102109,0,0,ff18c3d1,1e0acfb4,50e219e0,ecad2386,7801e8d9,07d7df22,f5c02169,b2764e82,08ac11ab,0,0,1002,17566,320,50,479,3,39,-1,23,7ef4d3550e,2,2
3724937898760374575,14102109,1,1,e151e245,7e091613,f028772b,ecad2386,7801e8d9,07d7df22,a99f214a,419065f5,0e8cc492,1,0,1005,19251,320,50,2201,3,35,-1,43,2ae4637426,2,2
4256970139763468658,14102109,1,0,1fbe01fe,f3845767,28905ebd,ecad2386,7801e8d9,07d7df22,a99f214a,988d795d,22800eff,1,0,1005,21727,320,50,2502,0,35,-1,221,9c57d5f57d,22,35
4451763359017533298,14102109,0,0,207ceda8,c4e18dd6,50e219e0,ecad2386,7801e8d9,07d7df22,2ab5bdb6,735190ad,f9ba9057,0,0,1002,19665,320,50,2253,2,303,-1,52,37ccee1327,2,21
5921051722425539669,14102109,0,0,cc1b7a47,7256c623,50e219e0,ecad2386,7801e8d9,07d7df22,0996ea0e,cf259389,373ecbe6,0,0,1002,21570,320,50,2476,2,167,100013,23,fcaba241c0,4,16
6566833789167675786,14102109,0,0,7c6576be,d00b8121,f028772b,ecad2386,7801e8d9,07d7df22,a99f214a,7e660e19,7c997db0,1,0,1005,21665,320,50,2493,3,35,-1,117,7effa37222,1,10
8656834395628277793,14102109,1,1,3af745f2,11582ac8,3e814130,ecad2386,7801e8d9,07d7df22,a99f214a,d725f996,8b1aa260,1,0,1005,15706,320,50,1722,0,35,-1,79,b358b697d8,2,22
977296641761225030,14102109,0,0,1fbe01fe,f3845767,28905ebd,ecad2386,7801e8d9,07d7df22,a99f214a,70c5052b,54408210,1,0,1005,21731,320,50,2502,0,35,-1,221,8874113c32,4,4
10676588073519169996,14102110,0,0,85f751fd,c4e18dd6,50e219e0,fb7c70a3,d9b5648e,0f2161f8,56ae90b6,bdcc054b,f3814c75,1,0,1005,21746,320,50,2504,3,41,100160,111,b1f5c8d09b,1,1
10915028828875197599,14102110,0,0,34781e41,c4cef653,50e219e0,ecad2386,7801e8d9,07d7df22,395f33ed,d2609fcb,4042e175,0,0,1002,20384,320,50,2338,0,35,100074,79,f7dc169600,8,26
11090141046051484727,14102110,0,0,f6cba1bd,5c9c05b7,f028772b,ecad2386,7801e8d9,07d7df22,a99f214a,4c16071e,a9a7b3d8,1,0,1005,20389,320,50,2338,0,35,100081,79,09751f7ac9,7,8
11440649475857622648,14102110,0,0,1fbe01fe,f3845767,28905ebd,ecad2386,7801e8d9,07d7df22,a99f214a,431b3174,d787e91b,1,0,1005,21724,320,50,2502,0,35,-1,221,60e7c9e07c,7,11
11808457657191367344,14102110,1,1,e151e245,7e091613,f028772b,ecad2386,7801e8d9,07d7df22,a99f214a,b7a23cc6,8a4875bd,1,0,1005,21758,320,50,2502,0,35,-1,221,97d87b90b3,10,14
1297643041826250700,14102110,0,1,e8f79e60,c4342784,f028772b,ecad2386,7801e8d9,07d7df22,a99f214a,caeb821f,1f0bc64f,1,0,1005,6616,320,50,576,2,35,100130,32,37fe473f40,9,11
15954088901023063280,14102110,1,0,85f751fd,c4e18dd6,50e219e0,442cfede,2347f47a,cef3e649,9c4c37ba,1da7c0a9,225078da,1,3,1005,21751,320,50,2505,0,169,100176,17,96d5eb2e01,9,16
16517741205219312413,14102110,0,0,ac696ed4,c7dcd9d1,f66779e6,ecad2386,7801e8d9,07d7df22,a99f214a,0ff9f518,ef726eae,1,0,1005,19251,320,50,2201,3,35,100148,43,db42795335,15,16
16821975563455627150,14102110,0,1,17caea14,0dde25ec,f028772b,ecad2386,7801e8d9,07d7df22,a99f214a,54509078,779d90c2,1,0,1005,21153,320,50,2420,2,35,-1,69,b1b489c1bb,3,6
17563441407625564818,14102110,0,1,b7e9786d,b12b9f85,f028772b,ecad2386,7801e8d9,07d7df22,a99f214a,c53e0137,5ec45883,1,0,1005,19771,320,50,2227,0,687,100079,48,b9a34805de,39,61
216313340981416439,14102110,0,0,1fbe01fe,f3845767,28905ebd,ecad2386,7801e8d9,07d7df22,a99f214a,dabaa6d3,e4a6a646,1,0,1005,21727,320,50,2502,0,35,100084,221,1b5a364566,1,2
3004083079765841564,14102110,1,0,5b08c53b,7687a86e,3e814130,ecad2386,7801e8d9,07d7df22,a99f214a,6983967a,4ea23a13,1,0,1005,17653,300,250,1994,2,39,-1,33,41027c3792,2,2
4095500376166527784,14102110,0,0,5b08c53b,7687a86e,3e814130,ecad2386,7801e8d9,07d7df22,a99f214a,9b346f8e,779d90c2,1,0,1005,17653,300,250,1994,2,39,-1,33,43d09d7607,1,8
4633906808078513958,14102110,0,1,b7e9786d,b12b9f85,f028772b,ecad2386,7801e8d9,07d7df22,a99f214a,9d0d84d9,6e1e2240,1,0,1005,16208,320,50,1800,3,167,100074,23,d5aa710890,1,8
6188723970077635092,14102110,0,0,41477778,4b23d058,f028772b,ecad2386,7801e8d9,07d7df22,a99f214a,974e52bd,fce66524,1,0,1005,21153,320,50,2420,2,35,-1,69,2aa3c7326d,1,1
6475803154054541116,14102110,0,1,2d7bacb1,945bfb4b,f028772b,ecad2386,7801e8d9,07d7df22,a99f214a,9d2ded79,76dc4769,1,0,1005,20388,320,50,2338,0,35,-1,79,7b8a88f49b,21,34
6836104779785185616,14102110,0,0,85f751fd,c4e18dd6,50e219e0,febd1138,82e27996,0f2161f8,a99f214a,369c7e15,a4b6f65b,1,0,1005,21189,320,50,2424,1,161,100191,71,78c9a6abba,1,23
7384020783320892893,14102110,0,0,5bcf81a2,9d54950b,f028772b,ecad2386,7801e8d9,07d7df22,a99f214a,c88427bb,96bca04e,1,0,1005,21751,320,50,2505,0,169,100176,17,590f30c106,12,12
7831209815922478333,14102110,0,0,85f751fd,c4e18dd6,50e219e0,8dbc921a,d9b5648e,0f2161f8,a99f214a,773482b2,72a00661,1,0,1005,17661,320,50,1996,1,41,100057,71,f16ca4b2fc,4,5
8470491283608462831,14102110,0,0,85f751fd,c4e18dd6,50e219e0,e9739828,df32afa9,cef3e649,a99f214a,2b91b0e8,aa35da31,1,0,1005,21660,320,50,2446,3,171,100228,156,184d3063e1,2,8
89387619518465927,14102110,0,1,b7e9786d,b12b9f85,f028772b,ecad2386,7801e8d9,07d7df22,a99f214a,fea25f4a,a0f5f879,1,0,1005,19950,320,50,1800,3,167,100074,23,13e78c1167,2,3
9025161107723120694,14102110,0,0,1fbe01fe,f3845767,28905ebd,ecad2386,7801e8d9,07d7df22,a99f214a,a8716e1a,4ea23a13,1,0,1005,21757,320,50,2502,0,35,-1,221,1707e29fa0,1,3
9266910128890072429,14102110,1,1,0c2fe9d6,27e3c518,28905ebd,ecad2386,7801e8d9,07d7df22,a99f214a,9d6e420f,2203a096,1,0,1005,6560,320,50,571,2,39,-1,32,70e85b767d,1,3
10399303653506988490,14102111,0,0,85f751fd,c4e18dd6,50e219e0,e2fcccd2,5c5a694b,0f2161f8,9c3376be,fc5ab81b,158e4944,1,0,1005,21697,320,50,2497,3,43,100151,42,656cbaf42f,31,38
10813702593112545086,14102111,1,1,e151e245,7e091613,f028772b,ecad2386,7801e8d9,07d7df22,a99f214a,30a33bf0,7abbbd5c,1,0,1005,4687,320,50,423,2,39,100148,32,df3243818e,23,23
11131592338076213326,14102111,0,0,f46018a1,1a5f8e4b,50e219e0,ecad2386,7801e8d9,07d7df22,13537635,812df847,43e7b962,0,0,1002,6616,320,50,576,2,35,100130,32,7d5cc63cd9,8,13
11162567654788810988,14102111,0,0,85f751fd,c4e18dd6,50e219e0,4e02fbd3,7801e8d9,07d7df22,c2c57e3a,9ec92d23,43e7b962,0,0,1002,21746,320,50,2504,3,41,100160,111,881a7aa47b,1,6
11681708012384262100,14102111,0,1,88154ade,9f448720,3e814130,ecad2386,7801e8d9,07d7df22,a99f214a,2f9a2383,eba9519f,1,0,1005,17894,320,50,2039,2,39,-1,32,ffcc151137,19,57
12086549086258565479,14102111,1,0,6c5b482c,7687a86e,3e814130,ecad2386,7801e8d9,07d7df22,a99f214a,f069fb81,05e70df4,1,0,1005,17654,300,250,1994,2,39,100084,33,7d8cdc3a46,2,5
13006506838660246477,14102111,1,1,5ee41ff2,17d996e6,f028772b,ecad2386,7801e8d9,07d7df22,a99f214a,78518280,8a4875bd,1,0,1005,16920,320,50,1899,0,431,100081,117,866390a88c,2,2
16116130337712381659,14102111,0,0,85f751fd,c4e18dd6,50e219e0,3f2a6cbb,33da2e74,cef3e649,a99f214a,6394f6f6,cad4c01d,1,0,1005,19733,320,50,2260,0,171,100156,91,750772e179,1,1
1686041728450717326,14102111,0,0,85f751fd,c4e18dd6,50e219e0,dd1f7fd3,cb36afb8,8ded1f7a,ef6303f3,7513d4bc,b75a71ad,1,5,1007,20476,320,50,2348,3,427,100005,61,a744251a0e,18,31
18106886641581988091,14102111,0,1,d9750ee7,98572c79,f028772b,ecad2386,7801e8d9,07d7df22,a99f214a,8b9e905c,cd5b1559,1,2,1005,17753,320,50,1993,2,1063,100084,33,a12f076438,3,3
18176498899751169241,14102111,0,1,5ee41ff2,17d996e6,f028772b,ecad2386,7801e8d9,07d7df22,a99f214a,0c4f74e0,8a4875bd,1,0,1005,16920,320,50,1899,0,431,100081,117,30f745a271,3,5
2704514705164062618,14102111,0,0,1fbe01fe,f3845767,28905ebd,ecad2386,7801e8d9,07d7df22,a99f214a,cb796cce,0eb711ec,1,0,1005,21760,320,50,2502,0,35,100084,221,954721e9f7,3,6
3730694054408544498,14102111,0,0,85f751fd,c4e18dd6,50e219e0,7358e05e,b9528b13,cef3e649,c73b3297,12aa2a0d,034b811d,1,0,1005,12000,320,50,1248,2,39,-1,13,31318ce909,4,4
4165285223840816025,14102111,0,0,85f751fd,c4e18dd6,50e219e0,c743495f,2347f47a,0f2161f8,a99f214a,fa1b5a4b,6d44e29a,1,0,1005,21660,320,50,2446,3,171,100228,156,0119ea0d33,6,17
6142990044811448991,14102111,0,0,75f43c5a,c4e18dd6,50e219e0,ecad2386,7801e8d9,07d7df22,07b9819b,f2ba2bf2,e62a356b,0,0,1002,19251,320,50,2201,3,35,-1,43,787e66156e,5,6
7167509036028800588,14102111,0,0,6399eda6,968765cd,f028772b,ecad2386,7801e8d9,07d7df22,a99f214a,73795692,d787e91b,1,0,1005,16208,320,50,1800,3,167,100079,23,c677666d18,1,1
7728256034418083713,14102111,0,0,bb4524e7,d733bbc3,28905ebd,ecad2386,7801e8d9,07d7df22,a99f214a,8fa1992a,380e283a,1,0,1005,19251,320,50,2201,3,35,-1,43,3e58817720,5,19
905740111011580156,14102111,1,0,85f751fd,c4e18dd6,50e219e0,7358e05e,b9528b13,cef3e649,6371fea9,aa80efe0,570d21dc,1,0,1005,377,320,50,112,3,1319,100048,15,2b8647bd87,3,4
10641214985697914212,14102112,1,0,4bf5bbe2,6b560cc1,28905ebd,ecad2386,7801e8d9,07d7df22,a99f214a,6178ca5f,779d90c2,1,0,1005,19665,320,50,2253,2,303,-1,52,0326a82378,2,33
12517672550877193487,14102112,0,0,85f751fd,c4e18dd6,50e219e0,9f41cdad,7801e8d9,07d7df22,23aea9de,6efcdd47,072c9f1e,0,0,1002,21153,320,50,2420,2,35,-1,69,4c480cb5fb,10,14
15199319905705362272,14102112,0,1,856e6d3f,58a89a43,f028772b,ecad2386,7801e8d9,07d7df22,a99f214a,80067842,8a4875bd,1,0,1005,16208,320,50,1800,3,167,100075,23,3f6a7852d4,1,1
15973453801919217247,14102112,0,0,85f751fd,c4e18dd6,50e219e0,3c4b944d,2347f47a,0f2161f8,7d700314,a97d979b,d6e0e6ff,1,0,1005,16406,320,50,1835,1,431,100012,71,5c41533b02,6,6
17797740639553837262,14102112,0,0,f727f4e0,c4e18dd6,50e219e0,ecad2386,7801e8d9,07d7df22,d2717537,175ecf97,a08d16cd,0,0,1002,6990,320,50,613,2,39,100233,32,14002639c0,1,1
1849081185061386892,14102112,1,1,5b4d2eda,16a36ef3,f028772b,ecad2386,7801e8d9,07d7df22,a99f214a,00ba2f12,ce576f14,1,0,1005,19772,320,50,2227,0,687,-1,48,b66a2c1968,15,33
2676710225890506786,14102112,1,0,85f751fd,c4e18dd6,50e219e0,7358e05e,b9528b13,cef3e649,39ed6b61,d5b68958,6d44e29a,1,0,1005,1276,320,50,196,3,303,-1,15,bebbfb85e3,7,10
5263474311759032552,14102112,0,0,85f751fd,c4e18dd6,50e219e0,f888bf4c,5b9c592b,0f2161f8,a72ef293,99426aa6,db1d05df,1,0,1005,21665,320,50,2493,3,35,100148,117,89eeebcebd,4,4
5329500244707175546,14102112,0,0,c96057c1,9425ad2a,3e814130,ecad2386,7801e8d9,07d7df22,a99f214a,9e7423fb,49bc419a,1,0,1005,20389,320,50,2338,0,35,100081,79,5e86f6fa98,5,22
6354422481290523273,14102112,1,0,1fbe01fe,f3845767,28905ebd,ecad2386,7801e8d9,07d7df22,a99f214a,df8d8a11,f07e20f8,1,2,1005,21763,320,50,2502,0,35,-1,221,61ab42c23f,9,13
7654046495540261131,14102112,1,0,85f751fd,c4e18dd6,50e219e0,e2fcccd2,5c5a694b,0f2161f8,a99f214a,5cb238f9,43836a96,1,0,1005,20633,320,50,2374,3,39,-1,23,68559a2740,6,22
7919253610455659350,14102112,0,0,6399eda6,968765cd,f028772b,ecad2386,7801e8d9,07d7df22,a99f214a,92a48194,779d90c2,1,0,1005,20384,320,50,2338,0,35,100076,79,6a4662b4f0,18,53
872614235170621609,14102112,0,1,20e2b21c,44f61852,3e814130,ecad2386,7801e8d9,07d7df22,a99f214a,4a1e3f98,4ceb2e0b,1,0,1005,21665,320,50,2493,3,35,-1,117,20f66f7c9b,21,22
8782833226382459861,14102112,1,0,85f751fd,c4e18dd6,50e219e0,7358e05e,b9528b13,cef3e649,4055a17f,1042c15c,e981565c,1,0,1005,12000,320,50,1248,2,39,-1,13,c734be5829,2,5
9510822665389195155,14102112,0,0,85f751fd,c4e18dd6,50e219e0,2c6f5c4d,2347f47a,0f2161f8,f6183d89,a81ccfe9,ffe69079,1,0,1005,19251,320,50,2201,3,35,-1,43,1494827e25,9,10
9576890846582821511,14102112,0,0,1fbe01fe,f3845767,28905ebd,ecad2386,7801e8d9,07d7df22,a99f214a,0f191078,16954458,1,0,1005,21732,320,50,2502,0,35,100083,221,9d1f5b4006,19,22
10048449307227770381,14102113,1,0,1fbe01fe,f3845767,28905ebd,ecad2386,7801e8d9,07d7df22,a99f214a,36cb86e7,76dc4769,1,0,1005,21724,320,50,2502,0,35,-1,221,df657a2bd7,2,4
1015211141047190686,14102113,0,1,856e6d3f,58a89a43,f028772b,ecad2386,7801e8d9,07d7df22,a99f214a,7e190e8e,89416188,1,0,1005,19950,320,50,1800,3,167,100079,23,cea06f2305,3,14
10199940900305510963,14102113,0,0,d9750ee7,98572c79,f028772b,ecad2386,7801e8d9,07d7df22,a99f214a,2940b91a,36a30aeb,1,0,1005,21762,320,50,2502,0,35,100084,221,26fb944a90,1,6
11228105859087650293,14102113,0,0,1fbe01fe,f3845767,28905ebd,ecad2386,7801e8d9,07d7df22,a99f214a,7531d5f7,a8d2c4cf,1,0,1005,21760,320,50,2502,0,35,100083,221,cb06f13c84,4,11
11462765048416031219,14102113,1,0,ea81afe8,c4e18dd6,50e219e0,ecad2386,7801e8d9,07d7df22,a2e237c2,a89031c5,6949c332,0,0,1002,11993,320,50,1248,2,39,100119,13,d7ec56b8b9,4,6
11681173525417421039,14102113,0,0,85f751fd,c4e18dd6,50e219e0,fb7c70a3,d9b5648e,0f2161f8,ec8c0a89,d650ec0c,aad45b01,1,0,1005,21746,320,50,2504,3,41,100162,111,559ab6afa0,4,10
12232852347295874925,14102113,1,1,dfc6489e,37cbd557,3e814130,ecad2386,7801e8d9,07d7df22,a99f214a,f907b6f0,d787e91b,1,0,1005,20384,320,50,2338,0,35,100079,79,bb85e767b6,6,11
12341548531979163437,14102113,0,0,89a490f5,ce307e01,3e814130,ecad2386,7801e8d9,07d7df22,a99f214a,dd979bac,3e7932d7,1,0,1005,19772,320,50,2227,0,687,-1,48,6e9374e7c0,19,19
13742103215046883001,14102113,1,0,85f751fd,c4e18dd6,50e219e0,e2fcccd2,5c5a694b,0f2161f8,c033648a,8acd3e9d,4962150e,1,0,1005,20633,320,50,2374,3,39,-1,23,1ae0f2c08d,12,30
14145989089479832908,14102113,0,1,856e6d3f,58a89a43,f028772b,ecad2386,7801e8d9,07d7df22,a99f214a,4c1c1875,6e1e2240,1,0,1005,19950,320,50,1800,3,167,100079,23,f0a29039e3,1,9
14569322712415732123,14102113,0,0,85f751fd,c4e18dd6,50e219e0,92f5800b,ae637522,0f2161f8,a99f214a,e77cbdba,981edffc,1,3,1005,21751,320,50,2505,0,169,100176,17,cea06f2305,1,2
14856658775188312552,14102113,0,0,85f751fd,c4e18dd6,50e219e0,45aff1a2,5c620f04,d1327cf5,a99f214a,aeb91270,a9e0c3ab,1,0,1005,21665,320,50,2493,3,35,100052,117,641b5eebcb,9,11
2043977275710252061,14102113,1,0,1fbe01fe,f3845767,28905ebd,ecad2386,7801e8d9,07d7df22,a99f214a,baf44d2b,f39b265e,1,0,1005,21761,320,50,2502,0,35,100083,221,213a2e9394,10,28
2166407550458583596,14102113,0,0,f84e52b6,d7e2f29b,28905ebd,ecad2386,7801e8d9,07d7df22,a99f214a,78a53497,fce66524,1,0,1005,19665,320,50,2253,2,303,100057,52,ae98a00a33,1,1
2741843617735144707,14102113,0,1,cffc1324,bc63ea42,335d28a8,ecad2386,7801e8d9,07d7df22,a99f214a,0c9d49a3,7c997db0,1,0,1005,20384,320,50,2338,0,35,-1,79,84bec0e206,3,5
379300607693509088,14102113,0,0,43999cb9,df947b66,50e219e0,ecad2386,7801e8d9,07d7df22,3628418b,ece13066,e27ae37e,0,0,1002,21790,320,50,2513,3,35,-1,68,23ca028430,17,23
520631013745757499,14102113,0,0,9ee9dd00,759d1c56,f028772b,ecad2386,7801e8d9,07d7df22,a99f214a,51784815,be74e6fe,1,0,1005,17239,320,50,1973,3,39,-1,23,d0b6af72bd,8,8
5297880166951265701,14102113,1,1,e151e245,7e091613,f028772b,ecad2386,7801e8d9,07d7df22,a99f214a,689d218f,fce66524,1,0,1005,4687,320,50,423,2,39,100148,32,688cbea0c8,1,1
5385144338369818999,14102113,0,0,543a539e,c7ca3108,3e814130,ecad2386,7801e8d9,07d7df22,a99f214a,91ebc7e2,6d44e29a,1,0,1005,21665,320,50,2493,3,35,-1,117,72b24f5b55,11,11
6479790043056065231,14102113,0,0,85f751fd,c4e18dd6,50e219e0,03528b27,2347f47a,8ded1f7a,a99f214a,ee7392d1,520ca87c,1,0,1005,21762,320,50,2502,0,35,-1,221,6cb6dc7921,16,16
6866595144157774020,14102113,0,0,1fbe01fe,f3845767,28905ebd,ecad2386,7801e8d9,07d7df22,a99f214a,1bbbed29,711ee120,1,0,1005,21757,320,50,2502,0,35,100083,221,a3433b2fd4,1,2
7508523319123707465,14102113,0,0,a469e235,7b1e349b,335d28a8,ecad2386,7801e8d9,07d7df22,a99f214a,ad99d0ad,aad45b01,1,0,1005,21751,320,50,2505,0,169,100176,17,4fe2a74129,4,18
10582449771827933570,14102114,0,1,e151e245,7e091613,f028772b,ecad2386,7801e8d9,07d7df22,a99f214a,9636c101,4ea23a13,1,0,1005,19251,320,50,2201,3,35,-1,43,a10abcf391,20,26
11578772298536501111,14102114,0,0,1fbe01fe,f3845767,28905ebd,ecad2386,7801e8d9,07d7df22,a99f214a,9e38e5e9,8a4875bd,1,0,1005,21762,320,50,2502,0,35,-1,221,4b5da1a209,17,25
12812870025614557906,14102114,1,0,85f751fd,c4e18dd6,50e219e0,66f5e02e,6f7ca2ba,0f2161f8,a99f214a,c9f335af,f910cbcb,1,0,1005,21715,320,50,2500,2,34,-1,90,4134d75983,15,60
1281462002841157761,14102114,0,0,85f751fd,c4e18dd6,50e219e0,0acbeaa3,45a51db4,f95efa07,a99f214a,b12b2691,aa35da31,1,0,1005,19251,320,50,2201,3,35,-1,43,9c6f6f5468,3,15
13425062576061443011,14102114,0,1,3281baa7,61eac15d,f028772b,ecad2386,7801e8d9,07d7df22,a99f214a,f585ad92,d787e91b,1,0,1005,17893,320,50,2039,2,39,100074,32,d1413e698f,2,10
13826233597318853841,14102114,0,0,6399eda6,968765cd,f028772b,ecad2386,7801e8d9,07d7df22,a99f214a,7d4cb369,ecb851b2,1,0,1005,19950,320,50,1800,3,167,100079,23,1ff890a7c2,22,30
13945197372453136383,14102114,0,0,85f751fd,c4e18dd6,50e219e0,f888bf4c,5b9c592b,0f2161f8,0344327b,a7ac0320,1d5bfd2d,1,0,1005,21611,320,50,2480,3,297,100111,61,d7ec56b8b9,2,2
1650351909559290171,14102114,0,0,12fb4121,6b59f079,f028772b,ecad2386,7801e8d9,07d7df22,a99f214a,4fedc9d7,99ec2bcb,1,0,1005,16615,320,50,1863,3,39,100119,23,e0a7ac62dc,3,26
16629902311936430615,14102114,0,0,85f751fd,c4e18dd6,50e219e0,2a5a7c9d,2347f47a,0f2161f8,31a088fe,ab8c37f1,d787e91b,1,2,1005,19251,320,50,2201,3,35,-1,43,a12f076438,25,32
1758222536343514939,14102114,0,0,85f751fd,c4e18dd6,50e219e0,c105f675,2347f47a,0f2161f8,a99f214a,55220f39,cd5b1559,1,2,1005,21747,320,50,2504,3,41,100160,111,b0828d4a01,8,8
17900964661529119121,14102114,0,0,1fbe01fe,f3845767,28905ebd,ecad2386,7801e8d9,07d7df22,a99f214a,4c30cc1e,5096d134,1,0,1005,21724,320,50,2502,0,35,100084,221,0923438128,6,6
3483526921269102033,14102114,0,1,92c7cbe7,6e882918,75fa27f6,ecad2386,7801e8d9,07d7df22,a99f214a,25ed11da,d787e91b,1,0,1005,19251,320,50,2201,3,35,100081,43,f409a67946,1,1
385856016554112751,14102114,0,0,85f751fd,c4e18dd6,50e219e0,66f5e02e,6f7ca2ba,0f2161f8,a99f214a,bc799420,24f6b932,1,0,1005,21676,320,50,2495,2,167,-1,23,4395611748,2,5
4558554721016333343,14102114,0,0,85f751fd,c4e18dd6,50e219e0,de05bda4,7801e8d9,0f2161f8,bc8d02b0,08b7967d,570d21dc,1,0,1005,19251,320,50,2201,3,35,100126,43,3502a6a7ba,6,12
5279277972157266651,14102114,0,0,5b08c53b,7687a86e,3e814130,ecad2386,7801e8d9,07d7df22,a99f214a,db01c90a,05e70df4,1,0,1005,17653,300,250,1994,2,39,-1,33,fe9b88f4ba,1,2
6429089959824955272,14102114,0,0,85f751fd,c4e18dd6,50e219e0,e2fcccd2,5c5a694b,0f2161f8,f939f7b2,0c55da24,84ebbcd4,1,0,1005,4687,320,50,423,2,39,100148,32,15057c0f07,17,19
7060286637640185329,14102114,1,0,294411bf,c4e18dd6,50e219e0,ecad2386,7801e8d9,07d7df22,5f428ece,a822945c,b9df6232,0,0,1002,21746,320,50,2504,3,41,100160,111,dc4484e942,1,2
8354521446386581767,14102114,1,0,85f751fd,c4e18dd6,50e219e0,396df801,2347f47a,0f2161f8,a99f214a,23d49e16,1f0bc64f,1,0,1005,19776,320,50,2229,0,687,100031,48,2ae4a63c40,3,10
9686574209286123135,14102114,0,0,1fbe01fe,f3845767,28905ebd,ecad2386,7801e8d9,07d7df22,a99f214a,aadcf055,8a4875bd,1,0,1005,21761,320,50,2502,0,35,-1,221,e2384add73,4,8
9872933059807418084,14102114,1,0,1fbe01fe,f3845767,28905ebd,ecad2386,7801e8d9,07d7df22,a99f214a,260957b4,8a4875bd,1,0,1005,21724,320,50,2502,0,35,100084,221,d4e9a00119,7,8
10030723917603992904,14102115,0,0,85f751fd,c4e18dd6,50e219e0,f0d41ff1,2347f47a,0f2161f8,a99f214a,f1135faf,0f942be3,1,0,1005,19775,320,50,2229,0,687,100031,48,1fa5b87df9,14,15
12324395795059197606,14102115,0,0,85f751fd,c4e18dd6,50e219e0,a4869716,2347f47a,d1327cf5,a99f214a,50003454,cd2acf54,1,2,1005,377,320,50,112,3,1319,-1,15,9443328a83,16,18
1259232336838383553,14102115,0,0,85f751fd,c4e18dd6,50e219e0,febd1138,82e27996,0f2161f8,a99f214a,d6eb97fc,15dc77b3,1,0,1005,21611,320,50,2480,3,297,100111,61,197588b90d,2,2
15563624006200562094,14102115,0,1,5ee41ff2,17d996e6,f028772b,ecad2386,7801e8d9,07d7df22,a99f214a,3929565a,07bb0685,1,0,1005,16920,320,50,1899,0,431,-1,117,5d978f9257,36,44
15671250403838382511,14102115,0,0,4bf5bbe2,6b560cc1,28905ebd,ecad2386,7801e8d9,07d7df22,a99f214a,8dc33415,8a4875bd,1,0,1005,16615,320,50,1863,3,39,-1,23,0742af314f,22,38
16596294737044442276,14102115,0,1,e4d8dd7b,a17bde68,3e814130,ecad2386,7801e8d9,07d7df22,a99f214a,dbe9e449,76dc4769,1,0,1005,16208,320,50,1800,3,167,-1,23,56c232f749,2,2
170960665112291741,14102115,0,1,e151e245,7e091613,f028772b,ecad2386,7801e8d9,07d7df22,a99f214a,3553f4e0,e9b8d8d7,1,0,1005,17586,320,50,1991,2,39,100084,33,8c204b4bee,5,22
17153192313804956843,14102115,0,1,43d6df75,27e3c518,28905ebd,ecad2386,7801e8d9,07d7df22,a99f214a,599dd625,a0f5f879,1,0,1005,21761,320,50,2502,0,35,-1,221,f31cde6184,2,5
18308806267215239135,14102115,0,0,1fbe01fe,f3845767,28905ebd,ecad2386,7801e8d9,07d7df22,a99f214a,914eb331,8a4875bd,1,0,1005,21761,320,50,2502,0,35,-1,221,18f6dd09db,33,54
2284126693052547781,14102115,1,1,0a742914,510bd839,f028772b,ecad2386,7801e8d9,07d7df22,a99f214a,6713cbbe,7ea07868,1,0,1005,19878,320,50,2271,0,687,100075,48,784c6f49a1,9,9
2840745138607328171,14102115,0,0,74fb2abe,7482f058,72722551,ecad2386,7801e8d9,07d7df22,a99f214a,1446327c,d787e91b,1,0,1005,21697,320,50,2497,3,43,100151,42,f2b5f9da4a,19,27
2926744381260648576,14102115,1,0,1fbe01fe,f3845767,28905ebd,ecad2386,7801e8d9,07d7df22,a99f214a,8a014cbb,1f0bc64f,1,0,1005,21758,320,50,2502,0,35,-1,221,4fdc7839a0,5,6
3022581635122692729,14102115,0,1,e4d8dd7b,a17bde68,3e814130,ecad2386,7801e8d9,07d7df22,a99f214a,5919180a,d4897fef,1,0,1005,19950,320,50,1800,3,167,100075,23,b33eafcfbd,5,6
3938398822877256600,14102115,0,0,1fbe01fe,f3845767,28905ebd,ecad2386,7801e8d9,07d7df22,a99f214a,302025f8,36d749e5,1,0,1005,21757,320,50,2502,0,35,-1,221,a1118f80c8,27,38
3978683176662790775,14102115,0,0,1fbe01fe,f3845767,28905ebd,ecad2386,7801e8d9,07d7df22,a99f214a,ee41c3e0,d787e91b,1,0,1005,21725,320,50,2502,0,35,-1,221,5c4189ce81,1,1
4974072430170243146,14102115,0,1,85f751fd,c4e18dd6,50e219e0,ffc6ffd0,7801e8d9,0f2161f8,868796f9,8aaad8d1,f07e20f8,4,0,1010,21790,320,50,2513,3,35,-1,68,44ed046bad,3,9
5209787248843036349,14102115,0,1,e151e245,7e091613,f028772b,ecad2386,7801e8d9,07d7df22,a99f214a,9dc5d74a,8a88896c,1,0,1005,19998,216,36,2281,3,47,100181,42,ebe1c32b22,2,2
5393176092363252781,14102115,0,1,e151e245,7e091613,f028772b,ecad2386,7801e8d9,07d7df22,a99f214a,8d29ca97,2203a096,1,0,1005,4687,320,50,423,2,39,100148,32,6749446687,1,1
6433160036928666466,14102115,1,0,85f751fd,c4e18dd6,50e219e0,7358e05e,b9528b13,cef3e649,5bc8ead5,67655a1a,e981565c,1,0,1005,1039,320,50,178,3,1327,-1,15,77d76f0861,1,1
6475573615498993899,14102115,1,1,d9750ee7,98572c79,f028772b,ecad2386,7801e8d9,07d7df22,a99f214a,63fd1138,68b900d9,1,0,1005,21715,320,50,2500,2,34,-1,90,b04ee38fa2,16,32
6680015618684012576,14102115,0,0,85f751fd,c4e18dd6,50e219e0,3f2a6cbb,33da2e74,cef3e649,a99f214a,52e933ed,3bb1ddd7,1,0,1005,19733,320,50,2260,0,171,100156,91,dc4484e942,1,14
8073462282527121354,14102115,0,0,85f751fd,c4e18dd6,50e219e0,9c13b419,2347f47a,f95efa07,a99f214a,0429bdf3,d2679b96,1,0,1005,19251,320,50,2201,3,35,-1,43,3c83552d1f,5,6
8755958687811330452,14102115,0,0,1fbe01fe,f3845767,28905ebd,ecad2386,7801e8d9,07d7df22,a99f214a,0a2d9acf,8a4875bd,1,0,1005,21760,320,50,2502,0,35,-1,221,f7dc169600,6,11
9763936804030564116,14102115,0,0,85f751fd,c4e18dd6,50e219e0,7358e05e,b9528b13,cef3e649,1c23782e,10f7e453,d8337869,1,0,1005,1037,320,50,178,3,1327,100148,15,123c584c6f,52,53
10794774164540954909,14102116,0,0,1fbe01fe,f3845767,28905ebd,ecad2386,7801e8d9,07d7df22,a99f214a,ef9ae7ea,d787e91b,1,0,1005,21758,320,50,2502,0,35,100084,221,6d74b776a1,6,10
10888290664355189921,14102116,0,1,5b4d2eda,16a36ef3,f028772b,ecad2386,7801e8d9,07d7df22,a99f214a,0135a439,6afc734f,1,0,1005,19950,320,50,1800,3,167,100075,23,0aeda26106,26,28
13662968557880907345,14102116,0,0,85f751fd,c4e18dd6,50e219e0,98fed791,d9b5648e,0f2161f8,a99f214a,c03ac400,22fb7d04,1,0,1005,18648,320,50,1092,3,1835,100156,61,cb06f13c84,17,30
13727750992802221140,14102116,0,1,85f751fd,c4e18dd6,50e219e0,13684a79,2347f47a,0f2161f8,bf0fb7ed,b05d2d74,1f0bc64f,1,0,1005,19251,320,50,2201,3,35,-1,43,f7b5825050,6,15
1384187425708806233,14102116,0,0,85f751fd,c4e18dd6,50e219e0,7358e05e,b9528b13,cef3e649,4f672992,bd2b36c4,7abbbd5c,1,0,1005,12000,320,50,1248,2,39,100148,13,7a07d293ad,10,19
15991936350837933865,14102116,0,0,85f751fd,c4e18dd6,50e219e0,51cedd4e,aefc06bd,0f2161f8,a99f214a,933205ab,35e87701,1,0,1005,21706,320,50,2498,3,169,100111,61,f437171806,3,3
16546070058678765324,14102116,0,0,1fbe01fe,f3845767,28905ebd,ecad2386,7801e8d9,07d7df22,a99f214a,c5494b96,ecb851b2,1,0,1005,21757,320,50,2502,0,35,-1,221,3f6a7852d4,4,8
17858719736789012262,14102116,0,0,e9ca7d40,98572c79,f028772b,ecad2386,7801e8d9,07d7df22,a99f214a,0587a480,ff065cf0,1,2,1005,17654,300,250,1994,2,39,100084,33,f39217048c,2,3
3123257109373825427,14102116,0,0,d9750ee7,98572c79,f028772b,ecad2386,7801e8d9,07d7df22,a99f214a,7c0ec892,711ee120,1,0,1005,21757,320,50,2502,0,35,-1,221,af322b74ef,3,3
3246496309214432300,14102116,0,0,1fbe01fe,f3845767,28905ebd,ecad2386,7801e8d9,07d7df22,a99f214a,c48f6c2c,36c6b1de,1,0,1005,21727,320,50,2502,0,35,-1,221,d40950a9fe,14,17
3369154931344972738,14102116,1,0,1fbe01fe,f3845767,28905ebd,ecad2386,7801e8d9,07d7df22,a99f214a,ed54a747,779d90c2,1,0,1005,15704,320,50,1722,0,35,-1,79,6a1d4b9847,1,4
3435284431655553627,14102116,0,0,6399eda6,968765cd,f028772b,ecad2386,7801e8d9,07d7df22,a99f214a,3f0651ad,a8d2c4cf,1,0,1005,17877,320,50,2036,3,47,100013,156,d502d046e1,5,16
490869302003040904,14102116,1,1,43d6df75,27e3c518,28905ebd,ecad2386,7801e8d9,07d7df22,a99f214a,edf13850,d4527c28,1,0,1005,21758,320,50,2502,0,35,-1,221,a7afbfdcd7,13,14
6717180768605548295,14102116,0,0,1fbe01fe,f3845767,28905ebd,ecad2386,7801e8d9,07d7df22,a99f214a,d2334423,8a4875bd,1,0,1005,21758,320,50,2502,0,35,-1,221,b1f5c8d09b,3,3
6930743494777908290,14102116,1,0,1fbe01fe,f3845767,28905ebd,ecad2386,7801e8d9,07d7df22,a99f214a,5bd66ad5,aaffed8f,1,0,1005,21758,320,50,2502,0,35,100084,221,4d9a3734a9,1,1
7126923141015784196,14102116,0,0,85f751fd,c4e18dd6,50e219e0,51cedd4e,aefc06bd,0f2161f8,a99f214a,29768511,894fb406,1,0,1005,16685,320,50,1092,3,1835,100156,61,5b25838ebf,10,11
7230557851445769106,14102116,0,1,b554a32a,7e091613,f028772b,ecad2386,7801e8d9,07d7df22,a99f214a,d74c558a,f60c2fd3,1,0,1005,19146,320,50,2181,0,169,100156,111,1735e8ddab,1,1
7542081353619751297,14102116,0,1,85f751fd,c4e18dd6,50e219e0,8486dd4e,7801e8d9,0f2161f8,2c798a20,b6632da0,0d7ad2f3,5,0,1010,21793,728,90,2513,3,35,-1,68,ea3d2b3cf4,1,2
10791121192327036284,14102117,0,0,1fbe01fe,f3845767,28905ebd,ecad2386,7801e8d9,07d7df22,a99f214a,295cedcd,4ea23a13,1,0,1005,21759,320,50,2502,0,35,-1,221,896b5616b0,1,8
11610612310383242842,14102117,0,1,e8f79e60,c4342784,f028772b,ecad2386,7801e8d9,07d7df22,a99f214a,484256d4,89deac5a,1,2,1005,19950,320,50,1800,3,167,100074,23,3e58817720,1,1
13926581219961069453,14102117,1,1,f0ee33c5,9cf7de2f,f028772b,ecad2386,7801e8d9,07d7df22,a99f214a,4a9ebead,d2e5a0b2,1,0,1005,17894,320,50,2039,2,39,100075,32,bac1504516,4,5
15342030628947470975,14102117,1,0,bb4524e7,d733bbc3,28905ebd,ecad2386,7801e8d9,07d7df22,a99f214a,cff35a13,5ec45883,1,0,1005,20560,320,50,2271,0,687,100076,48,cc86facf98,3,3
16296025149973045658,14102117,0,1,e151e245,7e091613,f028772b,ecad2386,7801e8d9,07d7df22,a99f214a,5ca6a9f6,84ebbcd4,1,0,1005,19998,216,36,2281,3,47,100182,42,a415172f6a,4,4
17429699791917830894,14102117,0,1,e151e245,7e091613,f028772b,ecad2386,7801e8d9,07d7df22,a99f214a,f786a40c,fa61e8fe,1,0,1005,21675,320,50,2495,2,167,100221,23,76ca16b92f,7,7
17568860003718561936,14102117,0,0,a36d69ee,3720f0f5,f66779e6,ecad2386,7801e8d9,07d7df22,a99f214a,4d050b70,1aa0e912,1,0,1005,15708,320,50,1722,0,35,-1,79,ce184db1aa,8,10
17701710712974293168,14102117,0,1,85f751fd,c4e18dd6,50e219e0,cf0327f9,2347f47a,0f2161f8,ef87b914,5da927ac,84ebbcd4,1,0,1005,21610,300,50,2480,3,297,100111,61,02a87e2a8f,4,5
2215087162498784158,14102117,0,0,1fbe01fe,f3845767,28905ebd,ecad2386,7801e8d9,07d7df22,a99f214a,e4ec7f83,4ea23a13,1,0,1005,21758,320,50,2502,0,35,100084,221,3fef52d9ff,12,15
2270263316691270617,14102117,0,0,85f751fd,c4e18dd6,50e219e0,3f2a6cbb,33da2e74,cef3e649,a99f214a,009a7861,3bb1ddd7,1,0,1005,19733,320,50,2260,0,171,100156,91,c9993d43d1,1,1
3539464464156552878,14102117,0,1,856e6d3f,58a89a43,f028772b,ecad2386,7801e8d9,07d7df22,a99f214a,e60f167f,c144e605,1,0,1005,16208,320,50,1800,3,167,100081,23,9c57d5f57d,1,1
3835656661157860396,14102117,0,0,85f751fd,c4e18dd6,50e219e0,54c5d545,2347f47a,0f2161f8,f03e8026,eaa30775,fce66524,1,0,1005,6990,320,50,613,2,39,100233,32,68ec65f5cf,11,14
4236631065877671899,14102117,0,0,395fa97c,3f797953,3e814130,ecad2386,7801e8d9,07d7df22,a99f214a,a8d3ef48,be6db1d7,1,0,1005,21688,320,50,2496,3,167,-1,23,0c6c191ec6,8,17
7228226027922383495,14102117,0,1,856e6d3f,58a89a43,f028772b,ecad2386,7801e8d9,07d7df22,a99f214a,05bb2020,9dcb1cd1,1,0,1005,19772,320,50,2227,0,679,100079,48,c5527b2f9d,1,6
7267088966008729428,14102117,1,0,1fbe01fe,f3845767,28905ebd,ecad2386,7801e8d9,07d7df22,a99f214a,da208bce,a0f5f879,1,0,1005,21726,320,50,2502,0,35,-1,221,5e3c7588d8,4,6
8257283790816723768,14102117,0,0,85f751fd,c4e18dd6,50e219e0,7358e05e,b9528b13,cef3e649,2314a3ef,e976a379,e981565c,1,0,1005,1038,320,50,178,3,1327,100013,15,10ad6504fa,1,13
8769748217940395771,14102117,0,0,85f751fd,c4e18dd6,50e219e0,36f58dec,2347f47a,f95efa07,a99f214a,3cb82251,a5205f2d,1,0,1005,21747,320,50,2504,3,41,100160,111,89ef31b78e,10,19
11593259636397319435,14102118,0,1,85f751fd,c4e18dd6,50e219e0,615ee83a,7801e8d9,0f2161f8,de9d94ea,4a682f79,f07e20f8,4,0,1010,21790,320,50,2513,3,35,-1,68,a7afbfdcd7,14,19
13137259730385548844,14102118,1,0,1fbe01fe,f3845767,28905ebd,ecad2386,7801e8d9,07d7df22,a99f214a,9b1fe278,158e4944,1,0,1005,21763,320,50,2502,0,35,-1,221,7121804849,4,5
13228208876642291687,14102118,0,1,0a742914,510bd839,f028772b,ecad2386,7801e8d9,07d7df22,a99f214a,0c4f74e0,8a4875bd,1,0,1005,16208,320,50,1800,3,167,100081,23,c87e3bbcde,8,11
13568485472127840152,14102118,0,0,5b08c53b,7687a86e,3e814130,ecad2386,7801e8d9,07d7df22,a99f214a,1a3624b8,07df03b2,1,0,1005,19015,300,250,2162,2,39,100171,33,e30996b0c2,1,11
14250641815048524871,14102118,0,0,85f751fd,c4e18dd6,50e219e0,e2fcccd2,5c5a694b,0f2161f8,4363b278,3394ed22,f2790a6a,1,0,1005,4687,320,50,423,2,39,100148,32,2f96c63805,2,15
1450794007877351481,14102118,0,0,85f751fd,c4e18dd6,50e219e0,03528b27,2347f47a,8ded1f7a,a99f214a,3204e52e,d6b5c09e,1,2,1005,6563,320,50,572,2,39,-1,32,a17ac96d02,3,3
15400431771853513870,14102118,0,1,8fbe746d,35dc24d8,f028772b,ecad2386,7801e8d9,07d7df22,a99f214a,7ff2008a,be87996b,1,2,1005,16208,320,50,1800,3,167,100075,23,f0c531cbc4,6,39
16477498050947201416,14102118,0,0,85f751fd,c4e18dd6,50e219e0,3f2a6cbb,33da2e74,cef3e649,a99f214a,c41fe74f,c3f7117b,1,0,1005,19733,320,50,2260,0,171,100156,91,69b15a0ec2,37,39
17317239423795545912,14102118,0,1,b8eae5f9,1e334bd3,f028772b,ecad2386,7801e8d9,07d7df22,a99f214a,41b1faee,a0f5f879,1,0,1005,16208,320,50,1800,3,167,100081,23,44499a22b1,11,14
17658433035341986430,14102118,0,0,1fbe01fe,f3845767,28905ebd,ecad2386,7801e8d9,07d7df22,a99f214a,8a014cbb,76dc4769,1,0,1005,21724,320,50,2502,0,35,-1,221,dc48759487,5,37
18040276646594204012,14102118,1,0,85f751fd,c4e18dd6,50e219e0,7358e05e,b9528b13,cef3e649,ab2ee333,76625ecf,7abbbd5c,1,0,1005,452,320,50,122,3,1319,-1,15,5e3c7588d8,1,9
3377234722499026142,14102118,0,0,1fbe01fe,f3845767,28905ebd,ecad2386,7801e8d9,07d7df22,a99f214a,bf2f7567,8a4875bd,1,0,1005,21731,320,50,2502,0,35,100083,221,4519e0c481,10,14
4343677753525976180,14102118,0,0,85f751fd,c4e18dd6,50e219e0,fc46e1c5,2347f47a,0f2161f8,a99f214a,ee3aea09,d4897fef,1,0,1005,12000,320,50,1248,2,39,100148,13,cd60374e9e,30,32
4678646127708801934,14102118,0,0,1fbe01fe,f3845767,28905ebd,ecad2386,7801e8d9,07d7df22,a99f214a,68939137,06fbfd42,1,0,1005,21757,320,50,2502,0,35,100084,221,9cbbf4fa15,1,6
5559627459435312250,14102118,1,0,85f751fd,c4e18dd6,50e219e0,7358e05e,b9528b13,cef3e649,911baf72,ed317fde,1b01c4ed,1,0,1005,1038,320,50,178,3,1327,100148,15,311a6cd374,3,16
630965439557726879,14102118,0,0,1fbe01fe,f3845767,28905ebd,ecad2386,7801e8d9,07d7df22,a99f214a,8c7320ba,8a4875bd,1,0,1005,21727,320,50,2502,0,35,-1,221,9fb5b8be01,1,1
7640635433173845332,14102118,0,0,85f751fd,c4e18dd6,50e219e0,3f2a6cbb,33da2e74,cef3e649,a99f214a,8ba222ee,3bb1ddd7,1,0,1005,19733,320,50,2260,0,171,100156,91,aaf214c471,8,8
9090576396724466966,14102118,0,0,1fbe01fe,f3845767,28905ebd,ecad2386,7801e8d9,07d7df22,a99f214a,676617bf,8a4875bd,1,0,1005,21763,320,50,2502,0,35,-1,221,e90d4d53c5,1,1
9989275808392431894,14102118,0,1,5ee41ff2,17d996e6,f028772b,ecad2386,7801e8d9,07d7df22,a99f214a,9f797600,5ec45883,1,0,1005,20006,320,50,2283,0,163,-1,95,4ac0eb2207,2,8
10571085272672564769,14102119,0,0,1fbe01fe,f3845767,28905ebd,ecad2386,7801e8d9,07d7df22,a99f214a,6fe78038,8a4875bd,1,0,1005,21725,320,50,2502,0,35,-1,221,69fb3213a3,2,12
11482096130095299587,14102119,1,0,763a42b5,1e0acfb4,50e219e0,ecad2386,7801e8d9,07d7df22,0f9c0cd2,12c43dd1,093d87b8,0,0,1002,19665,320,50,2253,2,303,-1,52,f8e538f2be,3,18
121827739739527142,14102119,1,0,85f751fd,c4e18dd6,50e219e0,7358e05e,b9528b13,cef3e649,340d1978,041c9928,d4897fef,1,0,1005,1039,320,50,178,3,1327,-1,15,509b567e80,4,7
12391968348152086899,14102119,0,1,856e6d3f,58a89a43,f028772b,ecad2386,7801e8d9,07d7df22,a99f214a,502feab6,947f5ef6,1,0,1005,19771,320,50,2227,0,679,100075,48,00a87f3d9c,8,12
12692287043899928130,14102119,0,0,85f751fd,c4e18dd6,50e219e0,febd1138,82e27996,0f2161f8,a99f214a,546b359d,9b5ce758,1,0,1005,21706,320,50,2498,3,169,100111,61,bfbc190e08,4,11
13192313293651173176,14102119,0,1,85f751fd,c4e18dd6,50e219e0,f1cd0776,7801e8d9,0f2161f8,2bea26f5,7838956e,9e6d3278,4,0,1010,21776,320,50,2509,0,553,100151,101,1abfd033f5,4,11
13818169551946824593,14102119,0,0,85f751fd,c4e18dd6,50e219e0,c0a736f4,7801e8d9,07d7df22,c84a3b01,69a5539a,34da6735,0,0,1002,21715,320,50,2500,2,34,-1,90,a289ec9cb6,23,30
14485282336552886689,14102119,0,0,85f751fd,c4e18dd6,50e219e0,e2fcccd2,5c5a694b,0f2161f8,dfcdd48b,6fb800c5,fce66524,1,0,1005,4687,320,50,423,2,39,100148,32,4dc32e3f7e,1,12
1582123082591259139,14102119,0,0,1fbe01fe,f3845767,28905ebd,ecad2386,7801e8d9,07d7df22,a99f214a,213399ae,8a4875bd,1,0,1005,21727,320,50,2502,0,35,100084,221,638d4844ab,2,2
17087822842397934970,14102119,0,0,85f751fd,c4e18dd6,50e219e0,d1763ed2,2347f47a,0f2161f8,93159ab5,04e5b38d,960741ed,1,3,1005,12000,320,50,1248,2,39,-1,13,688cbea0c8,24,34
17423379802972234350,14102119,0,0,1fbe01fe,f3845767,28905ebd,ecad2386,7801e8d9,07d7df22,a99f214a,d82523d8,cab7ad1c,1,0,1005,21725,320,50,2502,0,35,-1,221,f95c6af55f,1,2
4751882849008297645,14102119,0,0,85f751fd,c4e18dd6,50e219e0,7358e05e,b9528b13,cef3e649,201e50ed,1f32ff80,ecb851b2,1,0,1005,454,320,50,122,3,1319,-1,15,16744ee35f,15,21
4924661812346203962,14102119,0,0,d5d760f7,cf35f82f,f028772b,ecad2386,7801e8d9,07d7df22,a99f214a,f318e72c,36b67a2a,1,0,1005,21234,320,50,2434,3,163,100088,61,6ffc75f95d,7,38
5309810079998426310,14102119,0,0,1fbe01fe,f3845767,28905ebd,ecad2386,7801e8d9,07d7df22,a99f214a,ca91ff47,6569eeb3,1,0,1005,21760,320,50,2502,0,35,100083,221,04d5168971,1,11
5605893330115968660,14102119,0,0,1fbe01fe,f3845767,28905ebd,ecad2386,7801e8d9,07d7df22,a99f214a,2ad2fb00,8a4875bd,1,0,1005,21759,320,50,2502,0,35,100084,221,b0ea52ea68,8,10
5750925215382954718,14102119,1,0,85f751fd,c4e18dd6,50e219e0,3f2a6cbb,33da2e74,cef3e649,a99f214a,af9205f9,3bb1ddd7,1,0,1005,19733,320,50,2260,0,171,100156,91,2ebd3ee2b2,3,21
7970548870596278092,14102119,0,0,85f751fd,c4e18dd6,50e219e0,3f2a6cbb,33da2e74,cef3e649,a99f214a,e0030fa7,f60c2fd3,1,0,1005,19733,320,50,2260,0,171,100156,91,ab3e1edb10,4,4
8015371704531052281,14102119,0,0,85f751fd,c4e18dd6,50e219e0,51cedd4e,aefc06bd,0f2161f8,a99f214a,332771ea,542422a7,1,0,1005,21234,320,50,2434,3,163,100086,61,a1118f80c8,1,1
10629039769105600507,14102120,0,0,85f751fd,c4e18dd6,50e219e0,f0d41ff1,2347f47a,0f2161f8,a99f214a,50e33c14,5096d134,1,0,1005,21746,320,50,2504,3,41,100160,111,151605181c,6,8
11056061974321806450,14102120,0,0,1fbe01fe,f3845767,28905ebd,ecad2386,7801e8d9,07d7df22,a99f214a,dab29f53,76dc4769,1,0,1005,21759,320,50,2502,0,35,-1,221,b9e649fac7,4,40
15952189220578294899,14102120,0,0,85f751fd,c4e18dd6,50e219e0,e9739828,df32afa9,cef3e649,a99f214a,500b782e,aa35da31,1,0,1005,18987,320,50,2158,3,291,100190,61,11d8b06da2,10,14
16130581666426371691,14102120,1,0,85f751fd,c4e18dd6,50e219e0,27550a3c,7801e8d9,07d7df22,9ae23eba,73bdff25,3d5dd832,0,0,1002,21715,320,50,2500,2,34,100105,90,a527882ae0,14,15
17207737424505160540,14102120,1,0,f84e52b6,d7e2f29b,28905ebd,ecad2386,7801e8d9,07d7df22,a99f214a,f82687ec,779d90c2,1,0,1005,19665,320,50,2253,2,303,-1,52,c7f0e4e841,2,2
2095259298718456017,14102120,0,0,85f751fd,c4e18dd6,50e219e0,197b4f7f,2347f47a,09481d60,468f295c,19cba668,158e4944,1,0,1005,456,320,50,122,3,1319,100139,15,ca8293f05a,3,5
2494251462475920614,14102120,0,0,1fbe01fe,f3845767,28905ebd,ecad2386,7801e8d9,07d7df22,a99f214a,313abd97,a5bce124,1,0,1005,21724,320,50,2502,0,35,100083,221,4cbd26faea,8,10
3533178691208934938,14102120,0,1,e151e245,7e091613,f028772b,ecad2386,7801e8d9,07d7df22,a99f214a,4e5b909e,c144e605,1,0,1005,4687,320,50,423,2,39,100148,32,183bc250e4,81,96
5745420755925719562,14102120,0,0,1fbe01fe,f3845767,28905ebd,ecad2386,7801e8d9,07d7df22,a99f214a,c4dacbc8,24f6b932,1,0,1005,21732,320,50,2502,0,35,-1,221,6cb6dc7921,2,4
6111632260469496694,14102120,0,1,e151e245,7e091613,f028772b,ecad2386,7801e8d9,07d7df22,a99f214a,cb75dad8,fce66524,1,0,1005,4687,320,50,423,2,39,100148,32,a04634128a,9,11
6241040377474115858,14102120,0,0,85f751fd,c4e18dd6,50e219e0,f19d96ae,ae637522,0f2161f8,a99f214a,db7e2460,e1eae715,1,0,1005,15840,320,50,1741,3,171,100112,100,6eec479efa,4,8
6274708564199789144,14102120,0,0,1fbe01fe,f3845767,28905ebd,ecad2386,7801e8d9,07d7df22,a99f214a,df4229f1,8a4875bd,1,0,1005,21761,320,50,2502,0,35,-1,221,bf1574e690,1,1
7135870733557865369,14102120,0,0,85f751fd,c4e18dd6,50e219e0,08b5f605,33da2e74,dc97ec06,a99f214a,73f922c9,c3f7117b,1,0,1005,21746,320,50,2504,3,41,100160,111,08ea896f22,1,5
7523619464335686840,14102120,0,0,1fbe01fe,f3845767,28905ebd,ecad2386,7801e8d9,07d7df22,a99f214a,c6563308,1f0bc64f,1,0,1005,21763,320,50,2502,0,35,-1,221,f027f9f18e,7,13
7847490893430118622,14102120,0,0,85f751fd,c4e18dd6,50e219e0,3f2a6cbb,33da2e74,cef3e649,a99f214a,009a7861,03683bd4,1,0,1005,19733,320,50,2260,0,171,100156,91,8cc6d7d094,4,6
1024640422579711290,14102121,0,0,bb4524e7,d733bbc3,28905ebd,ecad2386,7801e8d9,07d7df22,a99f214a,188ffcb0,00b1f3a7,1,0,1005,20633,320,50,2374,3,39,-1,23,54147e4326,14,24
11995097480023281004,14102121,0,0,1fbe01fe,f3845767,28905ebd,ecad2386,7801e8d9,07d7df22,a99f214a,e56b0634,8a4875bd,1,0,1005,21760,320,50,2502,0,35,-1,221,9d9cd3c3cf,12,56
13098182102676965234,14102121,0,0,1fbe01fe,f3845767,28905ebd,ecad2386,7801e8d9,07d7df22,a99f214a,4cf55065,d787e91b,1,0,1005,21763,320,50,2502,0,35,-1,221,f0373858e1,38,42
1441882090301632770,14102121,0,0,cf3a1767,1e0acfb4,50e219e0,ecad2386,7801e8d9,07d7df22,bbbd5a11,63914b86,a9b05547,0,0,1002,16920,320,50,1899,0,431,100074,117,da4c5bd0ca,1,4
2983788435369671312,14102121,0,0,1fbe01fe,f3845767,28905ebd,ecad2386,7801e8d9,07d7df22,a99f214a,df3a1372,8a4875bd,1,0,1005,21758,320,50,2502,0,35,-1,221,1de6592607,2,6
308200440279042999,14102121,0,0,85f751fd,c4e18dd6,50e219e0,febd1138,82e27996,0f2161f8,a99f214a,aec64de0,af7fe221,1,0,1005,21746,320,50,2504,3,41,100162,111,239f316c3b,14,17
7954020686418515895,14102121,0,1,d9750ee7,98572c79,f028772b,ecad2386,7801e8d9,07d7df22,a99f214a,ceffea69,711ee120,1,0,1005,17753,320,50,1993,2,1063,-1,33,fcaba241c0,2,4
80556072004377980,14102121,1,0,1b171d6d,272c5d9d,f028772b,ecad2386,7801e8d9,07d7df22,a99f214a,dcbeb9aa,0ac04b54,1,0,1005,19951,320,50,1528,3,39,100075,23,63230e90fe,1,23
8417592765779731168,14102121,0,0,5b08c53b,7687a86e,3e814130,ecad2386,7801e8d9,07d7df22,a99f214a,1cbdc3c2,96a7c171,1,0,1005,19016,300,250,2162,2,39,-1,33,27b6c6993d,2,10
10577330318004974095,14102122,0,0,85f751fd,c4e18dd6,50e219e0,c8e3e3c1,b5f3b24a,8ded1f7a,2b8f7c04,bca666dc,620311f4,1,0,1005,18987,320,50,2158,3,291,100193,61,ed839caff2,1,16
12978324881784126976,14102122,1,1,d9750ee7,98572c79,f028772b,ecad2386,7801e8d9,07d7df22,a99f214a,9ca1540e,be87996b,1,2,1005,18092,320,50,2060,3,39,100172,23,1de0dc92f6,3,5
13052968621234185469,14102122,1,0,85f751fd,c4e18dd6,50e219e0,93d786c6,2347f47a,0f2161f8,a99f214a,cecc071d,3bd9e8e7,1,0,1005,21739,320,480,2502,0,35,-1,221,3362c571c7,1,24
15177913915303408855,14102122,0,0,85f751fd,c4e18dd6,50e219e0,7358e05e,b9528b13,cef3e649,9bdd4f46,4423a92c,a0f5f879,1,0,1005,452,320,50,122,3,1319,100050,15,3b90f51bf0,3,12
15695704453961180231,14102122,0,0,85f751fd,c4e18dd6,50e219e0,54c5d545,2347f47a,0f2161f8,03da02e8,b21174a8,83ed0b87,1,0,1005,21611,320,50,2480,3,297,100111,61,75eae5a2fc,19,29
16649206697752723840,14102122,0,1,85f751fd,c4e18dd6,50e219e0,30270b79,7801e8d9,09481d60,91dbac71,2cd31e69,5347522c,5,2,1010,21793,728,90,2513,3,35,-1,68,786dcbc25b,1,1
2297074526821988930,14102122,0,1,b7e9786d,b12b9f85,f028772b,ecad2386,7801e8d9,07d7df22,a99f214a,bc58fca9,8f5c9827,1,0,1005,19772,320,50,2227,0,679,100079,48,7759fba261,5,47
2397316189265809217,14102122,0,0,1fbe01fe,f3845767,28905ebd,ecad2386,7801e8d9,07d7df22,a99f214a,f7b1077b,2891f384,1,0,1005,21731,320,50,2502,0,35,100083,221,629e8573da,3,3
7904549389231819329,14102122,0,1,e151e245,7e091613,f028772b,ecad2386,7801e8d9,07d7df22,a99f214a,d0caf282,8b1aa260,1,0,1005,16687,320,50,1872,3,39,-1,23,ad5227cf21,8,12
8505368279876258846,14102122,0,0,85f751fd,c4e18dd6,50e219e0,51cedd4e,aefc06bd,0f2161f8,a99f214a,c633c217,e3bb76b5,1,0,1005,21706,320,50,2498,3,169,100111,61,f1f20e808a,2,3
9464099812940701273,14102122,0,1,e151e245,7e091613,f028772b,ecad2386,7801e8d9,07d7df22,a99f214a,2f08a706,fce66524,1,0,1005,4687,320,50,423,2,39,100148,32,b358b697d8,10,10
11148908894104763727,14102123,0,0,38217daf,449497bc,f028772b,ecad2386,7801e8d9,07d7df22,a99f214a,dc10f22f,8d4d7618,1,0,1005,20345,300,250,2331,2,39,100034,23,7a07d293ad,1,1
11867240428219529287,14102123,0,0,1fbe01fe,f3845767,28905ebd,ecad2386,7801e8d9,07d7df22,a99f214a,abd89a22,c6263d8a,1,0,1005,21732,320,50,2502,0,35,-1,221,3237a97d1d,11,13
12732481206795023856,14102123,0,0,85f751fd,c4e18dd6,50e219e0,e2fcccd2,5c5a694b,0f2161f8,a99f214a,7ed30f6c,8a4875bd,1,0,1005,20632,320,50,2374,3,39,-1,23,dfcfe2e58e,11,11
14587484966469172004,14102123,0,1,e151e245,7e091613,f028772b,ecad2386,7801e8d9,07d7df22,a99f214a,56ce9b65,d4897fef,1,0,1005,4687,320,50,423,2,39,100148,32,dc4c5c1bd8,3,3
16878906689801003018,14102123,1,0,85f751fd,c4e18dd6,50e219e0,7358e05e,b9528b13,cef3e649,d8581a6d,25809291,158e4944,1,0,1005,456,320,50,122,3,1319,-1,15,c4ccb97445,5,6
16886389540780740318,14102123,0,0,85f751fd,c4e18dd6,50e219e0,febd1138,82e27996,0f2161f8,a99f214a,defe7568,99e427c9,1,0,1005,21706,320,50,2498,3,169,100111,61,ad12c96426,2,3
17068554790568167434,14102123,1,0,85f751fd,c4e18dd6,50e219e0,fc46e1c5,2347f47a,0f2161f8,a99f214a,99e1c833,7f015023,1,0,1005,12000,320,50,1248,2,39,100034,13,29a563bffd,3,14
8428580934696440928,14102123,0,1,85f751fd,c4e18dd6,50e219e0,a607e6a7,7801e8d9,0f2161f8,681c737c,2a07a7c4,f07e20f8,5,0,1010,21790,320,50,2513,3,35,100050,68,993f9af552,1,3
8585852721758439386,14102123,0,1,e151e245,7e091613,f028772b,ecad2386,7801e8d9,07d7df22,a99f214a,b2a0f2da,0dc22ebc,1,0,1005,17263,320,50,1872,3,39,-1,23,fb57a44a15,3,3
887658056785115083,14102123,0,0,85f751fd,c4e18dd6,50e219e0,33291962,2347f47a,cef3e649,a99f214a,8284911e,cdf6ea96,1,2,1005,21611,320,50,2480,3,297,100111,61,7afe65b60c,14,21
108027951729721873,14102200,0,0,75f43c5a,c4e18dd6,50e219e0,ecad2386,7801e8d9,07d7df22,05f75302,d202f25f,c978d6f5,0,0,1002,21715,320,50,2500,2,34,-1,90,43ab812d35,2,7
11639606291137374383,14102200,0,0,85f751fd,c4e18dd6,50e219e0,3d3198ca,2347f47a,0f2161f8,cc6c7157,02d86518,ff91ea03,1,3,1005,454,320,50,122,3,1319,-1,15,1df55c1513,24,36
14956029637874630915,14102200,1,0,1fbe01fe,f3845767,28905ebd,ecad2386,7801e8d9,07d7df22,a99f214a,39ac71e4,4ceb2e0b,1,0,1005,21725,320,50,2502,0,35,100084,221,a2e96b6c46,10,21
4341006675822709941,14102200,0,0,85f751fd,c4e18dd6,50e219e0,7c7508aa,885c7f3f,0f2161f8,a99f214a,5874a34d,684581ce,1,0,1005,19493,320,50,2229,0,687,100031,48,8450d2d9ec,7,11
4531270081862968511,14102200,0,0,85f751fd,c4e18dd6,50e219e0,de97da65,33da2e74,0f2161f8,a99f214a,607ee5ec,8b65b455,1,0,1005,21611,320,50,2480,3,297,100111,61,5b25838ebf,5,22
6875556676431943517,14102200,0,0,d6137915,bb1ef334,f028772b,ecad2386,7801e8d9,07d7df22,a99f214a,f06ec852,eba9519f,1,0,1005,20214,320,50,2316,0,167,100079,16,993f9af552,7,17
1043988279280047061,14102201,0,1,85f751fd,c4e18dd6,50e219e0,04f2be5f,7801e8d9,0f2161f8,4d757aae,1da66981,f07e20f8,4,3,1010,21310,320,50,2449,0,171,100241,91,360d4dae65,5,10
1388429812299444765,14102201,1,0,1fbe01fe,f3845767,28905ebd,ecad2386,7801e8d9,07d7df22,a99f214a,1a70ab1e,44801bc1,1,0,1005,21758,320,50,2502,0,35,-1,221,6151a17e82,12,27
14513346139417989866,14102201,0,1,e151e245,7e091613,f028772b,ecad2386,7801e8d9,07d7df22,a99f214a,d20d54dd,ecb851b2,1,0,1005,17264,320,50,1872,3,39,100131,23,3a1ac8c722,10,13
15398489423285204448,14102201,0,0,85f751fd,c4e18dd6,50e219e0,66f5e02e,6f7ca2ba,0f2161f8,adb13c93,671c3222,1dcccfd5,1,0,1005,20751,320,50,1895,0,681,100028,101,f932061ae7,13,30
15434841613977125511,14102201,0,0,6ec06dbd,d262cf1e,f66779e6,ecad2386,7801e8d9,07d7df22,a99f214a,7e35c5dd,89416188,1,0,1005,15840,320,50,1741,3,171,100113,100,8b879e5c6f,6,12
17087044394789168258,14102201,1,1,88154ade,9f448720,3e814130,ecad2386,7801e8d9,07d7df22,a99f214a,e4d32550,a5fbe35d,1,0,1005,17893,320,50,2039,2,39,100075,32,94d8e3d5ea,14,17
3307749838047579635,14102201,0,0,85f751fd,c4e18dd6,50e219e0,51cedd4e,aefc06bd,0f2161f8,a99f214a,6cc8ca35,816484ae,1,0,1005,21706,320,50,2498,3,169,100111,61,8787f996c2,3,5
4070268365250908277,14102201,0,0,85f751fd,c4e18dd6,50e219e0,e2fcccd2,5c5a694b,0f2161f8,0ef4f079,f896f4a9,be6db1d7,1,0,1005,4687,320,50,423,2,39,100148,32,99449899ea,28,34
4658199077737787437,14102201,0,0,89a490f5,ce307e01,3e814130,ecad2386,7801e8d9,07d7df22,a99f214a,7cf7c283,7ac6007f,1,2,1005,20008,320,50,2283,0,163,100076,95,f1f20e808a,3,12
5359689826299797393,14102201,0,0,1fbe01fe,f3845767,28905ebd,ecad2386,7801e8d9,07d7df22,a99f214a,01c03b49,8a4875bd,1,0,1005,21731,320,50,2502,0,35,-1,221,1919acea88,4,9
6410155665076751642,14102201,0,0,1fbe01fe,f3845767,28905ebd,ecad2386,7801e8d9,07d7df22,a99f214a,5e48705c,8a4875bd,1,0,1005,21724,320,50,2502,0,35,100084,221,656cbaf42f,21,21
8168701481087484445,14102201,0,0,1fbe01fe,f3845767,28905ebd,ecad2386,7801e8d9,07d7df22,a99f214a,2277c4e1,d787e91b,1,0,1005,21763,320,50,2502,0,35,100084,221,4b5da1a209,1,3
9300479202307425753,14102201,0,1,e59ef3fc,0a4015b2,335d28a8,ecad2386,7801e8d9,07d7df22,a99f214a,07487e53,fb11344c,1,0,1005,19771,320,50,2227,0,679,100077,48,db42795335,2,5
2495794186757683677,14102202,0,0,6256f5b4,28f93029,f028772b,ecad2386,7801e8d9,07d7df22,a99f214a,b0b3664c,d4897fef,1,0,1005,6991,320,50,613,2,39,100233,32,e6fdbf593c,5,9
5822363908278081032,14102202,0,0,85f751fd,c4e18dd6,50e219e0,7358e05e,b9528b13,cef3e649,a0d4d915,fca6429b,d4897fef,1,0,1005,20352,320,50,2333,0,39,-1,157,bf0db338f0,1,1
7601972015121355970,14102202,0,0,1fbe01fe,f3845767,28905ebd,ecad2386,7801e8d9,07d7df22,a99f214a,9b6222c6,e9b8d8d7,1,0,1005,15708,320,50,1722,0,35,100084,79,4692d0d0d5,1,3
8473681157062517850,14102202,0,1,e151e245,7e091613,f028772b,ecad2386,7801e8d9,07d7df22,a99f214a,211f96b8,e9b8d8d7,1,0,1005,17014,320,50,1872,3,39,-1,23,1384e057b7,3,3
8532844773586253475,14102202,1,0,85f751fd,c4e18dd6,50e219e0,dfdd226c,7801e8d9,07d7df22,8f32fbaf,e627c1ca,08ac11ab,0,0,1002,21715,320,50,2500,2,34,-1,90,1eaa9b943b,1,2
9788207819667952590,14102202,0,0,85f751fd,c4e18dd6,50e219e0,4e92eac5,2347f47a,0f2161f8,a99f214a,12dd98ca,f07e20f8,1,0,1005,21747,320,50,2504,3,41,100160,111,a7b3c7c3aa,28,37
10415443146506838563,14102203,0,1,856e6d3f,58a89a43,f028772b,ecad2386,7801e8d9,07d7df22,a99f214a,8c8e6e24,8a4875bd,1,0,1005,16208,320,50,1800,3,167,100077,23,7c0175048f,2,8
10922127595242585858,14102203,0,0,85f751fd,c4e18dd6,50e219e0,9d685ae8,2347f47a,0f2161f8,e585a8f9,148bf56b,d787e91b,1,0,1005,19251,320,50,2201,3,35,-1,43,406ecd6281,4,5
11673349947767459087,14102203,0,1,85f751fd,c4e18dd6,50e219e0,38ccb716,7801e8d9,0f2161f8,346776e1,fb0a32fd,7abbbd5c,4,3,1010,20476,320,50,2348,3,427,100003,61,de8cb92e5c,8,9
12627806194320636411,14102203,0,0,6256f5b4,28f93029,f028772b,ecad2386,7801e8d9,07d7df22,a99f214a,0e30e821,329add22,1,0,1005,19251,320,50,2201,3,35,-1,43,93879abbed,6,6
12978917300751163594,14102203,0,0,1fbe01fe,f3845767,28905ebd,ecad2386,7801e8d9,07d7df22,a99f214a,bca8f26d,44801bc1,1,0,1005,21760,320,50,2502,0,35,-1,221,dc48759487,1,1
14206642634968900835,14102203,0,1,85f751fd,c4e18dd6,50e219e0,10bf9f3b,7801e8d9,0f2161f8,c30494ce,458b4358,f07e20f8,4,0,1010,21790,320,50,2513,3,35,-1,68,ea6b1753a3,1,3
16481418492550416523,14102203,1,0,85f751fd,c4e18dd6,50e219e0,d33d55c4,d9b5648e,0f2161f8,a99f214a,840eecaf,b4b19c97,1,0,1005,21746,320,50,2504,3,41,100162,111,f1f20e808a,6,6
18371572084801001619,14102203,0,0,1fbe01fe,f3845767,28905ebd,ecad2386,7801e8d9,07d7df22,a99f214a,218f13be,e24c8b65,1,2,1005,21725,320,50,2502,0,35,-1,221,93f0059f78,1,1
2899159613778787535,14102203,0,0,1fbe01fe,f3845767,28905ebd,ecad2386,7801e8d9,07d7df22,a99f214a,ceffea69,8a4875bd,1,0,1005,21724,320,50,2502,0,35,-1,221,7d824fcbb4,11,12
3045210586388151887,14102203,0,0,2ee82a0f,ad063404,f66779e6,ecad2386,7801e8d9,07d7df22,a99f214a,1442c4f2,521f95fe,1,0,1005,16858,320,50,1887,3,39,100194,23,187621f909,10,11
462266824099309795,14102203,1,0,93eaba74,7687a86e,3e814130,ecad2386,7801e8d9,07d7df22,a99f214a,3019f4f7,d787e91b,1,0,1005,20093,300,250,2295,2,35,100075,23,559ab6afa0,5,10
4654050251927183905,14102203,0,0,5014edea,383e39a8,50e219e0,ecad2386,7801e8d9,07d7df22,ba9ca9a5,8c558bfb,373ecbe6,0,0,1002,16838,320,50,1882,3,35,-1,13,293d75d028,5,13
7256343958418867603,14102203,0,0,85f751fd,c4e18dd6,50e219e0,51cedd4e,aefc06bd,0f2161f8,a99f214a,d0bb1886,e3bb76b5,1,0,1005,21611,320,50,2480,3,297,100111,61,a7afbfdcd7,1,4
8767121827360990576,14102203,0,1,e151e245,7e091613,f028772b,ecad2386,7801e8d9,07d7df22,a99f214a,79b236b7,e981565c,1,0,1005,20363,216,36,2333,0,39,-1,157,1098fe1a24,5,10
9576465919310517358,14102203,0,0,85f751fd,c4e18dd6,50e219e0,febd1138,82e27996,0f2161f8,a99f214a,17dfba99,99e427c9,1,0,1005,21611,320,50,2480,3,297,100111,61,289da49c1e,14,20
10812812874835901705,14102204,0,0,8907c166,38b1b595,50e219e0,ecad2386,7801e8d9,07d7df22,099a0199,711a089f,bdc1009e,0,0,1002,19741,300,50,2263,3,427,100000,61,1b96491ea7,10,26
11727266778361313687,14102204,0,0,85f751fd,c4e18dd6,50e219e0,66f5e02e,6f7ca2ba,0f2161f8,a99f214a,d5b33c69,be6db1d7,1,0,1005,21743,320,50,2503,2,35,-1,90,1cfb948e1b,1,6
12708577803547047372,14102204,0,0,5b08c53b,7687a86e,3e814130,ecad2386,7801e8d9,07d7df22,a99f214a,184640c3,ad0177e7,1,0,1005,17654,300,250,1994,2,39,-1,33,410a754139,1,16
14477531350262410874,14102204,0,1,d9750ee7,98572c79,f028772b,ecad2386,7801e8d9,07d7df22,a99f214a,4e872b8e,05e70df4,1,0,1005,17753,320,50,1993,2,1063,-1,33,0742af314f,4,15
17314644675358703535,14102204,1,0,93eaba74,7687a86e,3e814130,ecad2386,7801e8d9,07d7df22,a99f214a,1603dbd4,1aa0e912,1,0,1005,17654,300,250,1994,2,39,-1,33,173f8aa052,4,22
18061599777257221,14102204,0,0,1a5c1d83,5dddf09e,f028772b,ecad2386,7801e8d9,07d7df22,a99f214a,8d539f65,ee007ad3,1,0,1005,20362,320,50,2333,0,39,-1,157,17ef2358b4,1,1
18428119547352846362,14102204,0,0,c1fcc9a1,422b8953,76b2941d,ecad2386,7801e8d9,07d7df22,a99f214a,ac4d5466,4ea23a13,1,0,1005,6393,320,50,547,3,47,100084,23,5eeb7c45c4,2,2
1950504176245544802,14102204,0,0,1fbe01fe,f3845767,28905ebd,ecad2386,7801e8d9,07d7df22,a99f214a,111c35cd,711ee120,1,0,1005,21759,320,50,2502,0,35,100084,221,0815e34ec9,1,20
3343941863652899777,14102204,0,1,85f751fd,c4e18dd6,50e219e0,a607e6a7,7801e8d9,0f2161f8,681c737c,2a07a7c4,f07e20f8,5,0,1010,21790,320,50,2513,3,35,100050,68,d5e945a75a,12,18
3446001887232742303,14102204,1,1,5b4d2eda,16a36ef3,f028772b,ecad2386,7801e8d9,07d7df22,a99f214a,959a5409,de38939a,1,0,1005,19771,320,50,2227,0,679,100075,48,2ae702f112,5,8
3663198377014404916,14102204,0,0,85f751fd,c4e18dd6,50e219e0,669d2f76,2347f47a,0f2161f8,a99f214a,75bb1b58,a5bce124,1,0,1005,6392,320,50,547,3,47,-1,23,04d0219670,7,9
4970341080946066030,14102204,1,0,85f751fd,c4e18dd6,50e219e0,fc46e1c5,2347f47a,0f2161f8,a99f214a,de287ff6,0153a639,1,0,1005,375,320,50,112,3,1319,100077,15,64e0a0aba1,17,20
5430383458632823625,14102204,1,1,85f751fd,c4e18dd6,50e219e0,617593f1,2347f47a,0f2161f8,a99f214a,695f1a97,8a0635bc,1,0,1005,20362,320,50,2333,0,39,-1,157,0c30a8b447,1,3
6450116459124484051,14102204,0,1,85f751fd,c4e18dd6,50e219e0,ffc6ffd0,7801e8d9,0f2161f8,79859088,ed9ec1c6,7abbbd5c,4,0,1010,21790,320,50,2513,3,35,-1,68,cdaf0b794c,5,33
661318268346590156,14102204,0,0,6ec06dbd,d262cf1e,f66779e6,ecad2386,7801e8d9,07d7df22,a99f214a,43a80753,0d8ce284,1,0,1005,21790,320,50,2513,3,35,100200,68,aefc44bf86,1,2
7435492809680114096,14102204,1,0,1fbe01fe,f3845767,28905ebd,ecad2386,7801e8d9,07d7df22,a99f214a,9fdde181,7abbbd5c,1,0,1005,21758,320,50,2502,0,35,-1,221,43068eb8ac,3,10
7541457077871459913,14102204,1,0,85f751fd,c4e18dd6,50e219e0,53de0284,d9b5648e,0f2161f8,a99f214a,7ed497ea,2ea4f8ba,1,0,1005,20508,320,50,2351,3,163,-1,61,a71dbb4e3a,1,1
8611076942907462962,14102204,0,0,85f751fd,c4e18dd6,50e219e0,0acbeaa3,45a51db4,f95efa07,a99f214a,df4d1993,dc70b0f9,1,0,1005,21790,320,50,2513,3,35,100034,68,7121804849,15,16
11232863399304274020,14102205,0,0,85f751fd,c4e18dd6,50e219e0,54c5d545,2347f47a,0f2161f8,b2745720,983c0f00,c464aa46,1,0,1005,21790,320,50,2513,3,35,-1,68,09a8a4be02,3,7
11912334112619844118,14102205,1,0,85f751fd,c4e18dd6,50e219e0,a5184c22,b8d325c3,0f2161f8,a99f214a,958baf5e,5db079b5,1,2,1005,21790,320,50,2513,3,35,-1,68,9266112286,4,4
12937049587899572489,14102205,0,0,97c9ac6a,5baa6f69,f66779e6,ecad2386,7801e8d9,07d7df22,a99f214a,76bf14cd,8a4875bd,1,0,1005,21724,320,50,2502,0,35,100084,221,f52416a20e,2,2
12955484057095822636,14102205,0,1,5114c672,3f2f3819,3e814130,ecad2386,7801e8d9,07d7df22,a99f214a,ee135429,5ec45883,1,0,1005,19772,320,50,2227,0,679,-1,48,4200d90ba7,15,39
1356232892260240694,14102205,0,0,b99a2c43,cc962a1f,f028772b,ecad2386,7801e8d9,07d7df22,a99f214a,691cbe97,1f0bc64f,1,0,1005,21790,320,50,2513,3,35,100119,68,a19b5481ce,5,5
1357182722899991473,14102205,0,1,e8f79e60,c4342784,f028772b,ecad2386,7801e8d9,07d7df22,a99f214a,79db3db5,76dc4769,1,0,1005,19950,320,50,1800,3,167,100075,23,e11d588af1,5,5
14663077258428889681,14102205,0,0,85f751fd,c4e18dd6,50e219e0,c743495f,2347f47a,0f2161f8,a99f214a,3d9ed137,462f0bdf,1,0,1005,21790,320,50,2513,3,35,-1,68,b1fe1222c4,3,21
15556888859603104369,14102205,0,0,85f751fd,c4e18dd6,50e219e0,897f9fee,bb6bcbae,d1327cf5,1b2d180f,bc7296fd,5347522c,1,2,1005,21793,728,90,2513,3,35,-1,68,a9f80c2f51,14,26
15957005963452331265,14102205,0,1,a7853007,7e091613,f028772b,ecad2386,7801e8d9,07d7df22,a99f214a,af62faf4,cad4c01d,1,0,1005,19146,320,50,2181,0,169,100156,111,6d0388f2a9,3,3
17068962854066513446,14102205,0,0,1fbe01fe,f3845767,28905ebd,ecad2386,7801e8d9,07d7df22,a99f214a,6b64cda4,158e4944,1,0,1005,21762,320,50,2502,0,35,100084,221,31dedc938e,5,13
17610218718784682180,14102205,0,1,5114c672,3f2f3819,3e814130,ecad2386,7801e8d9,07d7df22,a99f214a,99e7052b,7065d1c1,1,0,1005,19772,320,50,2227,0,679,100081,48,6bd315c6f7,10,25
18213405347779623175,14102205,0,0,1fbe01fe,f3845767,28905ebd,ecad2386,7801e8d9,07d7df22,a99f214a,9b1fe278,6332421a,1,0,1005,21724,320,50,2502,0,35,-1,221,5d744d7d9a,2,4
253663069009027338,14102205,0,0,1fbe01fe,f3845767,28905ebd,ecad2386,7801e8d9,07d7df22,a99f214a,221f8a37,711ee120,1,0,1005,21760,320,50,2502,0,35,-1,221,0cf84aa816,57,57
3611941891802066991,14102205,0,0,6ec06dbd,d262cf1e,f66779e6,ecad2386,7801e8d9,07d7df22,a99f214a,8b8b6146,9dd895e4,1,0,1005,21790,320,50,2513,3,35,100194,68,8b879e5c6f,39,42
3914482939000610547,14102205,0,0,85f751fd,c4e18dd6,50e219e0,febd1138,82e27996,0f2161f8,a99f214a,a839a966,99e427c9,1,0,1005,19743,320,50,2264,3,427,100000,61,931d6f45d7,1,2
4059052110144296415,14102205,1,0,85f751fd,c4e18dd6,50e219e0,7c7508aa,885c7f3f,0f2161f8,a99f214a,2e94d898,ee85d284,1,0,1005,19775,320,50,2229,0,687,100031,48,049a990258,7,10
4688890750446052305,14102205,1,0,1fbe01fe,f3845767,28905ebd,ecad2386,7801e8d9,07d7df22,a99f214a,571c6cfb,6332421a,1,0,1005,21762,320,50,2502,0,35,-1,221,1abfd033f5,13,14
7258378668770859315,14102205,0,0,543a539e,c7ca3108,3e814130,ecad2386,7801e8d9,07d7df22,a99f214a,3b6c5197,6e1e2240,1,0,1005,20352,320,50,2333,0,39,-1,157,41141b53e4,9,45
7573689289904212897,14102205,0,0,9e8e8d09,c4e18dd6,50e219e0,ecad2386,7801e8d9,07d7df22,0992bd7f,66b71991,f8f9e526,0,0,1002,21790,320,50,2513,3,35,-1,68,74f63e4ecc,3,31
8376331672937045750,14102205,1,0,85f751fd,c4e18dd6,50e219e0,7358e05e,b9528b13,cef3e649,4b2654d9,6a7f1708,5096d134,1,0,1005,1037,320,50,178,3,1327,100148,15,83f343d614,4,13
8768876687172976315,14102205,1,0,4bf5bbe2,6b560cc1,28905ebd,ecad2386,7801e8d9,07d7df22,a99f214a,971be8ad,ee007ad3,1,0,1005,21789,320,50,2512,2,303,-1,52,cccc89c040,27,30
8960652852010375526,14102205,0,0,9e8e8d09,16a36ef3,50e219e0,ecad2386,7801e8d9,07d7df22,86c00f21,f3a90e14,91abff7d,0,0,1002,17081,320,50,1921,3,47,-1,23,621f7b2a35,4,6
9087359856168261089,14102205,1,0,85f751fd,c4e18dd6,50e219e0,66f5e02e,6f7ca2ba,0f2161f8,670b7849,f27ac3fe,7594f139,1,0,1005,21790,320,50,2513,3,35,100199,68,da4c5bd0ca,5,6
9249162694532025337,14102205,0,0,85f751fd,c4e18dd6,50e219e0,ebb82ae3,2347f47a,f95efa07,a99f214a,5cf366fa,be6db1d7,1,0,1005,21790,320,50,2513,3,35,-1,68,b06dce77eb,1,10
927051149113330385,14102205,0,1,16c73019,8025317b,28905ebd,ecad2386,7801e8d9,07d7df22,a99f214a,306b7f5d,7abbbd5c,1,0,1005,21790,320,50,2513,3,35,-1,68,b8b4fd75de,16,29
9368852451451480616,14102205,0,0,5b08c53b,7687a86e,3e814130,ecad2386,7801e8d9,07d7df22,a99f214a,4535083a,95a0fb49,1,0,1005,20018,300,250,2286,3,39,100081,23,1c1ba4f038,7,7
9462981285945276687,14102205,0,0,85f751fd,c4e18dd6,50e219e0,febd1138,82e27996,0f2161f8,a99f214a,bb6b2e1e,aad45b01,1,0,1005,20277,320,50,2281,3,47,100181,42,474ed8026a,75,77
10408955189863685302,14102206,0,0,85f751fd,c4e18dd6,50e219e0,a5184c22,b8d325c3,0f2161f8,a99f214a,a2e4363f,158e4944,1,0,1005,21790,320,50,2513,3,35,-1,68,a4aab49ea2,4,5
10488670420737532763,14102206,1,0,89a490f5,ce307e01,3e814130,ecad2386,7801e8d9,07d7df22,a99f214a,ceb6c8e1,36a30aeb,1,0,1005,20008,320,50,2283,0,163,100076,95,978fd9a236,4,7
1098572191112806487,14102206,0,0,e3c09f3a,d262cf1e,28905ebd,ecad2386,7801e8d9,07d7df22,a99f214a,8c379fd1,24f6b932,1,0,1005,21790,320,50,2513,3,35,-1,68,7e9a8bea66,2,5
10987799167835490869,14102206,0,0,85f751fd,c4e18dd6,50e219e0,66f5e02e,6f7ca2ba,0f2161f8,a99f214a,25820ee7,158e4944,1,0,1005,21790,320,50,2513,3,35,-1,68,6a1b716563,1,6
1129327069076494615,14102206,0,0,1fbe01fe,f3845767,28905ebd,ecad2386,7801e8d9,07d7df22,a99f214a,de9fa786,5db079b5,1,2,1005,21724,320,50,2502,0,35,-1,221,fe0f536f44,6,6
11404772370258423824,14102206,1,1,5114c672,3f2f3819,3e814130,ecad2386,7801e8d9,07d7df22,a99f214a,96e18d38,0eb711ec,1,0,1005,16615,320,50,1863,3,39,100188,23,a3affc391b,1,1
11521032399461357077,14102206,1,0,85f751fd,c4e18dd6,50e219e0,66f5e02e,6f7ca2ba,0f2161f8,a99f214a,7387c3b5,ad0ecb0d,1,2,1005,21790,320,50,2513,3,35,100053,68,bc0a7e1e67,1,6
11898049951719370120,14102206,1,1,85f751fd,c4e18dd6,50e219e0,ffc6ffd0,7801e8d9,0f2161f8,c7e37694,f3b0da73,c7dc7dd8,4,0,1010,21790,320,50,2513,3,35,-1,68,68b0d177f0,4,6
11931277703381809634,14102206,0,0,85f751fd,c4e18dd6,50e219e0,a5184c22,b8d325c3,0f2161f8,a99f214a,e11d5871,8f1db0bc,1,2,1005,21790,320,50,2513,3,35,100166,68,4fdc7839a0,4,4
14178757108807048498,14102206,0,0,85f751fd,c4e18dd6,50e219e0,e8937587,d9b5648e,0f2161f8,a99f214a,353a7593,aad45b01,1,0,1005,21611,320,50,2480,3,297,100111,61,a0204fd08d,3,3
14639048057291017341,14102206,0,0,1fbe01fe,f3845767,28905ebd,ecad2386,7801e8d9,07d7df22,a99f214a,5ef73258,99ec2bcb,1,0,1005,21757,320,50,2502,0,35,-1,221,aaf214c471,2,2
15159417331377367241,14102206,0,0,85f751fd,c4e18dd6,50e219e0,e2fcccd2,5c5a694b,0f2161f8,06cc4f13,36d041e4,be6db1d7,1,0,1005,4687,320,50,423,2,39,100148,32,ba36f9054c,11,23
1586322539715462754,14102206,0,0,85f751fd,c4e18dd6,50e219e0,1779deee,2347f47a,f95efa07,a99f214a,63d1bfdd,9e3836ff,1,0,1005,21790,320,50,2513,3,35,100131,68,b350c16bc1,1,2
17791928372197584503,14102206,0,0,85f751fd,c4e18dd6,50e219e0,718e4622,d9b5648e,8ded1f7a,a99f214a,972e3af4,72a00661,1,0,1005,17661,320,50,1996,1,41,100057,71,1fa1e159b0,1,1
18083289360716964981,14102206,0,0,c65c4fc4,a434fa42,f028772b,ecad2386,7801e8d9,07d7df22,a99f214a,ef2c3f45,1f0bc64f,1,0,1005,21790,320,50,2513,3,35,-1,68,7e9a8bea66,16,16
1913449892173333722,14102206,0,0,1fbe01fe,f3845767,28905ebd,ecad2386,7801e8d9,07d7df22,a99f214a,2797488c,158e4944,1,0,1005,21760,320,50,2502,0,35,-1,221,63230e90fe,28,30
1938775078852234228,14102206,0,0,85f751fd,c4e18dd6,50e219e0,f0d41ff1,2347f47a,0f2161f8,a99f214a,521aa5d6,b7c5bc1f,1,0,1005,21747,320,50,2504,3,41,100162,111,1a53f65942,16,37
3768649056183705245,14102206,0,0,1fbe01fe,f3845767,28905ebd,ecad2386,7801e8d9,07d7df22,a99f214a,4ddd2e91,f39b265e,1,0,1005,21763,320,50,2502,0,35,-1,221,0c5709100d,7,15
4350803223113423182,14102206,0,0,9550c324,61db8349,50e219e0,ecad2386,7801e8d9,07d7df22,44e7748d,850dc03d,0e88538f,0,0,1002,5296,320,50,479,3,39,100077,23,db341721b5,5,6
5211229852050940560,14102206,0,0,1fbe01fe,f3845767,28905ebd,ecad2386,7801e8d9,07d7df22,a99f214a,57cd4006,8ce34352,1,0,1005,21758,320,50,2502,0,35,-1,221,33a3123244,1,6
5269643010835412946,14102206,1,0,af976e25,399001a5,50e219e0,ecad2386,7801e8d9,07d7df22,1cbaa3c6,18aec6f6,0e88538f,0,0,1002,5296,320,50,479,3,39,-1,23,72b77d8d81,12,33
5934613643683395770,14102206,0,0,85f751fd,c4e18dd6,50e219e0,bdf46af7,d9b5648e,0f2161f8,a99f214a,f7b7cd13,f51246a7,1,0,1005,20001,320,480,2281,3,47,100181,42,bf0db338f0,17,48
728733024861251798,14102206,0,0,85f751fd,c4e18dd6,50e219e0,7358e05e,b9528b13,cef3e649,328b1162,248c8923,d4897fef,1,0,1005,20362,320,50,2333,0,39,-1,157,43068eb8ac,1,1
7984469310039683845,14102206,0,1,856e6d3f,58a89a43,f028772b,ecad2386,7801e8d9,07d7df22,a99f214a,7ce192f8,8a4875bd,1,0,1005,19950,320,50,1800,3,167,100075,23,7a78787642,3,7
9338412376074760573,14102206,0,0,1fbe01fe,f3845767,28905ebd,ecad2386,7801e8d9,07d7df22,a99f214a,8b8d3ad4,3fecb32a,1,0,1005,21758,320,50,2502,0,35,-1,221,beb297b77c,9,12
10181462328650608991,14102207,0,0,1fbe01fe,f3845767,28905ebd,ecad2386,7801e8d9,07d7df22,a99f214a,c65caa1a,e9b8d8d7,1,0,1005,15703,320,50,1722,0,35,-1,79,31318ce909,1,1
1165677275935528215,14102207,0,0,1fbe01fe,f3845767,28905ebd,ecad2386,7801e8d9,07d7df22,a99f214a,8d5cecd6,76dc4769,1,0,1005,15703,320,50,1722,0,35,100084,79,5ade85ab31,29,29
11902550112932338674,14102207,0,0,1fbe01fe,f3845767,28905ebd,ecad2386,7801e8d9,07d7df22,a99f214a,f7bff66b,8a4875bd,1,0,1005,21732,320,50,2502,0,35,-1,221,7435f8f07b,3,3
12908931493133690476,14102207,0,0,85f751fd,c4e18dd6,50e219e0,e2fcccd2,5c5a694b,0f2161f8,523190f7,95be4800,be74e6fe,1,0,1005,4687,320,50,423,2,39,-1,32,6125a6cc40,6,32
14865977602923705066,14102207,1,0,9e8e8d09,16a36ef3,50e219e0,ecad2386,7801e8d9,07d7df22,08e4eb9e,91126db2,6395dac2,0,0,1002,5299,320,50,479,3,39,100081,23,822a798a9c,18,23
15005058185018418242,14102207,0,0,d1a51189,93ab6716,50e219e0,ecad2386,7801e8d9,07d7df22,bc10d5e0,86b6c1ec,43e7b962,0,0,1002,6616,320,50,576,2,35,100130,32,423d490a06,7,7
15261519972642985804,14102207,0,0,1fbe01fe,f3845767,28905ebd,ecad2386,7801e8d9,07d7df22,a99f214a,53873463,1f0bc64f,1,0,1005,21725,320,50,2502,0,35,-1,221,7076a6cef2,16,31
15644903294690956183,14102207,0,0,1fbe01fe,f3845767,28905ebd,ecad2386,7801e8d9,07d7df22,a99f214a,a1e99bce,8a4875bd,1,0,1005,21760,320,50,2502,0,35,-1,221,5bc69b2f17,16,17
15881374554091011480,14102207,0,0,dcc019de,250469f8,3e814130,ecad2386,7801e8d9,07d7df22,a99f214a,32b6110e,5db079b5,1,2,1005,8330,320,50,761,3,175,100081,23,ca8293f05a,5,5
17470670436617922769,14102207,1,0,85f751fd,c4e18dd6,50e219e0,e9739828,df32afa9,cef3e649,a99f214a,60ecca5d,d787e91b,1,0,1005,21697,320,50,2497,3,43,100149,42,8daf09379d,4,9
218997277741341817,14102207,0,0,1fbe01fe,f3845767,28905ebd,ecad2386,7801e8d9,07d7df22,a99f214a,fb994c53,d787e91b,1,0,1005,21724,320,50,2502,0,35,-1,221,fee81530dd,1,18
3809201677815257862,14102207,1,0,df7971d4,08facbad,50e219e0,ecad2386,7801e8d9,07d7df22,da05b544,c1b66b9b,0e88538f,0,0,1002,17566,320,50,479,3,39,-1,23,e906550c03,4,12
6000734746340568836,14102207,0,0,1fbe01fe,f3845767,28905ebd,ecad2386,7801e8d9,07d7df22,a99f214a,e16dc22c,fd1ab1f0,1,0,1005,21758,320,50,2502,0,35,100084,221,2f38465846,14,14
6671435926323382249,14102207,0,0,1fbe01fe,f3845767,28905ebd,ecad2386,7801e8d9,07d7df22,a99f214a,6b9769f2,aaffed8f,1,0,1005,21763,320,50,2502,0,35,-1,221,56a110b0d6,3,3
6757156450951875500,14102207,0,0,85f751fd,c4e18dd6,50e219e0,bdf46af7,d9b5648e,0f2161f8,a99f214a,91b6a8e4,72a00661,1,0,1005,20001,320,480,2281,3,47,100182,42,fc09374700,4,4
6805817650057032283,14102207,0,0,1a5c1d83,5dddf09e,f028772b,ecad2386,7801e8d9,07d7df22,a99f214a,818f1219,b784212f,1,0,1005,17239,320,50,1973,3,39,100148,23,5c556af21f,2,2
8980085655866987488,14102207,0,0,1fbe01fe,f3845767,28905ebd,ecad2386,7801e8d9,07d7df22,a99f214a,6fb09662,d787e91b,1,0,1005,21724,320,50,2502,0,35,-1,221,9bd01b70be,4,6
1051254523650825618,14102208,0,0,85f751fd,c4e18dd6,50e219e0,e9739828,df32afa9,cef3e649,a99f214a,e487e563,2cd8ff6d,1,0,1005,21767,320,50,2506,0,35,100111,157,629e8573da,8,13
11299359884258032560,14102208,1,1,b7e9786d,b12b9f85,f028772b,ecad2386,7801e8d9,07d7df22,a99f214a,e6640990,7558c63e,1,0,1005,19772,320,50,2227,0,679,100075,48,6dcf90a165,8,8
12742750874197565027,14102208,1,1,5114c672,3f2f3819,3e814130,ecad2386,7801e8d9,07d7df22,a99f214a,fabcf378,429bf051,1,0,1005,19771,320,50,2227,0,679,-1,48,fc238611d9,1,1
12795442121771237643,14102208,1,0,5b08c53b,7687a86e,3e814130,ecad2386,7801e8d9,07d7df22,a99f214a,14936d05,86030d43,1,0,1005,20093,300,250,2295,2,35,100081,23,c66257c352,4,9
13441991991632833786,14102208,0,0,235ba823,f6ebf28e,f028772b,ecad2386,7801e8d9,07d7df22,a99f214a,240b4e38,8a4875bd,1,0,1005,21767,320,50,2506,0,35,100076,157,62d7afb5b2,1,2
1354477462733464526,14102208,0,1,e151e245,7e091613,f028772b,ecad2386,7801e8d9,07d7df22,a99f214a,c8642db7,7abbbd5c,1,0,1005,4687,320,50,423,2,39,100148,32,3492768abb,1,1
13653196640267583882,14102208,0,0,ff9d066a,5ef9cc48,50e219e0,ecad2386,7801e8d9,07d7df22,68e03475,e74fddcb,911a3c09,0,0,1002,5299,320,50,479,3,39,-1,23,a3433b2fd4,4,6
13915413666837453026,14102208,0,0,85f751fd,c4e18dd6,50e219e0,f888bf4c,5b9c592b,0f2161f8,9c65278e,248bcf1c,9e3836ff,1,0,1005,21746,320,50,2504,3,41,100160,111,68d685f6b2,2,9
1466301297389406290,14102208,0,0,fec6e632,ace5b8fd,3e814130,ecad2386,7801e8d9,07d7df22,a99f214a,66a30db3,ef726eae,1,0,1005,21768,320,50,2506,0,35,100148,157,034a50b8b1,5,5
15036615426503171982,14102208,0,0,5bcf81a2,9d54950b,f028772b,ecad2386,7801e8d9,07d7df22,a99f214a,b19e3740,597ff2d3,1,2,1005,21770,320,50,2507,0,35,100177,157,f9b13b6dee,29,34
15197469930195487589,14102208,0,0,85f751fd,c4e18dd6,50e219e0,e9739828,df32afa9,cef3e649,a99f214a,1113d5b7,3e72ab6c,1,0,1005,21768,320,50,2506,0,35,100111,157,b46aeaa651,6,7
16115533852698689994,14102208,0,0,85f751fd,c4e18dd6,50e219e0,197b4f7f,2347f47a,09481d60,ee373b44,748acf60,bd1e9791,1,0,1005,380,320,50,112,3,1319,100144,15,c390490dfd,8,10
17156278645877113736,14102208,0,0,543a539e,c7ca3108,3e814130,ecad2386,7801e8d9,07d7df22,a99f214a,0b775843,f87e93a5,1,0,1005,20366,320,50,2333,0,39,-1,157,791e90f2e9,1,1
17394524408479254336,14102208,0,0,85f751fd,c4e18dd6,50e219e0,7358e05e,b9528b13,cef3e649,065face5,7887179e,80b1a1d2,1,0,1005,1038,320,50,178,3,1327,100148,15,44e2e35217,2,5
17836110107414319978,14102208,0,1,c63170c5,a9bba545,f028772b,ecad2386,7801e8d9,07d7df22,a99f214a,0d23d5cb,4f4b5ad5,1,0,1005,21768,320,50,2506,0,35,-1,157,64307519a9,28,28
18046069755270344350,14102208,0,0,85f751fd,c4e18dd6,50e219e0,e96773f0,2347f47a,0f2161f8,a99f214a,987d9cd3,9ee2ab36,1,2,1005,21767,320,50,2506,0,35,-1,157,9672934351,14,62
18104792708441998132,14102208,0,0,85f751fd,c4e18dd6,50e219e0,febd1138,82e27996,0f2161f8,a99f214a,88d4ed6f,93a90f85,1,0,1005,21747,320,50,2504,3,41,100160,111,e90d4d53c5,13,17
2244355269815019503,14102208,0,0,85f751fd,c4e18dd6,50e219e0,4b08f369,2347f47a,0f2161f8,a99f214a,351c719f,7ac6007f,1,2,1005,21767,320,50,2506,0,35,-1,157,80d6c974eb,4,4
3016080617865401237,14102208,0,0,85f751fd,c4e18dd6,50e219e0,7358e05e,b9528b13,cef3e649,09fc67ac,31cea889,ad328c4d,1,0,1005,1039,320,50,178,3,1327,100148,15,9ac7891a12,20,29
3090003643058898217,14102208,0,0,19bf2c94,428f9468,3e814130,ecad2386,7801e8d9,07d7df22,a99f214a,58e870c1,49ea3580,1,0,1005,20362,320,50,2333,0,39,-1,157,034b4010ab,11,27
4757043144789824373,14102208,0,0,6ec06dbd,d262cf1e,f66779e6,ecad2386,7801e8d9,07d7df22,a99f214a,d24b0018,cad331da,1,0,1005,21770,320,50,2507,0,35,-1,157,b220ce7552,2,11
5592882190686671909,14102208,0,0,5bcf81a2,9d54950b,f028772b,ecad2386,7801e8d9,07d7df22,a99f214a,aab155df,0009f4d7,1,0,1005,21769,320,50,2507,0,35,100177,157,56038d3e31,6,10
6472704996844285209,14102208,0,0,85f751fd,c4e18dd6,50e219e0,4b08f369,2347f47a,0f2161f8,a99f214a,3464ea00,5096d134,1,0,1005,21768,320,50,2506,0,35,-1,157,35244ef14a,2,10
6637006886966143662,14102208,0,0,85f751fd,c4e18dd6,50e219e0,f0d41ff1,2347f47a,0f2161f8,a99f214a,486dcd32,3cfa4017,1,2,1005,21770,320,50,2507,0,35,-1,157,308100931c,6,6
7004747925725129960,14102208,0,0,85f751fd,c4e18dd6,50e219e0,e96773f0,2347f47a,0f2161f8,a99f214a,25a1e252,61bca830,1,0,1005,21767,320,50,2506,0,35,-1,157,efc58b6c14,1,3
7052591765755702724,14102208,0,0,e5260f30,ac22705c,f028772b,ecad2386,7801e8d9,07d7df22,a99f214a,b24bfb6b,d787e91b,1,0,1005,8330,320,50,761,3,175,-1,23,ea6b1753a3,3,9
8113666761387561287,14102208,0,0,85f751fd,c4e18dd6,50e219e0,a5184c22,b8d325c3,0f2161f8,a99f214a,728d08f5,8d96a23d,1,2,1005,21768,320,50,2506,0,35,100144,157,cf43330c81,5,14
8415060540416624450,14102208,0,0,85f751fd,c4e18dd6,50e219e0,e96773f0,2347f47a,0f2161f8,a99f214a,1cc7a6a7,1f0bc64f,1,0,1005,21767,320,50,2506,0,35,-1,157,787e66156e,4,9
859250573167913243,14102208,0,0,85f751fd,c4e18dd6,50e219e0,54c5d545,2347f47a,0f2161f8,62a4f649,8c92e9f2,d7361b56,1,0,1005,17017,320,50,1873,3,39,-1,23,d5f650de7b,1,3
8916312337071157189,14102208,0,0,85f751fd,c4e18dd6,50e219e0,a5184c22,b8d325c3,0f2161f8,a99f214a,cccb3769,cd5b1559,1,2,1005,21767,320,50,2506,0,35,-1,157,360d4dae65,4,9
9354561540911169950,14102208,0,1,e023ba3e,75f9ddc3,f028772b,ecad2386,7801e8d9,07d7df22,a99f214a,617a79ce,d787e91b,1,0,1005,17914,320,50,2043,2,39,100084,32,bcd07f42ff,2,2
9808110973867655957,14102208,0,0,5bcf81a2,9d54950b,f028772b,ecad2386,7801e8d9,07d7df22,a99f214a,adf444ef,a9fb0439,1,0,1005,21767,320,50,2506,0,35,100111,157,480b64b6bc,1,1
9921326681727701113,14102208,1,0,1fbe01fe,f3845767,28905ebd,ecad2386,7801e8d9,07d7df22,a99f214a,0489ce3f,3bd9e8e7,1,0,1005,15703,320,50,1722,0,35,-1,79,936dc22e2a,5,21
9947021469578830803,14102208,0,0,85f751fd,c4e18dd6,50e219e0,384da3d1,2347f47a,f95efa07,a99f214a,1a1f891d,ef726eae,1,0,1005,21770,320,50,2507,0,35,100176,157,4e716895db,4,27
10083369092484176602,14102209,0,0,85f751fd,c4e18dd6,50e219e0,c8e3e3c1,b5f3b24a,8ded1f7a,914dd988,dfdbbe34,36c6b1de,1,0,1005,21767,320,50,2506,0,35,-1,157,10360fa129,7,7
10267856450386886089,14102209,0,1,856e6d3f,58a89a43,f028772b,ecad2386,7801e8d9,07d7df22,a99f214a,65dfb597,2c10826e,1,0,1005,21767,320,50,2506,0,35,100079,157,bad485955a,7,7
10833631873068126724,14102209,0,0,5bcf81a2,9d54950b,f028772b,ecad2386,7801e8d9,07d7df22,a99f214a,9e1cef3b,f07e20f8,1,0,1005,21838,320,50,2505,0,169,100176,17,ced31284d9,3,7
11187558205919620791,14102209,0,0,1fbe01fe,f3845767,28905ebd,ecad2386,7801e8d9,07d7df22,a99f214a,75bb1b58,d787e91b,1,0,1005,15708,320,50,1722,0,35,-1,79,828bbf6d12,20,20
11280456418070755353,14102209,0,0,93eaba74,7687a86e,3e814130,ecad2386,7801e8d9,07d7df22,a99f214a,2eb6f071,84ebbcd4,1,0,1005,17653,300,250,1994,2,39,-1,33,728e03a1c6,1,3
12715056183203623394,14102209,0,0,85f751fd,c4e18dd6,50e219e0,1d64ced5,2347f47a,8ded1f7a,a99f214a,0666c8cc,1aa0e912,1,2,1005,15699,320,50,1722,0,35,-1,79,0858c95c52,4,9
13987106053818001130,14102209,0,0,85f751fd,c4e18dd6,50e219e0,2f6efcf2,813f3323,0f2161f8,a99f214a,c26bf167,ae7d30c3,1,0,1005,21768,320,50,2506,0,35,100143,157,8daf09379d,7,48
14690586934874467542,14102209,0,0,85f751fd,c4e18dd6,50e219e0,66f5e02e,6f7ca2ba,0f2161f8,f64b7488,15a1b38a,83541208,1,0,1005,21773,216,36,2507,0,35,-1,157,b220ce7552,5,6
14878071979750491064,14102209,0,0,85f751fd,c4e18dd6,50e219e0,2f6efcf2,813f3323,0f2161f8,a99f214a,6e76293b,dc15c87e,1,2,1005,21767,320,50,2506,0,35,-1,157,c42cfed67b,7,8
14891419826895340872,14102209,0,0,85f751fd,c4e18dd6,50e219e0,febd1138,82e27996,0f2161f8,a99f214a,5d00348c,a4b6f65b,1,0,1005,19743,320,50,2264,3,427,100000,61,9e99f8c5a3,13,18
15771878280980994578,14102209,1,0,5b08c53b,7687a86e,3e814130,ecad2386,7801e8d9,07d7df22,a99f214a,73f3b629,d4897fef,1,0,1005,20018,300,250,2286,3,39,100075,23,e7b33e068c,2,7
16009904096234001191,14102209,1,0,85f751fd,c4e18dd6,50e219e0,66f5e02e,6f7ca2ba,0f2161f8,026b997f,41fb397a,21b5fb3d,1,2,1005,21767,320,50,2506,0,35,-1,157,0eb4363397,13,20
16080231109880854665,14102209,0,0,4e7614cf,c1aa3c04,f028772b,ecad2386,7801e8d9,07d7df22,a99f214a,95c1cc99,88fe1d5d,1,0,1005,21768,320,50,2506,0,35,100075,157,2040adbdc0,2,4
17613098017638755592,14102209,1,0,85f751fd,c4e18dd6,50e219e0,66f5e02e,6f7ca2ba,0f2161f8,a99f214a,86f9e3ac,5db079b5,1,2,1005,21768,320,50,2506,0,35,100148,157,9266112286,14,17
18062661958301140191,14102209,0,0,b99a2c43,cc962a1f,f028772b,ecad2386,7801e8d9,07d7df22,a99f214a,e7319737,d787e91b,1,0,1005,21767,320,50,2506,0,35,100075,157,54bd1d719c,14,19
18199732543011429489,14102209,0,0,93eaba74,7687a86e,3e814130,ecad2386,7801e8d9,07d7df22,a99f214a,4d5fc81c,4ea23a13,1,0,1005,21835,300,250,2523,0,35,-1,221,06a106f656,12,14
2380005917717116549,14102209,0,1,856e6d3f,58a89a43,f028772b,ecad2386,7801e8d9,07d7df22,a99f214a,016f56ae,684581ce,1,0,1005,21891,320,50,2526,0,35,100076,221,d4e3daa88b,3,3
332239054274043179,14102209,0,0,f4959604,7256c623,f028772b,ecad2386,7801e8d9,07d7df22,a99f214a,db63f6cc,8ef046ab,1,0,1005,21764,216,36,2506,0,35,100076,157,aa1d50a78c,7,23
3551249110598136165,14102209,0,0,5bcf81a2,9d54950b,f028772b,ecad2386,7801e8d9,07d7df22,a99f214a,58364d02,c6263d8a,1,0,1005,21770,320,50,2507,0,35,100176,157,e9fa00608b,1,2
3653928406240261836,14102209,0,0,85f751fd,c4e18dd6,50e219e0,a5184c22,b8d325c3,0f2161f8,a99f214a,e85a9c23,a49f492f,1,0,1005,21768,320,50,2506,0,35,-1,157,978fd9a236,12,12
394458560764183727,14102209,0,0,1fbe01fe,f3845767,28905ebd,ecad2386,7801e8d9,07d7df22,a99f214a,6d6ed4a9,8a4875bd,1,0,1005,15699,320,50,1722,0,35,-1,79,e936332c65,7,13
3958207623256110029,14102209,0,0,4e7614cf,c1aa3c04,f028772b,ecad2386,7801e8d9,07d7df22,a99f214a,5132aa09,88fe1d5d,1,0,1005,21767,320,50,2506,0,35,-1,157,9e8b68f567,2,2
4421788865707566910,14102209,0,1,85f751fd,c4e18dd6,50e219e0,03a08c3f,7801e8d9,0f2161f8,1be224a2,7a0eca26,f07e20f8,4,3,1010,15707,320,50,1722,0,35,-1,79,8874113c32,3,9
4574234074379370311,14102209,0,0,6256f5b4,28f93029,f028772b,ecad2386,7801e8d9,07d7df22,a99f214a,e82db198,00b1f3a7,1,0,1005,4687,320,50,423,2,39,100148,32,636c874070,26,27
4737489197885310973,14102209,0,0,85f751fd,c4e18dd6,50e219e0,e96773f0,2347f47a,0f2161f8,a99f214a,6cdbb459,7abbbd5c,1,0,1005,21768,320,50,2506,0,35,-1,157,24053f4715,5,11
4743752762458257650,14102209,0,0,85f751fd,c4e18dd6,50e219e0,2f6efcf2,813f3323,0f2161f8,a99f214a,31fcd88b,ae7d30c3,1,0,1005,21767,320,50,2506,0,35,100143,157,1cfb948e1b,24,62
5254537221053904050,14102209,0,0,85f751fd,c4e18dd6,50e219e0,f0d41ff1,2347f47a,0f2161f8,a99f214a,73cfa9fb,1c6a881d,1,2,1005,21767,320,50,2506,0,35,100111,157,95ae8aa950,3,3
5630433110693660912,14102209,0,0,85f751fd,c4e18dd6,50e219e0,a5184c22,b8d325c3,0f2161f8,a99f214a,42fe86c2,b3f4c8ce,1,0,1005,21767,320,50,2506,0,35,100143,157,7edba0ea3d,1,9
6507287345776280829,14102209,0,0,7a34d501,a7231621,50e219e0,ecad2386,7801e8d9,07d7df22,4e0749ea,1f7c6445,be8e9571,0,0,1002,19665,320,50,2253,2,303,100105,52,d95f0a3e9c,6,9
7762026358311828306,14102209,1,0,ee8b8550,f415c8a8,f028772b,ecad2386,7801e8d9,07d7df22,a99f214a,0968407c,158e4944,1,0,1005,21768,320,50,2506,0,35,-1,157,a0f5335cbb,3,4
8293105632518386381,14102209,1,0,2a68aa20,9b851bd8,3e814130,ecad2386,7801e8d9,07d7df22,a99f214a,57b77601,4f4b5ad5,1,0,1005,20215,320,50,2316,0,167,-1,16,177ccbedc6,2,13
8378984000309896860,14102209,0,0,1fbe01fe,f3845767,28905ebd,ecad2386,7801e8d9,07d7df22,a99f214a,c3df4a24,0153a639,1,0,1005,15704,320,50,1722,0,35,-1,79,a150b49a85,29,30
9158040150305505976,14102209,0,0,d6137915,bb1ef334,f028772b,ecad2386,7801e8d9,07d7df22,a99f214a,b932bedc,8a4875bd,1,0,1005,16920,320,50,1899,0,431,-1,117,fc09374700,3,16
10039852046968951127,14102210,0,0,85f751fd,c4e18dd6,50e219e0,e96773f0,2347f47a,0f2161f8,a99f214a,ded7f9b6,235bcfc1,1,0,1005,21767,320,50,2506,0,35,-1,157,99d82c8767,1,6
10728302841673804138,14102210,0,0,bb4524e7,d733bbc3,28905ebd,ecad2386,7801e8d9,07d7df22,a99f214a,f9bff4e7,684581ce,1,0,1005,21770,320,50,2507,0,35,-1,157,992d580d55,9,12
12301978071512309439,14102210,0,0,85f751fd,c4e18dd6,50e219e0,66f5e02e,6f7ca2ba,0f2161f8,bb7387a9,2d7a20eb,4ea23a13,1,0,1005,21772,300,50,2507,0,35,-1,157,4f159cac17,17,31
12858546543068793950,14102210,0,0,6ad97e7a,258907b7,50e219e0,ecad2386,7801e8d9,07d7df22,8f6c9149,07dca324,d002cb2f,0,0,1002,4687,320,50,423,2,39,100148,32,1c4aa9d25e,1,1
1341412908556026875,14102210,0,0,85f751fd,c4e18dd6,50e219e0,e9739828,df32afa9,cef3e649,a99f214a,d79b8298,9e3836ff,1,0,1005,21768,320,50,2506,0,35,-1,157,bf11fc0a08,1,4
15709924865254449947,14102210,1,0,85f751fd,c4e18dd6,50e219e0,7358e05e,b9528b13,cef3e649,3cedc0bb,d82de021,fa61e8fe,1,0,1005,1037,320,50,178,3,1327,100148,15,b3984716bf,5,15
16091761991815861815,14102210,0,0,85f751fd,c4e18dd6,50e219e0,a5184c22,b8d325c3,0f2161f8,a99f214a,095b0318,9e3836ff,1,0,1005,21767,320,50,2506,0,35,-1,157,904d423167,4,5
16345038665786235322,14102210,0,0,5bcf81a2,9d54950b,f028772b,ecad2386,7801e8d9,07d7df22,a99f214a,d4b4ab4c,16921504,1,0,1005,21767,320,50,2506,0,35,-1,157,bf1ab0f7e3,14,55
16453002796472012195,14102210,0,0,85f751fd,c4e18dd6,50e219e0,0acbeaa3,45a51db4,f95efa07,a99f214a,33d05d09,fa61e8fe,1,0,1005,21153,320,50,2420,2,35,-1,69,71cd2f1cd4,2,13
16538966335310822022,14102210,0,0,1fbe01fe,f3845767,28905ebd,ecad2386,7801e8d9,07d7df22,a99f214a,6b9769f2,6332421a,1,0,1005,15702,320,50,1722,0,35,-1,79,d4e3daa88b,3,4
17037659609499107490,14102210,0,1,43d6df75,27e3c518,28905ebd,ecad2386,7801e8d9,07d7df22,a99f214a,1bc1b327,1ccc7835,1,0,1005,15705,320,50,1722,0,35,-1,79,8a2fe2b4be,2,2
17322562363427414278,14102210,0,0,12fb4121,6b59f079,f028772b,ecad2386,7801e8d9,07d7df22,a99f214a,fde01da8,84ebbcd4,1,0,1005,21769,320,50,2507,0,35,-1,157,a0f5335cbb,12,22
17553122540421256836,14102210,0,0,85f751fd,c4e18dd6,50e219e0,c1d5c84d,2347f47a,0f2161f8,223abfb1,20fcc8da,0dedddc5,1,2,1005,377,320,50,112,3,1319,-1,15,9919e5f021,5,6
1760717928060931543,14102210,0,0,85f751fd,c4e18dd6,50e219e0,a5184c22,b8d325c3,0f2161f8,a99f214a,066166de,a20423e5,1,0,1005,21767,320,50,2506,0,35,-1,157,de8cb92e5c,11,40
17733538723139271242,14102210,1,0,89a490f5,ce307e01,3e814130,ecad2386,7801e8d9,07d7df22,a99f214a,67dc8d42,c9e27f06,1,0,1005,21882,320,50,2526,0,35,100075,221,de52590518,1,4
2307643517723306762,14102210,0,0,7697ed3e,c1aa3c04,f028772b,ecad2386,7801e8d9,07d7df22,a99f214a,61d6850e,8a4875bd,1,0,1005,20366,320,50,2333,0,39,-1,157,7c95b5ba10,13,17
2707156891406007198,14102210,0,0,85f751fd,c4e18dd6,50e219e0,3f2a6cbb,33da2e74,cef3e649,a99f214a,9b13a699,3bb1ddd7,1,0,1005,19733,320,50,2260,0,171,100156,91,688cbea0c8,6,33
5108490842199402687,14102210,0,0,85f751fd,c4e18dd6,50e219e0,4be9b162,2347f47a,0f2161f8,a99f214a,094afe9f,f4a9b698,1,2,1005,21767,320,50,2506,0,35,100148,157,65b2f2c914,6,8
6933184774419889017,14102210,0,1,d43e62fb,2c5a2165,3e814130,ecad2386,7801e8d9,07d7df22,a99f214a,3e6a8440,d787e91b,1,0,1005,8330,320,50,761,3,175,100074,23,8e1a388f46,3,14
7821442244961440671,14102210,0,0,85f751fd,c4e18dd6,50e219e0,54c5d545,2347f47a,0f2161f8,3c5411a6,feb615ce,dc00d461,1,0,1005,6563,320,50,572,2,39,-1,32,7fe7f1f953,2,4
7928090762932200362,14102210,0,0,85f751fd,c4e18dd6,50e219e0,66f5e02e,6f7ca2ba,0f2161f8,8b021c31,030460c4,14d64256,1,0,1005,21772,300,50,2507,0,35,100194,157,519a757a0a,1,1
8128969670402282155,14102210,0,0,4b0f0061,7195bdd6,f028772b,ecad2386,7801e8d9,07d7df22,a99f214a,fca88d44,84ebbcd4,1,0,1005,15703,320,50,1722,0,35,100084,79,fcb7a40e66,3,4
8388648259987808193,14102210,0,0,85f751fd,c4e18dd6,50e219e0,a5184c22,b8d325c3,0f2161f8,a99f214a,70dbfd19,3919eb94,1,0,1005,21768,320,50,2506,0,35,-1,157,c823a9a615,3,8
8869331493710761764,14102210,0,0,12fb4121,6b59f079,f028772b,ecad2386,7801e8d9,07d7df22,a99f214a,bc59c164,05e70df4,1,0,1005,21770,320,50,2507,0,35,100083,157,316ff68a33,3,7
9309204443383577927,14102210,0,0,93eaba74,7687a86e,3e814130,ecad2386,7801e8d9,07d7df22,a99f214a,fe458817,2448c7d4,1,0,1005,20346,300,250,2331,2,39,-1,23,39daca9ce6,9,12
9310945478399153530,14102210,0,0,85f751fd,c4e18dd6,50e219e0,a5184c22,b8d325c3,0f2161f8,a99f214a,2fa87451,1f89f032,1,2,1005,21768,320,50,2506,0,35,-1,157,abd592f5ee,8,16
9775565351361088916,14102210,0,1,856e6d3f,58a89a43,f028772b,ecad2386,7801e8d9,07d7df22,a99f214a,9aed3477,c34157bf,1,0,1005,21764,216,36,2506,0,35,-1,157,6154274606,1,2
10101185611371060543,14102211,0,0,b99a2c43,cc962a1f,f028772b,ecad2386,7801e8d9,07d7df22,a99f214a,197918b1,8a4875bd,1,0,1005,21769,320,50,2507,0,35,-1,157,f129dd3564,3,3
10117984074307471257,14102211,0,0,f4959604,7256c623,f028772b,ecad2386,7801e8d9,07d7df22,a99f214a,9ba8e561,8ef046ab,1,0,1005,21764,216,36,2506,0,35,100079,157,aa70a46ce4,3,3
10792762490877087547,14102211,0,0,85f751fd,c4e18dd6,50e219e0,1d3c6f6c,c343527e,18b1e0be,f9f3f3ca,9c59c148,b75a71ad,1,5,1007,20476,320,50,2348,3,427,100003,61,c95cc22614,10,11
11978176910139654669,14102211,0,1,856e6d3f,58a89a43,f028772b,ecad2386,7801e8d9,07d7df22,a99f214a,88acffc4,04258293,1,0,1005,19772,320,50,2227,0,679,100075,48,050d370e1a,1,1
12332776057650507225,14102211,1,0,85f751fd,c4e18dd6,50e219e0,f0d41ff1,2347f47a,0f2161f8,a99f214a,ab2f66b5,ef726eae,1,0,1005,21767,320,50,2506,0,35,-1,157,ab5c57cc89,2,2
12385367120327903154,14102211,1,1,85f751fd,c4e18dd6,50e219e0,d644e4e7,2347f47a,0f2161f8,a99f214a,8737065c,a68723e9,1,0,1005,20352,320,50,2333,0,39,-1,157,b66a2c1968,17,19
12670428253942582161,14102211,0,0,5bcf81a2,9d54950b,f028772b,ecad2386,7801e8d9,07d7df22,a99f214a,8fa5be6e,0009f4d7,1,0,1005,21769,320,50,2507,0,35,100176,157,7c93000289,5,14
12945424533003499736,14102211,0,1,e8f79e60,c4342784,f028772b,ecad2386,7801e8d9,07d7df22,a99f214a,cd3584d8,1aa0e912,1,0,1005,17914,320,50,2043,2,39,-1,32,253e7d943b,3,3
13064708309711282592,14102211,0,0,85f751fd,c4e18dd6,50e219e0,39947756,2347f47a,cef3e649,3dc2864f,4376882b,cc2e4fe4,1,3,1005,21767,320,50,2506,0,35,100020,157,9a1d355392,1,4
13364939501162091781,14102211,0,0,85f751fd,c4e18dd6,50e219e0,4c748806,2347f47a,0f2161f8,a99f214a,c66ce90c,cd5b1559,1,2,1005,21767,320,50,2506,0,35,-1,157,af387ec9c5,3,18
13934527049498150490,14102211,0,0,85f751fd,c4e18dd6,50e219e0,a5184c22,b8d325c3,0f2161f8,a99f214a,f8df1181,3de05cb4,1,2,1005,21767,320,50,2506,0,35,-1,157,ffcc151137,8,12
14410589656299231858,14102211,1,0,6399eda6,968765cd,f028772b,ecad2386,7801e8d9,07d7df22,a99f214a,a65cbacc,8a4875bd,1,0,1005,21882,320,50,2526,0,35,-1,221,38d6436e91,13,15
14440828834819565666,14102211,1,0,1fbe01fe,f3845767,28905ebd,ecad2386,7801e8d9,07d7df22,a99f214a,ad83ed2e,ecb851b2,1,0,1005,15704,320,50,1722,0,35,-1,79,4d4027dd27,5,8
1446681180056972772,14102211,0,0,85f751fd,c4e18dd6,50e219e0,1d64ced5,2347f47a,8ded1f7a,f6dc625b,fbeee7a5,84dda655,1,2,1005,15707,320,50,1722,0,35,-1,79,7e3dcae2bc,14,15
14511737287046169572,14102211,0,0,85f751fd,c4e18dd6,50e219e0,a4db51b9,d9b5648e,0f2161f8,a99f214a,ca65c1f6,cd63b0bb,1,0,1005,20277,320,50,2281,3,47,100182,42,37fe473f40,1,2
15016408070293645359,14102211,0,0,85f751fd,c4e18dd6,50e219e0,e9739828,df32afa9,cef3e649,a99f214a,3dd1659f,b3f4c8ce,1,0,1005,21768,320,50,2506,0,35,-1,157,d0741cff5b,3,7
15600012387865702431,14102211,0,0,93eaba74,7687a86e,3e814130,ecad2386,7801e8d9,07d7df22,a99f214a,3033c66f,5a99f6be,1,0,1005,20093,300,250,2295,2,35,100081,23,6a4662b4f0,16,28
15733587316743724194,14102211,0,0,85f751fd,c4e18dd6,50e219e0,e96773f0,2347f47a,0f2161f8,a99f214a,f9daa240,21b5fb3d,1,2,1005,21768,320,50,2506,0,35,-1,157,e581b855c0,2,3
16011388721938824335,14102211,0,0,85f751fd,c4e18dd6,50e219e0,a37bf1e4,7801e8d9,07d7df22,d8f03305,d041462a,08ac11ab,0,0,1002,14265,320,50,1526,2,169,100111,35,61ce778ddb,3,3
17135143133840493112,14102211,0,0,85f751fd,c4e18dd6,50e219e0,c51f82bc,d9b5648e,0f2161f8,a99f214a,570e4146,b4b19c97,1,0,1005,17661,320,50,1996,1,41,100057,71,c7f0e4e841,2,3
17409574871624456516,14102211,0,0,85f751fd,c4e18dd6,50e219e0,019f1849,2347f47a,879c24eb,a99f214a,493ec268,78d9bd10,1,0,1005,21768,320,50,2506,0,35,-1,157,199e725cd6,4,24
1768008241549965058,14102211,0,0,85f751fd,c4e18dd6,50e219e0,e96773f0,2347f47a,0f2161f8,a99f214a,337896c9,296f8cbc,1,0,1005,21768,320,50,2506,0,35,-1,157,58fc1e3bd5,8,25
17904787205797974627,14102211,0,0,5bcf81a2,9d54950b,f028772b,ecad2386,7801e8d9,07d7df22,a99f214a,fabd6f23,36c6b1de,1,0,1005,21770,320,50,2507,0,35,100176,157,e1c46be3da,1,13
18010757792266871259,14102211,0,1,d9750ee7,98572c79,f028772b,ecad2386,7801e8d9,07d7df22,a99f214a,6df650f6,4ea23a13,1,0,1005,21829,320,50,2522,0,35,-1,221,e330803d3a,6,8
18070733411889587954,14102211,0,0,fbfbe4c5,fbac301e,28905ebd,ecad2386,7801e8d9,07d7df22,a99f214a,d6b2de2a,36b67a2a,1,0,1005,15840,320,50,1741,3,171,100112,100,ce0c9b52fc,4,4
18213808383552882710,14102211,0,0,85f751fd,c4e18dd6,50e219e0,e9739828,df32afa9,cef3e649,a99f214a,5c4a662f,abbd6ad1,1,0,1005,21767,320,50,2506,0,35,-1,157,9c57d5f57d,12,47
18263274944098331899,14102211,0,0,1fbe01fe,f3845767,28905ebd,ecad2386,7801e8d9,07d7df22,a99f214a,c855f59d,1df52df3,1,0,1005,15699,320,50,1722,0,35,-1,79,251f152674,3,15
3569697833119597648,14102211,0,1,e151e245,7e091613,f028772b,ecad2386,7801e8d9,07d7df22,a99f214a,a9c9c76f,5096d134,1,0,1005,4687,320,50,423,2,39,100148,32,83f42f2524,7,70
3785555395734595653,14102211,1,0,6c5b482c,7687a86e,3e814130,ecad2386,7801e8d9,07d7df22,a99f214a,500ee2a5,4962150e,1,0,1005,19016,300,250,2162,2,39,100155,33,882feb3fff,11,19
3904311963683991032,14102211,0,0,5bcf81a2,9d54950b,f028772b,ecad2386,7801e8d9,07d7df22,a99f214a,ab2b88d6,46a414f4,1,0,1005,21769,320,50,2507,0,35,100176,157,2df897afb4,22,23
3998170569507985305,14102211,0,1,5114c672,3f2f3819,3e814130,ecad2386,7801e8d9,07d7df22,a99f214a,d80ace14,d787e91b,1,0,1005,21878,320,50,2526,0,35,100075,221,acac0a8b97,10,13
4085734316527292994,14102211,0,0,12fb4121,6b59f079,f028772b,ecad2386,7801e8d9,07d7df22,a99f214a,488a9a3e,84ebbcd4,1,0,1005,21770,320,50,2507,0,35,-1,157,9d2437b45a,1,2
4375174439108464265,14102211,0,0,12fb4121,6b59f079,f028772b,ecad2386,7801e8d9,07d7df22,a99f214a,fec9a8a7,0eb711ec,1,0,1005,21770,320,50,2507,0,35,-1,157,9f04f3e735,7,10
4882496472486108213,14102211,0,0,5bcf81a2,9d54950b,f028772b,ecad2386,7801e8d9,07d7df22,a99f214a,e32972bc,597ff2d3,1,2,1005,21769,320,50,2507,0,35,100176,157,6d5be2c3a0,1,1
5122315978551974036,14102211,1,1,a7853007,7e091613,f028772b,ecad2386,7801e8d9,07d7df22,a99f214a,d90a7774,cad4c01d,1,0,1005,9478,320,50,906,3,1451,100156,61,e60e0f37c0,9,13
556649663211990494,14102211,0,0,235ba823,f6ebf28e,f028772b,ecad2386,7801e8d9,07d7df22,a99f214a,4adbe06a,fce66524,1,0,1005,21767,320,50,2506,0,35,100077,157,1703fba725,1,5
6103237449575025155,14102211,0,0,1fbe01fe,f3845767,28905ebd,ecad2386,7801e8d9,07d7df22,a99f214a,7f9be751,81b42528,1,0,1005,15701,320,50,1722,0,35,100084,79,0112acfb9c,3,10
6376877940744773996,14102211,0,0,85f751fd,c4e18dd6,50e219e0,e96773f0,2347f47a,0f2161f8,a99f214a,a6a6b11e,c464aa46,1,0,1005,21767,320,50,2506,0,35,-1,157,c885c37653,3,12
6444479644592213413,14102211,1,0,1fbe01fe,f3845767,28905ebd,ecad2386,7801e8d9,07d7df22,a99f214a,22ec8bdf,c6263d8a,1,0,1005,15706,320,50,1722,0,35,-1,79,c38ed3340c,1,1
6470864749853753467,14102211,0,0,85f751fd,c4e18dd6,50e219e0,f0d41ff1,2347f47a,0f2161f8,a99f214a,c8002b85,b7e932e7,1,0,1005,21768,320,50,2506,0,35,-1,157,75eae5a2fc,2,3
6495077338112373295,14102211,0,0,1fbe01fe,f3845767,28905ebd,ecad2386,7801e8d9,07d7df22,a99f214a,0489ce3f,5096d134,1,0,1005,15705,320,50,1722,0,35,-1,79,921ed98aa3,7,16
6901323327143793007,14102211,0,1,856e6d3f,58a89a43,f028772b,ecad2386,7801e8d9,07d7df22,a99f214a,f1ccfa57,08684f7e,1,0,1005,21924,216,36,2528,0,35,100074,221,cee7fb3c20,14,16
7483246036856157663,14102211,0,0,85f751fd,c4e18dd6,50e219e0,f0d41ff1,2347f47a,0f2161f8,a99f214a,8116ccef,1f0bc64f,1,0,1005,21769,320,50,2507,0,35,100177,157,e8067ccdf4,2,4
7933736863332592857,14102211,0,0,85f751fd,c4e18dd6,50e219e0,54c5d545,2347f47a,0f2161f8,cdc37311,e30e04df,32fa85fb,1,0,1005,16688,320,50,1873,3,39,-1,23,d62d885c22,10,11
8969682883713574564,14102211,0,1,5114c672,3f2f3819,3e814130,ecad2386,7801e8d9,07d7df22,a99f214a,3c733691,8a4875bd,1,0,1005,21882,320,50,2526,0,35,100077,221,e2e2aa8e6a,5,5
9014680400970840052,14102211,0,0,85f751fd,c4e18dd6,50e219e0,ae99e2d3,2347f47a,0f2161f8,a99f214a,ca17abe0,49ea3580,1,0,1005,21771,300,250,2507,0,35,100084,157,3c7d717441,1,2
9380446292393698167,14102211,0,0,06a0ac14,77c8e77d,f028772b,ecad2386,7801e8d9,07d7df22,a99f214a,a59457ac,d14c4241,1,0,1005,19772,320,50,2227,0,679,-1,48,6c3c798f24,5,8
10362332213883462200,14102212,1,1,5ee41ff2,17d996e6,f028772b,ecad2386,7801e8d9,07d7df22,a99f214a,b18a6393,9dcb1cd1,1,0,1005,19772,320,50,2227,0,679,100081,48,1e85364345,11,17
10488577689422872350,14102212,0,1,b7e9786d,b12b9f85,f028772b,ecad2386,7801e8d9,07d7df22,a99f214a,888cde70,8a4875bd,1,0,1005,21894,320,50,2526,0,35,100076,221,a6dad2c2ef,5,12
10533485939732738986,14102212,1,0,1fbe01fe,f3845767,28905ebd,ecad2386,7801e8d9,07d7df22,a99f214a,a6df415d,cab7ad1c,1,0,1005,15705,320,50,1722,0,35,-1,79,64e0a0aba1,3,4
10614111293383864019,14102212,0,0,85f751fd,c4e18dd6,50e219e0,54c5d545,2347f47a,0f2161f8,78ebee90,a8536f3a,d787e91b,1,0,1005,15699,320,50,1722,0,35,-1,79,31db0ce8a4,16,21
10635104676636310710,14102212,0,0,1fbe01fe,f3845767,28905ebd,ecad2386,7801e8d9,07d7df22,a99f214a,97198acf,f39b265e,1,0,1005,15702,320,50,1722,0,35,100084,79,e3d8157e68,8,11
11150156985650160062,14102212,0,0,12fb4121,6b59f079,f028772b,ecad2386,7801e8d9,07d7df22,a99f214a,84b201cc,8b1aa260,1,0,1005,21769,320,50,2507,0,35,-1,157,9833ef5622,7,10
11377359522331864256,14102212,0,0,85f751fd,c4e18dd6,50e219e0,66f5e02e,6f7ca2ba,0f2161f8,a99f214a,8c9c0d74,be6db1d7,1,0,1005,21778,320,50,2503,2,35,-1,90,16b19e51f6,1,1
12956846557239314235,14102212,0,1,16c73019,8025317b,28905ebd,ecad2386,7801e8d9,07d7df22,a99f214a,9a603c79,1f0bc64f,1,0,1005,21770,320,50,2507,0,35,-1,157,cfe667382d,1,6
13564612752981900469,14102212,0,0,1fbe01fe,f3845767,28905ebd,ecad2386,7801e8d9,07d7df22,a99f214a,e99c4df5,ad0177e7,1,0,1005,21853,216,36,2524,0,35,-1,221,06d4240fa8,2,2
13842951280484215803,14102212,1,0,85f751fd,c4e18dd6,50e219e0,a5184c22,b8d325c3,0f2161f8,a99f214a,5b86e4b6,518f4a32,1,0,1005,21767,320,50,2506,0,35,-1,157,83bdb4dbef,4,5
13848910306685942654,14102212,1,0,5bcf81a2,9d54950b,f028772b,ecad2386,7801e8d9,07d7df22,a99f214a,99751ac5,1ccc7835,1,0,1005,21770,320,50,2507,0,35,100177,157,ad5227cf21,3,5
14510947978238340979,14102212,0,1,17caea14,0dde25ec,f028772b,ecad2386,7801e8d9,07d7df22,a99f214a,59758d43,6afc734f,1,0,1005,21877,320,50,2526,0,35,100077,221,1eb30cdfc2,1,6
14677622943234994248,14102212,0,0,5bcf81a2,9d54950b,f028772b,ecad2386,7801e8d9,07d7df22,a99f214a,39b9b4cc,db1d05df,1,0,1005,21769,320,50,2507,0,35,-1,157,82071fd0c4,6,6
15852858046739862033,14102212,0,0,85f751fd,c4e18dd6,50e219e0,e9739828,df32afa9,cef3e649,a99f214a,63cc1fca,a7eeb367,1,0,1005,21768,320,50,2506,0,35,-1,157,674e439ac4,1,3
16340030178869212787,14102212,0,1,e4d8dd7b,a17bde68,3e814130,ecad2386,7801e8d9,07d7df22,a99f214a,f15d1397,8a4875bd,1,0,1005,21894,320,50,2526,0,35,-1,221,09a8a4be02,37,70
16869585590909468902,14102212,0,0,1fbe01fe,f3845767,28905ebd,ecad2386,7801e8d9,07d7df22,a99f214a,a93c05e1,5096d134,1,0,1005,15701,320,50,1722,0,35,100083,79,3bf2a0e43d,2,2
17337105237717774745,14102212,0,1,a7853007,7e091613,f028772b,ecad2386,7801e8d9,07d7df22,a99f214a,af62faf4,bb2ea497,1,0,1005,9478,320,50,906,3,1451,100156,61,637499e0b8,5,28
17658599501031510787,14102212,1,0,85f751fd,c4e18dd6,50e219e0,924cf0f6,2347f47a,0f2161f8,a99f214a,3259d813,5096d134,1,0,1005,21768,320,50,2506,0,35,-1,157,f430de36fc,8,28
18062388935970403880,14102212,1,0,85f751fd,c4e18dd6,50e219e0,54c5d545,2347f47a,0f2161f8,39c77ab6,1aea2343,fce66524,1,0,1005,17017,320,50,1873,3,39,-1,23,2f6583e2c1,1,1
18303503225545714246,14102212,1,0,89a490f5,ce307e01,3e814130,ecad2386,7801e8d9,07d7df22,a99f214a,e86be36d,4ea23a13,1,0,1005,21883,320,50,2526,0,35,-1,221,1707e29fa0,10,16
2479721991008596343,14102212,0,0,1fbe01fe,f3845767,28905ebd,ecad2386,7801e8d9,07d7df22,a99f214a,75bb1b58,05e70df4,1,0,1005,21853,216,36,2524,0,35,-1,221,5e2a9f6e59,9,12
3067445220004177710,14102212,1,0,85f751fd,c4e18dd6,50e219e0,a5184c22,b8d325c3,0f2161f8,a99f214a,a040f032,6e5b2344,1,0,1005,14265,320,50,1526,2,169,100111,35,4124392584,8,11
3907178875151565594,14102212,0,0,85f751fd,c4e18dd6,50e219e0,4b08f369,2347f47a,0f2161f8,a99f214a,f203adcc,8f1db0bc,1,2,1005,21768,320,50,2506,0,35,-1,157,1e85364345,10,43
4253122488558738301,14102212,0,0,85f751fd,c4e18dd6,50e219e0,316440d7,33da2e74,f95efa07,a99f214a,f1542531,cf28826a,1,0,1005,21770,320,50,2507,0,35,-1,157,a5f0fe6363,5,8
4390889833674505958,14102212,0,0,85f751fd,c4e18dd6,50e219e0,1d64ced5,2347f47a,8ded1f7a,76a5865b,4fa02a6f,1f0bc64f,1,2,1005,15702,320,50,1722,0,35,-1,79,239f316c3b,3,4
4480388596822231736,14102212,1,0,9e8e8d09,16a36ef3,50e219e0,ecad2386,7801e8d9,07d7df22,58ea2e59,44c08b52,43e7b962,0,0,1002,5296,320,50,479,3,39,100077,23,3014960c62,6,7
4505719776097320886,14102212,1,0,1a5c1d83,5dddf09e,f028772b,ecad2386,7801e8d9,07d7df22,a99f214a,19c4ebe0,76dc4769,1,0,1005,21768,320,50,2506,0,35,100148,157,5eec4acb45,1,17
460929241967488377,14102212,0,0,12fb4121,6b59f079,f028772b,ecad2386,7801e8d9,07d7df22,a99f214a,cea9cde7,dd30dbd2,1,0,1005,21877,320,50,2526,0,35,100074,221,b570126e0a,4,17
4773737962699337853,14102212,0,0,85f751fd,c4e18dd6,50e219e0,51cedd4e,aefc06bd,0f2161f8,a99f214a,fe36fc51,542422a7,1,0,1005,18648,320,50,1092,3,811,100156,61,d99d8ae1d9,20,20
5040280372354495859,14102212,0,0,5bcf81a2,9d54950b,f028772b,ecad2386,7801e8d9,07d7df22,a99f214a,327b70e4,722853bb,1,0,1005,21768,320,50,2506,0,35,100111,157,ee038b63f3,1,7
5184519719842323527,14102212,0,0,12fb4121,6b59f079,f028772b,ecad2386,7801e8d9,07d7df22,a99f214a,f7b646d8,8a4875bd,1,0,1005,21877,320,50,2526,0,35,100081,221,9005c20bf6,13,15
5503543555646509217,14102212,0,0,85f751fd,c4e18dd6,50e219e0,f0d41ff1,2347f47a,0f2161f8,a99f214a,9337dc2f,d6e0e6ff,1,0,1005,21767,320,50,2506,0,35,100148,157,0cba1bbe3c,3,3
5725756262698368981,14102212,0,1,cbb01868,7e091613,f028772b,ecad2386,7801e8d9,07d7df22,a99f214a,119afd0c,945dd5c4,1,0,1005,20355,216,36,2333,0,39,-1,157,8fb7b846de,2,9
6282276666271438768,14102212,0,0,85f751fd,c4e18dd6,50e219e0,9c13b419,2347f47a,f95efa07,a99f214a,ef237d8f,d787e91b,1,0,1005,21153,320,50,2420,2,35,-1,69,dfcd9c59d7,6,10
7183135934188020688,14102212,1,0,85f751fd,c4e18dd6,50e219e0,e2fcccd2,5c5a694b,0f2161f8,6825d48e,1b775ba5,684581ce,1,0,1005,4687,320,50,423,2,39,100148,32,4277ef2314,6,18
738473518292348712,14102212,0,0,2b1ddb24,98acf46c,3e814130,ecad2386,7801e8d9,07d7df22,a99f214a,8603a054,db2c36d9,1,0,1005,20355,216,36,2333,0,39,-1,157,2fff528709,3,5
8210009328514112363,14102212,0,1,e151e245,7e091613,f028772b,ecad2386,7801e8d9,07d7df22,a99f214a,451e1af8,8a4875bd,1,0,1005,20362,320,50,2333,0,39,-1,157,9ed6bac2fb,10,12
9033937513003195622,14102212,1,0,85f751fd,c4e18dd6,50e219e0,a5184c22,b8d325c3,0f2161f8,a99f214a,0d16a8d9,cc1b551e,1,2,1005,14265,320,50,1526,2,169,100111,35,8d7ca68d20,2,8
9483540917314788249,14102212,0,0,85f751fd,c4e18dd6,50e219e0,a5184c22,b8d325c3,0f2161f8,a99f214a,b32fdc3a,ef726eae,1,0,1005,21768,320,50,2506,0,35,100143,157,5bf339c9f6,3,7
9572225968480708000,14102212,0,1,85f751fd,c4e18dd6,50e219e0,03a08c3f,7801e8d9,0f2161f8,16d78404,e56c31af,f07e20f8,4,3,1010,15703,320,50,1722,0,35,100084,79,c66257c352,1,16
9746937978623514011,14102212,0,0,85f751fd,c4e18dd6,50e219e0,febd1138,82e27996,0f2161f8,a99f214a,86bc4b6e,99e427c9,1,0,1005,21611,320,50,2480,3,297,100111,61,ec3ddfce46,14,27
10216869260197515350,14102213,0,0,85f751fd,c4e18dd6,50e219e0,e9739828,df32afa9,cef3e649,a99f214a,f01ad97e,1ccc7835,1,0,1005,21769,320,50,2507,0,35,100084,157,abd592f5ee,2,11
10476772474949290973,14102213,0,1,e8f79e60,c4342784,f028772b,ecad2386,7801e8d9,07d7df22,a99f214a,2f323f36,3bb1ddd7,1,0,1005,9478,320,50,906,3,1451,100156,61,734c49bf39,5,14
10718725203695624758,14102213,0,0,5bcf81a2,9d54950b,f028772b,ecad2386,7801e8d9,07d7df22,a99f214a,2667cb75,1ccc7835,1,0,1005,21769,320,50,2507,0,35,100177,157,04cb2dac2a,1,5
10959970603578767890,14102213,0,0,1fbe01fe,f3845767,28905ebd,ecad2386,7801e8d9,07d7df22,a99f214a,76ed71b3,c6263d8a,1,0,1005,15704,320,50,1722,0,35,-1,79,c3ce89f8bb,1,1
11544549172708600639,14102213,1,0,d8bb8687,98e6755b,3e814130,ecad2386,7801e8d9,07d7df22,a99f214a,e8619635,2203a096,1,0,1005,17239,320,50,1973,3,39,-1,23,9f1ac5b5b5,12,13
1167415393701081141,14102213,1,0,38217daf,449497bc,f028772b,ecad2386,7801e8d9,07d7df22,a99f214a,eea6161a,8441e1f3,1,0,1005,20093,300,250,2295,2,35,100077,23,c95cc22614,1,1
11698914134775278766,14102213,0,0,9578c4f5,750413f7,50e219e0,ecad2386,7801e8d9,07d7df22,7225e84b,f917fe0d,6f856677,0,0,1002,17566,320,50,479,3,39,-1,23,16b19e51f6,1,1
12028493214804611844,14102213,1,0,517b8671,ac5abf20,f028772b,ecad2386,7801e8d9,07d7df22,a99f214a,94860ec9,eba9519f,1,0,1005,21767,320,50,2506,0,35,100079,157,d44db17c41,6,7
12469110644066871669,14102213,0,1,222acd54,de0f0f82,f028772b,ecad2386,7801e8d9,07d7df22,a99f214a,b1362d98,d7fe30a4,1,0,1005,21875,320,50,2526,0,35,100075,221,2be9b4a2fc,3,3
12708950151251885614,14102213,1,0,f6cba1bd,5c9c05b7,f028772b,ecad2386,7801e8d9,07d7df22,a99f214a,6ef8bf1a,73b4563d,1,2,1005,21769,320,50,2507,0,35,100156,157,31dedc938e,1,4
12888296519277494788,14102213,0,0,6256f5b4,28f93029,f028772b,ecad2386,7801e8d9,07d7df22,a99f214a,df85285b,8a4875bd,1,0,1005,15708,320,50,1722,0,35,100084,79,a3433b2fd4,6,15
12988414469376977735,14102213,1,0,5b08c53b,7687a86e,3e814130,ecad2386,7801e8d9,07d7df22,a99f214a,c64f8ed3,ecb851b2,1,0,1005,21836,300,250,2523,0,35,-1,221,aa70a46ce4,10,12
13234092180244737276,14102213,0,0,85f751fd,c4e18dd6,50e219e0,febd1138,82e27996,0f2161f8,a99f214a,ff67d679,9b5ce758,1,0,1005,21611,320,50,2480,3,297,100111,61,c9993d43d1,4,7
13571940569593189419,14102213,0,0,85f751fd,c4e18dd6,50e219e0,e96773f0,2347f47a,0f2161f8,a99f214a,99f8b31b,2891f384,1,0,1005,21767,320,50,2506,0,35,-1,157,d3ea687be2,15,18
13737021838539299219,14102213,0,0,85f751fd,c4e18dd6,50e219e0,66f5e02e,6f7ca2ba,0f2161f8,7bef6fcc,c5d4327c,7b75d3a6,1,0,1005,21769,320,50,2507,0,35,-1,157,ffb6d9f1b9,1,3
14369411515103194294,14102213,0,0,85f751fd,c4e18dd6,50e219e0,e96773f0,2347f47a,0f2161f8,a99f214a,fe386bf6,aaffed8f,1,0,1005,21767,320,50,2506,0,35,-1,157,9eb9a81c2f,44,51
14944058642369333770,14102213,0,1,a7853007,7e091613,f028772b,ecad2386,7801e8d9,07d7df22,a99f214a,d90a7774,3bb1ddd7,1,0,1005,9478,320,50,906,3,1451,100156,61,00a9dacb04,4,4
15685136661344398186,14102213,1,0,5b08c53b,7687a86e,3e814130,ecad2386,7801e8d9,07d7df22,a99f214a,e9fec555,947f5ef6,1,0,1005,20093,300,250,2295,2,35,100075,23,5c62c998cd,5,5
15927741334886520677,14102213,0,1,e151e245,7e091613,f028772b,ecad2386,7801e8d9,07d7df22,a99f214a,d2d5f90d,779d90c2,1,0,1005,17747,320,50,1974,2,39,100021,33,89170a6e1e,6,8
16779248944348820485,14102213,0,0,12fb4121,6b59f079,f028772b,ecad2386,7801e8d9,07d7df22,a99f214a,e3eaf5e2,d25693ce,1,0,1005,21769,320,50,2507,0,35,-1,157,61495bd4c9,6,45
17538090996410377584,14102213,0,0,85f751fd,c4e18dd6,50e219e0,7358e05e,b9528b13,cef3e649,5e077054,101a9f9b,00b1f3a7,1,0,1005,1039,320,50,178,3,1327,100148,15,bb85e767b6,8,8
18114854340297592871,14102213,0,0,85f751fd,c4e18dd6,50e219e0,f0d41ff1,2347f47a,0f2161f8,a99f214a,1004661e,d9e3c045,1,0,1005,21767,320,50,2506,0,35,-1,157,e189070165,2,29
2312988013090347575,14102213,0,0,38c202aa,4afa254d,50e219e0,ecad2386,7801e8d9,07d7df22,f2a86927,34c0d5dd,72dab84d,0,0,1002,4687,320,50,423,2,39,100148,32,4d4027dd27,16,17
3540298435954932593,14102213,0,0,85f751fd,c4e18dd6,50e219e0,e9739828,df32afa9,cef3e649,a99f214a,47030f32,1f0bc64f,1,0,1005,21769,320,50,2507,0,35,-1,157,57a955ad47,15,22
357140261920281031,14102213,0,0,1fbe01fe,f3845767,28905ebd,ecad2386,7801e8d9,07d7df22,a99f214a,acf569e1,1aa0e912,1,0,1005,15702,320,50,1722,0,35,-1,79,6c8e1457de,1,8
3661283574271375197,14102213,1,1,d9750ee7,98572c79,f028772b,ecad2386,7801e8d9,07d7df22,a99f214a,b2968431,7ac6007f,1,2,1005,21830,320,50,2522,0,35,100084,221,93937750a0,3,4
4054709602616475723,14102213,0,0,1fbe01fe,f3845767,28905ebd,ecad2386,7801e8d9,07d7df22,a99f214a,a046be6c,8a4875bd,1,0,1005,15704,320,50,1722,0,35,-1,79,77f47bc716,1,4
4070548913433049321,14102213,0,0,85f751fd,c4e18dd6,50e219e0,6a7bc718,2347f47a,0f2161f8,a99f214a,8c22562e,73b4563d,1,2,1005,21768,320,50,2506,0,35,-1,157,09a8a4be02,23,40
4860974041608496220,14102213,0,0,85f751fd,c4e18dd6,50e219e0,66f5e02e,6f7ca2ba,0f2161f8,523ad244,e8cb3114,1538d6e1,1,2,1005,21768,320,50,2506,0,35,100111,157,5ce2571296,2,5
5288224803919754923,14102213,0,0,85f751fd,c4e18dd6,50e219e0,c0c5eb49,f2f777fb,0f2161f8,a99f214a,17f08d0c,b4b19c97,1,0,1005,21611,320,50,2480,3,297,100111,61,9017e0c402,1,2
535194563473194810,14102213,0,1,a7853007,7e091613,f028772b,ecad2386,7801e8d9,07d7df22,a99f214a,6394f6f6,3bb1ddd7,1,0,1005,9478,320,50,906,3,1451,100156,61,8457a47939,18,26
5843195472850145863,14102213,0,0,1fbe01fe,f3845767,28905ebd,ecad2386,7801e8d9,07d7df22,a99f214a,31e3780d,05e70df4,1,0,1005,21853,216,36,2524,0,35,-1,221,6d74b776a1,6,24
7443087909531083610,14102213,1,0,5bcf81a2,9d54950b,f028772b,ecad2386,7801e8d9,07d7df22,a99f214a,212637ab,1c6a881d,1,2,1005,21769,320,50,2507,0,35,100176,157,35c011fd55,1,1
7497808396302562115,14102213,0,0,f6cba1bd,5c9c05b7,f028772b,ecad2386,7801e8d9,07d7df22,a99f214a,17c8beec,be6db1d7,1,0,1005,21768,320,50,2506,0,35,100079,157,f2b5f9da4a,2,8
7549515940286522080,14102213,0,0,85f751fd,c4e18dd6,50e219e0,a5184c22,b8d325c3,0f2161f8,a99f214a,9111a99f,a20423e5,1,0,1005,21768,320,50,2506,0,35,-1,157,5eeb7c45c4,6,7
8630450972506218716,14102213,0,0,85f751fd,c4e18dd6,50e219e0,93d786c6,2347f47a,0f2161f8,a99f214a,7e774d5a,05e70df4,1,0,1005,21737,300,250,2502,0,35,100084,221,c48792124c,8,8
8841693052840772811,14102213,0,0,85f751fd,c4e18dd6,50e219e0,a5184c22,b8d325c3,0f2161f8,a99f214a,3895cbdc,6871ac88,1,0,1005,21767,320,50,2506,0,35,-1,157,edfee8b053,1,2
9640954921882762401,14102213,0,0,85f751fd,c4e18dd6,50e219e0,7358e05e,b9528b13,cef3e649,4369fa18,5cdedf25,fcbb592f,1,0,1005,20634,320,50,2374,3,39,-1,23,4ac0eb2207,2,3
9828362282733105003,14102213,0,0,85f751fd,c4e18dd6,50e219e0,f0d41ff1,2347f47a,0f2161f8,a99f214a,fae12280,1f0bc64f,1,0,1005,21767,320,50,2506,0,35,-1,157,f39217048c,17,21
10901024905864029222,14102214,0,0,1fbe01fe,f3845767,28905ebd,ecad2386,7801e8d9,07d7df22,a99f214a,9b1fe278,4ea23a13,1,0,1005,15704,320,50,1722,0,35,-1,79,15ff8c215c,7,8
12167946857445589641,14102214,1,0,1fbe01fe,f3845767,28905ebd,ecad2386,7801e8d9,07d7df22,a99f214a,a984be7c,da10f4da,1,0,1005,10741,320,50,1076,0,35,-1,79,c64c6dbabf,1,2
14883059844506117282,14102214,1,1,e151e245,7e091613,f028772b,ecad2386,7801e8d9,07d7df22,a99f214a,251d821b,5096d134,1,0,1005,4687,320,50,423,2,39,-1,32,360081a49a,23,45
15661088908867799774,14102214,0,1,85f751fd,c4e18dd6,50e219e0,03a08c3f,7801e8d9,0f2161f8,0f3c8779,411d4489,d8337869,5,2,1010,15702,320,50,1722,0,35,100083,79,a6c0b46937,1,31
167610622680618758,14102214,0,1,a7853007,7e091613,f028772b,ecad2386,7801e8d9,07d7df22,a99f214a,009a7861,3bb1ddd7,1,0,1005,9478,320,50,906,3,1451,100156,61,590f30c106,16,53
16894737627884641958,14102214,0,0,1fbe01fe,f3845767,28905ebd,ecad2386,7801e8d9,07d7df22,a99f214a,ddd2926e,a0f5f879,1,0,1005,15703,320,50,1722,0,35,-1,79,2dfcf9437f,6,8
1983067129318275405,14102214,0,1,e151e245,7e091613,f028772b,ecad2386,7801e8d9,07d7df22,a99f214a,ac8adfe3,0fe4f64b,1,0,1005,20366,320,50,2333,0,39,-1,157,bf1ab0f7e3,8,9
4600514788709355486,14102214,0,0,1fbe01fe,f3845767,28905ebd,ecad2386,7801e8d9,07d7df22,a99f214a,59ff3543,0eb711ec,1,0,1005,15706,320,50,1722,0,35,100084,79,edbc16c6cb,1,17
5584768886817467750,14102214,0,0,1fbe01fe,f3845767,28905ebd,ecad2386,7801e8d9,07d7df22,a99f214a,6c980fe0,05e70df4,1,0,1005,21853,216,36,2524,0,35,100083,221,8cb8047d3e,2,3
5680948709391243360,14102214,0,1,b7e9786d,b12b9f85,f028772b,ecad2386,7801e8d9,07d7df22,a99f214a,ace17c2e,8a4875bd,1,0,1005,21878,320,50,2526,0,35,-1,221,2eb3e54d78,64,69
593734598982934205,14102214,0,0,1fbe01fe,f3845767,28905ebd,ecad2386,7801e8d9,07d7df22,a99f214a,f727a257,1df52df3,1,0,1005,15699,320,50,1722,0,35,-1,79,4bfa8960f7,8,12
633332959482377784,14102214,0,0,4b0f0061,7195bdd6,f028772b,ecad2386,7801e8d9,07d7df22,a99f214a,e17e6ffa,da10f4da,1,0,1005,15840,320,50,1741,3,171,100112,100,9864bd1417,4,4
7029259603516836432,14102214,0,0,85f751fd,c4e18dd6,50e219e0,685d1c4c,2347f47a,8ded1f7a,aa8105fd,7357d5f1,edead9f4,1,3,1005,15708,320,50,1722,0,35,-1,79,a1f32cf10d,2,3
7353139064591252124,14102214,0,1,85f751fd,c4e18dd6,50e219e0,d644e4e7,2347f47a,0f2161f8,a99f214a,b18376a9,feacaaee,1,0,1005,20352,320,50,2333,0,39,100183,157,abd592f5ee,1,3
7380873769261136074,14102214,0,1,92c7cbe7,6e882918,75fa27f6,ecad2386,7801e8d9,07d7df22,a99f214a,6131e7f9,ecb851b2,1,0,1005,16615,320,50,1863,3,39,-1,23,f2353ff358,14,14
8761446984634516383,14102214,0,0,1fbe01fe,f3845767,28905ebd,ecad2386,7801e8d9,07d7df22,a99f214a,d7827f48,0ff80b9d,1,0,1005,15702,320,50,1722,0,35,-1,79,bf1574e690,6,26
9386545242587268531,14102214,0,0,85f751fd,c4e18dd6,50e219e0,d36838b1,0e8616ad,0f2161f8,a99f214a,e5a2231b,2d6d7ae9,1,2,1005,380,320,50,112,3,1319,-1,15,39b0e3df32,5,12
10637985613767812525,14102215,1,0,5b08c53b,7687a86e,3e814130,ecad2386,7801e8d9,07d7df22,a99f214a,fdfab650,84ebbcd4,1,0,1005,17653,300,250,1994,2,39,100084,33,d8a3455d61,2,2
11163904756259683109,14102215,0,0,85f751fd,c4e18dd6,50e219e0,93d786c6,2347f47a,0f2161f8,a99f214a,88f49a28,a8d2c4cf,1,0,1005,21739,320,480,2502,0,35,-1,221,074ae1ea66,10,17
11843938491202391449,14102215,1,1,e151e245,7e091613,f028772b,ecad2386,7801e8d9,07d7df22,a99f214a,a59ec4a7,ef726eae,1,0,1005,17037,320,50,1934,2,39,-1,16,211a42db33,8,32
1228936528868117310,14102215,0,0,85f751fd,c4e18dd6,50e219e0,a2a25b5a,ad63ec9b,f95efa07,62244751,c771dae9,a264bba3,1,5,1005,20277,320,50,2281,3,47,100181,42,8416bd17f7,4,13
12319508539796627332,14102215,0,0,c88009de,c4e18dd6,50e219e0,ecad2386,7801e8d9,07d7df22,a4f69883,b74bed8c,c4a565e1,0,0,1002,19665,320,50,2253,2,303,100105,52,8450d2d9ec,1,5
12574957570679642169,14102215,1,1,0a742914,510bd839,f028772b,ecad2386,7801e8d9,07d7df22,a99f214a,8770f525,43836a96,1,0,1005,20632,320,50,2374,3,39,-1,23,8ed978856a,28,32
12909527688121208112,14102215,1,0,85f751fd,c4e18dd6,50e219e0,fc46e1c5,2347f47a,0f2161f8,a99f214a,58346ea6,be74e6fe,1,0,1005,456,320,50,122,3,1327,-1,15,974e48f937,21,29
14655324249478916231,14102215,0,1,e151e245,7e091613,f028772b,ecad2386,7801e8d9,07d7df22,a99f214a,8e99980f,c436ccde,1,0,1005,17264,320,50,1872,3,39,-1,23,3bf2a0e43d,36,87
15836915884095507598,14102215,1,0,2328ee8e,7804dea6,f028772b,ecad2386,7801e8d9,07d7df22,a99f214a,4713655b,375c3d47,1,0,1005,15708,320,50,1722,0,35,100084,79,7efa7b1ffb,2,4
16003258118516155775,14102215,0,1,0a742914,510bd839,f028772b,ecad2386,7801e8d9,07d7df22,a99f214a,af62faf4,cad4c01d,1,0,1005,9478,320,50,906,3,1451,100156,61,5c7f7bf678,3,28
17128586363449824871,14102215,0,1,e151e245,7e091613,f028772b,ecad2386,7801e8d9,07d7df22,a99f214a,efef945b,74de3ee6,1,0,1005,17747,320,50,1974,2,39,-1,33,a527882ae0,7,9
17551905485246084629,14102215,0,1,a7853007,7e091613,f028772b,ecad2386,7801e8d9,07d7df22,a99f214a,d90a7774,cad4c01d,1,0,1005,9478,320,50,906,3,1451,100156,61,d95f0a3e9c,4,6
3533407505054209054,14102215,1,0,f84e52b6,d7e2f29b,28905ebd,ecad2386,7801e8d9,07d7df22,a99f214a,2f595e22,e12e75cd,1,0,1005,20634,320,50,2374,3,39,-1,23,bebbfb85e3,2,11
4901046510998847725,14102215,0,1,5ee41ff2,17d996e6,f028772b,ecad2386,7801e8d9,07d7df22,a99f214a,dc546fb8,49bc419a,1,0,1005,16920,320,50,1899,0,431,100081,117,54147e4326,2,7
5490567849592274002,14102215,1,0,85f751fd,c4e18dd6,50e219e0,fb7c70a3,d9b5648e,0f2161f8,11fc3ceb,6bc5173c,aad45b01,1,0,1005,21965,320,50,2462,0,175,100161,116,1c6a6c70f8,34,37
7629185000101100466,14102215,0,0,6ec06dbd,d262cf1e,f66779e6,ecad2386,7801e8d9,07d7df22,a99f214a,2534142f,9e3836ff,1,0,1005,17163,320,50,1955,3,163,100193,71,a9f80c2f51,1,1
8168999489991668540,14102215,0,0,85f751fd,c4e18dd6,50e219e0,7358e05e,b9528b13,cef3e649,1b533e37,01e32fb8,7abbbd5c,1,0,1005,20352,320,50,2333,0,39,-1,157,17e5dcb624,1,1
9477074994974125613,14102215,0,1,e151e245,7e091613,f028772b,ecad2386,7801e8d9,07d7df22,a99f214a,dfb27260,e3ab3465,1,2,1005,21894,320,50,2526,0,35,100075,221,5c556af21f,6,27
9865430097744575264,14102215,0,0,85f751fd,c4e18dd6,50e219e0,d44c074c,ae637522,cef3e649,a99f214a,14af71f4,0bcabeaf,1,2,1005,21611,320,50,2480,3,297,100111,61,6a4662b4f0,9,10
10359389924479575217,14102216,0,0,83a0ad1a,5c9ae867,f028772b,ecad2386,7801e8d9,07d7df22,a99f214a,a67ff6e1,0dedddc5,1,2,1005,18091,320,50,2060,3,39,-1,23,5beb805c79,1,3
11392998532869646690,14102216,0,1,d9750ee7,98572c79,f028772b,ecad2386,7801e8d9,07d7df22,a99f214a,431b3174,8571106b,1,0,1005,17614,320,50,1993,2,1063,-1,33,846bca93d9,6,7
11724589606446991932,14102216,0,1,a7853007,7e091613,f028772b,ecad2386,7801e8d9,07d7df22,a99f214a,2f323f36,3bb1ddd7,1,0,1005,9478,320,50,906,3,1451,100156,61,aff6ff1ca6,2,2
11907776695625837578,14102216,0,0,1fbe01fe,f3845767,28905ebd,ecad2386,7801e8d9,07d7df22,a99f214a,09d7a827,5db079b5,1,2,1005,15707,320,50,1722,0,35,-1,79,84d045b218,2,3
12631216528165760492,14102216,0,0,1fbe01fe,f3845767,28905ebd,ecad2386,7801e8d9,07d7df22,a99f214a,b2c0d5fa,eda4a627,1,0,1005,15699,320,50,1722,0,35,100084,79,6f1d3f41f9,8,12
13358094830109260024,14102216,0,1,856e6d3f,58a89a43,f028772b,ecad2386,7801e8d9,07d7df22,a99f214a,b909ff16,0671f8e1,1,0,1005,21875,320,50,2526,0,35,-1,221,c52434cc9e,7,45
13412589395618037496,14102216,1,0,1ee69d19,ce81106c,50e219e0,ecad2386,7801e8d9,07d7df22,94690ab8,d765b407,43e7b962,0,0,1002,17894,320,50,2039,2,39,100075,32,377e99f2c8,10,19
15111028690829867450,14102216,1,0,8342c1ae,7049c6b7,f028772b,ecad2386,7801e8d9,07d7df22,a99f214a,ae13f806,0eb711ec,1,0,1005,18858,320,50,1882,3,35,-1,13,69d09b4f83,20,56
1752784717253695099,14102216,0,1,0a742914,510bd839,f028772b,ecad2386,7801e8d9,07d7df22,a99f214a,f2e4bfb4,0671f8e1,1,0,1005,21893,320,50,2526,0,35,100074,221,3888e94b24,1,2
3438001685386099354,14102216,0,1,178a7b89,b4598159,f028772b,ecad2386,7801e8d9,07d7df22,a99f214a,d1d7d121,41971090,1,0,1005,16615,320,50,1863,3,39,-1,23,528eb0c9e3,2,6
4290493355768169009,14102216,0,1,222acd54,de0f0f82,f028772b,ecad2386,7801e8d9,07d7df22,a99f214a,9744bfef,4f4b5ad5,1,0,1005,21893,320,50,2526,0,35,100081,221,cf009c4017,6,29
7090482812147586390,14102216,0,0,1fbe01fe,f3845767,28905ebd,ecad2386,7801e8d9,07d7df22,a99f214a,bca03605,1df52df3,1,0,1005,15701,320,50,1722,0,35,100084,79,3b00f4c4ed,6,6
7984153204181476668,14102216,1,0,1fbe01fe,f3845767,28905ebd,ecad2386,7801e8d9,07d7df22,a99f214a,caf94753,8a4875bd,1,0,1005,15705,320,50,1722,0,35,100084,79,6dcf90a165,6,6
10401727308707270304,14102217,0,0,85f751fd,c4e18dd6,50e219e0,e2fcccd2,5c5a694b,0f2161f8,4c911548,0b3c79da,e981565c,1,0,1005,4687,320,50,423,2,39,100148,32,e523a38b21,12,25
10608704297997600166,14102217,0,0,1fbe01fe,f3845767,28905ebd,ecad2386,7801e8d9,07d7df22,a99f214a,597bef5c,3bd9e8e7,1,0,1005,15704,320,50,1722,0,35,100083,79,56c232f749,8,8
10687906971310978311,14102217,0,0,1fbe01fe,f3845767,28905ebd,ecad2386,7801e8d9,07d7df22,a99f214a,a60a8246,ecb851b2,1,0,1005,15702,320,50,1722,0,35,100084,79,8874113c32,2,3
10719651156449516199,14102217,0,0,85f751fd,c4e18dd6,50e219e0,197b4f7f,2347f47a,09481d60,06db0ef9,11f7a33b,f39b265e,1,0,1005,1039,320,50,178,3,1327,-1,15,bf1574e690,2,13
10997075189949793664,14102217,0,0,7697ed3e,c1aa3c04,f028772b,ecad2386,7801e8d9,07d7df22,a99f214a,c1676f8b,8a4875bd,1,0,1005,20366,320,50,2333,0,39,-1,157,ae170ce8de,5,6
11767877830655424033,14102217,1,0,44f60771,5712da49,3e814130,ecad2386,7801e8d9,07d7df22,a99f214a,8184b645,779d90c2,1,0,1005,20362,320,50,2333,0,39,-1,157,a8acc21dc5,3,4
12570737370372718495,14102217,0,1,e151e245,7e091613,f028772b,ecad2386,7801e8d9,07d7df22,a99f214a,8e4f77a3,8a4875bd,1,0,1005,21893,320,50,2526,0,35,-1,221,199e725cd6,9,13
13514446399202237820,14102217,1,0,5b08c53b,7687a86e,3e814130,ecad2386,7801e8d9,07d7df22,a99f214a,35f39760,8a4875bd,1,0,1005,21834,300,250,2523,0,35,-1,221,4d475b1fc2,1,4
14395254444859137598,14102217,0,0,1fbe01fe,f3845767,28905ebd,ecad2386,7801e8d9,07d7df22,a99f214a,aa59706b,1ccc7835,1,0,1005,15704,320,50,1722,0,35,100084,79,65635e74c3,1,2
1479874190701577482,14102217,0,1,e151e245,7e091613,f028772b,ecad2386,7801e8d9,07d7df22,a99f214a,e0d10186,81892725,1,0,1005,16687,320,50,1872,3,39,100173,23,c42cfed67b,6,10
15620755808024569870,14102217,0,0,805d7074,c4e18dd6,50e219e0,ecad2386,7801e8d9,07d7df22,9507ffc6,38040dc0,6f856677,0,0,1002,15699,320,50,1722,0,35,100084,79,7535893d84,16,24
16266304699344755700,14102217,0,1,856e6d3f,58a89a43,f028772b,ecad2386,7801e8d9,07d7df22,a99f214a,9b3d7b09,8a4875bd,1,0,1005,21894,320,50,2526,0,35,100076,221,cdb3deefd2,4,5
17741082788364187201,14102217,0,1,e151e245,7e091613,f028772b,ecad2386,7801e8d9,07d7df22,a99f214a,23b50018,d787e91b,1,0,1005,17264,320,50,1872,3,39,-1,23,293d75d028,5,6
1817169861162220074,14102217,0,1,856e6d3f,58a89a43,f028772b,ecad2386,7801e8d9,07d7df22,a99f214a,6fa3c223,3c53a1a6,1,0,1005,21883,320,50,2526,0,35,100077,221,8cb8047d3e,2,6
2204425403292042342,14102217,1,1,17caea14,0dde25ec,f028772b,ecad2386,7801e8d9,07d7df22,a99f214a,4f852fcf,5ec45883,1,0,1005,21875,320,50,2526,0,35,100077,221,78c9a6abba,5,32
2577939026437828051,14102217,0,0,fec6e632,ace5b8fd,3e814130,ecad2386,7801e8d9,07d7df22,a99f214a,89902df4,0fadd2fe,1,0,1005,20352,320,50,2333,0,39,-1,157,f5e53506e8,1,25
4326433252806348397,14102217,0,0,85f751fd,c4e18dd6,50e219e0,3f2a6cbb,33da2e74,cef3e649,a99f214a,d90a7774,cad4c01d,1,0,1005,19733,320,50,2260,0,171,100156,91,2cce0a2113,3,3
5153063036046486701,14102217,0,1,8fbe746d,35dc24d8,f028772b,ecad2386,7801e8d9,07d7df22,a99f214a,db0aca03,84ebbcd4,1,0,1005,20363,216,36,2333,0,39,-1,157,9c57d5f57d,4,5
608702850290807552,14102217,0,1,e151e245,7e091613,f028772b,ecad2386,7801e8d9,07d7df22,a99f214a,c762ec63,0b188ab3,1,0,1005,17262,320,50,1872,3,39,-1,23,9b86a6192d,7,36
6308822753649443455,14102217,0,1,57fe1b20,5b626596,f028772b,ecad2386,7801e8d9,07d7df22,a99f214a,d994ac0e,6e1e2240,1,0,1005,21894,320,50,2526,0,35,100074,221,68f0d09fd8,4,5
7911663075866972256,14102217,1,1,e151e245,7e091613,f028772b,ecad2386,7801e8d9,07d7df22,a99f214a,e2b7979e,42a5d6ce,1,0,1005,17014,320,50,1872,3,39,-1,23,2de89a08b5,1,2
8999857842902563072,14102217,0,1,b7e9786d,b12b9f85,f028772b,ecad2386,7801e8d9,07d7df22,a99f214a,e75cc5cd,9f8d0424,1,0,1005,21893,320,50,2526,0,35,-1,221,e00825db76,20,27
9078197271579887656,14102217,0,0,1fbe01fe,f3845767,28905ebd,ecad2386,7801e8d9,07d7df22,a99f214a,a8ce93bd,8ce34352,1,0,1005,15704,320,50,1722,0,35,100084,79,d05cdc8bc1,6,7
10715911732874510294,14102218,1,0,85f751fd,c4e18dd6,50e219e0,7358e05e,b9528b13,cef3e649,0c12eeb7,756eeebb,1ccc7835,1,0,1005,1039,320,50,178,3,1327,100148,15,d7ec56b8b9,5,11
1193891578086903075,14102218,1,0,1fbe01fe,f3845767,28905ebd,ecad2386,7801e8d9,07d7df22,a99f214a,ac77b71a,711ee120,1,0,1005,15707,320,50,1722,0,35,-1,79,ec6d1c4610,6,6
12275130873988604500,14102218,1,0,1fbe01fe,f3845767,28905ebd,ecad2386,7801e8d9,07d7df22,a99f214a,864e3cbf,76dc4769,1,0,1005,15706,320,50,1722,0,35,100084,79,cab5543568,2,17
13871802130626784239,14102218,1,0,1fbe01fe,f3845767,28905ebd,ecad2386,7801e8d9,07d7df22,a99f214a,0b675b63,e9b8d8d7,1,0,1005,15701,320,50,1722,0,35,100083,79,9a8085a553,1,1
14721543291419443057,14102218,0,0,85f751fd,c4e18dd6,50e219e0,7358e05e,b9528b13,cef3e649,9dd3c1d6,36026c6d,d787e91b,1,0,1005,1039,320,50,178,3,1327,100148,15,f1f20e808a,4,5
15525778706054789371,14102218,0,1,5114c672,3f2f3819,3e814130,ecad2386,7801e8d9,07d7df22,a99f214a,4fc77cfc,051263ee,1,0,1005,21877,320,50,2526,0,35,100075,221,fb9e619f9b,10,10
16294596544001292516,14102218,1,0,1fbe01fe,f3845767,28905ebd,ecad2386,7801e8d9,07d7df22,a99f214a,a29c412e,d787e91b,1,0,1005,15706,320,50,1722,0,35,100084,79,056f32e1c6,7,8
16512138286458571830,14102218,0,1,5b4d2eda,16a36ef3,f028772b,ecad2386,7801e8d9,07d7df22,a99f214a,a7ca7d3a,76dc4769,1,0,1005,21894,320,50,2526,0,35,100081,221,587a38e598,1,1
16787735050358422468,14102218,0,0,85f751fd,c4e18dd6,50e219e0,e2fcccd2,5c5a694b,0f2161f8,3f97b3ce,9fc154e2,5db079b5,1,2,1005,20632,320,50,2374,3,39,-1,23,ce9d4bbfe1,1,5
16853483467880867080,14102218,0,0,1aaa89da,28b2446e,50e219e0,ecad2386,7801e8d9,07d7df22,3be348e2,1b067ef8,c4a565e1,0,0,1002,21561,320,50,2476,2,167,-1,23,aff6ff1ca6,8,16
17971991652640662231,14102218,1,0,5b08c53b,7687a86e,3e814130,ecad2386,7801e8d9,07d7df22,a99f214a,df2d7f96,d787e91b,1,0,1005,20093,300,250,2295,2,35,-1,23,7ea448ac4a,3,13
3636412579656046697,14102218,0,0,85f751fd,c4e18dd6,50e219e0,685d1c4c,2347f47a,8ded1f7a,5ac9578f,3b12434e,1f0bc64f,1,3,1005,15707,320,50,1722,0,35,100084,79,3364621732,29,45
3758661897800069935,14102218,0,0,9f737c63,5449fde7,f028772b,ecad2386,7801e8d9,07d7df22,a99f214a,3cd6176e,a0f5f879,1,0,1005,16920,320,50,1899,0,431,100074,117,787e66156e,16,22
4476872311766885212,14102218,0,1,a7853007,7e091613,f028772b,ecad2386,7801e8d9,07d7df22,a99f214a,2f323f36,3bb1ddd7,1,0,1005,9478,320,50,906,3,1451,100156,61,4a0ec658bf,11,21
603525113962791031,14102218,0,0,1fbe01fe,f3845767,28905ebd,ecad2386,7801e8d9,07d7df22,a99f214a,75bb1b58,5db079b5,1,2,1005,15704,320,50,1722,0,35,-1,79,a02258d2b5,1,2
9769698723721805648,14102218,0,1,a7853007,7e091613,f028772b,ecad2386,7801e8d9,07d7df22,a99f214a,285aa37d,3bb1ddd7,1,0,1005,9478,320,50,906,3,1451,100156,61,b14ac25567,1,1
11930119672557762129,14102219,0,1,c63170c5,a9bba545,f028772b,ecad2386,7801e8d9,07d7df22,a99f214a,c02ac84d,8a4875bd,1,0,1005,21875,320,50,2526,0,35,100077,221,cb06f13c84,5,6
14664537592366516315,14102219,0,0,85f751fd,c4e18dd6,50e219e0,7358e05e,b9528b13,cef3e649,3be0c75f,31f8e95a,c144e605,1,0,1005,20366,320,50,2333,0,39,-1,157,23cd6d2872,2,5
16279372182331361381,14102219,0,0,85f751fd,c4e18dd6,50e219e0,e2a1ca37,2347f47a,8ded1f7a,909993b7,92ad2551,61761ee1,1,0,1005,6558,320,50,571,2,39,100050,32,be0b64a636,18,27
17409797010197062710,14102219,0,0,85f751fd,c4e18dd6,50e219e0,54c5d545,2347f47a,0f2161f8,a99f214a,4428696d,be6db1d7,1,0,1005,17016,320,50,1873,3,39,-1,23,ee5333331c,6,6
17489821904597522023,14102219,0,0,85f751fd,c4e18dd6,50e219e0,febd1138,82e27996,0f2161f8,a99f214a,ebd315b1,ab57115f,1,0,1005,16685,320,50,1092,3,811,100156,61,b0fc8c8785,1,3
2258689943556565344,14102219,0,1,5ee41ff2,17d996e6,f028772b,ecad2386,7801e8d9,07d7df22,a99f214a,ebb7e43c,a0f5f879,1,0,1005,16920,320,50,1899,0,431,-1,117,921ed98aa3,4,4
2356619081574377526,14102219,1,0,85f751fd,c4e18dd6,50e219e0,de97da65,33da2e74,0f2161f8,a99f214a,af9205f9,c3f7117b,1,0,1005,16685,320,50,1092,3,811,100156,61,02a87e2a8f,1,12
3167214565029887620,14102219,0,0,93eaba74,7687a86e,3e814130,ecad2386,7801e8d9,07d7df22,a99f214a,78518280,d4897fef,1,0,1005,20093,300,250,2295,2,35,100081,23,8fbc63eb70,2,6
3411361630422988889,14102219,0,0,1fbe01fe,f3845767,28905ebd,ecad2386,7801e8d9,07d7df22,a99f214a,0cbd3b06,8a4875bd,1,0,1005,15699,320,50,1722,0,35,100084,79,ca9976e817,14,57
3837653602799865089,14102219,0,0,85f751fd,c4e18dd6,50e219e0,febd1138,82e27996,0f2161f8,a99f214a,ffe36371,801b384c,1,0,1005,20508,320,50,2351,3,163,-1,61,e0c813acc3,5,6
5081230354015338121,14102219,0,0,2a68aa20,9b851bd8,3e814130,ecad2386,7801e8d9,07d7df22,a99f214a,9163f7e2,fed5ad55,1,0,1005,20366,320,50,2333,0,39,-1,157,4dcfac2ee7,1,15
5138980724725494088,14102219,0,0,53cdb927,9449e4e4,50e219e0,ecad2386,7801e8d9,07d7df22,e9424388,b945a194,4042e175,0,0,1002,6365,300,50,544,3,39,100074,23,5c556af21f,14,47
6220727239810757365,14102219,0,0,85f751fd,c4e18dd6,50e219e0,93d786c6,2347f47a,0f2161f8,a99f214a,34ea5f37,1aa0e912,1,0,1005,21739,320,480,2502,0,35,-1,221,63e2e3ea8e,23,31
6841915740920914553,14102219,1,0,1fbe01fe,f3845767,28905ebd,ecad2386,7801e8d9,07d7df22,a99f214a,2e08e353,d787e91b,1,0,1005,15699,320,50,1722,0,35,-1,79,6bd8b651b8,2,2
7902064586977290093,14102219,0,1,a7853007,7e091613,f028772b,ecad2386,7801e8d9,07d7df22,a99f214a,930ec31d,cad4c01d,1,0,1005,9478,320,50,906,3,1451,100156,61,37bbe6c14b,7,9
9878500944944760868,14102219,0,0,85f751fd,c4e18dd6,50e219e0,92f5800b,ae637522,0f2161f8,a99f214a,ac62b200,981edffc,1,3,1005,21816,320,50,2519,1,171,100191,71,7e0fc621a7,7,8
10984524174237263102,14102220,0,0,1fbe01fe,f3845767,28905ebd,ecad2386,7801e8d9,07d7df22,a99f214a,c07bdf0b,36c6b1de,1,0,1005,15706,320,50,1722,0,35,100084,79,e9fa00608b,3,3
11404067433950111037,14102220,0,0,85f751fd,c4e18dd6,50e219e0,54c5d545,2347f47a,0f2161f8,a99f214a,87158d77,81892725,1,0,1005,16688,320,50,1873,3,39,-1,23,c500ac14ee,11,12
12480614408542587009,14102220,1,0,85f751fd,c4e18dd6,50e219e0,e2fcccd2,5c5a694b,0f2161f8,e4356e40,ec2c0642,9801dcd7,1,0,1005,20632,320,50,2374,3,39,-1,23,5f6f70e2d1,1,2
12823619610328489947,14102220,0,0,85f751fd,c4e18dd6,50e219e0,9c13b419,2347f47a,f95efa07,a99f214a,b9043bc8,52b2131b,1,0,1005,20122,320,50,2303,2,39,-1,23,dd2aa494b8,7,16
17230108601490273611,14102220,0,0,1fbe01fe,f3845767,28905ebd,ecad2386,7801e8d9,07d7df22,a99f214a,cdf180a7,8a4875bd,1,0,1005,15705,320,50,1722,0,35,-1,79,e906550c03,7,7
17750440025984016085,14102220,0,0,85f751fd,c4e18dd6,50e219e0,f0d41ff1,2347f47a,0f2161f8,a99f214a,cf1f3cf6,d787e91b,1,0,1005,19775,320,50,2229,0,687,100031,48,f5b10d1872,5,9
230208319313851485,14102220,1,1,e151e245,7e091613,f028772b,ecad2386,7801e8d9,07d7df22,a99f214a,8a6eee0f,e9b8d8d7,1,0,1005,17747,320,50,1974,2,39,-1,33,4966aeafed,7,8
2763343247685125573,14102220,0,1,e151e245,7e091613,f028772b,ecad2386,7801e8d9,07d7df22,a99f214a,8b4f3ea4,7a044878,1,0,1005,20359,216,36,2333,0,39,-1,157,551a71008c,4,20
2867760617496450520,14102220,0,0,85f751fd,c4e18dd6,50e219e0,92f5800b,ae637522,0f2161f8,a99f214a,d67fedc7,496515fa,1,3,1005,21816,320,50,2519,1,171,100191,71,7ce83cd0c8,1,4
3768325807952442384,14102220,0,0,85f751fd,c4e18dd6,50e219e0,754f25a9,d9b5648e,0f2161f8,a99f214a,55b9c0da,99e427c9,1,0,1005,20984,320,50,2371,0,551,100215,46,68d685f6b2,3,9
402446580992745164,14102220,0,0,5b08c53b,7687a86e,3e814130,ecad2386,7801e8d9,07d7df22,a99f214a,48f5567b,8b1aa260,1,0,1005,19015,300,250,2162,2,39,-1,33,61ffa12fba,1,5
4889936190485397993,14102220,0,0,85f751fd,c4e18dd6,50e219e0,febd1138,82e27996,0f2161f8,a99f214a,d2f10591,2ea4f8ba,1,0,1005,21611,320,50,2480,3,297,100111,61,abd592f5ee,1,2
5461710110739032187,14102220,0,1,cbb01868,7e091613,f028772b,ecad2386,7801e8d9,07d7df22,a99f214a,da780973,034b811d,1,0,1005,20359,216,36,2333,0,39,-1,157,587bc64e74,35,42
6907265891550708082,14102220,0,0,693037e9,ee6c0a5f,50e219e0,ecad2386,7801e8d9,07d7df22,e87a7984,964a63b1,a04b6549,0,0,1002,4687,320,50,423,2,39,-1,32,be4182835c,1,1
7024618252429652845,14102220,0,0,1fbe01fe,f3845767,28905ebd,ecad2386,7801e8d9,07d7df22,a99f214a,b5918ed5,d787e91b,1,0,1005,15702,320,50,1722,0,35,100084,79,86dd070e3c,3,4
7555316187827367019,14102220,0,1,5b4d2eda,16a36ef3,f028772b,ecad2386,7801e8d9,07d7df22,a99f214a,05a113e8,8a4875bd,1,0,1005,21877,320,50,2526,0,35,-1,221,bd831f1f83,32,33
972815755092352330,14102220,0,0,85f751fd,c4e18dd6,50e219e0,f0d41ff1,2347f47a,0f2161f8,a99f214a,5876bc24,37b34497,1,0,1005,19776,320,50,2229,0,687,100031,48,cd4ddfc9e6,3,10
1032324574499517547,14102221,0,0,85f751fd,c4e18dd6,50e219e0,431a4ab7,2347f47a,0f2161f8,a99f214a,4582f1d2,5db079b5,1,2,1005,20345,300,250,2331,2,39,-1,23,603780a53d,1,1
11268076742455138584,14102221,0,0,f6cba1bd,5c9c05b7,f028772b,ecad2386,7801e8d9,07d7df22,a99f214a,e35ad67e,06fbfd42,1,0,1005,15707,320,50,1722,0,35,100083,79,5237139798,5,7
12964107059915231739,14102221,0,0,85f751fd,c4e18dd6,50e219e0,7358e05e,b9528b13,cef3e649,8c5c26b5,312375dd,24f6b932,1,0,1005,20366,320,50,2333,0,39,-1,157,3f41dbef54,1,2
13613480939165934219,14102221,1,0,85f751fd,c4e18dd6,50e219e0,7358e05e,b9528b13,cef3e649,d5405c05,06302369,7abbbd5c,1,0,1005,21273,320,50,2443,2,39,-1,23,ccfd2fe649,2,2
13839332302363025841,14102221,0,0,85f751fd,c4e18dd6,50e219e0,7358e05e,b9528b13,cef3e649,60992c8a,4129b708,ab4085d5,1,0,1005,1037,320,50,178,3,1327,100148,15,cdaf0b794c,1,10
14422545081846260092,14102221,0,1,e151e245,7e091613,f028772b,ecad2386,7801e8d9,07d7df22,a99f214a,64a12800,d787e91b,1,0,1005,17747,320,50,1974,2,39,100021,33,ad2d2b6f9c,3,15
16142568469662773761,14102221,1,0,3c1ff54d,73123598,28905ebd,ecad2386,7801e8d9,07d7df22,a99f214a,fb246218,da247ee7,1,0,1005,16859,320,50,1887,3,39,100194,23,cde0df41b3,9,14
1805110149579219360,14102221,0,0,85f751fd,c4e18dd6,50e219e0,7358e05e,b9528b13,cef3e649,9a4cfc0d,a4baf6eb,be6db1d7,1,0,1005,20352,320,50,2333,0,39,-1,157,457a4c73b4,4,9
2318177539883481780,14102221,0,0,85f751fd,c4e18dd6,50e219e0,f0d41ff1,2347f47a,0f2161f8,a99f214a,4bdce4af,7abbbd5c,1,0,1005,19493,320,50,2229,0,687,100031,48,d469e61991,7,8
3384018877094668298,14102221,0,0,26fa1946,e2a5dc06,3e814130,ecad2386,7801e8d9,07d7df22,a99f214a,c1a84658,0fadd2fe,1,0,1005,20366,320,50,2333,0,39,-1,157,6eec479efa,21,29
8820125316317108615,14102221,0,0,ad786c1a,d9d59ab0,50e219e0,ecad2386,7801e8d9,07d7df22,9866e6f0,e664a41c,a9b05547,0,0,1002,17894,320,50,2039,2,39,100077,32,5c62c998cd,5,13
8853487320686693772,14102221,0,0,6256f5b4,28f93029,f028772b,ecad2386,7801e8d9,07d7df22,a99f214a,e97289ec,d14c4241,1,0,1005,21667,320,50,2494,3,39,-1,112,15058bbbb3,1,1
9594120213435158689,14102221,1,1,e151e245,7e091613,f028772b,ecad2386,7801e8d9,07d7df22,a99f214a,3279524b,72aafd3d,1,0,1005,17264,320,50,1872,3,39,-1,23,b97600a072,3,3
9951784369352676711,14102221,0,1,a7853007,7e091613,f028772b,ecad2386,7801e8d9,07d7df22,a99f214a,d90a7774,3bb1ddd7,1,0,1005,9478,320,50,906,3,1451,100156,61,014bb7337d,5,8
1104626873259096930,14102222,0,0,85f751fd,c4e18dd6,50e219e0,7358e05e,b9528b13,cef3e649,d2184d3c,85d5e528,be87996b,1,2,1005,20366,320,50,2333,0,39,-1,157,e523a38b21,5,7
114263996390614543,14102222,0,0,85f751fd,c4e18dd6,50e219e0,e2fcccd2,5c5a694b,0f2161f8,a99f214a,734affc0,be74e6fe,1,0,1005,20632,320,50,2374,3,39,-1,23,4a494d3c8d,4,13
11575803222099367310,14102222,0,0,1ee69d19,c4e18dd6,50e219e0,ecad2386,7801e8d9,07d7df22,074b3561,9766bfbd,4042e175,0,0,1002,17894,320,50,2039,2,39,-1,32,60552efe16,2,2
18168603733176305950,14102222,0,1,856e6d3f,58a89a43,f028772b,ecad2386,7801e8d9,07d7df22,a99f214a,b113912b,8f5c9827,1,0,1005,21877,320,50,2526,0,35,100075,221,174b609ce4,1,1
3603640072650237198,14102222,0,1,e151e245,7e091613,f028772b,ecad2386,7801e8d9,07d7df22,a99f214a,60c28ae1,0a15cb18,1,0,1005,20355,216,36,2333,0,39,100173,157,398a11d5eb,15,97
7344891908439153914,14102222,1,1,e151e245,7e091613,f028772b,ecad2386,7801e8d9,07d7df22,a99f214a,cc06ecc3,81892725,1,0,1005,17264,320,50,1872,3,39,-1,23,20679abeb1,3,3
810994613009035578,14102222,1,0,29229f8e,a10eb148,f028772b,ecad2386,7801e8d9,07d7df22,a99f214a,b3f4695d,5096d134,1,0,1005,16615,320,50,1863,3,39,-1,23,8cc6d7d094,11,12
8558533967133517961,14102222,0,0,1fbe01fe,f3845767,28905ebd,ecad2386,7801e8d9,07d7df22,a99f214a,10ca115a,c6263d8a,1,0,1005,15704,320,50,1722,0,35,-1,79,f24ba0af67,10,36
10273434957634329607,14102223,0,1,856e6d3f,58a89a43,f028772b,ecad2386,7801e8d9,07d7df22,a99f214a,a86f5e60,6f1a5911,1,2,1005,19772,320,50,2227,0,679,-1,48,47858279f5,12,25
10675666442478300564,14102223,0,1,e4d8dd7b,a17bde68,3e814130,ecad2386,7801e8d9,07d7df22,a99f214a,c7549467,8a4875bd,1,0,1005,21875,320,50,2526,0,35,-1,221,0e0962ed81,7,13
13656633768273409911,14102223,0,0,85f751fd,c4e18dd6,50e219e0,e2fcccd2,5c5a694b,0f2161f8,949686f6,dc4adef9,2d6d7ae9,1,2,1005,4687,320,50,423,2,39,100148,32,0174e864cc,4,9
13916182468371435623,14102223,0,0,9a977531,a434fa42,f028772b,ecad2386,7801e8d9,07d7df22,a99f214a,e99765db,a0f5f879,1,0,1005,21877,320,50,2526,0,35,-1,221,b1192d9f4a,1,8
15769975756628795901,14102223,1,1,e151e245,7e091613,f028772b,ecad2386,7801e8d9,07d7df22,a99f214a,ad01f018,1f0bc64f,1,0,1005,20366,320,50,2333,0,39,-1,157,1384e057b7,1,2
3084418009802927190,14102223,1,0,6c5b482c,7687a86e,3e814130,ecad2386,7801e8d9,07d7df22,a99f214a,b400a078,8571106b,1,0,1005,17654,300,250,1994,2,39,100084,33,c965fd87d7,13,13
3804976714862621389,14102223,0,0,5a156514,4a32a328,50e219e0,ecad2386,7801e8d9,07d7df22,7869de61,2b9f8f35,ba8e0d8c,0,0,1002,21400,320,50,1401,0,175,100101,94,52cab3508e,1,2
4704413058334126010,14102223,0,1,5ee41ff2,17d996e6,f028772b,ecad2386,7801e8d9,07d7df22,a99f214a,5bf06fb3,8a4875bd,1,0,1005,16920,320,50,1899,0,431,100077,117,5eeb7c45c4,5,6
6535675528269498630,14102223,0,1,856e6d3f,58a89a43,f028772b,ecad2386,7801e8d9,07d7df22,a99f214a,a72d128a,8a4875bd,1,0,1005,21878,320,50,2526,0,35,-1,221,0cba1bbe3c,1,5
10003751496146235512,14102300,0,1,e151e245,7e091613,f028772b,ecad2386,7801e8d9,07d7df22,a99f214a,6541d556,ae9343b5,1,0,1005,17263,320,50,1872,3,39,-1,23,604a8316cf,16,46
10046819601494841304,14102300,0,1,b7e9786d,b12b9f85,f028772b,ecad2386,7801e8d9,07d7df22,a99f214a,b3269e7c,68b6db2c,1,0,1005,19771,320,50,2227,0,679,-1,48,8e2f45ea72,4,4
10585284844209395968,14102300,0,1,e151e245,7e091613,f028772b,ecad2386,7801e8d9,07d7df22,a99f214a,bf2c914d,6ae7fb43,1,0,1005,20969,320,50,2372,0,813,100225,46,c209e30e9f,4,6
15798076051565356847,14102300,0,0,85f751fd,c4e18dd6,50e219e0,febd1138,82e27996,0f2161f8,a99f214a,1a2c545d,9b5ce758,1,0,1005,21611,320,50,2480,3,297,100111,61,ca9976e817,1,2
16304677160800514406,14102300,0,0,1fbe01fe,f3845767,28905ebd,ecad2386,7801e8d9,07d7df22,a99f214a,0032c849,fbec56bc,1,0,1005,15704,320,50,1722,0,35,100083,79,ac81f879c2,4,7
1917613631192967561,14102300,0,0,1fbe01fe,f3845767,28905ebd,ecad2386,7801e8d9,07d7df22,a99f214a,ddd2926e,ecb851b2,1,0,1005,15705,320,50,1722,0,35,-1,79,26fb944a90,7,8
3693802654724762748,14102300,0,0,1fbe01fe,f3845767,28905ebd,ecad2386,7801e8d9,07d7df22,a99f214a,3d1c020c,293291c1,1,0,1005,15707,320,50,1722,0,35,-1,79,97d87b90b3,10,10
431431811695917423,14102300,0,0,85f751fd,c4e18dd6,50e219e0,5ccd2b0a,d9b5648e,0f2161f8,a99f214a,c59d45f4,0135c685,1,0,1005,20980,320,50,2371,0,551,100217,46,032c37c471,7,9
4801127340634819661,14102300,0,0,85f751fd,c4e18dd6,50e219e0,f5929c05,2347f47a,0f2161f8,a99f214a,ebb2bf2a,36c6b1de,1,0,1005,375,320,50,112,3,1319,-1,15,68ec65f5cf,1,1
6321171399646967512,14102300,0,0,7c6576be,d00b8121,f028772b,ecad2386,7801e8d9,07d7df22,a99f214a,e536b9fc,eba9519f,1,0,1005,19772,320,50,2227,0,679,-1,48,7ce8754308,2,2
9168801879707960979,14102300,0,0,85f751fd,c4e18dd6,50e219e0,febd1138,82e27996,0f2161f8,a99f214a,da248c0d,15dc77b3,1,0,1005,21611,320,50,2480,3,297,100111,61,5c4189ce81,18,31
11112987256876699484,14102301,0,1,856e6d3f,58a89a43,f028772b,ecad2386,7801e8d9,07d7df22,a99f214a,aaea6df4,64a7b95b,1,0,1005,21883,320,50,2526,0,35,100079,221,52cab3508e,3,16
11449802756411845732,14102301,1,0,1fbe01fe,f3845767,28905ebd,ecad2386,7801e8d9,07d7df22,a99f214a,d13e2ad6,a8d2c4cf,1,0,1005,15699,320,50,1722,0,35,100084,79,638d4844ab,21,25
12003699496776770562,14102301,0,0,85f751fd,c4e18dd6,50e219e0,13353656,2347f47a,0f2161f8,44b7d917,95a09450,711ee120,1,3,1005,15701,320,50,1722,0,35,100084,79,218e3fbed5,1,1
13174239388965612796,14102301,0,0,e9ca7d40,98572c79,f028772b,ecad2386,7801e8d9,07d7df22,a99f214a,8f2a29a2,1f0bc64f,1,0,1005,21835,300,250,2523,0,35,-1,221,c220de62ee,3,3
13358052065403024797,14102301,0,1,e4d8dd7b,a17bde68,3e814130,ecad2386,7801e8d9,07d7df22,a99f214a,bf5f722d,86030d43,1,0,1005,19772,320,50,2227,0,679,100079,48,2f18f9acdd,3,11
15377970253667940065,14102301,1,0,6407c767,8e88789b,f028772b,ecad2386,7801e8d9,07d7df22,a99f214a,4c248183,fce66524,1,0,1005,20362,320,50,2333,0,39,-1,157,6192130608,1,6
1601566042694515453,14102301,0,0,1fbe01fe,f3845767,28905ebd,ecad2386,7801e8d9,07d7df22,a99f214a,c326cf7c,8a4875bd,1,0,1005,15701,320,50,1722,0,35,-1,79,990e2a0a11,23,23
16892839183329297679,14102301,0,0,1fbe01fe,f3845767,28905ebd,ecad2386,7801e8d9,07d7df22,a99f214a,f8e2b245,8a4875bd,1,0,1005,15702,320,50,1722,0,35,-1,79,7121804849,2,2
18145886291883466574,14102301,0,0,1fbe01fe,f3845767,28905ebd,ecad2386,7801e8d9,07d7df22,a99f214a,d71081bf,1ccc7835,1,0,1005,15701,320,50,1722,0,35,100084,79,520beed4c3,1,8
18236707688648904324,14102301,0,0,85f751fd,c4e18dd6,50e219e0,a0a45985,885c7f3f,0f2161f8,a99f214a,9b562279,787620a2,1,0,1005,20633,320,50,2374,3,39,-1,23,c9993d43d1,3,3
2491488350050448838,14102301,0,0,85f751fd,c4e18dd6,50e219e0,f0d41ff1,2347f47a,0f2161f8,a99f214a,5ccae74d,e55b4de4,1,0,1005,20153,320,50,2307,3,163,-1,61,3fe68b5a5f,1,2
5670776166427874529,14102301,0,0,85f751fd,c4e18dd6,50e219e0,54c5d545,2347f47a,0f2161f8,0c639730,693bff3e,d787e91b,1,0,1005,15703,320,50,1722,0,35,-1,79,423d490a06,40,45
6492961040478501569,14102301,0,0,83a0ad1a,5c9ae867,f028772b,ecad2386,7801e8d9,07d7df22,a99f214a,b538c0fd,532e05e4,1,0,1005,16858,320,50,1887,3,39,100194,23,ec3ddfce46,9,25
669996445605856054,14102301,1,0,a7563c35,2471bfbc,3e814130,ecad2386,7801e8d9,07d7df22,a99f214a,402c2813,36d749e5,1,0,1005,15704,320,50,1722,0,35,-1,79,e97b7a4012,5,5
767102539197021107,14102301,1,1,d9750ee7,98572c79,f028772b,ecad2386,7801e8d9,07d7df22,a99f214a,1bbbed29,a5bce124,1,0,1005,17753,320,50,1993,2,1063,100083,33,cb06f13c84,14,17
13218718953734203580,14102302,0,0,85f751fd,c4e18dd6,50e219e0,febd1138,82e27996,0f2161f8,a99f214a,956b94db,2ea4f8ba,1,0,1005,21611,320,50,2480,3,297,100111,61,bac1504516,11,15
13294894518668362431,14102302,1,0,85f751fd,c4e18dd6,50e219e0,a5184c22,b8d325c3,0f2161f8,a99f214a,2bcbbecb,1d5bfd2d,1,0,1005,14265,320,50,1526,2,169,100111,35,723dc5869f,15,15
14021420492611005150,14102302,0,0,85f751fd,c4e18dd6,50e219e0,a5184c22,b8d325c3,0f2161f8,a99f214a,b1fe55a4,a46d1061,1,0,1005,14265,320,50,1526,2,169,100111,35,4a32461c15,5,5
14069570492702044756,14102302,0,1,f61eaaae,6b59f079,f028772b,ecad2386,7801e8d9,07d7df22,a99f214a,5a5f6f51,ecb851b2,1,0,1005,16615,320,50,1863,3,39,-1,23,39ca9b40b1,5,7
14144101801708516542,14102302,0,0,85f751fd,c4e18dd6,50e219e0,9c13b419,2347f47a,f95efa07,a99f214a,3175cffa,711ee120,1,0,1005,20632,320,50,2374,3,39,-1,23,791e90f2e9,2,17
15655169891842435939,14102302,0,0,1fbe01fe,f3845767,28905ebd,ecad2386,7801e8d9,07d7df22,a99f214a,685efec8,737e5d8b,1,0,1005,21731,320,50,2502,0,35,-1,221,bdcf780eb6,1,3
16193326575315202065,14102302,0,1,e151e245,7e091613,f028772b,ecad2386,7801e8d9,07d7df22,a99f214a,b0fa80bb,4af5f36a,1,0,1005,14264,216,36,1526,2,169,100111,35,d0324ac984,3,6
16382911805799547432,14102302,0,1,222acd54,de0f0f82,f028772b,ecad2386,7801e8d9,07d7df22,a99f214a,5f4d4d5b,8a4875bd,1,0,1005,21894,320,50,2526,0,35,100081,221,36a8644fc5,3,7
17726026815678552084,14102302,1,0,85f751fd,c4e18dd6,50e219e0,a5184c22,b8d325c3,0f2161f8,a99f214a,59159ebc,cd5b1559,1,2,1005,14265,320,50,1526,2,169,100111,35,1c1ba4f038,11,14
17838247838861179941,14102302,0,0,85f751fd,c4e18dd6,50e219e0,febd1138,82e27996,0f2161f8,a99f214a,122c8655,2ea4f8ba,1,0,1005,21611,320,50,2480,3,297,100111,61,360081a49a,2,5
18212225496871237521,14102302,0,0,1fbe01fe,f3845767,28905ebd,ecad2386,7801e8d9,07d7df22,a99f214a,76c81afb,36d749e5,1,0,1005,15703,320,50,1722,0,35,-1,79,4609f53e1d,10,14
3156442820881813609,14102302,1,0,85f751fd,c4e18dd6,50e219e0,be7c618d,2347f47a,f95efa07,bd3104d3,3fd32d8d,6332421a,1,2,1005,21762,320,50,2502,0,35,-1,221,4faf063ccd,11,20
5634837385549037345,14102302,0,0,85f751fd,c4e18dd6,50e219e0,bdf46af7,d9b5648e,0f2161f8,a99f214a,ec8a079a,aad45b01,1,0,1005,14267,320,480,1526,2,169,100111,35,c7d768be47,1,1
6036764185248154581,14102302,0,1,5ee41ff2,17d996e6,f028772b,ecad2386,7801e8d9,07d7df22,a99f214a,71a92f9c,8a4875bd,1,0,1005,16920,320,50,1899,0,431,100081,117,96c0491bf3,3,6
8847445922130362684,14102302,1,1,a7853007,7e091613,f028772b,ecad2386,7801e8d9,07d7df22,a99f214a,d90a7774,03683bd4,1,0,1005,9478,320,50,906,3,1451,100156,61,3364621732,1,2
9141716275778629335,14102302,1,0,1fbe01fe,f3845767,28905ebd,ecad2386,7801e8d9,07d7df22,a99f214a,f5e7214d,1f0bc64f,1,0,1005,15702,320,50,1722,0,35,-1,79,6d1c68e03d,5,23
10009504777771533411,14102303,0,0,85f751fd,c4e18dd6,50e219e0,d8784af5,2347f47a,8ded1f7a,2b698172,dd5230cc,588adc41,1,0,1005,17877,320,50,2036,3,47,-1,156,ff983569d9,13,14
10120001626222004034,14102303,1,0,3d87b0da,449497bc,28905ebd,ecad2386,7801e8d9,07d7df22,a99f214a,448b3441,4ea23a13,1,0,1005,21837,300,250,2523,0,39,-1,221,5e54507ccb,1,1
10184197578801848246,14102303,1,0,5b08c53b,7687a86e,3e814130,ecad2386,7801e8d9,07d7df22,a99f214a,c96e1708,8a4875bd,1,0,1005,21918,300,250,2528,0,35,100081,221,bf27dd2510,8,12
11454201403768329297,14102303,0,0,85f751fd,c4e18dd6,50e219e0,45aff1a2,5c620f04,d1327cf5,1561b758,dd091594,7abbbd5c,1,0,1005,17875,320,50,2036,3,47,-1,156,1a53f65942,4,4
12375027285453458093,14102303,0,1,44637516,27e3c518,f028772b,ecad2386,7801e8d9,07d7df22,a99f214a,76df963c,1f0bc64f,1,0,1005,21759,320,50,2502,0,39,100083,221,3176816002,5,20
12450342774545512109,14102303,0,1,636f3a62,c4e18dd6,f028772b,ecad2386,7801e8d9,07d7df22,a99f214a,ea880534,8a4875bd,1,0,1005,21922,320,50,2528,0,35,100075,221,37ccee1327,18,24
12724928125840169414,14102303,0,0,85f751fd,c4e18dd6,50e219e0,7358e05e,b9528b13,cef3e649,8c7d4aff,296333c4,3e72ab6c,1,0,1005,21276,320,50,2443,2,39,-1,23,4a494d3c8d,4,10
14012251879210413161,14102303,0,1,5114c672,3f2f3819,3e814130,ecad2386,7801e8d9,07d7df22,a99f214a,47390aa9,8a4875bd,1,0,1005,21922,320,50,2528,0,35,100081,221,682f416ddc,6,8
14413605720630998898,14102303,0,0,5b08c53b,7687a86e,3e814130,ecad2386,7801e8d9,07d7df22,a99f214a,f4da7ecb,1aa0e912,1,0,1005,21836,300,250,2523,0,39,-1,221,3bf2a0e43d,6,6
15321664015156821999,14102303,1,1,e151e245,7e091613,f028772b,ecad2386,7801e8d9,07d7df22,a99f214a,bc785a40,a9fb0439,1,0,1005,17262,320,50,1872,3,39,100034,23,9b86a6192d,22,24
16445137222318815155,14102303,0,0,85f751fd,c4e18dd6,50e219e0,384da3d1,2347f47a,f95efa07,a99f214a,9bc0e1c0,1ccc7835,1,0,1005,21841,320,50,2505,0,169,100176,17,d071e64a03,4,6
1646076603070011142,14102303,0,0,887a4754,c4e18dd6,50e219e0,ecad2386,7801e8d9,07d7df22,4d7b4700,2ed6859f,84fc4a2a,0,0,1002,6616,320,50,576,2,35,100130,32,5f6f70e2d1,1,1
17236593947041754363,14102303,0,0,85f751fd,c4e18dd6,50e219e0,f0d41ff1,2347f47a,0f2161f8,a99f214a,32b6470d,37b34497,1,0,1005,19493,320,50,2229,0,687,100031,48,16a354815a,2,3
17565855060907226784,14102303,0,0,c1fcc9a1,422b8953,76b2941d,ecad2386,7801e8d9,07d7df22,a99f214a,6b9769f2,d787e91b,1,0,1005,6392,320,50,547,3,47,-1,23,b177011e7e,2,4
18128501567819206656,14102303,0,0,85f751fd,c4e18dd6,50e219e0,384da3d1,2347f47a,f95efa07,a99f214a,d6755133,46a414f4,1,0,1005,21838,320,50,2505,0,169,100176,17,e80ed9693c,1,1
4379488271624325577,14102303,0,1,5b4d2eda,16a36ef3,f028772b,ecad2386,7801e8d9,07d7df22,a99f214a,faaa3c99,7abbbd5c,1,0,1005,21916,320,50,2528,0,35,100081,221,38e8d52f88,5,16
4419773318671918089,14102303,0,0,85f751fd,c4e18dd6,50e219e0,45aff1a2,5c620f04,d1327cf5,7c962f4c,a8fd084c,711ee120,1,0,1005,17877,320,50,2036,3,47,-1,156,2cce0a2113,1,5
5836314839857490616,14102303,0,1,e4d8dd7b,a17bde68,3e814130,ecad2386,7801e8d9,07d7df22,a99f214a,ea2b3cfe,7abbbd5c,1,0,1005,21923,320,50,2528,0,35,-1,221,143448b7ea,19,51
6376563314208577409,14102303,0,1,ec47f32a,7e091613,f028772b,ecad2386,7801e8d9,07d7df22,a99f214a,aa1d4b7b,76dc4769,1,0,1005,21912,320,50,2528,0,35,100081,221,1150f412b6,8,9
10163231668691760952,14102304,0,1,856e6d3f,58a89a43,f028772b,ecad2386,7801e8d9,07d7df22,a99f214a,4472fb4e,78d9bd10,1,0,1005,19771,320,50,2227,0,679,100075,48,9b89433f1d,13,13
1084470219520746352,14102304,0,1,e151e245,7e091613,f028772b,ecad2386,7801e8d9,07d7df22,a99f214a,6489ac2b,16c35778,1,0,1005,17264,320,50,1872,3,39,-1,23,8d7ca68d20,1,1
11497617332534096773,14102304,0,1,e151e245,7e091613,f028772b,ecad2386,7801e8d9,07d7df22,a99f214a,0db890de,8a4875bd,1,0,1005,21763,320,50,2502,0,39,-1,221,92133087bd,18,32
11861667219050750231,14102304,0,0,85f751fd,c4e18dd6,50e219e0,7c7508aa,885c7f3f,0f2161f8,a99f214a,e9069788,281b33f3,1,0,1005,19775,320,50,2229,0,687,100031,48,481693926c,3,3
13405134609257534699,14102304,0,1,e151e245,7e091613,f028772b,ecad2386,7801e8d9,07d7df22,a99f214a,1a3a4239,5096d134,1,0,1005,22114,320,50,2547,2,35,100148,13,2501eea21d,23,44
13438278722231775454,14102304,0,1,e8f79e60,c4342784,f028772b,ecad2386,7801e8d9,07d7df22,a99f214a,4e8425a7,5ef191d3,1,0,1005,22118,320,50,2547,2,35,-1,13,e581b855c0,48,48
13590147884700098951,14102304,0,0,85f751fd,c4e18dd6,50e219e0,7358e05e,b9528b13,cef3e649,65eb3e63,252e961e,684581ce,1,0,1005,1039,320,50,178,3,1327,100148,15,8c3e805ce0,9,9
13934248308580510243,14102304,0,0,9a977531,a434fa42,f028772b,ecad2386,7801e8d9,07d7df22,a99f214a,bdc22a83,796c88c9,1,0,1005,21922,320,50,2528,0,35,100075,221,8ed978856a,10,17
14173806900803404080,14102304,1,0,4bf5bbe2,6b560cc1,28905ebd,ecad2386,7801e8d9,07d7df22,a99f214a,341bba99,e9b8d8d7,1,0,1005,15908,320,50,1752,3,297,100081,82,1eb30cdfc2,3,3
1547170740353592330,14102304,0,0,85f751fd,c4e18dd6,50e219e0,28d3bd59,b8d325c3,0f2161f8,a99f214a,cde158b4,c88cf62e,1,2,1005,22118,320,50,2547,2,35,100202,13,39b0e3df32,4,9
16220226802549260632,14102304,0,1,a7853007,7e091613,f028772b,ecad2386,7801e8d9,07d7df22,a99f214a,6394f6f6,3bb1ddd7,1,0,1005,9478,320,50,906,3,1451,100156,61,4fdc7839a0,1,1
16713256164967384654,14102304,1,1,0eb72673,d2f72222,f028772b,ecad2386,7801e8d9,07d7df22,a99f214a,2fe658d4,8b1aa260,1,0,1005,21922,320,50,2528,0,35,100075,221,4faf063ccd,12,13
17371469145821674082,14102304,1,0,1fbe01fe,f3845767,28905ebd,ecad2386,7801e8d9,07d7df22,a99f214a,dd5ace49,d787e91b,1,0,1005,22103,320,50,2545,0,35,-1,221,547229b318,6,6
18025962638265798196,14102304,0,0,b03fedc9,eb88a226,f028772b,ecad2386,7801e8d9,07d7df22,a99f214a,003abf2f,a0f5f879,1,0,1005,8330,320,50,761,3,175,100079,23,11d8b06da2,5,8
18045851599626033932,14102304,1,0,85f751fd,c4e18dd6,50e219e0,3aa4245a,2347f47a,f95efa07,a99f214a,9719d5f6,84ebbcd4,1,0,1005,21153,320,50,2420,2,35,100130,69,3302bd4a83,28,28
2006786910648068004,14102304,0,0,85f751fd,c4e18dd6,50e219e0,a5184c22,b8d325c3,0f2161f8,a99f214a,175b5eb9,9e3836ff,1,0,1005,22116,320,50,2547,2,35,100094,13,ccb755cbf1,6,7
2713370473769318919,14102304,0,0,85f751fd,c4e18dd6,50e219e0,54c5d545,2347f47a,0f2161f8,fc1599f2,efe36c1f,6e1e2240,1,0,1005,21912,320,50,2528,0,35,100077,221,e581b855c0,1,1
3226198502228825285,14102304,0,1,e8f79e60,c4342784,f028772b,ecad2386,7801e8d9,07d7df22,a99f214a,75a435e2,38a79aa2,1,0,1005,21921,320,50,2528,0,35,100075,221,201c9fc0cc,1,2
4148830249410918244,14102304,1,0,38217daf,449497bc,f028772b,ecad2386,7801e8d9,07d7df22,a99f214a,1350019e,d787e91b,1,0,1005,20346,300,250,2331,2,39,-1,23,b350c16bc1,9,14
4371042239915958810,14102304,1,0,4bf5bbe2,6b560cc1,28905ebd,ecad2386,7801e8d9,07d7df22,a99f214a,4ff1bb29,1f0bc64f,1,0,1005,6616,320,50,576,2,35,-1,32,62d7afb5b2,12,18
4619393713603407587,14102304,0,1,5114c672,3f2f3819,3e814130,ecad2386,7801e8d9,07d7df22,a99f214a,75f765a1,3b00e4a3,1,0,1005,21923,320,50,2528,0,35,100081,221,e11d588af1,16,18
5627473997423599595,14102304,1,0,85f751fd,c4e18dd6,50e219e0,03528b27,2347f47a,8ded1f7a,a99f214a,0c00c523,aa03c32c,1,0,1005,21917,320,50,2528,0,35,100075,221,09aeb38cc9,3,8
5943743263888825714,14102304,0,0,85f751fd,c4e18dd6,50e219e0,66f5e02e,6f7ca2ba,0f2161f8,a99f214a,6069b424,1538d6e1,1,2,1005,22113,320,50,2547,2,35,-1,13,e7b33e068c,3,8
6130920044054283651,14102304,0,1,17caea14,0dde25ec,f028772b,ecad2386,7801e8d9,07d7df22,a99f214a,c50f7abb,051263ee,1,0,1005,22113,320,50,2547,2,35,100077,13,f8f7e7e2ce,3,3
6364742024129689541,14102304,1,1,e151e245,7e091613,f028772b,ecad2386,7801e8d9,07d7df22,a99f214a,10a578a5,d4897fef,1,0,1005,21678,320,50,2495,2,167,-1,23,253e7d943b,8,16
6383578752261922066,14102304,0,0,85f751fd,c4e18dd6,50e219e0,98fed791,d9b5648e,0f2161f8,a99f214a,a3f9d1ed,72a00661,1,0,1005,18648,320,50,1092,3,811,100156,61,17de1349bb,1,2
6648362457370551114,14102304,0,0,5bcf81a2,9d54950b,f028772b,ecad2386,7801e8d9,07d7df22,a99f214a,c7c37d31,1f0bc64f,1,0,1005,22116,320,50,2547,2,35,-1,13,f437171806,3,9
8355244922886326370,14102304,0,0,85f751fd,c4e18dd6,50e219e0,7358e05e,b9528b13,cef3e649,a54ad07f,7e4ebca7,1f0bc64f,1,0,1005,1037,320,50,178,3,1327,-1,15,8daf09379d,2,12
8668377071432692988,14102304,0,0,85f751fd,c4e18dd6,50e219e0,febd1138,82e27996,0f2161f8,a99f214a,1fecead2,aad45b01,1,0,1005,21611,320,50,2480,3,297,100111,61,c7c2c6ffa6,13,22
9321117457290471859,14102304,0,1,e4d8dd7b,a17bde68,3e814130,ecad2386,7801e8d9,07d7df22,a99f214a,af330e31,8a4875bd,1,0,1005,21916,320,50,2528,0,35,100075,221,91f83bfd82,1,40
10963564288666076452,14102305,0,0,85f751fd,c4e18dd6,50e219e0,2a022572,2347f47a,fc6fa53d,a99f214a,4a393bd9,9e3836ff,1,0,1005,1039,320,50,178,3,1327,-1,15,638d4844ab,7,10
11800396941883799281,14102305,0,0,1fbe01fe,f3845767,28905ebd,ecad2386,7801e8d9,07d7df22,a99f214a,9794f32a,ecb851b2,1,0,1005,22103,320,50,2545,0,35,100084,221,f14b064baf,2,11
12302824018459562439,14102305,0,1,e59ef3fc,0a4015b2,335d28a8,ecad2386,7801e8d9,07d7df22,a99f214a,84d6d61c,779d90c2,1,0,1005,20251,320,50,2323,0,687,100081,48,681f158889,2,9
1232586351943827334,14102305,0,0,1fbe01fe,f3845767,28905ebd,ecad2386,7801e8d9,07d7df22,a99f214a,2fb7831a,36d749e5,1,0,1005,22106,320,50,2545,0,35,-1,221,343d32f255,3,3
12473899128308984077,14102305,0,0,85f751fd,c4e18dd6,50e219e0,7358e05e,b9528b13,cef3e649,d9b505a2,d9045522,158e4944,1,0,1005,1038,320,50,178,3,1327,-1,15,e292424b50,2,2
12550261683281499719,14102305,0,0,85f751fd,c4e18dd6,50e219e0,54c5d545,2347f47a,0f2161f8,7b320b94,a22e6e98,d1b0c050,1,0,1005,17017,320,50,1873,3,39,-1,23,39b0e3df32,5,5
1257979769468054892,14102305,0,0,85f751fd,c4e18dd6,50e219e0,28d3bd59,b8d325c3,0f2161f8,a99f214a,2ad29ae6,5347522c,1,2,1005,22109,320,50,2546,2,35,-1,13,698e0d5b0f,1,11
12751292188993145226,14102305,0,0,dcc019de,250469f8,3e814130,ecad2386,7801e8d9,07d7df22,a99f214a,60b5008f,be87996b,1,2,1005,8330,320,50,761,3,175,100081,23,ad41be7c76,3,4
12784714570930205388,14102305,0,0,85f751fd,c4e18dd6,50e219e0,1779deee,2347f47a,f95efa07,a99f214a,6a15a626,34d5fa08,1,0,1005,16858,320,50,1887,3,39,100200,23,2cc6735a51,16,25
15059838538364975513,14102305,0,0,207ceda8,f142f115,50e219e0,ecad2386,7801e8d9,07d7df22,432dcf65,3314e7ca,08ac11ab,0,0,1002,5299,320,50,479,3,39,100076,23,151a94f189,18,28
16599884678236330270,14102305,1,0,85f751fd,c4e18dd6,50e219e0,66f5e02e,6f7ca2ba,0f2161f8,a99f214a,548ddab8,be74e6fe,1,0,1005,22094,320,50,2544,0,35,-1,110,c8e3a60816,1,6
1676549467653061887,14102305,0,0,0920c555,9d54950b,76b2941d,ecad2386,7801e8d9,07d7df22,a99f214a,2ab43843,d6b5c09e,1,2,1005,22108,300,250,2546,2,35,-1,13,81159d82de,3,7
17077536367440823534,14102305,1,0,85f751fd,c4e18dd6,50e219e0,e2fcccd2,5c5a694b,0f2161f8,a99f214a,41181038,8a4875bd,1,0,1005,20633,320,50,2374,3,39,-1,23,c88814ba0a,1,1
17415587810380102168,14102305,0,1,b7e9786d,b12b9f85,f028772b,ecad2386,7801e8d9,07d7df22,a99f214a,9b93b027,9fef9da8,1,0,1005,19771,320,50,2227,0,679,100075,48,1fa1e159b0,14,23
17905717984601813269,14102305,0,0,1fbe01fe,f3845767,28905ebd,ecad2386,7801e8d9,07d7df22,a99f214a,08ef94c0,dc15c87e,1,2,1005,22105,320,50,2545,0,35,-1,221,8d7ca68d20,2,2
17907937789949143132,14102305,0,0,85f751fd,c4e18dd6,50e219e0,e2fcccd2,5c5a694b,0f2161f8,3b034ab4,42a56a06,9e3836ff,1,0,1005,22094,320,50,2544,0,35,-1,110,b217d6425a,9,27
18266700407218218318,14102305,0,0,85f751fd,c4e18dd6,50e219e0,9c13b419,2347f47a,f95efa07,a99f214a,58d044ad,7abbbd5c,1,0,1005,22094,320,50,2544,0,35,-1,110,fb9e619f9b,2,8
18335087781372421192,14102305,0,0,d9750ee7,98572c79,f028772b,ecad2386,7801e8d9,07d7df22,a99f214a,8a014cbb,84ebbcd4,1,0,1005,21763,320,50,2502,0,39,-1,221,bf1ab0f7e3,3,6
2171522875857916566,14102305,0,0,1fbe01fe,f3845767,28905ebd,ecad2386,7801e8d9,07d7df22,a99f214a,098af82f,8a4875bd,1,0,1005,22104,320,50,2545,0,35,-1,221,5d48fbac9a,1,8
3077716414330917348,14102305,0,0,1fbe01fe,f3845767,28905ebd,ecad2386,7801e8d9,07d7df22,a99f214a,3be51c06,5db079b5,1,2,1005,22103,320,50,2545,0,35,100084,221,f995bf0b4f,1,5
3272759593496972980,14102305,0,0,85f751fd,c4e18dd6,50e219e0,b28a5164,2347f47a,0f2161f8,a99f214a,e322abd0,9ee2ab36,1,2,1005,22111,320,50,2546,2,35,100034,13,8a2fe2b4be,2,3
3642061869063586466,14102305,0,0,021cd138,73123598,28905ebd,ecad2386,7801e8d9,07d7df22,a99f214a,6b8088ea,d787e91b,1,0,1005,17877,320,50,2036,3,47,100034,156,4cbd26faea,3,38
4179237542359094447,14102305,0,0,1fbe01fe,f3845767,28905ebd,ecad2386,7801e8d9,07d7df22,a99f214a,df7c39b3,78d9bd10,1,0,1005,22104,320,50,2545,0,35,100084,221,ef6ea911f3,1,1
4184214775307753896,14102305,1,0,38217daf,449497bc,f028772b,ecad2386,7801e8d9,07d7df22,a99f214a,3afcd9d9,d787e91b,1,0,1005,20345,300,250,2331,2,39,100055,23,9ac7891a12,1,5
4714454101059639636,14102305,0,0,1fbe01fe,f3845767,28905ebd,ecad2386,7801e8d9,07d7df22,a99f214a,03da9f48,49ea3580,1,0,1005,15701,320,50,1722,0,35,-1,79,cd7432f94f,6,12
4751996362908668107,14102305,1,0,85f751fd,c4e18dd6,50e219e0,dfd777fc,2b627705,0f2161f8,73bfd294,042f1664,4ea23a13,1,0,1005,22107,320,50,2546,2,35,-1,13,978fd9a236,9,12
5353636562742741865,14102305,0,0,85f751fd,c4e18dd6,50e219e0,e2fcccd2,5c5a694b,0f2161f8,a99f214a,6f1dba46,d787e91b,1,0,1005,17875,320,50,2036,3,47,-1,156,528eb0c9e3,1,2
5656402327609553059,14102305,0,0,85f751fd,c4e18dd6,50e219e0,9c13b419,2347f47a,f95efa07,a99f214a,c62da503,be74e6fe,1,0,1005,20633,320,50,2374,3,39,-1,23,da3ff55911,18,19
569086591325096035,14102305,0,1,b7e9786d,b12b9f85,f028772b,ecad2386,7801e8d9,07d7df22,a99f214a,e2c93b3f,e5c6e4b1,1,0,1005,21877,320,50,2526,3,167,100079,221,f3b1d89a1e,1,9
6468793751316841568,14102305,0,0,85f751fd,c4e18dd6,50e219e0,c8e3e3c1,b5f3b24a,8ded1f7a,a99f214a,01fa7fe9,711ee120,1,0,1005,22094,320,50,2544,0,35,-1,110,3ee8040893,16,22
6500124619658342501,14102305,0,0,85f751fd,c4e18dd6,50e219e0,e48ec369,2347f47a,0f2161f8,a99f214a,fc63a10d,b588c462,1,2,1005,22112,320,50,2546,2,35,100112,13,93879abbed,9,16
8248683462625451672,14102305,1,0,85f751fd,c4e18dd6,50e219e0,a0fc55e5,2347f47a,0f2161f8,0e76cd5a,99c9fff7,cd5b1559,1,2,1005,21686,300,250,2495,2,167,-1,23,49546ae0c5,20,34
9019827624230782949,14102305,0,0,85f751fd,c4e18dd6,50e219e0,7358e05e,b9528b13,cef3e649,2a9dd73f,1490bfc8,c4cff2ea,1,0,1005,22094,320,50,2544,0,35,-1,110,ba5ee5b2b5,3,10
11569970397565455592,14102306,0,1,f61eaaae,6b59f079,f028772b,ecad2386,7801e8d9,07d7df22,a99f214a,46bf3379,158e4944,1,0,1005,16615,320,50,1863,3,39,-1,23,bc324a001f,34,35
13837225688422658935,14102306,0,1,b7e9786d,b12b9f85,f028772b,ecad2386,7801e8d9,07d7df22,a99f214a,fda30735,3031bea0,1,0,1005,19772,320,50,2227,0,679,-1,48,14002639c0,6,10
14390201199207829187,14102306,1,0,1fbe01fe,f3845767,28905ebd,ecad2386,7801e8d9,07d7df22,a99f214a,27d3b928,c6263d8a,1,0,1005,22105,320,50,2545,0,35,-1,221,1fa1e159b0,2,8
16519942755858321494,14102306,0,1,d9750ee7,98572c79,f028772b,ecad2386,7801e8d9,07d7df22,a99f214a,050f13dc,84ebbcd4,1,0,1005,17614,320,50,1993,2,1063,-1,33,01777cbd7b,45,57
17787579053842039033,14102306,1,0,9e8e8d09,16a36ef3,50e219e0,ecad2386,7801e8d9,07d7df22,e6c5930b,a323d377,4042e175,0,0,1002,17566,320,50,479,3,39,100074,23,f85130c5f4,3,4
18084085970770317508,14102306,1,0,85f751fd,c4e18dd6,50e219e0,03528b27,2347f47a,8ded1f7a,a99f214a,a547eddf,5db079b5,1,2,1005,15703,320,50,1722,0,35,-1,79,63e2e3ea8e,2,7
241078358695235249,14102306,0,0,1fbe01fe,f3845767,28905ebd,ecad2386,7801e8d9,07d7df22,a99f214a,3fe2f6b0,6332421a,1,0,1005,22103,320,50,2545,0,35,-1,221,0c30a8b447,11,16
2619712395235221834,14102306,0,0,85f751fd,c4e18dd6,50e219e0,28d3bd59,b8d325c3,0f2161f8,a99f214a,3acc7e63,684581ce,1,0,1005,22094,320,50,2544,0,291,-1,110,b40b61e0b0,2,2
3037114697471500351,14102306,0,0,85f751fd,c4e18dd6,50e219e0,9c13b419,2347f47a,f95efa07,a99f214a,6396abb7,1f0bc64f,1,0,1005,21956,320,50,2520,2,34,-1,90,4fc12e7331,18,35
3634459989679722234,14102306,0,0,a38dc379,82a51fc9,50e219e0,ecad2386,7801e8d9,07d7df22,d1a98182,7bbde07e,a6ebc7ad,0,0,1002,21924,216,36,2528,3,35,100075,221,2d8c11bc32,20,20
3912064346614667132,14102306,1,0,1fbe01fe,f3845767,28905ebd,ecad2386,7801e8d9,07d7df22,a99f214a,ddd2926e,65c93b38,1,0,1005,22103,320,50,2545,0,35,-1,221,ff0881f1d6,19,51
4089318815319668507,14102306,0,0,85f751fd,c4e18dd6,50e219e0,aac5e61b,2347f47a,0f2161f8,d298eade,3d11b2bf,dc15c87e,1,2,1005,20361,300,250,2333,0,39,-1,157,a4deb31acb,5,6
443588808546864543,14102306,0,1,44637516,27e3c518,f028772b,ecad2386,7801e8d9,07d7df22,a99f214a,6aacb7af,1f0bc64f,1,0,1005,15704,320,50,1722,0,35,-1,79,f702bcfcbe,1,3
6598931137951895928,14102306,0,1,85f751fd,c4e18dd6,50e219e0,d282ac38,7801e8d9,0f2161f8,358633b4,a6811d7f,e6df5de5,4,0,1010,21154,320,50,2420,2,35,-1,69,d5f36e7e1b,19,23
8549971717722903018,14102306,0,0,85f751fd,c4e18dd6,50e219e0,b9a513bf,d9b5648e,0f2161f8,a99f214a,c0c73911,aad45b01,1,0,1005,21611,320,50,2480,3,297,100111,61,a910a2617e,7,12
10086361678568406830,14102307,0,0,85f751fd,c4e18dd6,50e219e0,d44c074c,ae637522,cef3e649,a99f214a,1cba306d,e1eae715,1,3,1005,21189,320,50,2424,1,161,100193,71,0112acfb9c,3,3
10203987020767625304,14102307,0,0,89a490f5,ce307e01,3e814130,ecad2386,7801e8d9,07d7df22,a99f214a,d7bc761c,597f7364,1,0,1005,19772,320,50,2227,0,679,100075,48,8cc6d7d094,3,6
14151575353851799449,14102307,0,0,5bcf81a2,9d54950b,f028772b,ecad2386,7801e8d9,07d7df22,a99f214a,687dc1a0,1560ce17,1,0,1005,20995,320,50,2369,0,809,100111,46,f53a794ae6,17,26
14499965052209717010,14102307,0,1,5b4d2eda,16a36ef3,f028772b,ecad2386,7801e8d9,07d7df22,a99f214a,cc53b45d,46d98882,1,0,1005,20251,320,50,2323,0,687,100081,48,524332ce3f,3,8
15282859978207593793,14102307,0,0,6256f5b4,28f93029,f028772b,ecad2386,7801e8d9,07d7df22,a99f214a,853da3ef,ba7e8b0a,1,2,1005,18095,320,50,2060,3,39,-1,23,ca9976e817,7,35
15621278280301484128,14102307,0,0,6399eda6,968765cd,f028772b,ecad2386,7801e8d9,07d7df22,a99f214a,7fa8c4b2,08684f7e,1,0,1005,16208,320,50,1800,3,167,-1,23,15057c0f07,11,19
15863373684818243952,14102307,0,1,0ed75ebe,7885b01e,3e814130,ecad2386,7801e8d9,07d7df22,a99f214a,92d62fdf,76dc4769,1,0,1005,17894,320,50,2039,2,39,100081,32,702be6329e,1,2
16292221245962140447,14102307,1,1,85f751fd,c4e18dd6,50e219e0,d644e4e7,2347f47a,0f2161f8,a99f214a,30d8bd12,f39b265e,1,0,1005,20366,320,50,2333,0,39,-1,157,316ff68a33,5,20
16432387405795342442,14102307,0,0,1fbe01fe,f3845767,28905ebd,ecad2386,7801e8d9,07d7df22,a99f214a,972ab46e,f87e93a5,1,0,1005,22105,320,50,2545,0,35,-1,221,4fda95e6f1,5,15
16720584715503565071,14102307,0,0,8cbacf0b,a434fa42,f028772b,ecad2386,7801e8d9,07d7df22,a99f214a,cb1d136c,76dc4769,1,0,1005,21997,320,50,2534,0,675,100075,48,abd592f5ee,1,1
17138089507451231330,14102307,0,1,5b4d2eda,16a36ef3,f028772b,ecad2386,7801e8d9,07d7df22,a99f214a,689341da,d4897fef,1,0,1005,22007,320,50,2535,0,675,100074,48,35243cfc3e,9,9
370775146792274751,14102307,0,1,e151e245,7e091613,f028772b,ecad2386,7801e8d9,07d7df22,a99f214a,7cba6936,eee4aa16,1,0,1005,20632,320,50,2374,3,39,-1,23,a415172f6a,4,9
4100606388575626941,14102307,0,0,1fbe01fe,f3845767,28905ebd,ecad2386,7801e8d9,07d7df22,a99f214a,17d2c43f,711ee120,1,0,1005,22104,320,50,2545,0,35,-1,221,b42616a72a,15,23
4207747246499820851,14102307,0,0,85f751fd,c4e18dd6,50e219e0,03528b27,2347f47a,8ded1f7a,a091b2ac,62f971cf,d787e91b,1,0,1005,17016,320,50,1873,3,39,-1,23,68f0d09fd8,8,16
4341932717519982166,14102307,1,1,9444ae9b,ddde5175,3e814130,ecad2386,7801e8d9,07d7df22,a99f214a,82909faf,8b1aa260,1,0,1005,20277,320,50,2281,3,47,100181,42,e045d11929,4,11
5577308407672503077,14102307,1,0,1fbe01fe,f3845767,28905ebd,ecad2386,7801e8d9,07d7df22,a99f214a,c1d1f460,711ee120,1,0,1005,22105,320,50,2545,0,35,-1,221,47d01d61a3,1,4
5917763973524449134,14102307,0,0,1fbe01fe,f3845767,28905ebd,ecad2386,7801e8d9,07d7df22,a99f214a,3171bd47,2ee63ff8,1,0,1005,22104,320,50,2545,0,35,-1,221,a8bfd9069f,8,8
8770042332640002258,14102307,0,1,e151e245,7e091613,f028772b,ecad2386,7801e8d9,07d7df22,a99f214a,a220b345,1f0bc64f,1,0,1005,20362,320,50,2333,0,39,-1,157,2bc3c46ea7,8,13
9815088307887036274,14102307,0,0,1fbe01fe,f3845767,28905ebd,ecad2386,7801e8d9,07d7df22,a99f214a,0e019bb8,8a4875bd,1,0,1005,22103,320,50,2545,0,35,-1,221,915085e443,2,3
11407839362956693054,14102308,0,0,1fbe01fe,f3845767,28905ebd,ecad2386,7801e8d9,07d7df22,a99f214a,a841ccf3,0989142d,1,0,1005,22103,320,50,2545,0,35,-1,221,ca8293f05a,1,2
13350465721214817093,14102308,1,1,0a742914,510bd839,f028772b,ecad2386,7801e8d9,07d7df22,a99f214a,5b50dd74,8a4875bd,1,0,1005,21882,320,50,2526,3,167,100075,221,183bc250e4,2,2
13454633732420017820,14102308,0,0,85f751fd,c4e18dd6,50e219e0,28d3bd59,b8d325c3,0f2161f8,a99f214a,ae8295b4,1f0bc64f,1,0,1005,22141,320,50,2550,1,547,-1,51,4b015112c6,7,14
13782783384874984227,14102308,0,0,686546d3,9d54950b,f028772b,ecad2386,7801e8d9,07d7df22,a99f214a,9cad2739,8d96a23d,1,2,1005,22141,320,50,2550,1,547,-1,51,1061793a55,6,8
14278218340047418698,14102308,0,0,85f751fd,c4e18dd6,50e219e0,66f5e02e,6f7ca2ba,0f2161f8,a99f214a,ddda3759,49ea3580,1,0,1005,22140,320,50,2550,1,547,100148,51,37bbe6c14b,2,35
14370385595856877538,14102308,0,1,e151e245,7e091613,f028772b,ecad2386,7801e8d9,07d7df22,a99f214a,b61d7ec2,0eb711ec,1,0,1005,21687,320,50,2495,2,167,-1,23,9d5c36d13e,4,7
14449925475151485193,14102308,0,0,85f751fd,c4e18dd6,50e219e0,3e2bf98d,2347f47a,0f2161f8,228797a8,3e40f699,edead9f4,1,0,1005,19771,320,50,2227,0,679,100075,48,f8f7e7e2ce,1,1
15473014418582249233,14102308,0,0,d9750ee7,98572c79,f028772b,ecad2386,7801e8d9,07d7df22,a99f214a,1c6df93e,fce66524,1,0,1005,21153,320,50,2420,2,35,-1,69,5eec4acb45,4,4
15990121167470727705,14102308,0,1,e8f79e60,c4342784,f028772b,ecad2386,7801e8d9,07d7df22,a99f214a,e75f6993,ce576f14,1,0,1005,20251,320,50,2323,0,687,100081,48,09cf29084d,4,5
16125229840726459688,14102308,0,0,1fbe01fe,f3845767,28905ebd,ecad2386,7801e8d9,07d7df22,a99f214a,7a1f302c,4ea23a13,1,0,1005,22105,320,50,2545,0,35,-1,221,6de9ef3401,16,28
17018366040254243415,14102308,0,0,1fbe01fe,f3845767,28905ebd,ecad2386,7801e8d9,07d7df22,a99f214a,91333527,977a2929,1,2,1005,22105,320,50,2545,0,35,100084,221,04d0219670,49,51
17770357203115153532,14102308,0,0,85f751fd,c4e18dd6,50e219e0,28d3bd59,b8d325c3,0f2161f8,a99f214a,13e28069,00b08597,1,0,1005,22141,320,50,2550,1,547,-1,51,f437171806,4,6
17982896595983048611,14102308,0,1,e151e245,7e091613,f028772b,ecad2386,7801e8d9,07d7df22,a99f214a,1fe34b3f,ff065cf0,1,2,1005,20632,320,50,2374,3,39,-1,23,5d744d7d9a,2,4
18337387467266126748,14102308,0,1,5b4d2eda,16a36ef3,f028772b,ecad2386,7801e8d9,07d7df22,a99f214a,e78e2ce6,8a4875bd,1,0,1005,20006,320,50,2283,0,163,-1,95,aa1d50a78c,15,17
2597625932822346725,14102308,0,0,1fbe01fe,f3845767,28905ebd,ecad2386,7801e8d9,07d7df22,a99f214a,ddd2926e,977a2929,1,2,1005,22105,320,50,2545,0,35,-1,221,d9c29af5eb,4,9
3849350683040119180,14102308,0,0,85f751fd,c4e18dd6,50e219e0,338021e2,7801e8d9,4681bb9d,a99f214a,9137f389,f07e20f8,1,2,1001,20476,320,50,2348,3,427,100003,61,62bb5756cf,1,11
3930941224808574428,14102308,1,0,89a490f5,ce307e01,3e814130,ecad2386,7801e8d9,07d7df22,a99f214a,0af92172,05e70df4,1,0,1005,19950,320,50,1800,3,167,-1,23,ad3478b20d,16,20
4809685238970716503,14102308,0,0,85f751fd,c4e18dd6,50e219e0,190b7536,ae637522,0f2161f8,a99f214a,13b87dae,d0e8e253,1,2,1005,21979,728,90,2531,3,291,100094,61,6eec479efa,4,22
5367356864870648461,14102308,0,1,5114c672,3f2f3819,3e814130,ecad2386,7801e8d9,07d7df22,a99f214a,31a9890d,d2e5a0b2,1,0,1005,19771,320,50,2227,0,679,100075,48,b841d08d83,17,24
5803733661784468887,14102308,0,0,85f751fd,c4e18dd6,50e219e0,28d3bd59,b8d325c3,0f2161f8,a99f214a,7e9b7ebd,5096d134,1,0,1005,22140,320,50,2550,1,547,100233,51,8d7dddfcea,5,20
6621747893920770653,14102308,1,0,73ccaee7,3d1ad312,f028772b,ecad2386,7801e8d9,07d7df22,a99f214a,a1dfa5b7,a3811cff,1,2,1005,21559,320,50,2476,2,167,100013,23,b80e173fc7,1,5
6700741101863971304,14102308,0,1,5b4d2eda,16a36ef3,f028772b,ecad2386,7801e8d9,07d7df22,a99f214a,d42a0acc,9fef9da8,1,0,1005,20008,320,50,2283,0,163,-1,95,0858c95c52,18,41
6727654204680806646,14102308,0,0,a32c97f3,7e1e7bdf,f028772b,ecad2386,7801e8d9,07d7df22,a99f214a,9132af01,d787e91b,1,0,1005,20366,320,50,2333,0,39,-1,157,03f4954fd2,5,9
7367815831189412376,14102308,0,0,85f751fd,c4e18dd6,50e219e0,03528b27,2347f47a,8ded1f7a,c30a3ebf,d73bbe45,8a2cc27a,1,0,1005,22140,320,50,2550,1,547,100148,51,b1f5c8d09b,17,24
8360141272781634581,14102308,0,1,0eb72673,d2f72222,f028772b,ecad2386,7801e8d9,07d7df22,a99f214a,56f3f8f5,76dc4769,1,0,1005,19950,320,50,1800,3,167,100075,23,be4182835c,11,12
8640856282685998222,14102308,0,0,85f751fd,c4e18dd6,50e219e0,28d3bd59,b8d325c3,0f2161f8,a99f214a,3698feb4,d787e91b,1,0,1005,22141,320,50,2550,1,547,100183,51,75eae5a2fc,1,4
933870420013126285,14102308,1,1,0a742914,510bd839,f028772b,ecad2386,7801e8d9,07d7df22,a99f214a,89973e22,d787e91b,1,0,1005,22140,320,50,2550,1,547,100130,51,36e00517d3,4,11
10154834177960389902,14102309,0,1,5114c672,3f2f3819,3e814130,ecad2386,7801e8d9,07d7df22,a99f214a,64b38564,daa861e9,1,0,1005,22137,320,50,1702,0,1059,-1,110,abd592f5ee,15,18
10286949337652407473,14102309,0,0,3e81fcf1,86ae6c2c,3e814130,ecad2386,7801e8d9,07d7df22,a99f214a,4276cdc4,7abbbd5c,1,0,1005,20366,320,50,2333,0,39,-1,157,f0a29039e3,13,14
11248618427008672282,14102309,0,1,5b4d2eda,16a36ef3,f028772b,ecad2386,7801e8d9,07d7df22,a99f214a,1fe2f06f,88fe1d5d,1,0,1005,20251,320,50,2323,0,687,100081,48,1f4dc110e4,1,3
11326591702892800899,14102309,0,1,e4d8dd7b,a17bde68,3e814130,ecad2386,7801e8d9,07d7df22,a99f214a,4156eeb1,be6db1d7,1,0,1005,21882,320,50,2526,3,167,-1,221,e2384add73,4,11
11397414011186682767,14102309,0,0,5bcf81a2,9d54950b,f028772b,ecad2386,7801e8d9,07d7df22,a99f214a,e9859410,1b4a6f26,1,0,1005,20993,320,50,2369,0,809,100111,46,dc4484e942,7,13
11960572113165385395,14102309,1,1,e151e245,7e091613,f028772b,ecad2386,7801e8d9,07d7df22,a99f214a,0f64449c,4ea23a13,1,0,1005,22141,320,50,2550,0,547,-1,51,10d9804c8f,2,9
12122649961021811577,14102309,0,0,9d5dba0f,964a3bd1,f028772b,ecad2386,7801e8d9,07d7df22,a99f214a,7f312db1,524ad92e,1,0,1005,22003,320,50,2534,0,675,100077,48,d0741cff5b,7,9
12688362468780733717,14102309,0,0,85f751fd,c4e18dd6,50e219e0,d44c074c,ae637522,cef3e649,a99f214a,331c2660,e1eae715,1,3,1005,21189,320,50,2424,1,161,100191,71,478707bdb4,11,13
13306477062228398130,14102309,0,0,0ad5bf87,a434fa42,f028772b,ecad2386,7801e8d9,07d7df22,a99f214a,f37bca48,684581ce,1,0,1005,21999,320,50,2534,0,675,100074,48,364872d9eb,4,7
14514944080156221438,14102309,0,0,c54454a2,2296b5b3,50e219e0,ecad2386,7801e8d9,07d7df22,902ae894,bfc9ee2b,911a3c09,0,0,1002,21677,320,50,2495,2,167,-1,23,2cce0a2113,10,16
17300960751702355055,14102309,0,1,ba9aee1b,9eaf88fa,f028772b,ecad2386,7801e8d9,07d7df22,a99f214a,bb5a797f,8a4875bd,1,0,1005,22133,320,50,1702,0,1059,100074,110,b220ce7552,5,5
18334909269654472380,14102309,0,0,a1b948b8,79cf0c8d,50e219e0,ecad2386,7801e8d9,07d7df22,7a8bcd74,76a1ed14,a9b05547,0,0,1002,17081,320,50,1921,3,47,100074,23,85056b9d1f,9,9
2418293821845461855,14102309,1,0,e139b348,8933dbcb,3e814130,ecad2386,7801e8d9,07d7df22,a99f214a,3691c9e7,158e4944,1,0,1005,20362,320,50,2333,0,39,-1,157,e97b7a4012,11,13
279389950102327250,14102309,0,1,85f751fd,c4e18dd6,50e219e0,d644e4e7,2347f47a,0f2161f8,a99f214a,abe96827,3fecb32a,1,0,1005,20366,320,50,2333,0,39,-1,157,adefa93a35,6,18
3354825968306259351,14102309,1,1,e151e245,7e091613,f028772b,ecad2386,7801e8d9,07d7df22,a99f214a,bc47e249,158e4944,1,0,1005,22142,320,50,2550,0,547,100148,51,e045d11929,5,6
4755020268668737728,14102309,1,0,38217daf,449497bc,f028772b,ecad2386,7801e8d9,07d7df22,a99f214a,5d2f72e4,e981565c,1,0,1005,20346,300,250,2331,2,39,-1,23,5d0636febb,9,19
5035744690013058297,14102309,0,0,5abb07e8,82ef09a5,50e219e0,ecad2386,7801e8d9,07d7df22,430b6211,50d3d862,43e7b962,0,0,1002,6362,300,50,544,3,39,100075,23,637499e0b8,3,6
5490215570074759668,14102309,0,1,b7e9786d,b12b9f85,f028772b,ecad2386,7801e8d9,07d7df22,a99f214a,a13eaa34,8a4875bd,1,0,1005,22133,320,50,1702,0,1059,-1,110,0a42b844fb,1,5
735366831535846850,14102309,0,1,f61eaaae,6b59f079,f028772b,ecad2386,7801e8d9,07d7df22,a99f214a,89d511c3,d9a2d3a9,1,0,1005,16615,320,50,1863,3,39,-1,23,be67c638ed,13,23
8748403191530339161,14102309,0,1,e4d8dd7b,a17bde68,3e814130,ecad2386,7801e8d9,07d7df22,a99f214a,1a1a4b54,8a4875bd,1,0,1005,22133,320,50,1702,0,1059,-1,110,7ab664f843,5,6
9776763474389358835,14102309,0,1,96e44b4b,9057b1fe,3e814130,ecad2386,7801e8d9,07d7df22,a99f214a,92be6962,76dc4769,1,0,1005,17893,320,50,2039,2,39,-1,32,adae41ceb4,3,10
11884981426861448882,14102310,0,0,85f751fd,c4e18dd6,50e219e0,03528b27,2347f47a,8ded1f7a,f6a507e2,8d412f28,d787e91b,1,0,1005,17017,320,50,1873,3,39,100173,23,bcd07f42ff,4,4
12704366665839283562,14102310,0,0,1fbe01fe,f3845767,28905ebd,ecad2386,7801e8d9,07d7df22,a99f214a,6c766c45,be87996b,1,2,1005,15704,320,50,1722,0,35,100084,79,ee5333331c,21,26
13417146519245683267,14102310,0,0,a173a702,3c50eefe,50e219e0,ecad2386,7801e8d9,07d7df22,dfa43365,a579ac57,911a3c09,0,0,1002,17893,320,50,2039,2,39,-1,32,e610ee7f20,12,12
13949046905881361698,14102310,1,1,e151e245,7e091613,f028772b,ecad2386,7801e8d9,07d7df22,a99f214a,ba4fcee7,be6db1d7,1,0,1005,22141,320,50,2550,0,547,-1,51,d89713cc2b,1,1
15048998551387923437,14102310,0,0,85f751fd,c4e18dd6,50e219e0,e2fcccd2,5c5a694b,0f2161f8,a99f214a,9a478df5,034b811d,1,0,1005,20634,320,50,2374,3,39,-1,23,213a2e9394,18,20
15420187136405780266,14102310,0,0,d9750ee7,98572c79,f028772b,ecad2386,7801e8d9,07d7df22,a99f214a,0c76f0ae,a9e0c3ab,1,0,1005,18095,320,50,2060,3,39,100105,23,49afdab5dc,1,1
16995455019602792134,14102310,0,1,b7e9786d,b12b9f85,f028772b,ecad2386,7801e8d9,07d7df22,a99f214a,9c3029e4,d4897fef,1,0,1005,22133,320,50,1702,0,1059,100075,110,e12d6f3267,5,11
17337602732443334838,14102310,1,0,6256f5b4,28f93029,f028772b,ecad2386,7801e8d9,07d7df22,a99f214a,7fbc09da,eb1347a0,1,0,1005,20634,320,50,2374,3,39,-1,23,953e1e1cf0,1,1
17734301111423487031,14102310,0,0,a831e579,8a429b45,f028772b,ecad2386,7801e8d9,07d7df22,a99f214a,3891505d,d787e91b,1,0,1005,20366,320,50,2333,0,39,-1,157,5297083790,2,5
17868509477388152556,14102310,0,1,e4d8dd7b,a17bde68,3e814130,ecad2386,7801e8d9,07d7df22,a99f214a,5e87df44,947f5ef6,1,0,1005,17894,320,50,2039,2,39,100077,32,b66a2c1968,28,29
18031113929349271094,14102310,0,1,e151e245,7e091613,f028772b,ecad2386,7801e8d9,07d7df22,a99f214a,8d3c4fce,8ae2e04a,1,0,1005,22141,320,50,2550,0,547,100130,51,b03b4253e2,1,1
18077124883299496988,14102310,0,0,85f751fd,c4e18dd6,50e219e0,febd1138,82e27996,0f2161f8,a99f214a,b8ad03f0,aad45b01,1,0,1005,21611,320,50,2480,3,297,100111,61,a527882ae0,7,9
2499111594810607854,14102310,0,1,57ef2c87,bd6d812f,f028772b,ecad2386,7801e8d9,07d7df22,a99f214a,028685e1,5096d134,1,0,1005,17893,320,50,2039,2,39,100075,32,25620cf848,10,11
4538375204304876312,14102310,0,0,1fbe01fe,f3845767,28905ebd,ecad2386,7801e8d9,07d7df22,a99f214a,0f941ff0,158e4944,1,0,1005,15705,320,50,1722,0,35,100083,79,183bc250e4,2,3
4895448884985097197,14102310,0,0,85f751fd,c4e18dd6,50e219e0,7358e05e,b9528b13,cef3e649,5b4c4348,c456f9f9,7abbbd5c,1,0,1005,1038,320,50,178,3,1327,100148,15,787e66156e,3,9
5385049564120099426,14102310,0,1,e151e245,7e091613,f028772b,ecad2386,7801e8d9,07d7df22,a99f214a,7536608f,7e4efdcd,1,0,1005,17037,320,50,1934,2,39,-1,16,09958dd4d5,2,3
6386809135871900629,14102310,0,0,d8c5ea8e,5449fde7,f028772b,ecad2386,7801e8d9,07d7df22,a99f214a,ba528ef9,684581ce,1,0,1005,16920,320,50,1899,0,431,100081,117,0112acfb9c,5,8
7794543859262864627,14102310,0,1,e4d8dd7b,a17bde68,3e814130,ecad2386,7801e8d9,07d7df22,a99f214a,a8683a1a,8a4875bd,1,0,1005,22133,320,50,1702,0,1059,100077,110,187621f909,2,27
8182819455398578180,14102310,0,0,1fbe01fe,f3845767,28905ebd,ecad2386,7801e8d9,07d7df22,a99f214a,eee941fd,711ee120,1,0,1005,15707,320,50,1722,0,35,100083,79,b1b83f9be3,4,6
8640353479193733784,14102310,0,0,85f751fd,c4e18dd6,50e219e0,7358e05e,b9528b13,cef3e649,03d6a727,064705b8,a8d2c4cf,1,0,1005,1038,320,50,178,3,1327,100148,15,211a42db33,1,6
9546797895071531045,14102310,0,0,85f751fd,c4e18dd6,50e219e0,e2fcccd2,5c5a694b,0f2161f8,a99f214a,7678c4c5,84ebbcd4,1,0,1005,6616,320,50,576,2,35,-1,32,ef6971e559,2,2
9858426917905722307,14102310,0,0,d9750ee7,98572c79,f028772b,ecad2386,7801e8d9,07d7df22,a99f214a,b55e400f,128f4ba1,1,0,1005,17914,320,50,2043,2,39,100083,32,4d097a55cb,1,1
10204360324905453677,14102311,0,1,92c7cbe7,6e882918,75fa27f6,ecad2386,7801e8d9,07d7df22,a99f214a,3660eaa5,5b4ceb40,1,0,1005,16615,320,50,1863,3,39,-1,23,85fc58c40a,4,7
10638978266628889221,14102311,0,0,5bcf81a2,9d54950b,f028772b,ecad2386,7801e8d9,07d7df22,a99f214a,0c0be0b5,4ea23a13,1,0,1005,20996,320,50,2369,0,809,100111,46,54147e4326,13,20
14053354518328894916,14102311,1,0,3dd57905,18d2b6ea,50e219e0,ecad2386,7801e8d9,07d7df22,0204905b,b24d7d43,12edfe21,0,0,1002,6563,320,50,572,2,39,-1,32,077bbd98fa,2,3
14273338371840467562,14102311,0,0,1fbe01fe,f3845767,28905ebd,ecad2386,7801e8d9,07d7df22,a99f214a,c855f59d,76dc4769,1,0,1005,15701,320,50,1722,0,35,-1,79,60552efe16,4,8
14902694831107102572,14102311,0,1,8fbe746d,35dc24d8,f028772b,ecad2386,7801e8d9,07d7df22,a99f214a,8298b585,258766e2,1,0,1005,20366,320,50,2333,0,39,100103,157,8a0bf1e271,1,2
16118913730166513809,14102311,0,0,85f751fd,c4e18dd6,50e219e0,51cedd4e,aefc06bd,0f2161f8,a99f214a,ce9076c7,e3bb76b5,1,0,1005,21611,320,50,2480,3,297,100111,61,692862ca87,4,12
16396242603081691858,14102311,0,1,e151e245,7e091613,f028772b,ecad2386,7801e8d9,07d7df22,a99f214a,e26629a2,d6e0e6ff,1,0,1005,22141,320,50,2550,0,547,100148,51,2eb3e54d78,11,15
17033435917914603962,14102311,0,0,85f751fd,c4e18dd6,50e219e0,7358e05e,b9528b13,cef3e649,7aeb1d6d,face2219,a0f5f879,1,0,1005,1039,320,50,178,3,1327,100148,15,cd2c9c592f,21,23
17123832076183370965,14102311,1,0,1fbe01fe,f3845767,28905ebd,ecad2386,7801e8d9,07d7df22,a99f214a,ee555706,8a4875bd,1,0,1005,15704,320,50,1722,0,35,100084,79,da285cdaaf,4,10
17730330742066843739,14102311,0,1,0a742914,510bd839,f028772b,ecad2386,7801e8d9,07d7df22,a99f214a,e20f2e41,68b6db2c,1,0,1005,22120,320,50,1702,0,1059,100079,110,5c556af21f,1,1
2105183203732708769,14102311,0,1,178a7b89,b4598159,f028772b,ecad2386,7801e8d9,07d7df22,a99f214a,669db18c,e12e75cd,1,0,1005,22137,320,50,1702,0,1059,100081,110,264a30884a,1,3
2693313700688888878,14102311,1,0,85f751fd,c4e18dd6,50e219e0,7358e05e,b9528b13,cef3e649,f5f764cb,132ad07c,fce66524,1,0,1005,1038,320,50,178,3,1327,100148,15,4a60be617c,1,1
2968816019483527556,14102311,0,0,1fbe01fe,f3845767,28905ebd,ecad2386,7801e8d9,07d7df22,a99f214a,b03b3b0c,44801bc1,1,0,1005,15703,320,50,1722,0,35,100084,79,bf1ab0f7e3,20,26
3694634923788097048,14102311,0,0,85f751fd,c4e18dd6,50e219e0,51cedd4e,aefc06bd,0f2161f8,a99f214a,3d72bbf0,239543e1,1,0,1005,16685,320,50,1092,3,811,100156,61,a8bfd9069f,4,8
4650494039599424477,14102311,0,0,85f751fd,c4e18dd6,50e219e0,53de0284,d9b5648e,0f2161f8,a99f214a,124c6f04,99e427c9,1,0,1005,21611,320,50,2480,3,297,100111,61,7f359845a3,2,8
5413503415271914646,14102311,1,1,57fe1b20,5b626596,f028772b,ecad2386,7801e8d9,07d7df22,a99f214a,9e912643,5096d134,1,0,1005,21677,320,50,2495,2,167,-1,23,c52434cc9e,20,21
7696939765455830331,14102311,0,0,1fbe01fe,f3845767,28905ebd,ecad2386,7801e8d9,07d7df22,a99f214a,85419d08,be87996b,1,2,1005,15708,320,50,1722,0,35,100084,79,559ab6afa0,15,15
7754486768608894398,14102311,0,0,9e8e8d09,65f7a3bd,50e219e0,ecad2386,7801e8d9,07d7df22,81a20340,f52a2583,43e7b962,0,0,1002,6360,300,50,544,3,39,100074,23,360081a49a,1,22
8006800643014039630,14102311,0,0,85f751fd,c4e18dd6,50e219e0,7358e05e,b9528b13,cef3e649,cacd6665,9eead442,d4897fef,1,0,1005,1037,320,50,178,3,1327,-1,15,ef266567aa,15,17
8855254394773637893,14102311,0,0,8907c166,38b1b595,50e219e0,ecad2386,7801e8d9,07d7df22,83046d3c,5ec30942,8e0333c2,0,0,1002,21634,300,50,2483,3,33,100217,42,7475064f90,4,4
9277216654963211612,14102311,0,1,d9750ee7,98572c79,f028772b,ecad2386,7801e8d9,07d7df22,a99f214a,2a3d03b9,a8d2c4cf,1,0,1005,17614,320,50,1993,2,1063,-1,33,158272caf0,4,6
9412813045917843344,14102311,0,0,85f751fd,c4e18dd6,50e219e0,74afe595,2347f47a,0f2161f8,90bdd884,a047ec82,cdf6ea96,1,2,1005,454,320,50,122,3,1327,100148,15,56dbd21ee2,9,56
9427322965731575767,14102311,0,1,5b4d2eda,16a36ef3,f028772b,ecad2386,7801e8d9,07d7df22,a99f214a,0895e764,1f0bc64f,1,0,1005,16615,320,50,1863,3,39,-1,23,31e0db8674,7,14
9544495297761832987,14102311,1,0,1fbe01fe,f3845767,28905ebd,ecad2386,7801e8d9,07d7df22,a99f214a,fe4bec15,2203a096,1,0,1005,15702,320,50,1722,0,35,-1,79,9d1f5b4006,3,3
12012390854151413507,14102312,0,0,f9c69707,e16ceb4b,28905ebd,ecad2386,7801e8d9,07d7df22,a99f214a,8522c78b,779d90c2,1,0,1005,21789,320,50,2512,2,303,100068,52,784c6f49a1,3,13
12869787746629365788,14102312,0,0,85f751fd,c4e18dd6,50e219e0,7358e05e,b9528b13,cef3e649,8786376a,e8812f55,1f0bc64f,1,0,1005,21274,320,50,2443,2,39,-1,23,20679abeb1,8,11
13364959287286019908,14102312,1,0,85f751fd,c4e18dd6,50e219e0,e2a1ca37,2347f47a,8ded1f7a,756cd866,a7c912de,a3c59a95,1,0,1005,16688,320,50,1873,3,39,-1,23,432bb5dd88,4,4
13451733490405785140,14102312,0,0,85f751fd,c4e18dd6,50e219e0,be7c618d,2347f47a,f95efa07,c2bf3cfb,42e203d0,00b1f3a7,1,2,1005,20633,320,50,2374,3,39,-1,23,5bdae9a921,12,14
13523705155139947729,14102312,1,0,85f751fd,c4e18dd6,50e219e0,e2fcccd2,5c5a694b,0f2161f8,a99f214a,884b077e,034b811d,1,0,1005,4687,320,50,423,2,39,100148,32,b0a5fc083b,1,3
14540898707764848971,14102312,0,0,c88009de,a208aa60,50e219e0,ecad2386,7801e8d9,07d7df22,f4a7dfff,fc24ff75,6b6a9943,0,0,1002,16989,320,50,1926,2,39,-1,13,840cfe302a,16,30
16660096382738181924,14102312,0,1,5ee41ff2,17d996e6,f028772b,ecad2386,7801e8d9,07d7df22,a99f214a,93cd7725,8a4875bd,1,0,1005,16920,320,50,1899,0,431,100081,117,15265e5733,2,39
2108465867937894960,14102312,0,0,1fbe01fe,f3845767,28905ebd,ecad2386,7801e8d9,07d7df22,a99f214a,df3fbe69,c6263d8a,1,0,1005,20108,320,50,2299,2,1063,-1,52,520beed4c3,2,43
5350092897594197748,14102312,0,0,1fbe01fe,f3845767,28905ebd,ecad2386,7801e8d9,07d7df22,a99f214a,3eacc23c,8a4875bd,1,0,1005,15705,320,50,1722,0,35,100083,79,33928148d2,2,22
6665899192167891024,14102312,0,0,85f751fd,c4e18dd6,50e219e0,febd1138,82e27996,0f2161f8,a99f214a,a4265056,b4b19c97,1,0,1005,21611,320,50,2480,3,297,100111,61,b2e17ec76a,3,4
8629214143749235279,14102312,0,1,5ee41ff2,17d996e6,f028772b,ecad2386,7801e8d9,07d7df22,a99f214a,ba03e558,8a4875bd,1,0,1005,16920,320,50,1899,0,431,100081,117,9a540e1014,8,10
9124166093821621805,14102312,1,0,4bf5bbe2,6b560cc1,28905ebd,ecad2386,7801e8d9,07d7df22,a99f214a,0ba23846,1df52df3,1,0,1005,20093,300,250,2295,2,35,100077,23,4a32461c15,3,7
922321698195019251,14102312,0,0,1fbe01fe,f3845767,28905ebd,ecad2386,7801e8d9,07d7df22,a99f214a,da9a6fb1,c6263d8a,1,0,1005,20108,320,50,2299,2,1063,-1,52,b04ee38fa2,1,16
9246414966902639741,14102312,0,0,85f751fd,c4e18dd6,50e219e0,51cedd4e,aefc06bd,0f2161f8,a99f214a,b5a67f5a,35e87701,1,0,1005,21611,320,50,2480,3,297,100111,61,a4aab49ea2,18,20
9500543904438090626,14102312,0,1,85f751fd,c4e18dd6,50e219e0,03a08c3f,7801e8d9,0f2161f8,bbd3d270,c67114a6,79d897d6,4,2,1010,15702,320,50,1722,0,35,-1,79,fa9766bc22,2,7
9670585096671550158,14102312,1,0,85f751fd,c4e18dd6,50e219e0,7358e05e,b9528b13,cef3e649,53dc238f,3e93b9b3,2db63e92,1,0,1005,1038,320,50,178,3,1327,100148,15,5237139798,8,25
10680703980623246481,14102313,0,1,e151e245,7e091613,f028772b,ecad2386,7801e8d9,07d7df22,a99f214a,afb0d91e,cd5b1559,1,2,1005,19668,320,50,2199,2,303,-1,52,49afdab5dc,19,19
1093072918548091017,14102313,0,0,1fbe01fe,f3845767,28905ebd,ecad2386,7801e8d9,07d7df22,a99f214a,5216bd03,2203a096,1,0,1005,15704,320,50,1722,0,35,-1,79,a23d82506d,5,8
10966948906538431736,14102313,0,0,1fbe01fe,f3845767,28905ebd,ecad2386,7801e8d9,07d7df22,a99f214a,c6101688,8a4875bd,1,0,1005,15705,320,50,1722,0,35,-1,79,9eec0176c2,9,23
12032174738459970461,14102313,0,0,85f751fd,c4e18dd6,50e219e0,e2fcccd2,5c5a694b,0f2161f8,59c47eda,27d4f5d5,00b1f3a7,1,0,1005,4687,320,50,423,2,39,100148,32,7c0175048f,1,1
12558154769230164274,14102313,0,1,e8f79e60,c4342784,f028772b,ecad2386,7801e8d9,07d7df22,a99f214a,d0680897,779d90c2,1,0,1005,6616,320,50,576,2,35,-1,32,c6ca9ed22d,2,5
14005354996965352688,14102313,0,0,85f751fd,c4e18dd6,50e219e0,9a23aca1,e5d5313f,0f2161f8,a99f214a,acef4584,7abbbd5c,1,0,1005,16408,320,50,1835,1,431,100012,71,eedd397101,1,11
1569511313026761668,14102313,0,0,85a2e413,1e0acfb4,50e219e0,ecad2386,7801e8d9,07d7df22,c4908e35,0eb6ffbd,c1e9606c,0,0,1002,21595,320,50,2478,3,167,100077,23,22ff51c774,13,15
17277693541305639573,14102313,0,0,85f751fd,c4e18dd6,50e219e0,d36838b1,0e8616ad,0f2161f8,a99f214a,fa5505bd,158e4944,1,0,1005,456,320,50,122,3,1327,100072,15,3586e8d162,3,7
17554210089398412632,14102313,1,0,1fbe01fe,f3845767,28905ebd,ecad2386,7801e8d9,07d7df22,a99f214a,1a033da2,d787e91b,1,0,1005,20108,320,50,2299,2,1063,100084,52,9017e0c402,1,2
1891550855001191895,14102313,1,0,85f751fd,c4e18dd6,50e219e0,e2fcccd2,5c5a694b,0f2161f8,a99f214a,5e5dcea0,ad328c4d,1,0,1005,4687,320,50,423,2,39,100148,32,848f622f62,4,11
2087252626024815388,14102313,0,0,1fbe01fe,f3845767,28905ebd,ecad2386,7801e8d9,07d7df22,a99f214a,e2cf5a24,be74e6fe,1,0,1005,15701,320,50,1722,0,35,100084,79,1cdada4a0e,2,6
356560406982076972,14102313,0,0,85f751fd,c4e18dd6,50e219e0,d36838b1,0e8616ad,0f2161f8,a99f214a,127cc782,25337e75,1,2,1005,4518,320,50,394,2,423,100013,15,f58cd5ee0c,2,3
4110216208641772133,14102313,0,0,47d1a0f2,cd37b321,3e814130,ecad2386,7801e8d9,07d7df22,a99f214a,dc0274ac,d4897fef,1,0,1005,20362,320,50,2333,0,39,-1,157,850e8706b4,7,41
6811558257693792230,14102313,0,1,0eb72673,d2f72222,f028772b,ecad2386,7801e8d9,07d7df22,a99f214a,5da31b85,421872ab,1,0,1005,21875,320,50,2526,3,167,100077,221,5c556af21f,5,22
7417746342668784457,14102313,0,0,1fbe01fe,f3845767,28905ebd,ecad2386,7801e8d9,07d7df22,a99f214a,52827585,4ea23a13,1,0,1005,15706,320,50,1722,0,35,100083,79,66b5b15a1c,7,25
8729192278107120378,14102313,0,0,1fbe01fe,f3845767,28905ebd,ecad2386,7801e8d9,07d7df22,a99f214a,8903edf4,8a4875bd,1,0,1005,15705,320,50,1722,0,35,100083,79,62868272ed,1,17
9530960781807629782,14102313,1,0,1fbe01fe,f3845767,28905ebd,ecad2386,7801e8d9,07d7df22,a99f214a,e54c1344,711ee120,1,0,1005,15704,320,50,1722,0,35,-1,79,49fb24cbcb,13,15
10549534105920696495,14102314,1,0,1fbe01fe,f3845767,28905ebd,ecad2386,7801e8d9,07d7df22,a99f214a,39a1f1d2,7eef184d,1,0,1005,15701,320,50,1722,0,35,100083,79,b0a5fc083b,1,4
10609245827024678569,14102314,0,0,1fbe01fe,f3845767,28905ebd,ecad2386,7801e8d9,07d7df22,a99f214a,d663e0fc,1f0bc64f,1,0,1005,15707,320,50,1722,0,35,100083,79,3fb90e82dd,4,5
10653245703162399090,14102314,1,0,9ee9dd00,759d1c56,f028772b,ecad2386,7801e8d9,07d7df22,a99f214a,b57decbb,1f0bc64f,1,0,1005,17239,320,50,1973,3,39,-1,23,993f9af552,8,16
1086995737430739519,14102314,0,0,85f751fd,c4e18dd6,50e219e0,d36838b1,0e8616ad,0f2161f8,a99f214a,65dda185,235bcfc1,1,0,1005,463,320,50,122,3,1327,-1,15,c390490dfd,1,1
11483594112326092112,14102314,1,0,85f751fd,c4e18dd6,50e219e0,7358e05e,b9528b13,cef3e649,82aa6738,3515897b,be6db1d7,1,0,1005,1037,320,50,178,3,1327,100148,15,1e98b09cbb,14,35
12240433392177764660,14102314,0,1,57fe1b20,5b626596,f028772b,ecad2386,7801e8d9,07d7df22,a99f214a,80e2134e,35404915,1,0,1005,20634,320,50,2374,3,39,-1,23,9c6f6f5468,1,7
1403196718331748839,14102314,1,0,1fbe01fe,f3845767,28905ebd,ecad2386,7801e8d9,07d7df22,a99f214a,8ae75e0c,c4cff2ea,1,0,1005,15704,320,50,1722,0,35,100084,79,09a8a4be02,8,8
14132721567659627802,14102314,0,0,1fbe01fe,f3845767,28905ebd,ecad2386,7801e8d9,07d7df22,a99f214a,295f0eaa,8a4875bd,1,0,1005,15708,320,50,1722,0,35,-1,79,3637de0d9b,1,1
14870324294574285497,14102314,0,0,85f751fd,c4e18dd6,50e219e0,d36838b1,0e8616ad,0f2161f8,a99f214a,f5f8c071,1f0bc64f,1,0,1005,452,320,50,122,3,1327,100072,15,d7211e70c4,8,32
14994384499139526577,14102314,0,0,85f751fd,c4e18dd6,50e219e0,d36838b1,0e8616ad,0f2161f8,a99f214a,ad74a318,dc15c87e,1,2,1005,454,320,50,122,3,1327,-1,15,e95c1a6dee,12,18
15865106522760012640,14102314,0,0,85f751fd,c4e18dd6,50e219e0,7358e05e,b9528b13,cef3e649,3bf3ce62,bb4f2b73,ecb851b2,1,0,1005,1039,320,50,178,3,1327,100148,15,42d6eb8dd0,7,12
16042941635320705328,14102314,0,0,cf3a1767,98acf46c,50e219e0,ecad2386,7801e8d9,07d7df22,05d4d2e9,6577a344,1da119e0,0,0,1002,16920,320,50,1899,0,431,100074,117,559ab6afa0,3,3
1739116661044111016,14102314,0,0,85f751fd,c4e18dd6,50e219e0,be7c618d,2347f47a,f95efa07,355aff9d,29998517,ac94bd73,1,2,1005,377,320,50,112,3,1319,-1,15,e12d6f3267,1,14
2709661534360655593,14102314,1,0,85f751fd,c4e18dd6,50e219e0,7358e05e,b9528b13,cef3e649,622d0453,c2f60cbe,be6db1d7,1,0,1005,1037,320,50,178,3,1327,100148,15,2d4568efed,4,6
3046848805131413540,14102314,0,0,85f751fd,c4e18dd6,50e219e0,d36838b1,0e8616ad,0f2161f8,a99f214a,f89ad48f,ff065cf0,1,2,1005,463,320,50,122,3,1327,-1,15,8cb8047d3e,1,3
4686479795920000298,14102314,0,0,85f751fd,c4e18dd6,50e219e0,3111a39b,2347f47a,0f2161f8,d500a00b,55af2419,a9a55ebd,1,0,1005,20633,320,50,2374,3,39,-1,23,29c42575a4,1,3
4834455134831306293,14102314,0,0,29229f8e,a10eb148,f028772b,ecad2386,7801e8d9,07d7df22,a99f214a,7f8fd16f,1f0bc64f,1,0,1005,21274,320,50,2443,2,39,-1,23,915085e443,14,17
5756318032456999900,14102314,1,0,1fbe01fe,f3845767,28905ebd,ecad2386,7801e8d9,07d7df22,a99f214a,4ffa8b41,d787e91b,1,0,1005,15702,320,50,1722,0,35,-1,79,3f850dc074,1,3
6254015321716781560,14102314,0,1,0c2fe9d6,27e3c518,28905ebd,ecad2386,7801e8d9,07d7df22,a99f214a,af00d45b,1617d758,1,0,1005,20980,320,50,2371,0,551,100217,46,b9458e7428,1,4
7627300286455950108,14102314,0,0,c1b10167,c4e18dd6,50e219e0,ecad2386,7801e8d9,07d7df22,fac0296d,8fe1300d,8a332ed1,0,0,1002,19665,320,50,2253,2,303,-1,52,9864bd1417,3,7
9242418025911130959,14102314,1,0,85f751fd,c4e18dd6,50e219e0,03528b27,2347f47a,8ded1f7a,a99f214a,c3210861,23885c9e,1,0,1005,15702,320,50,1722,0,35,100083,79,7d3448d07d,10,10
11016676076004944536,14102315,0,0,85f751fd,c4e18dd6,50e219e0,d36838b1,0e8616ad,0f2161f8,a99f214a,d82fac4d,1f0bc64f,1,0,1005,463,320,50,122,3,1327,-1,15,cef1e2cd16,3,12
11449047565571006763,14102315,0,0,1fbe01fe,f3845767,28905ebd,ecad2386,7801e8d9,07d7df22,a99f214a,8a014cbb,711ee120,1,0,1005,15703,320,50,1722,0,35,-1,79,b5a9333b72,1,1
11911760805704860814,14102315,1,0,85f751fd,c4e18dd6,50e219e0,28d3bd59,b8d325c3,0f2161f8,a99f214a,4d2b9e26,ac221d6c,1,0,1005,21235,320,50,2435,2,35,100188,52,5473fa9bad,19,21
11942743267813455365,14102315,0,0,b99a2c43,cc962a1f,f028772b,ecad2386,7801e8d9,07d7df22,a99f214a,7f04059f,2b127119,1,2,1005,21818,320,50,2519,1,171,100191,71,293e280057,1,2
12157690875905793757,14102315,0,0,83337efb,7256c623,3e814130,ecad2386,7801e8d9,07d7df22,a99f214a,dd0976dd,8a4875bd,1,0,1005,20366,320,50,2333,0,39,-1,157,4fdc7839a0,1,1
12234176610269353602,14102315,1,0,5b787406,f3ca2e42,50e219e0,ecad2386,7801e8d9,07d7df22,04a2dca2,b6cddfb8,911a3c09,0,0,1002,20360,300,50,2333,0,39,-1,157,c81208c9f1,17,18
14413328627344741128,14102315,0,0,b7c246df,a72dd09f,3e814130,ecad2386,7801e8d9,07d7df22,a99f214a,4aa9a31d,8441e1f3,1,0,1005,20362,320,50,2333,0,39,-1,157,4d475b1fc2,17,17
14415604667692970862,14102315,0,0,85f751fd,c4e18dd6,50e219e0,54c5d545,2347f47a,0f2161f8,66d486b7,b7fcde56,c144e605,1,0,1005,15708,320,50,1722,0,35,-1,79,93f6d2fd9a,1,2
1470831661429214913,14102315,0,0,1fbe01fe,f3845767,28905ebd,ecad2386,7801e8d9,07d7df22,a99f214a,2679efcb,c6263d8a,1,0,1005,15699,320,50,1722,0,35,-1,79,6d613ca742,1,15
14801429765020652601,14102315,0,0,85f751fd,c4e18dd6,50e219e0,7358e05e,b9528b13,cef3e649,8b484b2e,97e826ff,fce66524,1,0,1005,1039,320,50,178,3,1327,100148,15,c0edbc4a1e,4,8
15183465491282512202,14102315,0,1,cbb01868,7e091613,f028772b,ecad2386,7801e8d9,07d7df22,a99f214a,1e4235b7,d8cfb063,1,0,1005,17037,320,50,1934,2,39,100101,16,594092070a,1,14
15184598875834768230,14102315,0,0,4019685f,d1fa1267,50e219e0,ecad2386,7801e8d9,07d7df22,3273050b,8e0f941d,c1e9606c,0,0,1002,22182,320,50,2555,2,167,-1,23,f58581e319,11,17
15184613798581131447,14102315,0,0,85f751fd,c4e18dd6,50e219e0,d36838b1,0e8616ad,0f2161f8,a99f214a,7935e04a,bcac0ed4,1,2,1005,454,320,50,122,3,1327,-1,15,91a1976769,14,21
15215804078522580244,14102315,0,1,e151e245,7e091613,f028772b,ecad2386,7801e8d9,07d7df22,a99f214a,3ce0e575,526fa832,1,0,1005,17264,320,50,1872,3,39,-1,23,b7171cf74b,27,44
15289545891246110223,14102315,0,1,d9750ee7,98572c79,f028772b,ecad2386,7801e8d9,07d7df22,a99f214a,7eeac961,05e70df4,1,0,1005,17753,320,50,1993,2,1063,-1,33,1a72a64451,1,2
15857909254501451922,14102315,0,0,85f751fd,c4e18dd6,50e219e0,d36838b1,0e8616ad,0f2161f8,a99f214a,6ca27cde,2891f384,1,0,1005,4518,320,50,394,2,423,-1,15,da3ff55911,6,6
16012745436792483400,14102315,0,0,85f751fd,c4e18dd6,50e219e0,98fed791,d9b5648e,0f2161f8,a99f214a,0172d4be,72a00661,1,0,1005,20277,320,50,2281,3,47,100181,42,eb314ba7d6,7,13
16494620166599657315,14102315,0,0,85f751fd,c4e18dd6,50e219e0,f53417e1,0e8616ad,0f2161f8,a99f214a,6e040bc7,42a5d6ce,1,0,1005,456,320,50,122,3,1327,-1,15,7882698818,7,9
16507123026910350037,14102315,0,0,85f751fd,c4e18dd6,50e219e0,9ac6882b,2347f47a,0f2161f8,a99f214a,62ba66b6,051263ee,1,0,1005,20093,300,250,2295,2,35,100075,23,7bd627c459,23,37
18021696547635326656,14102315,0,0,85f751fd,c4e18dd6,50e219e0,d36838b1,0e8616ad,0f2161f8,a99f214a,da728048,6d44e29a,1,0,1005,456,320,50,122,3,1327,-1,15,ae54473298,1,1
18384112512475390754,14102315,0,0,85f751fd,c4e18dd6,50e219e0,7358e05e,b9528b13,cef3e649,5c303c50,4322326c,be6db1d7,1,0,1005,1039,320,50,178,3,1327,100148,15,fcb7a40e66,4,6
3775551393334248339,14102315,0,0,85f751fd,c4e18dd6,50e219e0,98fed791,d9b5648e,0f2161f8,a99f214a,43d162e9,af7fe221,1,0,1005,20277,320,50,2281,3,47,100181,42,367a6b2e22,1,2
6218169037052078355,14102315,0,1,d9750ee7,98572c79,f028772b,ecad2386,7801e8d9,07d7df22,a99f214a,548daf15,be87996b,1,2,1005,17614,320,50,1993,2,1063,100084,33,67b7d3c392,1,7
6537934992545432954,14102315,1,0,85f751fd,c4e18dd6,50e219e0,d36838b1,0e8616ad,0f2161f8,a99f214a,4728e0d2,b7e932e7,1,0,1005,456,320,50,122,3,1327,-1,15,517bd19edf,1,1
657394578207619310,14102315,0,0,85f751fd,c4e18dd6,50e219e0,d36838b1,0e8616ad,0f2161f8,a99f214a,b22e5101,1f0bc64f,1,0,1005,452,320,50,122,3,1327,-1,15,752a1ca702,21,95
6854356102830192931,14102315,0,0,aa0b6551,b887600a,50e219e0,ecad2386,7801e8d9,07d7df22,acd1c7c1,a3f486f1,03293a38,0,0,1002,6563,320,50,572,2,39,-1,32,cb8c3dcf4a,1,1
7124283573160744952,14102315,0,0,6256f5b4,28f93029,f028772b,ecad2386,7801e8d9,07d7df22,a99f214a,0fb9488c,1aa0e912,1,0,1005,15706,320,50,1722,0,35,-1,79,64307519a9,6,18
721495026595490149,14102315,0,0,1fbe01fe,f3845767,28905ebd,ecad2386,7801e8d9,07d7df22,a99f214a,97430a5d,179db11c,1,0,1005,15707,320,50,1722,0,35,-1,79,3407ff4dc0,1,1
7229869339099685844,14102315,0,1,e151e245,7e091613,f028772b,ecad2386,7801e8d9,07d7df22,a99f214a,383f60ed,711ee120,1,0,1005,17037,320,50,1934,2,39,-1,16,17862621ef,4,13
7370857890144017112,14102315,0,0,85f751fd,c4e18dd6,50e219e0,d36838b1,0e8616ad,0f2161f8,a99f214a,02e458a4,9c6831d2,1,2,1005,452,320,50,122,3,1327,-1,15,dc48759487,27,27
7569964892312313216,14102315,0,0,85f751fd,c4e18dd6,50e219e0,d36838b1,0e8616ad,0f2161f8,a99f214a,dea7070e,744ae245,1,0,1005,463,320,50,122,3,1327,-1,15,e46dd5887f,4,5
7756098598069164825,14102315,0,1,f61eaaae,6b59f079,f028772b,ecad2386,7801e8d9,07d7df22,a99f214a,1c0a555a,779d90c2,1,0,1005,16615,320,50,1863,3,39,-1,23,934a693178,16,17
8466305529081067086,14102315,1,0,85f751fd,c4e18dd6,50e219e0,54c5d545,2347f47a,0f2161f8,b05db873,ad718e62,a0f5f879,1,0,1005,16688,320,50,1873,3,39,-1,23,dcba2f7466,5,5
8808620592838729324,14102315,0,0,1fbe01fe,f3845767,28905ebd,ecad2386,7801e8d9,07d7df22,a99f214a,742a32e8,711ee120,1,0,1005,15705,320,50,1722,0,35,-1,79,603780a53d,2,3
9111478114041236937,14102315,0,1,e151e245,7e091613,f028772b,ecad2386,7801e8d9,07d7df22,a99f214a,bd549bd0,ae9343b5,1,0,1005,17264,320,50,1872,3,39,-1,23,9c1bd17f82,2,3
9994154065991804669,14102315,0,0,1fbe01fe,f3845767,28905ebd,ecad2386,7801e8d9,07d7df22,a99f214a,22a03a3c,711ee120,1,0,1005,22102,320,50,2545,3,39,100084,221,097802cb23,18,28
10298914008104321365,14102316,0,0,9a977531,a434fa42,f028772b,ecad2386,7801e8d9,07d7df22,a99f214a,5fc45550,889ad79d,1,0,1005,19454,300,50,2227,0,679,100075,48,fd5fa983a9,1,1
10496036515447147600,14102316,0,0,1a5c1d83,5dddf09e,f028772b,ecad2386,7801e8d9,07d7df22,a99f214a,77db286c,8441e1f3,1,0,1005,20352,320,50,2333,0,39,-1,157,8c3e805ce0,5,13
1098704163507778224,14102316,0,0,85f751fd,c4e18dd6,50e219e0,aac5e61b,2347f47a,0f2161f8,8b7bf842,0f34c268,d400d41b,1,0,1005,20361,300,250,2333,0,39,-1,157,a71dbb4e3a,2,4
12182524388603369738,14102316,0,1,e151e245,7e091613,f028772b,ecad2386,7801e8d9,07d7df22,a99f214a,44c8b320,d59dd1da,1,0,1005,17262,320,50,1872,3,39,-1,23,9b89433f1d,1,14
12580097440510281839,14102316,1,0,4bf5bbe2,6b560cc1,28905ebd,ecad2386,7801e8d9,07d7df22,a99f214a,2c476872,4ceb2e0b,1,0,1005,20093,300,250,2295,2,35,100076,23,1707e29fa0,1,1
14049420737782111543,14102316,0,0,a0a4523d,6a9dcbd8,50e219e0,ecad2386,7801e8d9,07d7df22,868429e8,65ec1c07,43e7b962,0,0,1002,20173,300,50,2312,0,167,100077,16,a74ec9b213,1,5
14889598755380563972,14102316,0,1,e023ba3e,75f9ddc3,f028772b,ecad2386,7801e8d9,07d7df22,a99f214a,a9430636,36d749e5,1,0,1005,17914,320,50,2043,2,39,-1,32,7e9a8bea66,3,3
14947934465694360678,14102316,0,0,85f751fd,c4e18dd6,50e219e0,f53417e1,0e8616ad,0f2161f8,a99f214a,4e1dae62,d3b3178d,1,2,1005,456,320,50,122,3,1327,-1,15,3c49bc5b92,1,1
16002997942872053557,14102316,0,0,85f751fd,c4e18dd6,50e219e0,7358e05e,b9528b13,cef3e649,e57350f6,495e2417,e981565c,1,0,1005,1037,320,50,178,3,1327,100148,15,858d030de8,1,21
17512474657714588522,14102316,0,0,1fbe01fe,f3845767,28905ebd,ecad2386,7801e8d9,07d7df22,a99f214a,e8c01927,1f0bc64f,1,0,1005,15707,320,50,1722,0,35,-1,79,2ffff24450,16,20
1841845528108780236,14102316,1,0,85f751fd,c4e18dd6,50e219e0,7358e05e,b9528b13,cef3e649,e9aaf1e2,0216a846,ad328c4d,1,0,1005,1038,320,50,178,3,1327,100148,15,adae41ceb4,4,11
2000025324907950517,14102316,0,0,85f751fd,c4e18dd6,50e219e0,06f8745c,2347f47a,75d80bbe,477e6541,fd959b7b,24f6b932,1,2,1005,20366,320,50,2333,0,39,-1,157,2f6583e2c1,2,2
5192943732844910433,14102316,0,0,85f751fd,c4e18dd6,50e219e0,51cedd4e,aefc06bd,0f2161f8,a99f214a,cd5c901b,bbeedfee,1,0,1005,22161,320,50,2548,3,937,100155,61,e4b5ad5fcf,6,7
5761997761357767633,14102316,0,0,1fbe01fe,f3845767,28905ebd,ecad2386,7801e8d9,07d7df22,a99f214a,ca5fe803,5096d134,1,0,1005,15702,320,50,1722,0,35,100083,79,213a2e9394,7,7
5862610846138441612,14102316,0,0,85f751fd,c4e18dd6,50e219e0,b3763f07,2347f47a,cef3e649,ae06f861,6973f436,9f712796,1,3,1005,20271,320,50,2225,0,679,100101,48,654ef64253,28,28
6812931490085470274,14102316,1,1,17caea14,0dde25ec,f028772b,ecad2386,7801e8d9,07d7df22,a99f214a,5a5b015e,cad331da,1,0,1005,22192,320,50,2556,3,167,100202,23,8ddfbe7b17,2,5
7413360449409292614,14102316,0,0,1fbe01fe,f3845767,28905ebd,ecad2386,7801e8d9,07d7df22,a99f214a,6f5bf6da,0989142d,1,0,1005,15705,320,50,1722,0,35,-1,79,782365fa28,7,10
8427931359178270904,14102316,1,0,1fbe01fe,f3845767,28905ebd,ecad2386,7801e8d9,07d7df22,a99f214a,aa42be81,8a4875bd,1,0,1005,15707,320,50,1722,0,35,-1,79,166efbeb89,4,4
9241849385514020069,14102316,1,0,41477778,4b23d058,f028772b,ecad2386,7801e8d9,07d7df22,a99f214a,37d8d12b,4ceb2e0b,1,0,1005,20362,320,50,2333,0,39,-1,157,ac3ce64030,1,1
9332448468644364531,14102316,0,0,85f751fd,c4e18dd6,50e219e0,f53417e1,0e8616ad,0f2161f8,a99f214a,8eadcf14,945dd5c4,1,0,1005,463,320,50,122,3,1327,100051,15,ed839caff2,18,23
9685118391646764700,14102316,0,0,85f751fd,c4e18dd6,50e219e0,a97b17d0,aefc06bd,0f2161f8,a99f214a,062a7b89,0710fff9,1,0,1005,13643,320,50,1447,2,47,100075,13,26fb944a90,15,23
9847077198735723216,14102316,0,0,1b171d6d,272c5d9d,f028772b,ecad2386,7801e8d9,07d7df22,a99f214a,8702de13,277e7b8c,1,0,1005,15908,320,50,1752,3,297,100081,82,e00825db76,20,38
1047346673806185506,14102317,0,1,e151e245,7e091613,f028772b,ecad2386,7801e8d9,07d7df22,a99f214a,895ac2c4,fe18eef5,1,0,1005,17014,320,50,1872,3,39,-1,23,636c874070,9,14
10776729735551271628,14102317,0,0,7d13349f,97eb309e,3e814130,ecad2386,7801e8d9,07d7df22,a99f214a,d8c48d08,8a4875bd,1,0,1005,20362,320,50,2333,0,39,-1,157,85e847af1a,11,15
11268471928334719766,14102317,0,0,7294ea0f,863fa89d,3e814130,ecad2386,7801e8d9,07d7df22,a99f214a,4168c472,5db079b5,1,2,1005,20352,320,50,2333,0,39,-1,157,9bc5724c30,3,3
11561567983967312323,14102317,1,0,1fbe01fe,f3845767,28905ebd,ecad2386,7801e8d9,07d7df22,a99f214a,6bd342cc,f0e794f8,1,0,1005,15699,320,50,1722,0,35,-1,79,a415172f6a,2,4
12176319833939303065,14102317,0,0,5b08c53b,7687a86e,3e814130,ecad2386,7801e8d9,07d7df22,a99f214a,fe545410,e438c1dc,1,0,1005,19016,300,250,2162,2,39,100148,33,719f75f024,4,6
12589301247101337008,14102317,0,0,9a977531,a434fa42,f028772b,ecad2386,7801e8d9,07d7df22,a99f214a,60c25579,57e33432,1,0,1005,19454,300,50,2227,0,679,-1,48,5c77ff7c80,30,34
13621170983246997804,14102317,0,0,5b08c53b,7687a86e,3e814130,ecad2386,7801e8d9,07d7df22,a99f214a,b4333866,e24c8b65,1,2,1005,19015,300,250,2162,2,39,-1,33,4bfbccdb89,1,6
1426730003828480769,14102317,0,1,e151e245,7e091613,f028772b,ecad2386,7801e8d9,07d7df22,a99f214a,10dcdfb1,158e4944,1,0,1005,20366,320,50,2333,0,39,-1,157,777b179a44,3,15
1659437444273592283,14102317,0,0,85f751fd,c4e18dd6,50e219e0,9f41cdad,7801e8d9,07d7df22,5bcf3dda,82d74190,6d484797,0,0,1002,21640,320,50,2485,2,163,100000,93,1c4aa9d25e,5,8
16701448945356484429,14102317,0,0,1fbe01fe,f3845767,28905ebd,ecad2386,7801e8d9,07d7df22,a99f214a,3623bd8d,1f0bc64f,1,0,1005,20108,320,50,2299,2,1319,100084,52,61ab42c23f,5,16
16779123225561008672,14102317,0,0,3e81fcf1,86ae6c2c,3e814130,ecad2386,7801e8d9,07d7df22,a99f214a,9ecc0094,1ccc7835,1,0,1005,20352,320,50,2333,0,39,-1,157,e581b855c0,2,5
17591244820154203130,14102317,1,0,c040c1dd,9ef91475,50e219e0,ecad2386,7801e8d9,07d7df22,87376645,af4a9787,072c9f1e,0,0,1002,19665,320,50,2253,2,303,-1,52,63230e90fe,4,10
18327097691367198324,14102317,0,0,ee8b8550,f415c8a8,f028772b,ecad2386,7801e8d9,07d7df22,a99f214a,f1e1b36b,65917667,1,0,1005,20996,320,50,2369,0,809,100111,46,b309e97749,1,1
2271457632844150926,14102317,0,1,16c73019,8025317b,28905ebd,ecad2386,7801e8d9,07d7df22,a99f214a,70cb6fe8,3bd9e8e7,1,0,1005,22155,320,50,2552,3,167,100199,23,213a2e9394,4,10
2689559569482611661,14102317,0,1,e8f79e60,c4342784,f028772b,ecad2386,7801e8d9,07d7df22,a99f214a,e2c2d761,f1937c53,1,0,1005,6563,320,50,572,2,39,-1,32,f027f9f18e,7,24
396092987748030619,14102317,0,1,e151e245,7e091613,f028772b,ecad2386,7801e8d9,07d7df22,a99f214a,b029cca0,158e4944,1,0,1005,20366,320,50,2333,0,39,-1,157,d99d8ae1d9,9,14
4083533428019276256,14102317,0,0,85f751fd,c4e18dd6,50e219e0,9c13b419,2347f47a,f95efa07,a99f214a,481117f7,ab145aa1,1,0,1005,18093,320,50,2060,3,39,-1,23,7d3448d07d,11,11
4996197893923300719,14102317,0,0,5bcf81a2,9d54950b,f028772b,ecad2386,7801e8d9,07d7df22,a99f214a,5af1402d,589a99ad,1,0,1005,20997,320,50,2369,0,809,100111,46,573e3eb827,13,14
5089681167596588046,14102317,0,0,85f751fd,c4e18dd6,50e219e0,73206397,2347f47a,8ded1f7a,a466b4a8,0bd19741,1f0bc64f,1,0,1005,22029,320,50,2537,0,687,100031,48,42025c351c,2,10
697735571919067735,14102317,1,0,6256f5b4,28f93029,f028772b,ecad2386,7801e8d9,07d7df22,a99f214a,0bc14056,779d90c2,1,0,1005,6563,320,50,572,2,39,-1,32,973588c794,5,6
9093704014378268189,14102317,0,0,85f751fd,c4e18dd6,50e219e0,e2fcccd2,5c5a694b,0f2161f8,a99f214a,b0070d9a,e4d304c6,1,0,1005,20634,320,50,2374,3,39,-1,23,44e2e35217,3,5
9305645813587704770,14102317,1,0,5b08c53b,7687a86e,3e814130,ecad2386,7801e8d9,07d7df22,a99f214a,8a51167d,f3346b3b,1,0,1005,20093,300,250,2295,2,35,100076,23,866a587f23,1,10
9775854383320181074,14102317,0,1,e151e245,7e091613,f028772b,ecad2386,7801e8d9,07d7df22,a99f214a,2970f26e,24f6b932,1,0,1005,17037,320,50,1934,2,39,-1,16,6d613ca742,2,12
10859717441804449197,14102318,0,0,85f751fd,c4e18dd6,50e219e0,7358e05e,b9528b13,cef3e649,84d6942d,3393c035,7375dd40,1,0,1005,1038,320,50,178,3,1327,100148,15,c1b16e4911,3,10
11341540771819111598,14102318,0,0,5bcf81a2,9d54950b,f028772b,ecad2386,7801e8d9,07d7df22,a99f214a,f2d626f9,1c6a881d,1,2,1005,20995,320,50,2369,0,809,100111,46,844b2f5d0d,5,6
11695441566365075271,14102318,0,1,856e6d3f,58a89a43,f028772b,ecad2386,7801e8d9,07d7df22,a99f214a,4ea56e6f,0eb711ec,1,0,1005,21985,320,50,2532,0,679,100081,48,be96b17601,1,4
11927378005104806832,14102318,1,0,2a68aa20,9b851bd8,3e814130,ecad2386,7801e8d9,07d7df22,a99f214a,5c295d3c,76dc4769,1,0,1005,20214,320,50,2316,0,167,-1,16,420a5b62ba,2,3
12162518054500004266,14102318,0,0,5b08c53b,7687a86e,3e814130,ecad2386,7801e8d9,07d7df22,a99f214a,6f33f283,05e70df4,1,0,1005,20093,300,250,2295,2,35,100076,23,f8d2762a91,2,2
12626268484882333898,14102318,0,0,1fbe01fe,f3845767,28905ebd,ecad2386,7801e8d9,07d7df22,a99f214a,fde23163,8a4875bd,1,0,1005,15699,320,50,1722,0,35,-1,79,ce9d4bbfe1,1,1
12791100989988443331,14102318,1,1,e151e245,7e091613,f028772b,ecad2386,7801e8d9,07d7df22,a99f214a,4cd47f2c,7044c261,1,0,1005,17014,320,50,1872,3,39,-1,23,a0b9e71a62,8,12
13645544642015539380,14102318,0,0,adfe20ce,3ae98fc6,f028772b,ecad2386,7801e8d9,07d7df22,a99f214a,123232dc,7abbbd5c,1,0,1005,20352,320,50,2333,0,39,-1,157,2fa61a34eb,4,6
13938789340466527722,14102318,0,1,88154ade,9f448720,3e814130,ecad2386,7801e8d9,07d7df22,a99f214a,8fa3a341,d4897fef,1,0,1005,21875,320,50,2526,3,167,100076,221,91c0ab3560,1,2
14628242931865373411,14102318,0,0,d266097b,db11867b,c0dd3be3,ecad2386,7801e8d9,07d7df22,a99f214a,8a187a44,aaffed8f,1,0,1012,19772,320,50,2227,0,679,100075,48,fb38b7fa4c,2,2
14897053962697332942,14102318,0,0,85f751fd,c4e18dd6,50e219e0,de97da65,33da2e74,0f2161f8,a99f214a,009a7861,03683bd4,1,0,1005,18648,320,50,1092,3,811,100156,61,cfb5adf3c2,20,20
14905967755197569525,14102318,0,0,c70e6525,03cc62db,50e219e0,ecad2386,7801e8d9,07d7df22,27a0a5b3,04dc5a8f,97868ca6,0,0,1002,21567,320,50,2476,2,167,100141,23,bbd8f61c53,2,7
17183706620358294034,14102318,0,1,e151e245,7e091613,f028772b,ecad2386,7801e8d9,07d7df22,a99f214a,03d9b4aa,3f3d3fa8,1,0,1005,22142,320,50,2550,0,547,-1,51,1fa1e159b0,4,4
1728847191038284655,14102318,0,0,85f751fd,c4e18dd6,50e219e0,8dbc921a,d9b5648e,0f2161f8,a99f214a,1f4a238b,9b5ce758,1,0,1005,21611,320,50,2480,3,297,100111,61,ad938c3e08,19,42
17538687010065709664,14102318,0,0,85f751fd,c4e18dd6,50e219e0,febd1138,82e27996,0f2161f8,a99f214a,fa6d9b01,99e427c9,1,0,1005,21611,320,50,2480,3,297,100111,61,cc8d94fc56,12,19
17955507627619035472,14102318,0,0,1fbe01fe,f3845767,28905ebd,ecad2386,7801e8d9,07d7df22,a99f214a,c65caa1a,a0f5f879,1,0,1005,15706,320,50,1722,0,35,-1,79,1a2faba7af,3,7
2642781356767063737,14102318,0,0,85f751fd,c4e18dd6,50e219e0,7358e05e,b9528b13,cef3e649,3358f74a,19ca5388,945dd5c4,1,0,1005,1038,320,50,178,3,1327,100013,15,35c011fd55,5,12
3196325110016390107,14102318,1,1,e151e245,7e091613,f028772b,ecad2386,7801e8d9,07d7df22,a99f214a,ac99f6ee,779d90c2,1,0,1005,22141,320,50,2550,0,547,100130,51,3efe171afc,1,1
3888466186919422754,14102318,0,0,1fbe01fe,f3845767,28905ebd,ecad2386,7801e8d9,07d7df22,a99f214a,d5fd4490,6569eeb3,1,0,1005,15702,320,50,1722,0,35,100084,79,fda8e369e3,4,4
411905883835624127,14102318,1,0,85f751fd,c4e18dd6,50e219e0,72432561,2347f47a,0f2161f8,34e4e542,91cf8370,6d44e29a,1,3,1005,380,320,50,112,3,1319,-1,15,bd5a574583,3,4
4641647135255983683,14102318,0,0,1fbe01fe,f3845767,28905ebd,ecad2386,7801e8d9,07d7df22,a99f214a,693bff3e,78d9bd10,1,0,1005,15708,320,50,1722,0,35,-1,79,936dc22e2a,1,1
4678605555208353781,14102318,1,0,85f751fd,c4e18dd6,50e219e0,9c13b419,2347f47a,f95efa07,a99f214a,c26e5c85,900ad1f7,1,0,1005,18093,320,50,2060,3,39,-1,23,c6067fd57a,10,13
5073964553408724418,14102318,1,0,1fbe01fe,f3845767,28905ebd,ecad2386,7801e8d9,07d7df22,a99f214a,eca1c6f9,8a4875bd,1,0,1005,15701,320,50,1722,0,35,100083,79,7760daa2ed,4,11
5146218880844897092,14102318,0,0,85f751fd,c4e18dd6,50e219e0,febd1138,82e27996,0f2161f8,a99f214a,e8d5cd7e,af7fe221,1,0,1005,20508,320,50,2351,3,163,100020,61,edb887c3f4,2,5
5861502012183101349,14102318,0,1,e151e245,7e091613,f028772b,ecad2386,7801e8d9,07d7df22,a99f214a,784af582,a2f15940,1,0,1005,17264,320,50,1872,3,39,-1,23,62d350aec6,7,7
7140298078220927319,14102318,0,0,1fbe01fe,f3845767,28905ebd,ecad2386,7801e8d9,07d7df22,a99f214a,6b9769f2,158e4944,1,0,1005,15708,320,50,1722,0,35,-1,79,17e5dcb624,3,17
7257400828341488109,14102318,0,1,e151e245,7e091613,f028772b,ecad2386,7801e8d9,07d7df22,a99f214a,6471a2bf,be6db1d7,1,0,1005,22141,320,50,2550,0,547,100221,51,fb57a44a15,6,8
8721288771636838286,14102318,0,0,1fbe01fe,f3845767,28905ebd,ecad2386,7801e8d9,07d7df22,a99f214a,11c1b3a6,a0f5f879,1,0,1005,15699,320,50,1722,0,35,100084,79,98231771c9,7,16
9052811079541536391,14102318,0,0,5bcf81a2,9d54950b,f028772b,ecad2386,7801e8d9,07d7df22,a99f214a,146e07c4,cec7fa02,1,0,1005,20995,320,50,2369,0,809,100111,46,5c77ff7c80,12,12
9404581819623227823,14102318,0,0,1fbe01fe,f3845767,28905ebd,ecad2386,7801e8d9,07d7df22,a99f214a,af378c84,36d749e5,1,0,1005,15707,320,50,1722,0,35,-1,79,06d4240fa8,3,9
9789484130641662141,14102318,0,0,1fbe01fe,f3845767,28905ebd,ecad2386,7801e8d9,07d7df22,a99f214a,a0c6d83f,4ceb2e0b,1,0,1005,15705,320,50,1722,0,35,100084,79,49afdab5dc,2,6
9802161819131926226,14102318,0,0,1fbe01fe,f3845767,28905ebd,ecad2386,7801e8d9,07d7df22,a99f214a,c4830f68,553f099b,1,0,1005,15707,320,50,1722,0,35,-1,79,a55b0e289d,1,1
1031952092389029293,14102319,1,0,1fbe01fe,f3845767,28905ebd,ecad2386,7801e8d9,07d7df22,a99f214a,8866c872,6332421a,1,0,1005,15704,320,50,1722,0,35,-1,79,eedd397101,5,5
11279968820018879308,14102319,1,0,2328ee8e,7804dea6,f028772b,ecad2386,7801e8d9,07d7df22,a99f214a,398230e8,1f0bc64f,1,0,1005,20352,320,50,2333,0,39,-1,157,211a42db33,1,5
12248733042252751719,14102319,0,0,38217daf,449497bc,f028772b,ecad2386,7801e8d9,07d7df22,a99f214a,9e6fcfa0,d4897fef,1,0,1005,20346,300,250,2331,2,39,-1,23,8cc6d7d094,4,12
13044283504954999648,14102319,0,1,92c7cbe7,6e882918,75fa27f6,ecad2386,7801e8d9,07d7df22,a99f214a,8d6c040d,3f3d3fa8,1,0,1005,16615,320,50,1863,3,39,-1,23,bebbfb85e3,1,1
14144722327393913278,14102319,0,0,1fbe01fe,f3845767,28905ebd,ecad2386,7801e8d9,07d7df22,a99f214a,5b58f7d1,6332421a,1,0,1005,15707,320,50,1722,0,35,100084,79,1b96491ea7,6,16
14501492860801858122,14102319,1,0,4bf5bbe2,6b560cc1,28905ebd,ecad2386,7801e8d9,07d7df22,a99f214a,15413898,2d31fd3f,1,0,1005,21789,320,50,2512,2,303,-1,52,d140444d5b,12,20
14800619357716674896,14102319,0,1,e151e245,7e091613,f028772b,ecad2386,7801e8d9,07d7df22,a99f214a,b32feedb,67def95c,1,0,1005,17264,320,50,1872,3,39,-1,23,5c556af21f,8,15
15100612253387911640,14102319,0,0,85f751fd,c4e18dd6,50e219e0,febd1138,82e27996,0f2161f8,a99f214a,55b48cad,93a90f85,1,0,1005,22092,320,50,2543,1,161,100192,71,9bc5724c30,1,1
15291215392044516313,14102319,0,0,72af592e,19944fab,3e814130,ecad2386,7801e8d9,07d7df22,a99f214a,f70eb6d0,8a4875bd,1,0,1005,20352,320,50,2333,0,39,-1,157,7f0da76c50,1,16
153667663813872281,14102319,0,1,85f751fd,c4e18dd6,50e219e0,03a08c3f,7801e8d9,0f2161f8,ea6d37d0,5fadf1d9,fdfa8fcd,4,2,1010,15703,320,50,1722,0,35,-1,79,749ac9d659,3,3
1549109753001630010,14102319,0,0,d9750ee7,98572c79,f028772b,ecad2386,7801e8d9,07d7df22,a99f214a,602ec53d,3c55fad5,1,0,1005,21727,320,50,2502,0,39,-1,221,573e3eb827,11,12
1679206756089268276,14102319,0,0,6256f5b4,28f93029,f028772b,ecad2386,7801e8d9,07d7df22,a99f214a,e80e2ac9,330221b0,1,0,1005,17212,320,50,1887,3,39,100194,23,7e9a8bea66,9,20
17658940150181729481,14102319,0,0,85f751fd,c4e18dd6,50e219e0,7358e05e,b9528b13,cef3e649,e2122ac9,25480f5e,6715887e,1,0,1005,1038,320,50,178,3,1327,100148,15,3b05e300d6,3,17
18320673850480982675,14102319,0,0,85f751fd,c4e18dd6,50e219e0,54c5d545,2347f47a,0f2161f8,672b56e6,13d8050f,ad328c4d,1,0,1005,6560,320,50,571,2,39,100048,32,ab3db902af,8,9
18383043304536995037,14102319,0,0,85f751fd,c4e18dd6,50e219e0,febd1138,82e27996,0f2161f8,a99f214a,b8b50a7a,99e427c9,1,0,1005,21611,320,50,2480,3,297,100111,61,09a8a4be02,5,18
1906412528326501947,14102319,0,0,85f751fd,c4e18dd6,50e219e0,2a34457c,2347f47a,dc97ec06,20b6d840,6ef90518,8a4875bd,1,0,1005,20365,300,250,2333,0,39,-1,157,7f0ed61f68,23,44
1935224212039016454,14102319,0,1,5b4d2eda,16a36ef3,f028772b,ecad2386,7801e8d9,07d7df22,a99f214a,498abd23,88fe1d5d,1,0,1005,19772,320,50,2227,0,679,-1,48,37ccee1327,3,4
5328893719485314231,14102319,0,0,5b08c53b,7687a86e,3e814130,ecad2386,7801e8d9,07d7df22,a99f214a,a8536f3a,84ebbcd4,1,0,1005,17653,300,250,1994,2,39,-1,33,521466df77,8,8
5741610364693777889,14102319,0,1,5ee41ff2,17d996e6,f028772b,ecad2386,7801e8d9,07d7df22,a99f214a,5a60521e,8a4875bd,1,0,1005,16920,320,50,1899,0,431,100077,117,4ddde3dee5,6,16
766856177967673406,14102319,0,1,e151e245,7e091613,f028772b,ecad2386,7801e8d9,07d7df22,a99f214a,0ad410f2,be6db1d7,1,0,1005,4687,320,50,423,2,39,100148,32,c114f6f749,8,10
8452702926701998229,14102319,0,7,85f751fd,c4e18dd6,50e219e0,54338637,7801e8d9,0f2161f8,d79cc721,5bee228d,f07e20f8,4,2,1010,21792,480,320,2513,3,1059,100025,68,9d7fcf7de3,2,7
8502773934900252486,14102319,0,0,1fbe01fe,f3845767,28905ebd,ecad2386,7801e8d9,07d7df22,a99f214a,01bc3754,a0f5f879,1,0,1005,15706,320,50,1722,0,35,100083,79,1abfd033f5,3,4
10439401778567241561,14102320,0,1,5b4d2eda,16a36ef3,f028772b,ecad2386,7801e8d9,07d7df22,a99f214a,dc9d08be,36b8f4c5,1,0,1005,19772,320,50,2227,0,679,100081,48,367ab64b73,4,8
1137518941184809579,14102320,0,0,d1d511f5,c4e18dd6,50e219e0,ecad2386,7801e8d9,07d7df22,fdbd12e5,14809dad,f7e89191,0,0,1002,19665,320,50,2253,2,303,100057,52,3502a6a7ba,19,43
12540551145310203054,14102320,0,0,2012f737,3804b101,3e814130,ecad2386,7801e8d9,07d7df22,a99f214a,7474ea20,fa61e8fe,1,0,1005,20352,320,50,2333,0,39,-1,157,c5527b2f9d,2,6
15493419662196388232,14102320,0,0,85f751fd,c4e18dd6,50e219e0,92f5800b,ae637522,0f2161f8,a99f214a,71c93712,981edffc,1,3,1005,21191,320,50,2424,1,161,100189,71,af387ec9c5,1,17
1667280739629255704,14102320,1,0,85f751fd,c4e18dd6,50e219e0,7358e05e,b9528b13,cef3e649,dac97c3c,e9d3279e,be6db1d7,1,0,1005,1038,320,50,178,3,1327,100148,15,9936551bd4,17,20
2437715034295225740,14102320,0,0,85f751fd,c4e18dd6,50e219e0,92f5800b,ae637522,0f2161f8,a99f214a,0c2a840d,0bcabeaf,1,3,1005,21189,320,50,2424,1,161,100190,71,6037339757,1,4
3074842550244884551,14102320,1,1,e151e245,7e091613,f028772b,ecad2386,7801e8d9,07d7df22,a99f214a,57e202b1,b511840f,1,0,1005,17014,320,50,1872,3,39,-1,23,b847fa79ff,1,3
3237071960918334915,14102320,0,0,1fbe01fe,f3845767,28905ebd,ecad2386,7801e8d9,07d7df22,a99f214a,0c5f8208,36d749e5,1,0,1005,15704,320,50,1722,0,35,-1,79,b9220e0eec,6,9
409992478691702757,14102320,0,0,1fbe01fe,f3845767,28905ebd,ecad2386,7801e8d9,07d7df22,a99f214a,d16e7a44,711ee120,1,0,1005,15703,320,50,1722,0,35,-1,79,2ffff24450,2,2
4241701498170249983,14102320,0,0,85f751fd,c4e18dd6,50e219e0,a0fc55e5,2347f47a,0f2161f8,0ff09c81,c57adb63,4ee6cea0,1,0,1005,20361,300,250,2333,0,39,-1,157,377e99f2c8,2,16
6548714152012685709,14102320,1,1,e151e245,7e091613,f028772b,ecad2386,7801e8d9,07d7df22,a99f214a,d57a99f4,0d8ce284,1,0,1005,17037,320,50,1934,2,39,-1,16,10ec875336,11,24
7492703075343906464,14102320,0,0,6ec06dbd,d262cf1e,f66779e6,ecad2386,7801e8d9,07d7df22,a99f214a,930ec31d,03683bd4,1,0,1005,9248,320,50,768,3,175,100156,42,14365bf3eb,5,9
8699523037559085162,14102320,0,0,1fbe01fe,f3845767,28905ebd,ecad2386,7801e8d9,07d7df22,a99f214a,431b3174,eb9d69e8,1,0,1005,15705,320,50,1722,0,35,-1,79,ecbbdc5664,2,8
9595939170659251863,14102320,0,0,2a68aa20,9b851bd8,3e814130,ecad2386,7801e8d9,07d7df22,a99f214a,062af6cd,e981565c,1,0,1005,20362,320,50,2333,0,39,-1,157,4fdc7839a0,2,23
9690032418716163169,14102320,0,0,85f751fd,c4e18dd6,50e219e0,7358e05e,b9528b13,cef3e649,5afb4f81,6caa236c,7abbbd5c,1,0,1005,20634,320,50,2374,3,39,-1,23,8c5cada522,5,5
10696639630459141477,14102321,1,0,4bf5bbe2,6b560cc1,28905ebd,ecad2386,7801e8d9,07d7df22,a99f214a,d37cc8ee,8a4875bd,1,0,1005,21789,320,50,2512,2,303,-1,52,70cc4c9e4e,8,20
11097820708715438756,14102321,0,0,85f751fd,c4e18dd6,50e219e0,e9739828,df32afa9,cef3e649,a99f214a,da88de86,f063b808,1,0,1005,21189,320,50,2424,1,161,100193,71,b847fa79ff,6,8
11432198133974170664,14102321,0,0,85f751fd,c4e18dd6,50e219e0,92f5800b,ae637522,0f2161f8,a99f214a,9254e9cd,496515fa,1,3,1005,21191,320,50,2424,1,161,100192,71,3407ff4dc0,2,6
12468550553467067975,14102321,0,0,85f751fd,c4e18dd6,50e219e0,03528b27,2347f47a,8ded1f7a,a99f214a,8870500a,feb70d53,1,0,1005,17017,320,50,1873,3,39,-1,23,0324feb201,2,10
14022577491471579707,14102321,0,0,41477778,4b23d058,f028772b,ecad2386,7801e8d9,07d7df22,a99f214a,97d39a4c,be6db1d7,1,0,1005,20352,320,50,2333,0,39,-1,157,6ffc75f95d,2,2
14073597687364597758,14102321,0,1,e151e245,7e091613,f028772b,ecad2386,7801e8d9,07d7df22,a99f214a,ad161166,01161611,1,0,1005,17014,320,50,1872,3,39,100034,23,4551098782,14,21
14276694881172486304,14102321,0,0,85f751fd,c4e18dd6,50e219e0,e2fcccd2,5c5a694b,0f2161f8,d0fa1614,69818b74,89416188,1,0,1005,4687,320,50,423,2,39,100148,32,3cbc60f0e1,1,2
14841912075701628568,14102321,0,0,cd58172f,b9c4ab81,f028772b,ecad2386,7801e8d9,07d7df22,a99f214a,aa52748a,711ee120,1,0,1005,17877,320,50,2036,3,47,-1,156,a6dad2c2ef,4,4
16846011824513294497,14102321,0,0,1fbe01fe,f3845767,28905ebd,ecad2386,7801e8d9,07d7df22,a99f214a,0d33f5e6,8a4875bd,1,0,1005,15704,320,50,1722,0,35,-1,79,e00825db76,3,5
17514131034029893131,14102321,0,0,1fbe01fe,f3845767,28905ebd,ecad2386,7801e8d9,07d7df22,a99f214a,2b5288d0,3de05cb4,1,2,1005,15699,320,50,1722,0,35,100084,79,5e9881a86a,4,9
2441801785861647214,14102321,0,1,57fe1b20,5b626596,f028772b,ecad2386,7801e8d9,07d7df22,a99f214a,4fcdcd9b,e9b8d8d7,1,0,1005,20633,320,50,2374,3,39,-1,23,b1192d9f4a,10,10
5959392704676252599,14102321,0,0,85f751fd,c4e18dd6,50e219e0,940961b9,7801e8d9,0f2161f8,0a04637d,2dd398ad,a1a7a957,1,0,1005,20633,320,50,2374,3,39,-1,23,cd60374e9e,10,20
6346670840729507569,14102321,0,1,e151e245,7e091613,f028772b,ecad2386,7801e8d9,07d7df22,a99f214a,92f45b61,7abbbd5c,1,0,1005,17037,320,50,1934,2,39,-1,16,7e77f4476d,3,4
7340243832843623487,14102321,0,1,5b4d2eda,16a36ef3,f028772b,ecad2386,7801e8d9,07d7df22,a99f214a,94154309,be6db1d7,1,0,1005,20005,320,50,2283,0,163,-1,95,5c4189ce81,15,15
7701790808876554402,14102321,1,0,85f751fd,c4e18dd6,50e219e0,92f5800b,ae637522,0f2161f8,a99f214a,5a6d8b45,981edffc,1,2,1005,21189,320,50,2424,1,161,100192,71,5beb805c79,47,47
11704223821091597608,14102322,0,0,85f751fd,c4e18dd6,50e219e0,febd1138,82e27996,0f2161f8,a99f214a,0c7d4fc9,a7090ec7,1,0,1005,21611,320,50,2480,3,297,100111,61,fee81530dd,3,12
12339614770688609394,14102322,1,1,d9750ee7,98572c79,f028772b,ecad2386,7801e8d9,07d7df22,a99f214a,11216184,d787e91b,1,0,1005,16615,320,50,1863,3,39,-1,23,c2ad915cb5,16,22
13541035715084519847,14102322,0,0,85f751fd,c4e18dd6,50e219e0,7358e05e,b9528b13,cef3e649,a4eb4ff3,626caa28,1ccc7835,1,0,1005,18091,320,50,2060,3,39,-1,23,e1c46be3da,15,23
13686052351504187842,14102322,0,0,85f751fd,c4e18dd6,50e219e0,7358e05e,b9528b13,cef3e649,834c1f60,fb61266c,cdf6ea96,1,0,1005,1037,320,50,178,3,1327,100148,15,4a32461c15,10,10
15111038889442107160,14102322,0,0,1fbe01fe,f3845767,28905ebd,ecad2386,7801e8d9,07d7df22,a99f214a,6b9769f2,7dc3b26e,1,0,1005,15707,320,50,1722,0,35,-1,79,5b25838ebf,1,1
16156079038081868812,14102322,0,0,1fbe01fe,f3845767,28905ebd,ecad2386,7801e8d9,07d7df22,a99f214a,6b9769f2,04f5b394,1,0,1005,15707,320,50,1722,0,35,-1,79,3b00f4c4ed,1,1
18219448059725182421,14102322,0,0,1fbe01fe,f3845767,28905ebd,ecad2386,7801e8d9,07d7df22,a99f214a,ac826d75,ef726eae,1,0,1005,15705,320,50,1722,0,35,-1,79,59dc11ae7e,1,4
2668315679958275511,14102322,0,0,85f751fd,c4e18dd6,50e219e0,98fed791,d9b5648e,0f2161f8,a99f214a,e281b5fa,72a00661,1,0,1005,20984,320,50,2371,0,551,100217,46,d95f0a3e9c,6,15
4736995668827050571,14102322,0,0,85f751fd,c4e18dd6,50e219e0,92f5800b,ae637522,0f2161f8,a99f214a,066cefbf,981edffc,1,3,1005,21189,320,50,2424,1,161,100193,71,707d0767fe,4,15
5248662750328892787,14102322,0,0,85f751fd,c4e18dd6,50e219e0,e2a1ca37,2347f47a,8ded1f7a,a99f214a,246429af,77bf3c3c,1,2,1005,16688,320,50,1873,3,39,-1,23,83b453930c,7,11
6740182516666311497,14102322,0,0,93eaba74,7687a86e,3e814130,ecad2386,7801e8d9,07d7df22,a99f214a,086ef670,84ebbcd4,1,0,1005,17653,300,250,1994,2,39,-1,33,ee038b63f3,17,25
7606603214032747435,14102322,0,1,f61eaaae,6b59f079,f028772b,ecad2386,7801e8d9,07d7df22,a99f214a,fd56d6d6,7abbbd5c,1,0,1005,16615,320,50,1863,3,39,-1,23,b847fa79ff,4,13
8371860035568626132,14102322,1,0,1fbe01fe,f3845767,28905ebd,ecad2386,7801e8d9,07d7df22,a99f214a,077de383,06fbfd42,1,0,1005,15701,320,50,1722,0,35,-1,79,1018539c0d,8,22
8517518228176013693,14102322,1,1,e151e245,7e091613,f028772b,ecad2386,7801e8d9,07d7df22,a99f214a,a72e8029,cdf6ea96,1,0,1005,17747,320,50,1974,2,39,-1,33,640b6fc218,5,12
10368984098604695828,14102323,0,0,4bf5bbe2,6b560cc1,28905ebd,ecad2386,7801e8d9,07d7df22,a99f214a,a3350ea2,5d7f83d0,1,0,1005,17212,320,50,1887,3,39,-1,23,3b6cd4b6da,5,9
10419043995678412192,14102323,0,0,85f751fd,c4e18dd6,50e219e0,7358e05e,b9528b13,cef3e649,5cefcea4,90c0053c,84ebbcd4,1,0,1005,1039,320,50,178,3,1327,100148,15,6bd8b651b8,3,4
11202449973329479109,14102323,1,0,85f751fd,c4e18dd6,50e219e0,ce183bbd,ae637522,cef3e649,a99f214a,8c051f57,36b67a2a,1,0,1005,21816,320,50,2519,1,171,100191,71,a2e96b6c46,2,20
11930681833511587838,14102323,0,0,f58d0bc8,7e3be6ba,f028772b,ecad2386,7801e8d9,07d7df22,a99f214a,4628804c,ecb851b2,1,0,1005,17239,320,50,1973,3,39,100148,23,06a106f656,14,26
13662104943411429321,14102323,0,0,1fbe01fe,f3845767,28905ebd,ecad2386,7801e8d9,07d7df22,a99f214a,bf7cba57,d787e91b,1,0,1005,15699,320,50,1722,0,35,-1,79,d236cf6ae1,2,4
1378443090990893880,14102323,0,0,85f751fd,c4e18dd6,50e219e0,ce183bbd,ae637522,cef3e649,a99f214a,f9a56035,36b67a2a,1,0,1005,16350,320,50,1823,1,167,100003,71,df54eddfcf,2,3
14715825975704158404,14102323,0,0,85f751fd,c4e18dd6,50e219e0,685d1c4c,2347f47a,8ded1f7a,5f7d42de,efa25f50,ab145aa1,1,2,1005,21760,320,50,2502,0,39,100083,221,b2b57ffad5,1,16
17303900794783218873,14102323,0,0,6fcff501,b9c4ab81,f028772b,ecad2386,7801e8d9,07d7df22,a99f214a,1adb2a05,f60c2fd3,1,0,1005,20998,320,50,2369,0,809,100111,46,4ddde3dee5,8,13
2407750340895417298,14102323,0,0,1fbe01fe,f3845767,28905ebd,ecad2386,7801e8d9,07d7df22,a99f214a,75bb1b58,7abbbd5c,1,0,1005,15707,320,50,1722,0,35,-1,79,bcb225d370,6,6
2550740813567387882,14102323,0,0,85f751fd,c4e18dd6,50e219e0,ce183bbd,ae637522,cef3e649,a99f214a,24d5fa2d,36b67a2a,1,0,1005,21816,320,50,2519,1,171,100191,71,d9939c9368,2,2
2699052523116903716,14102323,0,1,17caea14,0dde25ec,f028772b,ecad2386,7801e8d9,07d7df22,a99f214a,7dc46258,bbeedfee,1,0,1005,20312,320,50,1780,0,1711,100077,48,690757766c,5,26
3242518047064483491,14102323,0,1,d9750ee7,98572c79,f028772b,ecad2386,7801e8d9,07d7df22,a99f214a,e1ab2911,1ebc7efd,1,0,1005,18095,320,50,2060,3,39,-1,23,b847fa79ff,3,6
334264749236722849,14102323,0,0,85f751fd,c4e18dd6,50e219e0,03528b27,2347f47a,8ded1f7a,31728c09,21249372,d6e0e6ff,1,0,1005,16408,320,50,1835,1,431,-1,71,828ecda5ce,3,3
7679342202177828187,14102323,0,1,f61eaaae,6b59f079,f028772b,ecad2386,7801e8d9,07d7df22,a99f214a,e6cd1940,fa952a77,1,0,1005,20966,320,50,2372,0,813,100225,46,183c9ffc95,10,27
8568387782298898455,14102323,0,0,1fbe01fe,f3845767,28905ebd,ecad2386,7801e8d9,07d7df22,a99f214a,f2b5c897,ef726eae,1,0,1005,15703,320,50,1722,0,35,100084,79,a62a0aae31,1,1
10598026466304223013,14102400,0,1,5b4d2eda,16a36ef3,f028772b,ecad2386,7801e8d9,07d7df22,a99f214a,e1de38c7,051263ee,1,0,1005,19771,320,50,2227,0,679,100075,48,973588c794,2,2
10698595691926450487,14102400,0,0,dc1e8b06,9d40d8b5,f66779e6,ecad2386,7801e8d9,07d7df22,a99f214a,93a0f1a7,1af7ceb7,1,0,1005,20634,320,50,2374,3,39,-1,23,63d0850f62,24,24
10757454615904443136,14102400,0,0,0aab7161,660aeadc,f028772b,ecad2386,7801e8d9,07d7df22,a99f214a,0d5c05b7,3bd9e8e7,1,0,1005,18091,320,50,2060,3,39,100106,23,3587b44553,20,20
1082038590678133910,14102400,0,0,38217daf,449497bc,f028772b,ecad2386,7801e8d9,07d7df22,a99f214a,e84cdba9,7abbbd5c,1,0,1005,20345,300,250,2331,2,39,-1,23,42fbba43ed,35,44
11776337998467459895,14102400,0,0,85f751fd,c4e18dd6,50e219e0,c8e3e3c1,b5f3b24a,8ded1f7a,6942f5d2,e3ee7b21,d787e91b,1,0,1005,22029,320,50,2537,0,687,100031,48,b5e7279d5c,15,15
12065758649896154866,14102400,0,1,85f751fd,c4e18dd6,50e219e0,feb2dcdb,7801e8d9,75d80bbe,dcdf6ffb,c3933605,f07e20f8,4,0,1010,20352,320,50,2333,0,39,100130,157,8c3e805ce0,3,11
15296745259006765491,14102400,1,0,85f751fd,c4e18dd6,50e219e0,98fed791,d9b5648e,0f2161f8,a99f214a,20639261,aad45b01,1,0,1005,21611,320,50,2480,3,297,100111,61,b9bf69de0b,9,9
16634158162757786317,14102400,0,0,5b08c53b,7687a86e,3e814130,ecad2386,7801e8d9,07d7df22,a99f214a,ef3b73c9,18d8fb90,1,0,1005,17653,300,250,1994,2,39,100084,33,d44db17c41,1,1
2667063855726719011,14102400,1,0,85f751fd,c4e18dd6,50e219e0,e2fcccd2,5c5a694b,0f2161f8,a99f214a,970a1395,ecb851b2,1,0,1005,4687,320,50,423,2,39,100148,32,a6ef9aced1,2,9
314134221806481333,14102400,0,0,85f751fd,c4e18dd6,50e219e0,7358e05e,b9528b13,cef3e649,00a4bd75,7ed30f6c,57b3c6c3,1,0,1005,17212,320,50,1887,3,39,-1,23,af1611eb1c,4,6
7072968552822073048,14102400,0,0,1fbe01fe,f3845767,28905ebd,ecad2386,7801e8d9,07d7df22,a99f214a,8a04f171,4ea23a13,1,0,1005,15708,320,50,1722,0,35,-1,79,82071fd0c4,2,6
1479569269817384642,14102401,1,0,2b1ddb24,98acf46c,3e814130,ecad2386,7801e8d9,07d7df22,a99f214a,5c87b499,76dc4769,1,0,1005,17239,320,50,1973,3,39,-1,23,c1185fd116,12,20
17918839643007461535,14102401,0,0,1fbe01fe,f3845767,28905ebd,ecad2386,7801e8d9,07d7df22,a99f214a,665810f3,2db63e92,1,0,1005,15702,320,50,1722,0,35,100083,79,cee7fb3c20,4,4
3892196519127276272,14102401,0,0,85f751fd,c4e18dd6,50e219e0,08a53ae7,7801e8d9,07d7df22,2dac8e60,16377bd7,05e3afbf,0,0,1002,21676,320,50,2495,2,167,-1,23,f94a66d2fe,2,19
6249759554823826074,14102401,1,0,1fbe01fe,f3845767,28905ebd,ecad2386,7801e8d9,07d7df22,a99f214a,37ebc26a,3bd9e8e7,1,0,1005,15707,320,50,1722,0,35,100084,79,d34631cd3e,3,4
6447645827660521190,14102401,0,0,85f751fd,c4e18dd6,50e219e0,685d1c4c,2347f47a,8ded1f7a,b9ad8af6,f6075f35,3bd9e8e7,1,3,1005,21762,320,50,2502,0,39,100084,221,03f4954fd2,4,7
8714855306228878548,14102401,0,0,1fbe01fe,f3845767,28905ebd,ecad2386,7801e8d9,07d7df22,a99f214a,aa42be81,8a4875bd,1,0,1005,15704,320,50,1722,0,35,-1,79,ab23b861d2,9,33
12790260841201733215,14102402,0,0,85f751fd,c4e18dd6,50e219e0,98fed791,d9b5648e,0f2161f8,a99f214a,092dcc6b,a4b6f65b,1,0,1005,21611,320,50,2480,3,297,100111,61,5f6f70e2d1,8,8
13149996042085138395,14102402,0,0,85f751fd,c4e18dd6,50e219e0,efb67587,2347f47a,f95efa07,a99f214a,724804a4,3223bcfe,1,0,1005,375,320,50,112,3,1319,-1,15,f027f9f18e,2,3
14029029014059850121,14102402,0,0,85f751fd,c4e18dd6,50e219e0,ce183bbd,ae637522,cef3e649,a99f214a,1870ded3,36b67a2a,1,0,1005,16352,320,50,1823,1,167,100003,71,f480fa915b,9,10
14447339335217751870,14102402,0,1,e023ba3e,75f9ddc3,f028772b,ecad2386,7801e8d9,07d7df22,a99f214a,b4d51796,e96c0bfa,1,0,1005,20312,320,50,1780,0,1711,100077,48,75eae5a2fc,3,12
15922368609000597913,14102402,0,0,1fbe01fe,f3845767,28905ebd,ecad2386,7801e8d9,07d7df22,a99f214a,57cd4006,1f0bc64f,1,0,1005,15705,320,50,1722,0,35,-1,79,cdb3deefd2,9,11
1691045400524797242,14102402,0,0,1fbe01fe,f3845767,28905ebd,ecad2386,7801e8d9,07d7df22,a99f214a,aacb5860,8a4875bd,1,0,1005,15702,320,50,1722,0,35,-1,79,fd1df3dcbc,1,1
17780865853761875898,14102402,0,0,85f751fd,c4e18dd6,50e219e0,e2fcccd2,5c5a694b,0f2161f8,355146ec,3c681fa8,ecb851b2,1,0,1005,22118,320,50,2547,2,35,-1,13,7332922028,9,32
17913937512237417300,14102402,0,0,85f751fd,c4e18dd6,50e219e0,d8784af5,2347f47a,8ded1f7a,67133611,82eb54a1,d8a606a5,1,0,1005,17875,320,50,2036,3,47,100111,156,e8067ccdf4,1,2
3388377214332512615,14102402,0,0,85f751fd,c4e18dd6,50e219e0,febd1138,82e27996,0f2161f8,a99f214a,0c611911,9b5ce758,1,0,1005,21611,320,50,2480,3,297,100111,61,de52004313,4,12
346930601733542415,14102402,0,1,57ef2c87,bd6d812f,f028772b,ecad2386,7801e8d9,07d7df22,a99f214a,8edc5d81,1f0bc64f,1,0,1005,16615,320,50,1863,3,39,-1,23,cd80c167f5,1,9
5121638385314574532,14102402,0,1,e151e245,7e091613,f028772b,ecad2386,7801e8d9,07d7df22,a99f214a,8cc162d5,7120e05e,1,0,1005,17264,320,50,1872,3,39,-1,23,3429e7ad28,7,18
5612996455844314773,14102402,0,1,e151e245,7e091613,f028772b,ecad2386,7801e8d9,07d7df22,a99f214a,0eba2a9c,ad328c4d,1,0,1005,4687,320,50,423,2,39,100148,32,ca4f096c09,1,9
6566468311264580448,14102402,0,0,6ec06dbd,d262cf1e,f66779e6,ecad2386,7801e8d9,07d7df22,a99f214a,00cbe57a,6d8395a3,1,0,1005,22193,320,50,2556,3,167,100202,23,ea2fa6ed80,3,6
6810689701882186974,14102402,0,0,a0a4523d,c4e18dd6,50e219e0,ecad2386,7801e8d9,07d7df22,b96d703c,be24d20d,072c9f1e,0,0,1002,21153,320,50,2420,2,35,100105,69,f5e53506e8,1,2
7937775141064545426,14102402,0,0,1fbe01fe,f3845767,28905ebd,ecad2386,7801e8d9,07d7df22,a99f214a,8f9301e8,f07e20f8,1,2,1005,15708,320,50,1722,0,35,100083,79,cd2c9c592f,5,5
8416891075844426133,14102402,0,0,85f751fd,c4e18dd6,50e219e0,febd1138,82e27996,0f2161f8,a99f214a,834b985d,321f8b9d,1,0,1005,21611,320,50,2480,3,297,100111,61,3ee8040893,3,3
9743372579146126874,14102402,0,0,1fbe01fe,f3845767,28905ebd,ecad2386,7801e8d9,07d7df22,a99f214a,54d68621,6569eeb3,1,0,1005,15706,320,50,1722,0,35,100084,79,394b5a4bc0,6,7
10055693810574566461,14102403,0,0,85f751fd,c4e18dd6,50e219e0,7358e05e,b9528b13,cef3e649,68ee2c0c,5c6dde87,1f0bc64f,1,0,1005,18093,320,50,2060,3,39,100050,23,213a2e9394,19,27
10371492665638291462,14102403,0,0,d6137915,bb1ef334,f028772b,ecad2386,7801e8d9,07d7df22,a99f214a,46646765,d787e91b,1,0,1005,16920,320,50,1899,0,431,-1,117,5d56f1399f,3,3
10373054053469030428,14102403,0,1,57ef2c87,bd6d812f,f028772b,ecad2386,7801e8d9,07d7df22,a99f214a,ad8a82c0,8a4875bd,1,0,1005,16208,320,50,1800,3,167,100075,23,f274bbbac5,7,8
13352148144847352740,14102403,0,1,44637516,27e3c518,f028772b,ecad2386,7801e8d9,07d7df22,a99f214a,6ef7ce53,4ea23a13,1,0,1005,21763,320,50,2502,0,39,-1,221,c3e214f4dd,5,6
13695466387001751470,14102403,1,0,4bf5bbe2,6b560cc1,28905ebd,ecad2386,7801e8d9,07d7df22,a99f214a,d24bb715,779d90c2,1,0,1005,20093,300,250,2295,2,35,100075,23,6230d64132,5,15
14129622716221806514,14102403,0,0,1fbe01fe,f3845767,28905ebd,ecad2386,7801e8d9,07d7df22,a99f214a,1b42e88a,f37ed101,1,0,1005,15704,320,50,1722,0,35,100084,79,b342d63242,5,8
15123555232259396722,14102403,0,0,6399eda6,968765cd,f028772b,ecad2386,7801e8d9,07d7df22,a99f214a,643e6e04,05e70df4,1,0,1005,19950,320,50,1800,3,167,100075,23,4519e0c481,5,11
15167633774774192898,14102403,0,0,85f751fd,c4e18dd6,50e219e0,e2fcccd2,5c5a694b,0f2161f8,b2fd6d8b,86a6737e,be74e6fe,1,0,1005,4687,320,50,423,2,39,100148,32,7ef2b14e70,21,27
1568684356076070674,14102403,1,0,6e4efb2c,5449fde7,f028772b,ecad2386,7801e8d9,07d7df22,a99f214a,c9edf3b9,d787e91b,1,0,1005,16920,320,50,1899,0,431,-1,117,e70e3b716c,12,23
3276234018102630900,14102403,0,0,85f751fd,c4e18dd6,50e219e0,51cedd4e,aefc06bd,0f2161f8,a99f214a,206db943,35e87701,1,0,1005,21611,320,50,2480,3,297,100111,61,97d87b90b3,3,8
3436006859869898837,14102403,0,0,85f751fd,c4e18dd6,50e219e0,febd1138,82e27996,0f2161f8,a99f214a,a0fb26df,9b5ce758,1,0,1005,21611,320,50,2480,3,297,100111,61,54147e4326,1,1
3784919638974369262,14102403,1,1,e8f79e60,c4342784,f028772b,ecad2386,7801e8d9,07d7df22,a99f214a,e8d84b71,8a4875bd,1,0,1005,19950,320,50,1800,3,167,100075,23,1bc85eeb5a,3,7
4314856044847450372,14102403,0,0,5bcf81a2,9d54950b,f028772b,ecad2386,7801e8d9,07d7df22,a99f214a,3aefe294,1f0bc64f,1,0,1005,19776,320,50,2229,0,687,100031,48,fb38b7fa4c,1,1
470661505137227336,14102403,1,0,1fbe01fe,f3845767,28905ebd,ecad2386,7801e8d9,07d7df22,a99f214a,ae1c0eb3,711ee120,1,0,1005,15707,320,50,1722,0,35,-1,79,1b95082508,7,7
5580778710799034381,14102403,0,0,afa9c558,5ef9cc48,50e219e0,ecad2386,7801e8d9,07d7df22,2a37db40,0bfb8dc5,cbc61465,0,0,1002,5299,320,50,479,3,39,100077,23,7e9a8bea66,2,2
5920267477282194,14102403,0,1,5b4d2eda,16a36ef3,f028772b,ecad2386,7801e8d9,07d7df22,a99f214a,3a354c12,8a4875bd,1,0,1005,16208,320,50,1800,3,167,100075,23,2df897afb4,12,20
6627972800186959698,14102403,0,0,ee8b8550,f415c8a8,f028772b,ecad2386,7801e8d9,07d7df22,a99f214a,847bdd3e,a17b4231,1,0,1005,21667,320,50,2494,3,39,100144,112,02a87e2a8f,25,43
7199097847232699706,14102403,0,0,1fbe01fe,f3845767,28905ebd,ecad2386,7801e8d9,07d7df22,a99f214a,d0109255,4ea23a13,1,0,1005,15707,320,50,1722,0,35,-1,79,62868272ed,3,4
10204421028525874202,14102404,0,0,d9750ee7,98572c79,f028772b,ecad2386,7801e8d9,07d7df22,a99f214a,0dc16f8b,8a4875bd,1,0,1005,21763,320,50,2502,0,39,100084,221,2ae4a63c40,20,26
10425695545983121303,14102404,0,0,85f751fd,c4e18dd6,50e219e0,febd1138,82e27996,0f2161f8,a99f214a,ad1ba67b,99e427c9,1,0,1005,21611,320,50,2480,3,297,100111,61,3587b44553,2,3
10642176210120802362,14102404,0,1,85f751fd,c4e18dd6,50e219e0,c776ba2a,7801e8d9,0f2161f8,7a9e73ae,cf63f0d4,f07e20f8,4,0,1010,16407,320,50,1835,1,431,100012,71,e2384add73,4,6
10854558690172785053,14102404,0,0,85f751fd,c4e18dd6,50e219e0,be7c618d,2347f47a,f95efa07,037cc532,5de4d497,4ea23a13,1,2,1005,377,320,50,112,3,1319,-1,15,d7448514db,12,13
13552736725604212375,14102404,0,1,5ee41ff2,17d996e6,f028772b,ecad2386,7801e8d9,07d7df22,a99f214a,217cfc10,86030d43,1,0,1005,19772,320,50,2227,0,679,100081,48,7ef4d3550e,2,3
13706249682935458213,14102404,0,1,d9750ee7,98572c79,f028772b,ecad2386,7801e8d9,07d7df22,a99f214a,3d1c020c,3bd9e8e7,1,0,1005,17753,320,50,1993,2,1063,-1,33,b1b489c1bb,6,12
13972775349164925321,14102404,0,0,85f751fd,c4e18dd6,50e219e0,f53417e1,0e8616ad,0f2161f8,a99f214a,80371346,7ac6007f,1,2,1005,456,320,50,122,3,1327,-1,15,b5e7279d5c,3,5
14538898838813893177,14102404,0,0,85f751fd,c4e18dd6,50e219e0,7358e05e,b9528b13,cef3e649,14e39d49,75665bb3,fce66524,1,0,1005,6991,320,50,613,2,39,-1,32,2d4568efed,23,39
14755017103837635228,14102404,0,1,e4d8dd7b,a17bde68,3e814130,ecad2386,7801e8d9,07d7df22,a99f214a,60f5b45c,8a4875bd,1,0,1005,19950,320,50,1800,3,167,100075,23,30c69580ac,1,2
15365744876408217586,14102404,0,0,1fbe01fe,f3845767,28905ebd,ecad2386,7801e8d9,07d7df22,a99f214a,953b2aa4,1f0bc64f,1,0,1005,15705,320,50,1722,0,35,-1,79,c500ac14ee,6,9
1616719860096541806,14102404,0,0,1a5c1d83,5dddf09e,f028772b,ecad2386,7801e8d9,07d7df22,a99f214a,3e400b2c,8a4875bd,1,0,1005,10289,320,50,1008,3,47,-1,23,52266b49de,1,29
16197965475825410026,14102404,0,0,85f751fd,c4e18dd6,50e219e0,9c13b419,2347f47a,f95efa07,a99f214a,fe807fab,d787e91b,1,0,1005,18091,320,50,2060,3,39,100048,23,ffb6d9f1b9,10,12
17128503562070222107,14102404,0,0,85f751fd,c4e18dd6,50e219e0,03528b27,2347f47a,8ded1f7a,44e757ae,38e2ba2a,81b42528,1,0,1005,15706,320,50,1722,0,35,-1,79,efc58b6c14,4,4
18276395021803401441,14102404,0,0,1fbe01fe,f3845767,28905ebd,ecad2386,7801e8d9,07d7df22,a99f214a,f1783ce6,a8d2c4cf,1,0,1005,15707,320,50,1722,0,35,100083,79,82071fd0c4,1,1
18309265588575074634,14102404,0,0,85f751fd,c4e18dd6,50e219e0,febd1138,82e27996,0f2161f8,a99f214a,2d33def1,99e427c9,1,0,1005,21611,320,50,2480,3,297,100111,61,1df55c1513,7,11
324102380124952461,14102404,0,0,d1a51189,c4e18dd6,50e219e0,ecad2386,7801e8d9,07d7df22,80f768be,b0a3cb3f,c978d6f5,0,0,1002,21789,320,50,2512,2,303,-1,52,8cc6d7d094,7,8
3692174703789053936,14102404,0,0,1fbe01fe,f3845767,28905ebd,ecad2386,7801e8d9,07d7df22,a99f214a,e54c1344,49ea3580,1,0,1005,15708,320,50,1722,0,35,-1,79,0dd1e0f842,2,8
4393606496963049264,14102404,0,1,5114c672,3f2f3819,3e814130,ecad2386,7801e8d9,07d7df22,a99f214a,aa31800e,76dc4769,1,0,1005,21987,320,50,2532,0,679,100077,48,dc48759487,3,7
4555695808659310591,14102404,0,0,1b581e08,fba7221d,f028772b,ecad2386,7801e8d9,07d7df22,a99f214a,7ca845b1,95a0fb49,1,0,1005,8330,320,50,761,3,175,100077,23,977d434bdb,1,3
5653384606030087067,14102404,1,1,e8f79e60,c4342784,f028772b,ecad2386,7801e8d9,07d7df22,a99f214a,d5069b48,7036b627,1,0,1005,21153,320,50,2420,2,35,-1,69,d355e58301,2,19
6357912100785534495,14102404,0,0,1fbe01fe,f3845767,28905ebd,ecad2386,7801e8d9,07d7df22,a99f214a,39122402,c144e605,1,0,1005,15706,320,50,1722,0,35,100084,79,81159d82de,6,9
6400825317510426964,14102404,0,0,1fbe01fe,f3845767,28905ebd,ecad2386,7801e8d9,07d7df22,a99f214a,46db9f72,5db079b5,1,2,1005,15707,320,50,1722,0,35,100083,79,2c96bd1338,5,5
673650716359330018,14102404,0,1,0eb72673,d2f72222,f028772b,ecad2386,7801e8d9,07d7df22,a99f214a,826e3c08,ecb851b2,1,0,1005,19950,320,50,1800,3,167,100077,23,ce184db1aa,5,31
6747995843450513415,14102404,0,0,8cbacf0b,a434fa42,f028772b,ecad2386,7801e8d9,07d7df22,a99f214a,f75cfae5,d4897fef,1,0,1005,20007,320,50,2283,0,163,100076,95,29a9e3aa7c,5,9
8429491880151530699,14102404,0,1,17caea14,0dde25ec,f028772b,ecad2386,7801e8d9,07d7df22,a99f214a,b9c2b6d1,8a4875bd,1,0,1005,16208,320,50,1800,3,167,100074,23,01777cbd7b,32,87
8802429376755953424,14102404,0,1,e8f79e60,c4342784,f028772b,ecad2386,7801e8d9,07d7df22,a99f214a,8da4d726,a0f5f879,1,0,1005,21412,320,50,2467,2,167,100081,23,39c604ddaf,13,54
8989754005180477632,14102404,0,0,1fbe01fe,f3845767,28905ebd,ecad2386,7801e8d9,07d7df22,a99f214a,7801e1fe,a0f5f879,1,0,1005,15704,320,50,1722,0,35,-1,79,432bb5dd88,10,12
9284693524224670834,14102404,0,1,57fe1b20,5b626596,f028772b,ecad2386,7801e8d9,07d7df22,a99f214a,0aa0040a,8a4875bd,1,0,1005,16208,320,50,1800,3,167,100074,23,e045d11929,9,12
10727971312784410062,14102405,0,0,85f751fd,c4e18dd6,50e219e0,f53417e1,0e8616ad,0f2161f8,a99f214a,4be47c6d,3de05cb4,1,2,1005,463,320,50,122,3,1327,100144,15,df9ff5fa5a,13,14
10857978008639059693,14102405,0,0,85f751fd,c4e18dd6,50e219e0,9c13b419,2347f47a,f95efa07,a99f214a,432b9f27,e47f989b,1,0,1005,20633,320,50,2374,3,39,-1,23,0e89b9fa24,1,3
11311135074898450116,14102405,0,0,85f751fd,c4e18dd6,50e219e0,f53417e1,0e8616ad,0f2161f8,a99f214a,1e951893,7ac6007f,1,2,1005,452,320,50,122,3,1327,-1,15,5dc919507a,1,1
11545385066510617909,14102405,0,0,5b08c53b,7687a86e,3e814130,ecad2386,7801e8d9,07d7df22,a99f214a,ee83f430,be74e6fe,1,0,1005,19016,300,250,2162,2,39,-1,33,1a11308b85,11,52
11553543444219232870,14102405,0,0,1fbe01fe,f3845767,28905ebd,ecad2386,7801e8d9,07d7df22,a99f214a,08c19288,c6263d8a,1,0,1005,20108,320,50,2299,2,1319,-1,52,de0c02b309,7,7
12740508555472385253,14102405,0,0,1fbe01fe,f3845767,28905ebd,ecad2386,7801e8d9,07d7df22,a99f214a,390c7e96,4ceb2e0b,1,0,1005,15707,320,50,1722,0,35,100084,79,5eca0daf9d,7,7
13213132131262896073,14102405,1,0,85f751fd,c4e18dd6,50e219e0,f53417e1,0e8616ad,0f2161f8,a99f214a,b55e92d2,684581ce,1,0,1005,454,320,50,122,3,1327,-1,15,8874113c32,3,19
13492939034759364560,14102405,0,0,1fbe01fe,f3845767,28905ebd,ecad2386,7801e8d9,07d7df22,a99f214a,6586aa3f,4ea23a13,1,0,1005,15706,320,50,1722,0,35,-1,79,360d4dae65,1,2
14145697319006363030,14102405,1,1,5ee41ff2,17d996e6,f028772b,ecad2386,7801e8d9,07d7df22,a99f214a,b7e1b58d,8d96a23d,1,2,1005,16615,320,50,1863,3,39,-1,23,1fa1e159b0,25,25
14439796834086398773,14102405,0,0,83a0ad1a,5c9ae867,f028772b,ecad2386,7801e8d9,07d7df22,a99f214a,39ca1d78,8a4875bd,1,0,1005,16615,320,50,1863,3,39,-1,23,4cbd26faea,4,24
14842452472459818067,14102405,0,1,e151e245,7e091613,f028772b,ecad2386,7801e8d9,07d7df22,a99f214a,99ecbaeb,dc70b0f9,1,0,1005,21677,320,50,2495,2,167,-1,23,c13072fb27,8,9
1486852407358847359,14102405,1,0,85f751fd,c4e18dd6,50e219e0,f53417e1,0e8616ad,0f2161f8,a99f214a,c7ce14c7,0dedddc5,1,2,1005,454,320,50,122,3,1327,-1,15,ef5de76017,4,42
1496649317759198039,14102405,1,1,e8f79e60,c4342784,f028772b,ecad2386,7801e8d9,07d7df22,a99f214a,3918d01b,8a4875bd,1,0,1005,19950,320,50,1800,3,167,100077,23,9061519433,2,6
16703943098232068985,14102405,0,0,6256f5b4,28f93029,f028772b,ecad2386,7801e8d9,07d7df22,a99f214a,e8db98c9,8a4875bd,1,0,1005,16615,320,50,1863,3,39,-1,23,41fbb32951,1,3
1688406006617524552,14102405,0,1,43d6df75,27e3c518,28905ebd,ecad2386,7801e8d9,07d7df22,a99f214a,9e7f737b,24f6b932,1,0,1005,21724,320,50,2502,0,39,100084,221,9dd4c29c19,6,18
17164306748829601913,14102405,0,0,85f751fd,c4e18dd6,50e219e0,be7c618d,2347f47a,f95efa07,a99f214a,3f3653ab,1aa0e912,1,3,1005,15706,320,50,1722,0,35,-1,79,850e8706b4,3,8
17680941132510164146,14102405,0,0,85f751fd,c4e18dd6,50e219e0,f53417e1,0e8616ad,0f2161f8,a99f214a,ed615536,b3f4c8ce,1,0,1005,456,320,50,122,3,1327,-1,15,dafd7ec5fb,1,4
2696233376379877685,14102405,0,0,1fbe01fe,f3845767,28905ebd,ecad2386,7801e8d9,07d7df22,a99f214a,f886c74e,d787e91b,1,0,1005,20108,320,50,2299,2,1319,-1,52,8cbe5159e2,23,32
3833385348713363349,14102405,0,0,85f751fd,c4e18dd6,50e219e0,fbbccc58,2347f47a,0f2161f8,a99f214a,6d928a40,1f0bc64f,1,0,1005,20635,300,250,2374,3,39,-1,23,cd5ea6fac8,4,6
6378862799572513882,14102405,1,0,1fbe01fe,f3845767,28905ebd,ecad2386,7801e8d9,07d7df22,a99f214a,2e08e353,ecb851b2,1,0,1005,15704,320,50,1722,0,35,-1,79,a1b3d25045,8,11
6972326375219735487,14102405,0,0,85f751fd,c4e18dd6,50e219e0,f53417e1,0e8616ad,0f2161f8,a99f214a,336e0e3e,ad0ecb0d,1,2,1005,456,320,50,122,3,1327,-1,15,7ef4d3550e,1,1
7333906018467875301,14102405,0,0,85f751fd,c4e18dd6,50e219e0,f53417e1,0e8616ad,0f2161f8,a99f214a,cfe3368f,684581ce,1,0,1005,452,320,50,122,3,1327,-1,15,559992576c,6,17
7613307072948445290,14102405,0,0,6ec06dbd,d262cf1e,f66779e6,ecad2386,7801e8d9,07d7df22,a99f214a,9fc8a736,96c5418b,1,0,1005,22197,320,50,2556,3,167,-1,23,a18bb29a70,40,49
7636140554956711518,14102405,0,0,b5122e27,6d627032,f028772b,ecad2386,7801e8d9,07d7df22,a99f214a,359155d7,be6db1d7,1,0,1005,21153,320,50,2420,2,35,-1,69,cb9a194f53,6,9
7886140902423108528,14102405,0,0,1fbe01fe,f3845767,28905ebd,ecad2386,7801e8d9,07d7df22,a99f214a,0489ce3f,258601f8,1,0,1005,15701,320,50,1722,0,35,-1,79,89095934c5,9,32
8166010124805146473,14102405,1,0,85f751fd,c4e18dd6,50e219e0,f53417e1,0e8616ad,0f2161f8,a99f214a,197c1704,1f0bc64f,1,0,1005,452,320,50,122,3,1327,-1,15,6a4662b4f0,5,12
8400859026433012521,14102405,1,0,1fbe01fe,f3845767,28905ebd,ecad2386,7801e8d9,07d7df22,a99f214a,5f7662d8,711ee120,1,0,1005,15704,320,50,1722,0,35,100084,79,b40e71b924,2,3
8824783258307793930,14102405,0,0,85f751fd,c4e18dd6,50e219e0,53de0284,d9b5648e,0f2161f8,a99f214a,9ddb53df,f4fffcd0,1,0,1005,21611,320,50,2480,3,297,100111,61,c17f3843e1,3,5
9562088845137869425,14102405,0,0,1fbe01fe,f3845767,28905ebd,ecad2386,7801e8d9,07d7df22,a99f214a,86682e9c,27466962,1,0,1005,15704,320,50,1722,0,35,100084,79,b2b57ffad5,6,10
11769801239979140014,14102406,0,1,7dd19f44,9690165f,f028772b,ecad2386,7801e8d9,07d7df22,a99f214a,4b78b25a,64a7b95b,1,0,1005,19772,320,50,2227,0,679,100079,48,92e6ba62e0,2,3
1181018736332178839,14102406,0,0,dcc019de,250469f8,3e814130,ecad2386,7801e8d9,07d7df22,a99f214a,9070628a,fa61e8fe,1,0,1005,8330,320,50,761,3,175,100077,23,3502a6a7ba,2,8
1190834044252110721,14102406,0,0,1fbe01fe,f3845767,28905ebd,ecad2386,7801e8d9,07d7df22,a99f214a,9b1fe278,301d587a,1,0,1005,15704,320,50,1722,0,35,-1,79,5bf339c9f6,23,49
12222991350827333797,14102406,0,1,5ee41ff2,17d996e6,f028772b,ecad2386,7801e8d9,07d7df22,a99f214a,bdef0ac4,8a4875bd,1,0,1005,16920,320,50,1899,0,431,100077,117,4bfbccdb89,7,7
14046323781776761597,14102406,0,1,0a742914,510bd839,f028772b,ecad2386,7801e8d9,07d7df22,a99f214a,8cb45496,eba9519f,1,0,1005,21988,320,50,2533,0,687,100079,48,6132c7fa95,2,3
15020668039761354209,14102406,0,0,d9750ee7,98572c79,f028772b,ecad2386,7801e8d9,07d7df22,a99f214a,75e58644,4ec1036c,1,0,1005,17875,320,50,2036,3,47,-1,156,782365fa28,1,1
1525825765458221555,14102406,0,0,85f751fd,c4e18dd6,50e219e0,98fed791,d9b5648e,0f2161f8,a99f214a,9e0c36df,aad45b01,1,0,1005,20277,320,50,2281,3,47,100181,42,ab82d69600,3,3
15716372649569729952,14102406,0,1,0a742914,510bd839,f028772b,ecad2386,7801e8d9,07d7df22,a99f214a,188bd9ce,8a4875bd,1,0,1005,19950,320,50,1800,3,167,100075,23,6037339757,2,4
16437585090786928291,14102406,0,1,e151e245,7e091613,f028772b,ecad2386,7801e8d9,07d7df22,a99f214a,6e61f1f7,d787e91b,1,0,1005,20277,320,50,2281,3,47,100181,42,c81208c9f1,1,1
17572437867751833605,14102406,1,1,e4d8dd7b,a17bde68,3e814130,ecad2386,7801e8d9,07d7df22,a99f214a,1c0699a5,be6db1d7,1,0,1005,16615,320,50,1863,3,39,-1,23,483aebfc42,3,5
17869904570750374951,14102406,0,0,75f43c5a,c4e18dd6,50e219e0,ecad2386,7801e8d9,07d7df22,c7fd3484,80efe49a,f9ba9057,0,0,1002,6991,320,50,613,2,39,100233,32,1680462962,9,12
18121200320601289360,14102406,0,1,57ef2c87,bd6d812f,f028772b,ecad2386,7801e8d9,07d7df22,a99f214a,388bed78,cb490192,1,0,1005,19950,320,50,1800,3,167,100081,23,4b143bb486,9,14
2355307953026282043,14102406,1,1,d9750ee7,98572c79,f028772b,ecad2386,7801e8d9,07d7df22,a99f214a,a5a800b6,a6e4a00e,1,0,1005,17614,320,50,1993,2,1063,-1,33,573e3eb827,4,24
2451842631657813875,14102406,0,0,6399eda6,968765cd,f028772b,ecad2386,7801e8d9,07d7df22,a99f214a,d2eecdb4,be6db1d7,1,0,1005,19950,320,50,1800,3,167,100077,23,6f1d3f41f9,1,1
3666453810361866229,14102406,0,1,5ee41ff2,17d996e6,f028772b,ecad2386,7801e8d9,07d7df22,a99f214a,9b40a642,1f0bc64f,1,0,1005,16920,320,50,1899,0,431,-1,117,7c0175048f,2,14
4094045979013567545,14102406,0,0,1fbe01fe,f3845767,28905ebd,ecad2386,7801e8d9,07d7df22,a99f214a,caaaa574,36d749e5,1,0,1005,21724,320,50,2502,0,39,-1,221,36efde2deb,1,1
4383074770649048716,14102406,0,0,85f751fd,c4e18dd6,50e219e0,92f5800b,ae637522,0f2161f8,a99f214a,fe45e1a6,981edffc,1,0,1005,21191,320,50,2424,1,161,100193,71,09e94d12f4,8,8
6696592832036984723,14102406,0,0,1fbe01fe,f3845767,28905ebd,ecad2386,7801e8d9,07d7df22,a99f214a,99fdad2f,a76c4b0a,1,0,1005,15699,320,50,1722,0,35,100084,79,a05316cc4f,1,7
7617814305217816508,14102406,0,1,92c7cbe7,6e882918,75fa27f6,ecad2386,7801e8d9,07d7df22,a99f214a,5a9f9c1d,42c83c64,1,0,1005,20970,320,50,2372,0,813,-1,46,b020a5347c,4,4
7729082106024711108,14102406,0,1,85f751fd,c4e18dd6,50e219e0,8c0dcd5a,7801e8d9,0f2161f8,55c0e12d,4af51507,cc4dea12,4,0,1010,21156,320,50,2420,2,35,-1,69,3014960c62,1,1
8387501397831208234,14102406,0,0,85f751fd,c4e18dd6,50e219e0,98fed791,d9b5648e,0f2161f8,a99f214a,6783365a,cd63b0bb,1,0,1005,20277,320,50,2281,3,47,100181,42,594092070a,8,12
8843749903179966543,14102406,1,1,e151e245,7e091613,f028772b,ecad2386,7801e8d9,07d7df22,a99f214a,f7853e5a,5096d134,1,0,1005,21675,320,50,2495,2,167,-1,23,7efa7b1ffb,3,3
9002919680291729490,14102406,1,1,57fe1b20,5b626596,f028772b,ecad2386,7801e8d9,07d7df22,a99f214a,c9d110a3,8a4875bd,1,0,1005,16208,320,50,1800,3,167,100077,23,42025c351c,3,4
9387175664190116771,14102406,0,1,17caea14,0dde25ec,f028772b,ecad2386,7801e8d9,07d7df22,a99f214a,9e24e8e1,8a4875bd,1,0,1005,19950,320,50,1800,3,167,100081,23,52266b49de,14,29
10014144397028417033,14102407,0,0,1fbe01fe,f3845767,28905ebd,ecad2386,7801e8d9,07d7df22,a99f214a,97195408,a5bce124,1,0,1005,20108,320,50,2299,2,1319,100084,52,41ccd607a6,2,4
1051523975591661734,14102407,0,0,85f751fd,c4e18dd6,50e219e0,92f5800b,ae637522,0f2161f8,a99f214a,71c93712,e1eae715,1,3,1005,21189,320,50,2424,1,161,100189,71,2f18f9acdd,1,1
10582447259054267795,14102407,0,0,1fbe01fe,f3845767,28905ebd,ecad2386,7801e8d9,07d7df22,a99f214a,4833fe0b,3bd9e8e7,1,0,1005,22260,320,50,2545,0,39,100084,221,36efde2deb,5,8
10705869041102095004,14102407,0,0,85f751fd,c4e18dd6,50e219e0,ce183bbd,ae637522,cef3e649,a99f214a,5686b27f,36b67a2a,1,0,1005,21818,320,50,2519,1,171,100191,71,7ce8754308,10,12
11780296586074071279,14102407,0,0,85f751fd,c4e18dd6,50e219e0,06ef0828,828da833,0f2161f8,a99f214a,c64f8ed3,2203a096,1,0,1005,15708,320,50,1722,0,35,-1,79,4ceb7f9437,1,1
12226886363675732180,14102407,1,0,1fbe01fe,f3845767,28905ebd,ecad2386,7801e8d9,07d7df22,a99f214a,2ae440f3,8a4875bd,1,0,1005,15702,320,50,1722,0,35,-1,79,4dd543f575,1,3
12263900852659093510,14102407,0,0,85f751fd,c4e18dd6,50e219e0,92f5800b,ae637522,0f2161f8,a99f214a,e7f70f5a,e1eae715,1,3,1005,22275,320,50,2570,1,161,100189,71,19d1a86670,33,39
1249039841939045107,14102407,0,1,7dd19f44,9690165f,f028772b,ecad2386,7801e8d9,07d7df22,a99f214a,55b724f1,a0f5f879,1,0,1005,21620,320,50,2482,3,167,-1,23,c7f0e4e841,2,2
12683283684447411727,14102407,0,0,5f3ef28b,fd869226,3e814130,ecad2386,7801e8d9,07d7df22,a99f214a,739b06f8,d787e91b,1,0,1005,16615,320,50,1863,3,39,-1,23,7132e4ae7d,3,3
12935941247642788881,14102407,1,1,e4d8dd7b,a17bde68,3e814130,ecad2386,7801e8d9,07d7df22,a99f214a,05b934ac,7120e05e,1,0,1005,16208,320,50,1800,3,167,100081,23,3c3f72ad33,2,2
12990350207803829240,14102407,0,0,fec6e632,ace5b8fd,3e814130,ecad2386,7801e8d9,07d7df22,a99f214a,9d70c19a,7b7ca585,1,0,1005,21153,320,50,2420,2,35,100148,69,b42616a72a,10,21
13017202921231108885,14102407,0,0,85f751fd,c4e18dd6,50e219e0,febd1138,82e27996,0f2161f8,a99f214a,9fb98a1a,99e427c9,1,0,1005,21611,320,50,2480,3,297,100111,61,1b95082508,3,4
14405281216149936905,14102407,1,0,85f751fd,c4e18dd6,50e219e0,9c13b419,2347f47a,f95efa07,a99f214a,bd28d42f,c6263d8a,1,0,1005,21962,320,50,2520,2,34,-1,90,6d1c68e03d,7,9
14423691609311102253,14102407,1,0,686546d3,9d54950b,f028772b,ecad2386,7801e8d9,07d7df22,a99f214a,9876d096,38a73904,1,0,1005,22202,320,50,2558,0,417,100004,163,de90f258b4,1,6
15167754158078627916,14102407,0,0,85f751fd,c4e18dd6,50e219e0,a4869716,2347f47a,d1327cf5,a99f214a,12b54290,4ea23a13,1,2,1005,375,320,50,112,3,1319,-1,15,ea4ef1a176,2,6
15967875403513440536,14102407,0,0,85f751fd,c4e18dd6,50e219e0,92f5800b,ae637522,0f2161f8,a99f214a,2ce63c97,e1eae715,1,3,1005,21191,320,50,2424,1,161,100193,71,4fdc7839a0,1,7
16240690159145018348,14102407,0,1,e151e245,7e091613,f028772b,ecad2386,7801e8d9,07d7df22,a99f214a,61523eeb,4f3e064a,1,0,1005,21674,320,50,2495,2,167,-1,23,e581b855c0,4,9
16666818743775479265,14102407,0,0,1fbe01fe,f3845767,28905ebd,ecad2386,7801e8d9,07d7df22,a99f214a,cfc6bb84,d787e91b,1,0,1005,20108,320,50,2299,2,1319,100084,52,b0fc8c8785,4,4
16794827474073109500,14102407,0,0,85f751fd,c4e18dd6,50e219e0,51cedd4e,aefc06bd,0f2161f8,a99f214a,f22e4890,816484ae,1,0,1005,21611,320,50,2480,3,297,100111,61,4551098782,8,24
18118765992778020196,14102407,0,1,3281baa7,61eac15d,f028772b,ecad2386,7801e8d9,07d7df22,a99f214a,a13f6967,d787e91b,1,0,1005,16208,320,50,1800,3,167,100076,23,44e2e35217,4,8
1886069078611988758,14102407,0,1,e151e245,7e091613,f028772b,ecad2386,7801e8d9,07d7df22,a99f214a,e0ed4b9d,6d44e29a,1,0,1005,4687,320,50,423,2,39,100148,32,f99a4b483d,4,10
2046020170331881359,14102407,0,0,1fbe01fe,f3845767,28905ebd,ecad2386,7801e8d9,07d7df22,a99f214a,6a86ab34,43a30462,1,0,1005,22102,320,50,2545,0,39,-1,221,915c610828,6,11
2221942239543584800,14102407,0,1,856e6d3f,58a89a43,f028772b,ecad2386,7801e8d9,07d7df22,a99f214a,0820daab,68b6db2c,1,0,1005,19772,320,50,2227,0,679,100081,48,b2ff92e5b7,39,45
3139344555211505967,14102407,1,0,1fbe01fe,f3845767,28905ebd,ecad2386,7801e8d9,07d7df22,a99f214a,4bf5bc69,04f5b394,1,0,1005,15702,320,50,1722,0,35,100084,79,cd2c9c592f,11,39
3456225034622344783,14102407,0,0,85f751fd,c4e18dd6,50e219e0,92f5800b,ae637522,0f2161f8,a99f214a,3249d575,981edffc,1,3,1005,21191,320,50,2424,1,161,100193,71,9e8b68f567,8,39
3481883764005602467,14102407,0,0,85f751fd,c4e18dd6,50e219e0,febd1138,82e27996,0f2161f8,a99f214a,8df75b9d,aad45b01,1,0,1005,21611,320,50,2480,3,297,100111,61,35415a7b07,11,12
370176885700971004,14102407,0,0,1fbe01fe,f3845767,28905ebd,ecad2386,7801e8d9,07d7df22,a99f214a,0ce87109,4beb2ba6,1,0,1005,22102,320,50,2545,0,39,100084,221,cf43330c81,6,6
4300132293817068489,14102407,0,1,d9750ee7,98572c79,f028772b,ecad2386,7801e8d9,07d7df22,a99f214a,90918a6b,8a4875bd,1,0,1005,17212,320,50,1887,3,39,-1,23,68ec65f5cf,2,4
5124430232597344591,14102407,1,0,1fbe01fe,f3845767,28905ebd,ecad2386,7801e8d9,07d7df22,a99f214a,9d73cf16,f39b265e,1,0,1005,15702,320,50,1722,0,35,100084,79,53b0c29923,2,17
634229231409522606,14102407,1,1,5ee41ff2,17d996e6,f028772b,ecad2386,7801e8d9,07d7df22,a99f214a,c749fc2b,ad6d46df,1,0,1005,16920,320,50,1899,0,431,100077,117,be67c638ed,4,6
6737754416056440009,14102407,0,0,1fbe01fe,f3845767,28905ebd,ecad2386,7801e8d9,07d7df22,a99f214a,daff2311,711ee120,1,0,1005,22258,320,50,2545,0,39,-1,221,d2452af587,3,4
6823185463577421547,14102407,0,0,9ee9dd00,759d1c56,f028772b,ecad2386,7801e8d9,07d7df22,a99f214a,7853d696,d787e91b,1,0,1005,17239,320,50,1973,3,39,-1,23,5ffc7dd490,1,24
6910480042168078245,14102407,0,0,1fbe01fe,f3845767,28905ebd,ecad2386,7801e8d9,07d7df22,a99f214a,1cf29716,23885c9e,1,0,1005,20108,320,50,2299,2,1319,-1,52,8bcb43294d,1,1
7040436559096041358,14102407,0,0,1fbe01fe,f3845767,28905ebd,ecad2386,7801e8d9,07d7df22,a99f214a,c65caa1a,be87996b,1,2,1005,22102,320,50,2545,0,39,-1,221,b8533ae342,3,3
7125734630722446536,14102407,1,0,9e8e8d09,16a36ef3,50e219e0,ecad2386,7801e8d9,07d7df22,128a6390,c2356385,43e7b962,0,0,1002,6360,300,50,544,3,39,100075,23,048df3abc2,10,13
7444886394911254503,14102407,0,0,1fbe01fe,f3845767,28905ebd,ecad2386,7801e8d9,07d7df22,a99f214a,69844297,711ee120,1,0,1005,20108,320,50,2299,2,1319,100083,52,394b5a4bc0,10,27
9710182106976277766,14102407,0,1,19b2f44f,dee2a291,f028772b,ecad2386,7801e8d9,07d7df22,a99f214a,639e2941,8f5c9827,1,0,1005,19771,320,50,2227,0,679,100081,48,83c2861122,3,3
9789774044020238505,14102407,1,0,93eaba74,7687a86e,3e814130,ecad2386,7801e8d9,07d7df22,a99f214a,e8cbc0f5,81b42528,1,0,1005,21835,300,250,2523,0,39,100083,221,91cadfb65a,34,41
9884392562435466479,14102407,0,0,85f751fd,c4e18dd6,50e219e0,a2b190d4,33da2e74,dc97ec06,a99f214a,af9205f9,03683bd4,1,0,1005,22246,320,50,2566,3,41,100156,42,35243cfc3e,2,11
10106178415100093105,14102408,0,1,178a7b89,b4598159,f028772b,ecad2386,7801e8d9,07d7df22,a99f214a,f0dcdf07,76dc4769,1,0,1005,16208,320,50,1800,3,167,100075,23,b640b596e4,2,4
10518037859602983085,14102408,1,1,d9750ee7,98572c79,f028772b,ecad2386,7801e8d9,07d7df22,a99f214a,a1b285ae,c9e27f06,1,0,1005,21762,320,50,2502,0,39,-1,221,eba1dd3a53,2,6
10868100938050874227,14102408,0,0,d266097b,e875b078,c0dd3be3,ecad2386,7801e8d9,07d7df22,a99f214a,158740f4,d14c4241,1,0,1012,19772,320,50,2227,0,679,100081,48,95801f8b1c,17,37
10996885290343552818,14102408,0,0,85f751fd,c4e18dd6,50e219e0,92f5800b,ae637522,0f2161f8,a99f214a,5e163d52,0bcabeaf,1,3,1005,21191,320,50,2424,1,161,100189,71,7c93000289,6,8
11393118020085117228,14102408,0,1,e151e245,7e091613,f028772b,ecad2386,7801e8d9,07d7df22,a99f214a,7477fcbc,d2680141,1,0,1005,22225,320,50,2561,0,547,-1,51,719f75f024,19,24
1146815479833945570,14102408,1,0,1fbe01fe,f3845767,28905ebd,ecad2386,7801e8d9,07d7df22,a99f214a,c442bbd0,76dc4769,1,0,1005,22259,320,50,2545,0,39,-1,221,3be61b1289,7,38
1202577343851173531,14102408,0,0,1fbe01fe,f3845767,28905ebd,ecad2386,7801e8d9,07d7df22,a99f214a,7eeac961,7fdd04d2,1,0,1005,22261,320,50,2545,0,39,-1,221,c34f7a9a47,4,4
12095640929123064780,14102408,0,0,c1fcc9a1,422b8953,76b2941d,ecad2386,7801e8d9,07d7df22,a99f214a,0489ce3f,293291c1,1,0,1005,22265,320,50,2523,0,39,-1,221,973588c794,3,4
12521614347876503145,14102408,1,1,e151e245,7e091613,f028772b,ecad2386,7801e8d9,07d7df22,a99f214a,49dca780,1f0bc64f,1,0,1005,22224,320,50,2561,0,547,100101,51,54ab191b93,10,14
13474458012989708179,14102408,0,0,85f751fd,c4e18dd6,50e219e0,92f5800b,ae637522,0f2161f8,a99f214a,a65923ca,496515fa,1,3,1005,21189,320,50,2424,1,161,100189,71,648dbbe3c9,4,12
15305060707441440523,14102408,0,1,e151e245,7e091613,f028772b,ecad2386,7801e8d9,07d7df22,a99f214a,e7a0737e,56e6ab1d,1,0,1005,22224,320,50,2561,0,547,-1,51,a29639c4bb,5,8
15692033875350027086,14102408,0,0,90a340b2,f4b59897,f66779e6,ecad2386,7801e8d9,07d7df22,a99f214a,57cd4006,1c6a881d,1,2,1005,22264,320,50,2523,0,39,-1,221,df3243818e,1,4
17275632131636760709,14102408,0,0,1fbe01fe,f3845767,28905ebd,ecad2386,7801e8d9,07d7df22,a99f214a,238ba622,8a4875bd,1,0,1005,22260,320,50,2545,0,39,100084,221,b66a2c1968,1,20
17917908321588048863,14102408,1,0,5b08c53b,7687a86e,3e814130,ecad2386,7801e8d9,07d7df22,a99f214a,8e9d2aea,ecb851b2,1,0,1005,22272,300,250,2569,0,39,100081,221,896b5616b0,1,1
18205744847885984379,14102408,0,1,88154ade,9f448720,3e814130,ecad2386,7801e8d9,07d7df22,a99f214a,107795e3,88fe1d5d,1,0,1005,19772,320,50,2227,0,679,-1,48,9747bb2fcb,10,20
18343392862008693684,14102408,0,1,e151e245,7e091613,f028772b,ecad2386,7801e8d9,07d7df22,a99f214a,249c2729,81892725,1,0,1005,22225,320,50,2561,0,547,100173,51,a0b9e71a62,11,12
192210205453776156,14102408,0,0,7294ea0f,863fa89d,3e814130,ecad2386,7801e8d9,07d7df22,a99f214a,b929cb2f,1ccc7835,1,0,1005,17239,320,50,1973,3,39,100148,23,54bd1d719c,5,10
3469487182564991047,14102408,0,0,325dbe14,373cce89,f028772b,ecad2386,7801e8d9,07d7df22,a99f214a,4a432262,9efa421a,1,0,1005,19772,320,50,2227,0,679,100077,48,2ffff24450,4,4
4442857770478264036,14102408,0,0,1fbe01fe,f3845767,28905ebd,ecad2386,7801e8d9,07d7df22,a99f214a,e88cbccd,8a4875bd,1,0,1005,22258,320,50,2545,0,39,-1,221,2be707a5d4,3,4
4686285033546120804,14102408,1,0,90a340b2,f4b59897,f66779e6,ecad2386,7801e8d9,07d7df22,a99f214a,488a9a3e,1f0bc64f,1,0,1005,22264,320,50,2523,0,39,-1,221,ccf95f116b,12,27
5400345384428317990,14102408,1,1,57fe1b20,5b626596,f028772b,ecad2386,7801e8d9,07d7df22,a99f214a,dafb97e4,8a4875bd,1,0,1005,19950,320,50,1800,3,167,100075,23,698e0d5b0f,19,44
7245020940641802437,14102408,0,0,85f751fd,c4e18dd6,50e219e0,92f5800b,ae637522,0f2161f8,a99f214a,09143794,0bcabeaf,1,3,1005,21189,320,50,2424,1,161,100189,71,aefc44bf86,1,1
7946083569491149563,14102408,0,0,bb4524e7,d733bbc3,28905ebd,ecad2386,7801e8d9,07d7df22,a99f214a,6e40cb76,be6db1d7,1,0,1005,21594,320,50,2478,3,167,-1,23,9948b27d92,6,25
814287734218798143,14102408,0,1,85f751fd,c4e18dd6,50e219e0,03a08c3f,7801e8d9,0f2161f8,e2897bb6,f13345b3,f07e20f8,4,3,1010,15708,320,50,1722,0,35,100084,79,49afdab5dc,13,33
8854568323663693342,14102408,0,0,85f751fd,c4e18dd6,50e219e0,92f5800b,ae637522,0f2161f8,a99f214a,5ef4428a,2692a96a,1,3,1005,21191,320,50,2424,1,161,100190,71,02c9fccdd6,2,2
9657766297631082042,14102408,0,0,6399eda6,968765cd,f028772b,ecad2386,7801e8d9,07d7df22,a99f214a,3f81f14c,3e7932d7,1,0,1005,19772,320,50,2227,0,679,100075,48,6ffc75f95d,4,9
12527270661526774678,14102409,0,0,85f751fd,c4e18dd6,50e219e0,06ef0828,828da833,0f2161f8,a99f214a,92278d1d,b4e612c1,1,0,1005,21611,320,50,2480,3,297,100111,61,98231771c9,3,5
12595812423850707635,14102409,0,0,85f751fd,c4e18dd6,50e219e0,e2fcccd2,5c5a694b,0f2161f8,bf5ba5b6,55e6fec0,bfa15b14,1,0,1005,19771,320,50,2227,0,679,-1,48,f09c6e063c,8,8
14087043778149474655,14102409,0,0,85f751fd,c4e18dd6,50e219e0,a2b190d4,33da2e74,dc97ec06,a99f214a,af9205f9,3bb1ddd7,1,0,1005,22288,320,50,2572,3,41,100156,42,b42616a72a,2,2
14207754058203161059,14102409,0,0,1fbe01fe,f3845767,28905ebd,ecad2386,7801e8d9,07d7df22,a99f214a,0489ce3f,7fdd04d2,1,0,1005,22104,320,50,2545,0,39,-1,221,e3f748a6b8,9,9
14936581521321800146,14102409,0,1,57fe1b20,5b626596,f028772b,ecad2386,7801e8d9,07d7df22,a99f214a,6f4570e6,76dc4769,1,0,1005,21411,320,50,2467,2,167,100081,23,aa03f0594c,6,12
15015472337984046056,14102409,1,0,1fbe01fe,f3845767,28905ebd,ecad2386,7801e8d9,07d7df22,a99f214a,ddd2926e,be87996b,1,2,1005,22254,320,50,2545,0,39,-1,221,0f29026fad,5,6
15508742501237560139,14102409,0,0,85f751fd,c4e18dd6,50e219e0,92f5800b,ae637522,0f2161f8,a99f214a,d41abbbb,496515fa,1,3,1005,21189,320,50,2424,1,161,100193,71,af387ec9c5,14,26
16772956794364904316,14102409,1,0,85f751fd,c4e18dd6,50e219e0,e2fcccd2,5c5a694b,0f2161f8,a99f214a,354e3812,cc0bd53e,1,0,1005,21674,320,50,2495,2,167,-1,23,6071102b62,6,7
16881975479989010068,14102409,0,0,1fbe01fe,f3845767,28905ebd,ecad2386,7801e8d9,07d7df22,a99f214a,6e691f8e,aaffed8f,1,0,1005,21731,320,50,2502,0,39,-1,221,4a32461c15,17,18
17145708008574715310,14102409,0,0,85f751fd,c4e18dd6,50e219e0,9c13b419,2347f47a,f95efa07,a99f214a,719b7d59,8a4875bd,1,0,1005,21153,320,50,2420,2,35,-1,69,4124392584,3,17
17980846480440956597,14102409,0,0,85f751fd,c4e18dd6,50e219e0,92f5800b,ae637522,0f2161f8,a99f214a,2d43e081,e1eae715,1,3,1005,21191,320,50,2424,1,161,100189,71,31318ce909,1,1
3112894878035110415,14102409,0,0,1fbe01fe,f3845767,28905ebd,ecad2386,7801e8d9,07d7df22,a99f214a,40a7474e,b6443086,1,0,1005,21724,320,50,2502,0,39,100084,221,0fe9084613,3,3
4242943482887769094,14102409,0,0,38217daf,449497bc,f028772b,ecad2386,7801e8d9,07d7df22,a99f214a,ee0b7104,84ebbcd4,1,0,1005,20346,300,250,2331,2,39,-1,23,b968776c94,3,4
4298803828418514365,14102409,0,0,d9750ee7,98572c79,f028772b,ecad2386,7801e8d9,07d7df22,a99f214a,9a2512a0,81b42528,1,0,1005,21762,320,50,2502,0,39,100084,221,1f4dc110e4,2,2
6545064115542541144,14102409,0,0,85f751fd,c4e18dd6,50e219e0,03528b27,2347f47a,8ded1f7a,5666fe63,63547dda,684581ce,1,0,1005,17016,320,50,1873,3,39,-1,23,72b24f5b55,7,21
6720660466326497776,14102409,0,1,85f751fd,c4e18dd6,50e219e0,03a08c3f,7801e8d9,0f2161f8,bf2b0405,ffb6f5d5,f07e20f8,4,3,1010,15706,320,50,1722,0,35,-1,79,bf27dd2510,17,19
7047723228421232943,14102409,0,0,5014edea,a7870916,50e219e0,ecad2386,7801e8d9,07d7df22,87a36df9,c04a9a3e,37d3900c,0,0,1002,21676,320,50,2495,2,167,-1,23,848afaae01,7,7
7611373202205817322,14102409,0,0,85f751fd,c4e18dd6,50e219e0,39947756,2347f47a,cef3e649,bca50c6c,7e4aa2b8,be74e6fe,1,3,1005,21801,320,50,2515,1,161,100189,71,6d74b776a1,5,25
855610377726854773,14102409,0,0,4307b3a7,a7aa6b70,50e219e0,ecad2386,7801e8d9,07d7df22,9f6666ea,9163f7e2,f9ba9057,0,0,1002,21691,320,50,2495,2,167,-1,23,2f38465846,2,2
9118154114429522886,14102409,0,0,1fbe01fe,f3845767,28905ebd,ecad2386,7801e8d9,07d7df22,a99f214a,2349cce7,8a4875bd,1,0,1005,21724,320,50,2502,0,39,-1,221,bcb225d370,18,20
9595262279490818943,14102409,0,0,d9750ee7,98572c79,f028772b,ecad2386,7801e8d9,07d7df22,a99f214a,7de3e61b,c730b3c6,1,0,1005,21731,320,50,2502,0,39,-1,221,80a8f10622,14,19
9896061518445565420,14102409,1,1,5ee41ff2,17d996e6,f028772b,ecad2386,7801e8d9,07d7df22,a99f214a,d0a8a201,8a4875bd,1,0,1005,19950,320,50,1800,3,167,100079,23,e90d4d53c5,1,3
10096277544234513043,14102410,0,0,85f751fd,c4e18dd6,50e219e0,92f5800b,ae637522,0f2161f8,a99f214a,802dd520,0bcabeaf,1,3,1005,21191,320,50,2424,1,161,100193,71,bf11fc0a08,28,39
11257166814713344706,14102410,1,0,bb4524e7,d733bbc3,28905ebd,ecad2386,7801e8d9,07d7df22,a99f214a,1ae3fc1e,76dc4769,1,0,1005,21594,320,50,2478,3,167,100075,23,51af9a0923,1,2
14297766213295556293,14102410,0,1,57ef2c87,bd6d812f,f028772b,ecad2386,7801e8d9,07d7df22,a99f214a,1c54e336,5ebd2610,1,0,1005,19772,320,50,2227,0,679,100081,48,bc0a7e1e67,3,33
14638576087209949865,14102410,0,1,e151e245,7e091613,f028772b,ecad2386,7801e8d9,07d7df22,a99f214a,7bd29c61,1f0bc64f,1,0,1005,17014,320,50,1872,3,39,-1,23,7efa7b1ffb,2,5
15219738024248657927,14102410,0,1,450d6400,bea33b9a,3e814130,ecad2386,7801e8d9,07d7df22,a99f214a,5ce6d983,42a5d6ce,1,0,1005,17875,320,50,2036,3,47,-1,156,6471376a65,7,26
16988153523207052739,14102410,0,0,85f751fd,c4e18dd6,50e219e0,92f5800b,ae637522,0f2161f8,a99f214a,6c1eb99b,0bcabeaf,1,3,1005,21191,320,50,2424,1,161,100193,71,457a4c73b4,7,9
17059044034501427899,14102410,0,0,9a977531,a434fa42,f028772b,ecad2386,7801e8d9,07d7df22,a99f214a,f2051e67,88fe1d5d,1,0,1005,19771,320,50,2227,0,679,100077,48,a6dad2c2ef,17,21
18390613974703763284,14102410,0,0,85f751fd,c4e18dd6,50e219e0,a4869716,2347f47a,d1327cf5,a99f214a,562ab1be,b72ce3e1,1,2,1005,375,320,50,112,3,1319,-1,15,e717f44430,5,11
1963393381748697106,14102410,0,1,e4d8dd7b,a17bde68,3e814130,ecad2386,7801e8d9,07d7df22,a99f214a,5132727d,0eb711ec,1,0,1005,16208,320,50,1800,3,167,100077,23,f7ceafcf8b,2,8
3006535043566430253,14102410,0,0,85f751fd,c4e18dd6,50e219e0,febd1138,82e27996,0f2161f8,a99f214a,196905a9,93a90f85,1,0,1005,20508,320,50,2351,3,163,-1,61,fc286c8e1a,2,4
3039880121436538532,14102410,0,0,85f751fd,c4e18dd6,50e219e0,92f5800b,ae637522,0f2161f8,a99f214a,b0a93da3,2692a96a,1,3,1005,21189,320,50,2424,1,161,100193,71,a8f5b639f9,3,11
3180279988699643524,14102410,0,0,1fbe01fe,f3845767,28905ebd,ecad2386,7801e8d9,07d7df22,a99f214a,a8536f3a,f39b265e,1,0,1005,15704,320,50,1722,0,35,-1,79,c64119c5ff,1,1
3563499632119381825,14102410,1,1,e8f79e60,c4342784,f028772b,ecad2386,7801e8d9,07d7df22,a99f214a,b6e655f2,88fe1d5d,1,0,1005,20251,320,50,2323,0,687,100081,48,61ce778ddb,10,25
4082804549184056465,14102410,1,0,1fbe01fe,f3845767,28905ebd,ecad2386,7801e8d9,07d7df22,a99f214a,225af2a8,1f0bc64f,1,0,1005,22104,320,50,2545,0,167,100083,221,915085e443,2,6
4968660125280569415,14102410,0,0,6399eda6,968765cd,f028772b,ecad2386,7801e8d9,07d7df22,a99f214a,f6216ea8,d787e91b,1,0,1005,21153,320,50,2420,2,35,-1,69,20f66f7c9b,9,9
5551772219753500120,14102410,0,0,1fbe01fe,f3845767,28905ebd,ecad2386,7801e8d9,07d7df22,a99f214a,b8c16f84,fce66524,1,0,1005,15699,320,50,1722,0,35,100083,79,b79fb1b9df,2,2
5888532979530452309,14102410,1,0,1fbe01fe,f3845767,28905ebd,ecad2386,7801e8d9,07d7df22,a99f214a,f5a58ee2,8a4875bd,1,0,1005,15705,320,50,1722,0,35,100084,79,2dec109865,2,8
6673407092685566602,14102410,1,0,f4d14b43,b3e07718,50e219e0,ecad2386,7801e8d9,07d7df22,a8bd1e2e,3f8e6f26,a12e847c,0,0,1002,5299,320,50,479,3,39,100075,23,7a06c0a7ed,5,8
6952842758136253176,14102410,0,1,e151e245,7e091613,f028772b,ecad2386,7801e8d9,07d7df22,a99f214a,4e07787d,0dedddc5,1,2,1005,17037,320,50,1934,2,39,-1,16,2304b8a2fe,9,9
6956502696468976849,14102410,0,0,85f751fd,c4e18dd6,50e219e0,d44c074c,ae637522,cef3e649,a99f214a,5653e6e7,e1eae715,1,2,1005,21803,320,50,2515,1,161,100191,71,5e3c7588d8,1,2
8055711734552871211,14102410,1,0,85f751fd,c4e18dd6,50e219e0,e71aba61,2347f47a,0f2161f8,a99f214a,caf021b1,a0f5f879,1,0,1005,21274,320,50,2443,2,39,-1,23,ab5c57cc89,8,12
10929278532813613894,14102411,0,0,85f751fd,c4e18dd6,50e219e0,ce183bbd,ae637522,cef3e649,a99f214a,b3f7e800,36b67a2a,1,0,1005,16350,320,50,1823,1,167,100004,71,2947d11f1a,3,3
11851888215224106805,14102411,0,0,2004e0e6,08facbad,50e219e0,ecad2386,7801e8d9,07d7df22,7d57b6c5,5e52eed7,bac996ac,0,0,1002,21789,320,50,2512,2,303,-1,52,1f7f5d918e,4,6
12772826234854136265,14102411,1,0,1fbe01fe,f3845767,28905ebd,ecad2386,7801e8d9,07d7df22,a99f214a,ed32e9d9,7abbbd5c,1,0,1005,22261,320,50,2545,0,167,100084,221,3d899a5583,3,8
14552915197378326208,14102411,0,0,85f751fd,c4e18dd6,50e219e0,98fed791,d9b5648e,0f2161f8,a99f214a,e30d39d3,aad45b01,1,0,1005,19743,320,50,2264,3,427,100000,61,69d09b4f83,1,3
17155796411934607880,14102411,0,1,7dd19f44,9690165f,f028772b,ecad2386,7801e8d9,07d7df22,a99f214a,3018632e,d787e91b,1,0,1005,19950,320,50,1800,3,167,100075,23,ffb6d9f1b9,5,5
1738055224810572591,14102411,0,1,e151e245,7e091613,f028772b,ecad2386,7801e8d9,07d7df22,a99f214a,ccfd72e5,fce66524,1,0,1005,4687,320,50,423,2,39,-1,32,640b6fc218,1,1
18389217268543350210,14102411,0,0,85f751fd,c4e18dd6,50e219e0,51cedd4e,aefc06bd,0f2161f8,a99f214a,7a83eb16,573eaa36,1,0,1005,22198,320,50,2557,3,45,100101,61,5ac0c00650,3,12
3916807772679487140,14102411,0,0,d6137915,bb1ef334,f028772b,ecad2386,7801e8d9,07d7df22,a99f214a,08a32b1e,8a4875bd,1,0,1005,16920,320,50,1899,0,431,100074,117,610f0f5efd,3,6
5244209756734243345,14102411,0,0,d9750ee7,98572c79,f028772b,ecad2386,7801e8d9,07d7df22,a99f214a,4f99e648,1f0bc64f,1,0,1005,18093,320,50,2060,3,39,100105,23,88d4e02428,1,12
5946014140870061378,14102411,0,0,85f751fd,c4e18dd6,50e219e0,03528b27,2347f47a,8ded1f7a,092738c8,65424cf6,a9fb0439,1,0,1005,20394,320,50,2340,0,33,100111,159,5568067500,3,6
6159714787511727626,14102411,0,0,85f751fd,c4e18dd6,50e219e0,e2a1ca37,2347f47a,8ded1f7a,7356ab4f,a540bc1f,11f35459,1,0,1005,17017,320,50,1873,3,39,-1,23,91c0ab3560,1,2
6453994111554816155,14102411,0,0,1fbe01fe,f3845767,28905ebd,ecad2386,7801e8d9,07d7df22,a99f214a,c622125d,0989142d,1,0,1005,15702,320,50,1722,0,35,-1,79,fd1df3dcbc,1,2
705214124242719160,14102411,0,0,85f751fd,c4e18dd6,50e219e0,98fed791,d9b5648e,0f2161f8,a99f214a,54bf5887,a4b6f65b,1,0,1005,18648,320,50,1092,3,811,100156,61,595df2d851,18,31
7070051828867078061,14102411,1,0,1fbe01fe,f3845767,28905ebd,ecad2386,7801e8d9,07d7df22,a99f214a,0d20b5f2,c144e605,1,0,1005,22258,320,50,2545,0,167,-1,221,aa70a46ce4,17,43
7161428121608437538,14102411,0,0,85f751fd,c4e18dd6,50e219e0,92f5800b,ae637522,0f2161f8,a99f214a,8456528b,2692a96a,1,3,1005,21189,320,50,2424,1,161,100193,71,5e2a9f6e59,2,11
7481204151821516551,14102411,0,0,85f751fd,c4e18dd6,50e219e0,92f5800b,ae637522,0f2161f8,a99f214a,e2b19860,981edffc,1,3,1005,21189,320,50,2424,1,161,100190,71,d89713cc2b,1,1
10034567328654199751,14102412,1,0,85f751fd,c4e18dd6,50e219e0,a37bf1e4,7801e8d9,07d7df22,457886eb,610d7c6a,6d484797,0,0,1002,21640,320,50,2485,2,163,100000,93,de0c02b309,1,1
1081162094218152773,14102412,1,0,1fbe01fe,f3845767,28905ebd,ecad2386,7801e8d9,07d7df22,a99f214a,defe78be,5db079b5,1,2,1005,22104,320,50,2545,0,167,-1,221,39c604ddaf,1,1
12458610236701072253,14102412,1,0,1fbe01fe,f3845767,28905ebd,ecad2386,7801e8d9,07d7df22,a99f214a,7626449c,3bd9e8e7,1,0,1005,15701,320,50,1722,0,35,-1,79,bf1ab0f7e3,11,31
15176424674185387038,14102412,1,0,e3c09f3a,d262cf1e,28905ebd,ecad2386,7801e8d9,07d7df22,a99f214a,17e37f85,d4897fef,1,0,1005,4687,320,50,423,2,39,100148,32,cd80c167f5,2,5
16614862642864741422,14102412,0,0,6399eda6,968765cd,f028772b,ecad2386,7801e8d9,07d7df22,a99f214a,fc8c31dd,f30d85cb,1,0,1005,19771,320,50,2227,0,679,100079,48,5f038107a6,3,4
17174463994825149393,14102412,0,1,0eb72673,d2f72222,f028772b,ecad2386,7801e8d9,07d7df22,a99f214a,3659cd8f,d2e5a0b2,1,0,1005,19772,320,50,2227,0,679,-1,48,c4ccb97445,6,9
18149608280302152659,14102412,0,0,85f751fd,c4e18dd6,50e219e0,92f5800b,ae637522,0f2161f8,a99f214a,8236765c,496515fa,1,3,1005,21189,320,50,2424,1,161,100189,71,9266112286,1,1
18168498923390969257,14102412,1,0,85f751fd,c4e18dd6,50e219e0,e2fcccd2,5c5a694b,0f2161f8,5515c8a7,b98077e4,be6db1d7,1,0,1005,6563,320,50,572,2,39,-1,32,e3f748a6b8,2,13
18344504607451657907,14102412,0,0,d6137915,bb1ef334,f028772b,ecad2386,7801e8d9,07d7df22,a99f214a,e20f2e41,9aa6968b,1,0,1005,19771,320,50,2227,0,679,100079,48,3c5807f97c,18,23
2412175174081844971,14102412,1,0,1fbe01fe,f3845767,28905ebd,ecad2386,7801e8d9,07d7df22,a99f214a,d55aa41c,81b42528,1,0,1005,15702,320,50,1722,0,35,-1,79,8fbc63eb70,1,2
301572216459649286,14102412,0,0,1fbe01fe,f3845767,28905ebd,ecad2386,7801e8d9,07d7df22,a99f214a,ac77b71a,be87996b,1,2,1005,22254,320,50,2545,0,167,-1,221,5ef7f9579b,3,5
3472985335034416918,14102412,0,0,14c5faa4,30518255,f028772b,ecad2386,7801e8d9,07d7df22,a99f214a,3e90c9e1,be6db1d7,1,0,1005,17239,320,50,1973,3,39,100148,23,638d4844ab,1,8
3531501553919688486,14102412,0,0,6fcff501,b9c4ab81,f028772b,ecad2386,7801e8d9,07d7df22,a99f214a,f46f0a98,03683bd4,1,0,1005,22288,320,50,2572,3,41,100156,42,e0ed8235a6,3,8
3808754600292662435,14102412,0,0,85f751fd,c4e18dd6,50e219e0,e96773f0,2347f47a,0f2161f8,a99f214a,13e97a50,cd5b1559,1,2,1005,21611,320,50,2480,3,297,100111,61,698ac90ffc,3,4
3886065954118610256,14102412,0,1,a7853007,7e091613,f028772b,ecad2386,7801e8d9,07d7df22,a99f214a,52e933ed,9bbdb88c,1,0,1005,22268,320,50,2566,3,41,100156,42,43ab812d35,14,19
4060759481176668951,14102412,1,0,d29f6d5b,24770050,f028772b,ecad2386,7801e8d9,07d7df22,a99f214a,f7df5bd8,d787e91b,1,0,1005,16615,320,50,1863,3,39,-1,23,a6c0b46937,4,18
4139895640666890860,14102412,0,0,85f751fd,c4e18dd6,50e219e0,e96773f0,2347f47a,0f2161f8,a99f214a,c0cc47f3,d787e91b,1,0,1005,21611,320,50,2480,3,297,100111,61,7fe7f1f953,7,11
544926784759069990,14102412,0,0,85f751fd,c4e18dd6,50e219e0,92f5800b,ae637522,0f2161f8,a99f214a,4748eddf,0bcabeaf,1,3,1005,21189,320,50,2424,1,161,100193,71,1c74db8b5e,17,24
6033746797824770325,14102412,0,1,e151e245,7e091613,f028772b,ecad2386,7801e8d9,07d7df22,a99f214a,d4f964e1,5db079b5,1,2,1005,17037,320,50,1934,2,39,-1,16,bbd8f61c53,18,29
6201894519271251943,14102412,0,0,1fbe01fe,f3845767,28905ebd,ecad2386,7801e8d9,07d7df22,a99f214a,cc4d30fa,158e4944,1,0,1005,22254,320,50,2545,0,167,100084,221,75eae5a2fc,6,6
6643585933575350076,14102412,0,0,85f751fd,c4e18dd6,50e219e0,92f5800b,ae637522,0f2161f8,a99f214a,7a4f2013,981edffc,1,3,1005,21189,320,50,2424,1,161,100191,71,3e58817720,15,15
7631638618797527492,14102412,0,1,d9750ee7,98572c79,f028772b,ecad2386,7801e8d9,07d7df22,a99f214a,9fb3731b,293291c1,1,0,1005,18091,320,50,2060,3,39,-1,23,ad5227cf21,10,10
7779240103222276639,14102412,0,0,85f751fd,c4e18dd6,50e219e0,92f5800b,ae637522,0f2161f8,a99f214a,a89753d5,e1eae715,1,3,1005,21191,320,50,2424,1,161,100189,71,7121804849,4,4
7972395485787063376,14102412,0,0,85f751fd,c4e18dd6,50e219e0,f888bf4c,5b9c592b,0f2161f8,a09e10b9,2d3516dc,2891f384,1,0,1005,22238,320,50,2565,1,161,100193,71,9a540e1014,1,1
9830264425308999488,14102412,0,1,d9750ee7,98572c79,f028772b,ecad2386,7801e8d9,07d7df22,a99f214a,8985e83e,04f5b394,1,0,1005,17753,320,50,1993,2,1063,100084,33,a2707d9411,11,18
10395630662919574756,14102413,0,0,1fbe01fe,f3845767,28905ebd,ecad2386,7801e8d9,07d7df22,a99f214a,3bacae31,8a4875bd,1,0,1005,15705,320,50,1722,0,35,-1,79,29a563bffd,7,8
11020145833357180711,14102413,0,0,85f751fd,c4e18dd6,50e219e0,e2fcccd2,5c5a694b,0f2161f8,a99f214a,65dfb597,006ce985,1,0,1005,19772,320,50,2227,0,679,100079,48,8874113c32,31,45
11709722645627569998,14102413,1,0,85f751fd,c4e18dd6,50e219e0,54c5d545,2347f47a,0f2161f8,a99f214a,c360596e,6afc734f,1,0,1005,17016,320,50,1873,3,39,-1,23,8b0d8a150e,11,12
12754290806875179435,14102413,0,0,85f751fd,c4e18dd6,50e219e0,92f5800b,ae637522,0f2161f8,a99f214a,ebff29ed,e1eae715,1,3,1005,21189,320,50,2424,1,161,100193,71,5a742c79a4,4,4
12765469562594694678,14102413,0,0,d1a51189,1e0acfb4,50e219e0,ecad2386,7801e8d9,07d7df22,a32e5511,f3da8afa,0e88538f,0,0,1002,5296,320,50,479,3,39,100075,23,7cbebd3e55,11,18
1343677688892421376,14102413,0,0,d6137915,bb1ef334,f028772b,ecad2386,7801e8d9,07d7df22,a99f214a,b60cc2c5,64a7b95b,1,0,1005,16920,320,50,1899,0,431,100081,117,3ee8040893,2,2
13564022020918014284,14102413,0,0,1fbe01fe,f3845767,28905ebd,ecad2386,7801e8d9,07d7df22,a99f214a,59b8f2b4,8a4875bd,1,0,1005,15706,320,50,1722,0,35,-1,79,64e0a0aba1,9,13
14522198556903644968,14102413,1,1,d9750ee7,98572c79,f028772b,ecad2386,7801e8d9,07d7df22,a99f214a,1cf29716,e9b8d8d7,1,0,1005,17753,320,50,1993,2,1063,-1,33,1735e8ddab,17,18
1474239756953268180,14102413,1,0,85f751fd,c4e18dd6,50e219e0,e2a1ca37,2347f47a,8ded1f7a,c13409f1,fd7e1101,47a322d1,1,0,1005,17017,320,50,1873,3,39,-1,23,3778204cb3,2,9
14931070014728458346,14102413,1,0,1fbe01fe,f3845767,28905ebd,ecad2386,7801e8d9,07d7df22,a99f214a,e31fe6d6,1aa0e912,1,0,1005,15701,320,50,1722,0,35,-1,79,a7f0915f02,2,4
15426369295382526817,14102413,0,0,85f751fd,c4e18dd6,50e219e0,92f5800b,ae637522,0f2161f8,a99f214a,f8e720f4,981edffc,1,3,1005,21189,320,50,2424,1,161,100193,71,8bcb43294d,3,4
15888183220699429320,14102413,0,1,a7853007,7e091613,f028772b,ecad2386,7801e8d9,07d7df22,a99f214a,285aa37d,cad4c01d,1,0,1005,22288,320,50,2572,3,297,100156,42,ae3ffc53a9,14,18
15895767894464520683,14102413,0,0,85f751fd,c4e18dd6,50e219e0,92f5800b,ae637522,0f2161f8,a99f214a,930679ca,e1eae715,1,3,1005,21189,320,50,2424,1,161,100190,71,c6c2b91b70,4,6
16060007494325209857,14102413,0,0,85f751fd,c4e18dd6,50e219e0,d44c074c,ae637522,cef3e649,a99f214a,54792c13,981edffc,1,2,1005,21801,320,50,2515,1,161,100190,71,14060b5631,7,15
1754257559054946631,14102413,1,0,5b08c53b,7687a86e,3e814130,ecad2386,7801e8d9,07d7df22,a99f214a,22aedabd,07df03b2,1,0,1005,20093,300,250,2295,2,35,100077,23,b3ec866d4f,3,3
18201639163140506212,14102413,0,2,424f0ecf,8a704386,f66779e6,ecad2386,7801e8d9,07d7df22,a99f214a,45c1f5e2,293291c1,1,0,1005,15704,320,50,1722,0,35,-1,79,e2384add73,2,6
18208825980024518309,14102413,0,0,85f751fd,c4e18dd6,50e219e0,cf3923ca,2347f47a,0f2161f8,b09da1c4,ed826fc4,1f0bc64f,1,0,1005,20476,320,50,2348,3,427,100003,61,2dc6c188e8,4,5
2296104534629551045,14102413,0,0,85f751fd,c4e18dd6,50e219e0,92f5800b,ae637522,0f2161f8,a99f214a,7cace604,981edffc,1,3,1005,21191,320,50,2424,1,161,100193,71,88d4e02428,6,20
2857005456569680068,14102413,0,0,85f751fd,c4e18dd6,50e219e0,febd1138,82e27996,0f2161f8,a99f214a,91b1f8d7,321f8b9d,1,0,1005,20508,320,50,2351,3,163,-1,61,360d4dae65,2,8
3153790829475395437,14102413,0,0,1fbe01fe,f3845767,28905ebd,ecad2386,7801e8d9,07d7df22,a99f214a,6de8ac9f,a0f5f879,1,0,1005,15701,320,50,1722,0,35,-1,79,e46dd5887f,4,28
394516668247379146,14102413,1,0,5b08c53b,7687a86e,3e814130,ecad2386,7801e8d9,07d7df22,a99f214a,3c4ccb9e,76dc4769,1,0,1005,20093,300,250,2295,2,35,100075,23,0112acfb9c,6,22
4072473978760255307,14102413,1,1,57ef2c87,bd6d812f,f028772b,ecad2386,7801e8d9,07d7df22,a99f214a,56a77564,47a346ac,1,0,1005,19772,320,50,2227,0,679,100081,48,69b15a0ec2,4,8
4651286125947599081,14102413,1,1,d9750ee7,98572c79,f028772b,ecad2386,7801e8d9,07d7df22,a99f214a,750e0147,d787e91b,1,0,1005,17614,320,50,1993,2,1063,100083,33,16744ee35f,4,4
518848682091128523,14102413,1,0,38217daf,449497bc,f028772b,ecad2386,7801e8d9,07d7df22,a99f214a,e07eec20,1f0bc64f,1,0,1005,20346,300,250,2331,2,39,100064,23,e7b33e068c,26,29
5954319970507562707,14102413,1,0,83a0ad1a,5c9ae867,f028772b,ecad2386,7801e8d9,07d7df22,a99f214a,147688e6,78259b0a,1,0,1005,16615,320,50,1863,3,39,-1,23,ce0c9b52fc,26,28
6044567443585901430,14102413,0,0,1fbe01fe,f3845767,28905ebd,ecad2386,7801e8d9,07d7df22,a99f214a,1a6f6ccf,cbb77256,1,0,1005,15699,320,50,1722,0,35,100084,79,267fa7d6a4,19,19
6464326455133486615,14102413,0,0,85f751fd,c4e18dd6,50e219e0,98fed791,d9b5648e,0f2161f8,a99f214a,e746fb17,aad45b01,1,0,1005,21611,320,50,2480,3,297,100111,61,27cf563640,8,12
7189640670435604723,14102413,1,1,e5c60a05,7256c623,f028772b,ecad2386,7801e8d9,07d7df22,a99f214a,c583a94e,d4897fef,1,0,1005,19950,320,50,1800,3,167,100075,23,0ba293c954,5,28
7757563821041910583,14102413,0,0,85f751fd,c4e18dd6,50e219e0,e2fcccd2,5c5a694b,0f2161f8,a99f214a,03b3ec58,2203a096,1,0,1005,4687,320,50,423,2,39,100148,32,5970a71d76,2,6
8669476068034746139,14102413,0,0,1fbe01fe,f3845767,28905ebd,ecad2386,7801e8d9,07d7df22,a99f214a,1f6d3a2f,c6263d8a,1,0,1005,15705,320,50,1722,0,35,-1,79,cbe78921a4,1,4
8906389562809204136,14102413,0,1,57fe1b20,5b626596,f028772b,ecad2386,7801e8d9,07d7df22,a99f214a,75d502d5,76dc4769,1,0,1005,21404,320,50,2467,2,167,100077,23,e3d8157e68,6,11
9070318418639335430,14102413,0,0,85f751fd,c4e18dd6,50e219e0,92f5800b,ae637522,0f2161f8,a99f214a,07ea9684,e1eae715,1,3,1005,21189,320,50,2424,1,161,100193,71,af387ec9c5,1,1
10877940656928164145,14102414,0,1,57ef2c87,bd6d812f,f028772b,ecad2386,7801e8d9,07d7df22,a99f214a,40dbf9cd,a0f5f879,1,0,1005,16208,320,50,1800,3,167,100077,23,66c4ecfa7e,2,3
10909410852712141399,14102414,0,0,85f751fd,c4e18dd6,50e219e0,39947756,2347f47a,cef3e649,d4e89f17,431b3174,5096d134,1,3,1005,15705,320,50,1722,0,35,-1,79,15c4828762,1,3
1182516830404306895,14102414,0,1,7dd19f44,9690165f,f028772b,ecad2386,7801e8d9,07d7df22,a99f214a,0f7796d3,5ef191d3,1,0,1005,20251,320,50,2323,0,687,100081,48,bc470c5864,8,29
12756597573550719020,14102414,0,0,1fbe01fe,f3845767,28905ebd,ecad2386,7801e8d9,07d7df22,a99f214a,8581e29e,3bc980aa,1,0,1005,15706,320,50,1722,0,35,-1,79,6192130608,8,10
14186720343826230076,14102414,0,0,1fbe01fe,f3845767,28905ebd,ecad2386,7801e8d9,07d7df22,a99f214a,9aaa6f78,d787e91b,1,0,1005,20108,320,50,2299,2,1327,-1,52,9dc5d1f7a2,19,30
14984299331534902672,14102414,0,0,85f751fd,c4e18dd6,50e219e0,92f5800b,ae637522,0f2161f8,a99f214a,0ab78673,981edffc,1,3,1005,21189,320,50,2424,1,161,100189,71,7076a6cef2,2,22
15753529988986754218,14102414,1,0,1fbe01fe,f3845767,28905ebd,ecad2386,7801e8d9,07d7df22,a99f214a,27fe197b,597ff2d3,1,2,1005,15702,320,50,1722,0,35,-1,79,26b65573de,5,8
16095921322990987170,14102414,0,1,7dd19f44,9690165f,f028772b,ecad2386,7801e8d9,07d7df22,a99f214a,9decd191,779d90c2,1,0,1005,19772,320,50,2227,0,679,100077,48,fa9766bc22,29,31
1626008918349621151,14102414,0,0,ff18c3d1,08facbad,50e219e0,ecad2386,7801e8d9,07d7df22,8a9410ec,33dd5078,8debacdb,0,0,1002,6563,320,50,572,2,39,-1,32,7afe65b60c,3,15
1635671525521394020,14102414,0,0,85f751fd,c4e18dd6,50e219e0,92f5800b,ae637522,0f2161f8,a99f214a,092659b4,981edffc,1,3,1005,21189,320,50,2424,1,161,100193,71,936dc22e2a,24,32
16820720925511222045,14102414,1,0,1fbe01fe,f3845767,28905ebd,ecad2386,7801e8d9,07d7df22,a99f214a,9d4c0102,edead9f4,1,0,1005,15705,320,50,1722,0,35,100084,79,18fabf9eb0,3,8
17137734497389464769,14102414,0,0,85f751fd,c4e18dd6,50e219e0,92f5800b,ae637522,0f2161f8,a99f214a,21fdc0c4,0bcabeaf,1,3,1005,21189,320,50,2424,1,161,100193,71,e511766d0a,2,5
17390097160893682700,14102414,0,0,85f751fd,c4e18dd6,50e219e0,92f5800b,ae637522,0f2161f8,a99f214a,3fe8d13c,496515fa,1,0,1005,21189,320,50,2424,1,161,100192,71,8a5d45b6ec,17,20
17620005263916722470,14102414,0,1,85f751fd,c4e18dd6,50e219e0,03a08c3f,7801e8d9,0f2161f8,688e9be1,a4afe726,f07e20f8,4,2,1010,15707,320,50,1722,0,35,-1,79,d9939c9368,3,3
2783336073035182907,14102414,0,0,9a977531,a434fa42,f028772b,ecad2386,7801e8d9,07d7df22,a99f214a,cd6eab61,5ec45883,1,0,1005,20009,320,50,2283,0,163,-1,95,275770df34,1,1
3518823727954484056,14102414,0,1,5114c672,3f2f3819,3e814130,ecad2386,7801e8d9,07d7df22,a99f214a,a4c531c9,a0f5f879,1,0,1005,16208,320,50,1800,3,167,100075,23,157c56df21,5,13
3823221837585922622,14102414,0,0,85f751fd,c4e18dd6,50e219e0,a4869716,2347f47a,d1327cf5,a99f214a,39387f38,5d379d53,1,2,1005,375,320,50,112,3,1319,-1,15,39c604ddaf,21,21
4137491906153447764,14102414,1,0,1fbe01fe,f3845767,28905ebd,ecad2386,7801e8d9,07d7df22,a99f214a,d3355ae7,d787e91b,1,0,1005,20108,320,50,2299,2,1327,-1,52,595df2d851,3,3
5075745136226639469,14102414,1,0,1fbe01fe,f3845767,28905ebd,ecad2386,7801e8d9,07d7df22,a99f214a,6406e97b,8a4875bd,1,0,1005,15706,320,50,1722,0,35,-1,79,354dccd01a,6,8
5094760657494809166,14102414,0,0,85f751fd,c4e18dd6,50e219e0,a4869716,2347f47a,d1327cf5,a99f214a,b3ddfcd1,33c9c797,1,2,1005,380,320,50,112,3,1319,-1,15,44c8bdc583,8,12
5095157510511455521,14102414,0,0,1fbe01fe,f3845767,28905ebd,ecad2386,7801e8d9,07d7df22,a99f214a,34883f95,1f0bc64f,1,0,1005,20108,320,50,2299,2,1327,100084,52,8e1a8e4dac,1,2
5276904845658976504,14102414,0,0,1fbe01fe,f3845767,28905ebd,ecad2386,7801e8d9,07d7df22,a99f214a,05e569f1,d787e91b,1,0,1005,20108,320,50,2299,2,1327,-1,52,7c0175048f,1,4
5306906726995927433,14102414,1,0,2a68aa20,9b851bd8,3e814130,ecad2386,7801e8d9,07d7df22,a99f214a,38d71bc8,64a7b95b,1,0,1005,20214,320,50,2316,0,167,100076,16,377e99f2c8,2,11
6145887737918253130,14102414,0,1,e151e245,7e091613,f028772b,ecad2386,7801e8d9,07d7df22,a99f214a,fc493a07,1b13b020,1,0,1005,17037,320,50,1934,2,39,-1,16,c1a7955105,3,4
675778022045036796,14102414,0,0,85f751fd,c4e18dd6,50e219e0,ce183bbd,ae637522,cef3e649,a99f214a,fae7c6ca,36b67a2a,1,0,1005,16350,320,50,1823,1,167,100005,71,96d5eb2e01,1,3
7068390617548537130,14102414,0,0,1fbe01fe,f3845767,28905ebd,ecad2386,7801e8d9,07d7df22,a99f214a,8f128067,8a4875bd,1,0,1005,15701,320,50,1722,0,35,100084,79,9dc5d1f7a2,9,13
7249933199612007760,14102414,0,1,e151e245,7e091613,f028772b,ecad2386,7801e8d9,07d7df22,a99f214a,861a09af,a8d2c4cf,1,0,1005,16687,320,50,1872,3,39,-1,23,90a667279c,15,30
7370063515521075090,14102414,0,0,85f751fd,c4e18dd6,50e219e0,febd1138,82e27996,0f2161f8,a99f214a,acaecd71,d056b4bf,1,0,1005,21611,320,50,2480,3,297,100111,61,36efde2deb,1,2
748263855803366401,14102414,1,1,a7853007,7e091613,f028772b,ecad2386,7801e8d9,07d7df22,a99f214a,fadf993c,3bb1ddd7,1,0,1005,22288,320,50,2572,3,297,100156,42,e60e0f37c0,4,8
7953178143558590009,14102414,0,1,85f751fd,c4e18dd6,50e219e0,03a08c3f,7801e8d9,0f2161f8,08b43277,57d5b413,dc780755,4,0,1010,15708,320,50,1722,0,35,100084,79,df54eddfcf,5,7
9350107795208169039,14102414,1,0,6399eda6,968765cd,f028772b,ecad2386,7801e8d9,07d7df22,a99f214a,be9f75fa,0eb711ec,1,0,1005,16208,320,50,1800,3,167,100077,23,104d316d2c,23,28
9966636707401190108,14102414,0,1,e151e245,7e091613,f028772b,ecad2386,7801e8d9,07d7df22,a99f214a,a92560b0,4620fed2,1,0,1005,17262,320,50,1872,3,39,-1,23,acac0a8b97,1,2
10037539758365877706,14102415,0,0,85f751fd,c4e18dd6,50e219e0,51cedd4e,aefc06bd,0f2161f8,a99f214a,03a945f0,542422a7,1,0,1005,22236,320,50,2565,1,161,100193,71,35415a7b07,1,1
10111822339514757715,14102415,0,1,a7853007,7e091613,f028772b,ecad2386,7801e8d9,07d7df22,a99f214a,930ec31d,5b799d60,1,0,1005,22288,320,50,2572,3,297,100156,42,be67c638ed,14,18
10868504763220637114,14102415,1,0,85f751fd,c4e18dd6,50e219e0,54c5d545,2347f47a,0f2161f8,a99f214a,fa5a65c7,be87996b,1,2,1005,6558,320,50,571,2,39,100048,32,638d4844ab,4,14
11263139832813117654,14102415,0,1,b7e9786d,b12b9f85,f028772b,ecad2386,7801e8d9,07d7df22,a99f214a,008ad992,684581ce,1,0,1005,19950,320,50,1800,3,167,100077,23,2868df1f4b,10,13
11522708761541550616,14102415,1,0,6c5b482c,7687a86e,3e814130,ecad2386,7801e8d9,07d7df22,a99f214a,aea92f67,96a7c171,1,0,1005,19015,300,250,2162,2,39,100190,33,2bc0ef2d4e,5,5
11758304377438574243,14102415,0,0,85f751fd,c4e18dd6,50e219e0,ce183bbd,ae637522,cef3e649,a99f214a,cc422460,36b67a2a,1,0,1005,16350,320,50,1823,1,167,100003,71,43d287acee,2,3
11952462455038596654,14102415,1,0,5b08c53b,7687a86e,3e814130,ecad2386,7801e8d9,07d7df22,a99f214a,b0e90da7,4ea23a13,1,0,1005,17654,300,250,1994,2,39,-1,33,074ae1ea66,4,4
12968228487500811113,14102415,0,1,57ef2c87,bd6d812f,f028772b,ecad2386,7801e8d9,07d7df22,a99f214a,8463fe1b,a5bce124,1,0,1005,19950,320,50,1800,3,167,100081,23,7c93000289,40,44
13142303466395079715,14102415,0,0,85f751fd,c4e18dd6,50e219e0,9f41cdad,7801e8d9,07d7df22,187a1dad,82392895,911a3c09,0,0,1002,6993,320,50,613,2,39,-1,32,4fe2a74129,1,1
13272844029430063658,14102415,0,0,85f751fd,c4e18dd6,50e219e0,7c7508aa,885c7f3f,0f2161f8,a99f214a,56e26ae0,1f0bc64f,1,0,1005,19776,320,50,2229,0,687,100031,48,0c5709100d,3,3
13281554158875879023,14102415,0,0,d8bb8687,98e6755b,3e814130,ecad2386,7801e8d9,07d7df22,a99f214a,f096e6f1,5096d134,1,0,1005,17239,320,50,1973,3,39,-1,23,86dd070e3c,1,1
14430706385575853531,14102415,0,1,57fe1b20,5b626596,f028772b,ecad2386,7801e8d9,07d7df22,a99f214a,ec311956,be6db1d7,1,0,1005,16208,320,50,1800,3,167,100079,23,398d59c798,2,12
14990979649572502204,14102415,1,0,5b08c53b,7687a86e,3e814130,ecad2386,7801e8d9,07d7df22,a99f214a,2cea24fe,84ebbcd4,1,0,1005,17653,300,250,1994,2,39,-1,33,d12f08c23a,4,26
15497258194259991649,14102415,0,0,85f751fd,c4e18dd6,50e219e0,de97da65,33da2e74,0f2161f8,a99f214a,6394f6f6,c3f7117b,1,0,1005,18648,320,50,1092,3,811,100156,61,fb38b7fa4c,3,4
16567368590714220513,14102415,0,0,1fbe01fe,f3845767,28905ebd,ecad2386,7801e8d9,07d7df22,a99f214a,1bef792a,76dc4769,1,0,1005,22254,320,50,2545,0,167,-1,221,bcd07f42ff,8,20
16773236352731003024,14102415,0,0,2004e0e6,08facbad,50e219e0,ecad2386,7801e8d9,07d7df22,7c448639,4244c7c1,1da119e0,0,0,1002,21789,320,50,2512,2,291,-1,52,bc90237b2c,5,8
289799424326970124,14102415,0,0,85f751fd,c4e18dd6,50e219e0,92f5800b,ae637522,0f2161f8,a99f214a,8dd53cd7,d0e8e253,1,2,1005,21191,320,50,2424,1,161,100193,71,615acabe14,20,22
3189474078048812569,14102415,0,0,83a0ad1a,5c9ae867,f028772b,ecad2386,7801e8d9,07d7df22,a99f214a,61f6588b,de38939a,1,0,1005,20251,320,50,2323,0,687,100081,48,53d2d0abf4,1,2
333778191949594981,14102415,0,0,1fbe01fe,f3845767,28905ebd,ecad2386,7801e8d9,07d7df22,a99f214a,cd10d982,a0f5f879,1,0,1005,15707,320,50,1722,0,35,100084,79,9864bd1417,3,3
3597614840552553,14102415,0,0,1fbe01fe,f3845767,28905ebd,ecad2386,7801e8d9,07d7df22,a99f214a,90dc724d,d17a0181,1,0,1005,15702,320,50,1722,0,35,-1,79,faf0584827,1,2
3876418147890594813,14102415,0,0,1fbe01fe,f3845767,28905ebd,ecad2386,7801e8d9,07d7df22,a99f214a,49b9c693,a4528ded,1,0,1005,15701,320,50,1722,0,35,100084,79,7eac7817d9,1,6
3940877344241855743,14102415,0,0,1fbe01fe,f3845767,28905ebd,ecad2386,7801e8d9,07d7df22,a99f214a,07875ea4,8a4875bd,1,0,1005,15706,320,50,1722,0,35,-1,79,050d370e1a,6,9
4113668335969190262,14102415,0,1,c63170c5,a9bba545,f028772b,ecad2386,7801e8d9,07d7df22,a99f214a,5f64877e,de38939a,1,0,1005,19772,320,50,2227,0,679,-1,48,a4aab49ea2,8,19
4362389213102205275,14102415,0,1,17caea14,0dde25ec,f028772b,ecad2386,7801e8d9,07d7df22,a99f214a,8c69d47a,76dc4769,1,0,1005,19950,320,50,1800,3,167,100075,23,c38ed3340c,3,9
4626576996692302754,14102415,0,0,1fbe01fe,f3845767,28905ebd,ecad2386,7801e8d9,07d7df22,a99f214a,1cf29716,94a6ac23,1,2,1005,22259,320,50,2545,0,167,-1,221,92ce448378,7,11
489258934955309010,14102415,1,0,1fbe01fe,f3845767,28905ebd,ecad2386,7801e8d9,07d7df22,a99f214a,f580c1d0,711ee120,1,0,1005,22259,320,50,2545,0,167,-1,221,2fff528709,6,7
5157787971952522300,14102415,1,0,5b08c53b,7687a86e,3e814130,ecad2386,7801e8d9,07d7df22,a99f214a,3a4974b0,65c93b38,1,0,1005,17654,300,250,1994,2,39,-1,33,921fd5e0d2,1,2
5299407631197265722,14102415,0,0,85f751fd,c4e18dd6,50e219e0,680e6a92,2347f47a,0f2161f8,a99f214a,59ae702f,65917667,1,0,1005,20392,320,50,2340,0,41,100111,159,bba8ca3d9a,23,27
5415043631937323655,14102415,0,1,856e6d3f,58a89a43,f028772b,ecad2386,7801e8d9,07d7df22,a99f214a,6bd4f79b,78d9bd10,1,0,1005,19771,320,50,2227,0,679,-1,48,a4ab3cf303,4,40
5433103787445275196,14102415,0,0,1fbe01fe,f3845767,28905ebd,ecad2386,7801e8d9,07d7df22,a99f214a,87cc4885,711ee120,1,0,1005,15699,320,50,1722,0,35,-1,79,8f7f8b2def,6,10
5657389924330740538,14102415,0,0,1fbe01fe,f3845767,28905ebd,ecad2386,7801e8d9,07d7df22,a99f214a,8b1c7b6d,1aa0e912,1,0,1005,15703,320,50,1722,0,35,-1,79,615acabe14,8,9
5977743582823598960,14102415,1,0,85f751fd,c4e18dd6,50e219e0,e2fcccd2,5c5a694b,0f2161f8,a99f214a,9bcf6f7c,d4897fef,1,0,1005,4687,320,50,423,2,39,100148,32,8d7dddfcea,3,5
670058697646283475,14102415,0,0,85f751fd,c4e18dd6,50e219e0,92f5800b,ae637522,0f2161f8,a99f214a,948c4fdb,496515fa,1,3,1005,22318,320,50,2574,1,161,100193,71,3fef52d9ff,1,5
7294403770110206423,14102415,1,0,85f751fd,c4e18dd6,50e219e0,03528b27,2347f47a,8ded1f7a,a99f214a,dc7097b5,d4897fef,1,0,1005,6563,320,50,572,2,39,-1,32,1018539c0d,23,29
7423395631428197534,14102415,0,0,1fbe01fe,f3845767,28905ebd,ecad2386,7801e8d9,07d7df22,a99f214a,a942a320,8ce34352,1,0,1005,15699,320,50,1722,0,35,100084,79,674e439ac4,8,8
7540462558787500139,14102415,0,0,d31dbdc5,dc0e1daa,50e219e0,ecad2386,7801e8d9,07d7df22,ba9413cf,908eb33b,4042e175,0,0,1002,18858,320,50,1882,3,35,-1,13,0122a31d4b,16,20
9541836320615613888,14102415,0,1,92c7cbe7,6e882918,75fa27f6,ecad2386,7801e8d9,07d7df22,a99f214a,e8f34c79,0bc44f2a,1,0,1005,20966,320,50,2372,0,813,-1,46,e3ddb01332,8,20
9659722550695892328,14102415,0,0,85f751fd,c4e18dd6,50e219e0,92f5800b,ae637522,0f2161f8,a99f214a,d132aa4e,054c8edf,1,3,1005,21191,320,50,2424,1,161,100190,71,6fe93e9d4e,2,2
9759481268142024972,14102415,0,1,856e6d3f,58a89a43,f028772b,ecad2386,7801e8d9,07d7df22,a99f214a,539346ae,be74e6fe,1,0,1005,16208,320,50,1800,3,167,100077,23,04d5168971,3,8
11184033176224070114,14102416,0,0,85f751fd,c4e18dd6,50e219e0,54c5d545,2347f47a,0f2161f8,a99f214a,799d2fa5,cd5b1559,1,2,1005,17016,320,50,1873,3,39,-1,23,4bfbccdb89,14,42
11826060925755223893,14102416,0,0,1fbe01fe,f3845767,28905ebd,ecad2386,7801e8d9,07d7df22,a99f214a,79912ed6,f07e20f8,1,2,1005,15706,320,50,1722,0,35,100083,79,1abfd033f5,3,14
12545981229707232989,14102416,0,1,a7853007,7e091613,f028772b,ecad2386,7801e8d9,07d7df22,a99f214a,930ec31d,3bb1ddd7,1,0,1005,22288,320,50,2572,3,297,100156,42,aeec01945b,1,14
12667231279318367227,14102416,0,0,1fbe01fe,f3845767,28905ebd,ecad2386,7801e8d9,07d7df22,a99f214a,8a014cbb,6e1e2240,1,0,1005,15708,320,50,1722,0,35,-1,79,1ea7e2ab50,9,32
12816418363311891252,14102416,0,0,1fbe01fe,f3845767,28905ebd,ecad2386,7801e8d9,07d7df22,a99f214a,8dd848d1,a0f5f879,1,0,1005,15707,320,50,1722,0,35,-1,79,3237a97d1d,7,7
13144768636491781225,14102416,0,0,85f751fd,c4e18dd6,50e219e0,fb7c70a3,d9b5648e,0f2161f8,5cafe266,db030955,a4b6f65b,1,0,1005,20394,320,50,2340,0,41,100111,159,37fe473f40,9,14
1412707737993958437,14102416,0,1,5114c672,3f2f3819,3e814130,ecad2386,7801e8d9,07d7df22,a99f214a,3fd85d1f,d14c4241,1,0,1005,19772,320,50,2227,0,679,-1,48,bb06745317,1,5
14934012498055033991,14102416,0,1,57ef2c87,bd6d812f,f028772b,ecad2386,7801e8d9,07d7df22,a99f214a,137d71a1,d4897fef,1,0,1005,19950,320,50,1800,3,167,100075,23,637499e0b8,8,9
15040206619333317771,14102416,1,1,e151e245,7e091613,f028772b,ecad2386,7801e8d9,07d7df22,a99f214a,6b9769f2,d14c4241,1,0,1005,6400,320,50,550,3,39,-1,23,9f11afa7ac,23,23
15135574213024011123,14102416,0,0,85f751fd,c4e18dd6,50e219e0,92f5800b,ae637522,0f2161f8,a99f214a,65928d22,e1eae715,1,3,1005,21191,320,50,2424,1,161,100189,71,2c96bd1338,20,21
15760318345014998039,14102416,0,1,c63170c5,a9bba545,f028772b,ecad2386,7801e8d9,07d7df22,a99f214a,816267a1,a5bce124,1,0,1005,19950,320,50,1800,3,167,100077,23,1384e057b7,30,31
15970864042608496225,14102416,0,0,85f751fd,c4e18dd6,50e219e0,92f5800b,ae637522,0f2161f8,a99f214a,73db399a,981edffc,1,3,1005,21191,320,50,2424,1,161,100193,71,96c0491bf3,7,8
16196701777664456589,14102416,0,0,85f751fd,c4e18dd6,50e219e0,98fed791,d9b5648e,0f2161f8,a99f214a,f4ff9ff9,aad45b01,1,0,1005,20391,320,50,2340,0,41,100111,159,681f158889,6,17
1637490662151047720,14102416,0,0,85f751fd,c4e18dd6,50e219e0,3f2a6cbb,33da2e74,cef3e649,a99f214a,285aa37d,3bb1ddd7,1,0,1005,22267,320,50,2566,3,41,100156,42,6f62721130,6,8
17761123876127435908,14102416,0,1,ce3307ec,7e091613,f028772b,ecad2386,7801e8d9,07d7df22,a99f214a,c41fe74f,cc63cb07,1,0,1005,22288,320,50,2572,3,297,100156,42,a18cef38f2,4,6
17780516102024368095,14102416,0,1,e4d8dd7b,a17bde68,3e814130,ecad2386,7801e8d9,07d7df22,a99f214a,10746ecd,ecb851b2,1,0,1005,19950,320,50,1800,3,167,100074,23,5359a1a40d,6,9
18201017571469826412,14102416,0,0,85f751fd,c4e18dd6,50e219e0,3f2a6cbb,33da2e74,cef3e649,a99f214a,e0030fa7,3bb1ddd7,1,0,1005,22246,320,50,2566,3,41,100156,42,8c2e45c9a4,2,4
2549441793160026329,14102416,0,1,856e6d3f,58a89a43,f028772b,ecad2386,7801e8d9,07d7df22,a99f214a,ff47ac30,d4897fef,1,0,1005,19950,320,50,1800,3,167,100075,23,cbe78921a4,3,6
2865641850913221092,14102416,0,1,856e6d3f,58a89a43,f028772b,ecad2386,7801e8d9,07d7df22,a99f214a,fd21d791,d4897fef,1,0,1005,16208,320,50,1800,3,167,100079,23,c17f3843e1,3,61
3181421209895768298,14102416,0,0,1fbe01fe,f3845767,28905ebd,ecad2386,7801e8d9,07d7df22,a99f214a,135ebc51,cbb77256,1,0,1005,15707,320,50,1722,0,35,100084,79,1735e8ddab,9,10
3557084866727840382,14102416,0,0,85f751fd,c4e18dd6,50e219e0,fc6dc16f,5c5a694b,0f2161f8,7079e405,accba03b,3cfa4017,1,2,1005,20391,320,50,2340,0,41,100111,159,1707e29fa0,2,3
3828005247860329761,14102416,0,1,5b4d2eda,16a36ef3,f028772b,ecad2386,7801e8d9,07d7df22,a99f214a,a082d821,a5bce124,1,0,1005,16208,320,50,1800,3,167,100076,23,1018539c0d,4,5
4159729816249650602,14102416,0,0,c321c5d2,cee5ef47,50e219e0,ecad2386,7801e8d9,07d7df22,21e32414,0dab9d23,3fabab5b,0,0,1002,15908,320,50,1752,3,297,100081,82,7c08045cce,4,16
4316049819564302401,14102416,1,0,1fbe01fe,f3845767,28905ebd,ecad2386,7801e8d9,07d7df22,a99f214a,1af42897,d787e91b,1,0,1005,15707,320,50,1722,0,35,-1,79,5237139798,2,2
4699268594861198552,14102416,0,0,85f751fd,c4e18dd6,50e219e0,e2fcccd2,5c5a694b,0f2161f8,a99f214a,abb9a22c,fce66524,1,0,1005,4687,320,50,423,2,39,100148,32,9a540e1014,4,5
4978070401985660755,14102416,0,0,85f751fd,c4e18dd6,50e219e0,febd1138,82e27996,0f2161f8,a99f214a,41716f6a,b4b19c97,1,0,1005,20393,320,50,2340,3,41,100111,159,360d4dae65,5,8
5335005230639078924,14102416,1,0,39cffaa4,d9e5838f,50e219e0,ecad2386,7801e8d9,07d7df22,d4e1d7bb,641f7e4d,a9b05547,0,0,1002,17081,320,50,1921,3,47,100074,23,8141228092,3,3
5574503329420698504,14102416,0,0,85f751fd,c4e18dd6,50e219e0,de23f149,ae637522,0f2161f8,a99f214a,6f3cc4f6,2692a96a,1,3,1005,21818,320,50,2519,1,171,100191,71,cf6c847903,3,3
5713073564940738254,14102416,1,1,e151e245,7e091613,f028772b,ecad2386,7801e8d9,07d7df22,a99f214a,9a761df4,8a4875bd,1,0,1005,17037,320,50,1934,2,39,-1,16,a71dbb4e3a,7,12
6462681922869105826,14102416,0,0,85f751fd,c4e18dd6,50e219e0,cc278f17,d9b5648e,0f2161f8,a99f214a,db1a68dd,99e427c9,1,0,1005,20391,320,50,2340,0,41,100111,159,0c30a8b447,4,6
6587015182965019651,14102416,0,0,5b08c53b,7687a86e,3e814130,ecad2386,7801e8d9,07d7df22,a99f214a,6b9769f2,24399af1,1,0,1005,17653,300,250,1994,2,39,-1,33,f167b2c58d,1,1
7241409492465655466,14102416,1,1,e151e245,7e091613,f028772b,ecad2386,7801e8d9,07d7df22,a99f214a,6ae221f6,3bc980aa,1,0,1005,17014,320,50,1872,3,39,-1,23,8819982f15,4,6
7534344895264736212,14102416,0,0,85f751fd,c4e18dd6,50e219e0,03528b27,2347f47a,8ded1f7a,daea2d94,cf7d5492,0eb711ec,1,0,1005,17016,320,50,1873,3,39,-1,23,9747bb2fcb,3,9
835470660849904989,14102416,0,0,1fbe01fe,f3845767,28905ebd,ecad2386,7801e8d9,07d7df22,a99f214a,70e0d035,76dc4769,1,0,1005,15707,320,50,1722,0,35,100084,79,9eb9a81c2f,6,16
9106041683705240968,14102416,1,0,6c5b482c,7687a86e,3e814130,ecad2386,7801e8d9,07d7df22,a99f214a,03a88edb,be6db1d7,1,0,1005,19015,300,250,2162,2,39,100148,33,fe9b88f4ba,7,22
9458519032051811518,14102416,1,1,5ee41ff2,17d996e6,f028772b,ecad2386,7801e8d9,07d7df22,a99f214a,9ed89bf1,95a0fb49,1,0,1005,16920,320,50,1899,0,431,100081,117,0d06077beb,9,11
9870998228301684667,14102416,1,1,5ee41ff2,17d996e6,f028772b,ecad2386,7801e8d9,07d7df22,a99f214a,37bcba48,0eb711ec,1,0,1005,19950,320,50,1800,3,167,100079,23,d355e58301,8,10
10116091570369966932,14102417,0,0,7d50a826,400fbb48,f028772b,ecad2386,7801e8d9,07d7df22,a99f214a,291c5647,7abbbd5c,1,0,1005,17239,320,50,1973,3,39,-1,23,166efbeb89,14,24
10192467353182502663,14102417,0,0,1fbe01fe,f3845767,28905ebd,ecad2386,7801e8d9,07d7df22,a99f214a,8a014cbb,1610002a,1,0,1005,15702,320,50,1722,0,35,-1,79,1eaa9b943b,8,9
10418008928641504899,14102417,0,0,85f751fd,c4e18dd6,50e219e0,51cedd4e,aefc06bd,0f2161f8,a99f214a,1f43fcdc,bbeedfee,1,0,1005,20392,320,50,2340,3,41,100111,159,dd2aa494b8,3,6
10448107768629145179,14102417,0,0,6c5b482c,7687a86e,3e814130,ecad2386,7801e8d9,07d7df22,a99f214a,8a014cbb,a0f5f879,1,0,1005,17653,300,250,1994,2,39,-1,33,f52416a20e,3,14
10755479603132317235,14102417,1,1,d9750ee7,98572c79,f028772b,ecad2386,7801e8d9,07d7df22,a99f214a,b517ae2d,8a4875bd,1,0,1005,19597,320,50,2242,3,167,-1,23,5c62c998cd,4,7
1104331338451781761,14102417,0,0,85f751fd,c4e18dd6,50e219e0,39449abd,d9b5648e,0f2161f8,a99f214a,87093116,282c2a32,1,0,1005,20395,320,50,2340,3,41,100111,159,ee038b63f3,1,18
11154590242192422480,14102417,1,1,461f4ff6,27e3c518,28905ebd,ecad2386,7801e8d9,07d7df22,a99f214a,4e797856,fa952a77,1,0,1005,20393,320,50,2340,3,41,100111,159,486cc46668,2,3
11871517053432095324,14102417,0,1,e151e245,7e091613,f028772b,ecad2386,7801e8d9,07d7df22,a99f214a,78d4c49c,779d90c2,1,0,1005,16687,320,50,1872,3,39,100173,23,a150b49a85,3,5
11924704882066764717,14102417,1,1,e5c60a05,7256c623,f028772b,ecad2386,7801e8d9,07d7df22,a99f214a,fb682b56,5096d134,1,0,1005,16208,320,50,1800,3,167,-1,23,bd0321e032,1,6
1252993034309940000,14102417,0,0,85f751fd,c4e18dd6,50e219e0,98fed791,d9b5648e,0f2161f8,a99f214a,1a780d06,aad45b01,1,0,1005,20394,320,50,2340,3,41,100111,159,65635e74c3,1,6
12930674486641471563,14102417,0,0,85f751fd,c4e18dd6,50e219e0,92f5800b,ae637522,0f2161f8,a99f214a,77ce9774,496515fa,1,3,1005,21189,320,50,2424,1,161,100192,71,cb8c3dcf4a,3,4
14235826966565707235,14102417,0,0,6ec06dbd,d262cf1e,f66779e6,ecad2386,7801e8d9,07d7df22,a99f214a,b1a06be3,d14c4241,1,0,1005,19772,320,50,2227,0,679,100076,48,992d580d55,6,8
14591080567092692293,14102417,1,0,1fbe01fe,f3845767,28905ebd,ecad2386,7801e8d9,07d7df22,a99f214a,f7ff9ddf,be87996b,1,2,1005,15699,320,50,1722,0,35,100084,79,10ad6504fa,6,10
15775046636583415115,14102417,0,0,9a977531,a434fa42,f028772b,ecad2386,7801e8d9,07d7df22,a99f214a,da6e4e1c,ce576f14,1,0,1005,19771,320,50,2227,0,679,-1,48,18b763af8a,2,8
15871590638371600526,14102417,0,0,85f751fd,c4e18dd6,50e219e0,a6dfb7c7,f2f777fb,0f2161f8,a99f214a,508d31ad,2ea4f8ba,1,0,1005,20277,320,50,2281,3,47,100181,42,f1f20e808a,1,4
16015525464255490880,14102417,0,0,83a0ad1a,5c9ae867,f028772b,ecad2386,7801e8d9,07d7df22,a99f214a,d90a7774,cad4c01d,1,0,1005,22246,320,50,2566,3,41,100156,42,3502a6a7ba,11,21
16616220631390299696,14102417,0,0,85f751fd,c4e18dd6,50e219e0,92f5800b,ae637522,0f2161f8,a99f214a,d3e814f6,e1eae715,1,3,1005,21191,320,50,2424,1,161,100190,71,0147912254,8,16
17827377888302553000,14102417,0,1,e7777bfa,9fb0b77c,3e814130,ecad2386,7801e8d9,07d7df22,a99f214a,cf8f8432,8b1aa260,1,0,1005,15706,320,50,1722,0,35,-1,79,93bc87565a,1,1
1826198289127901007,14102417,1,1,5ee41ff2,17d996e6,f028772b,ecad2386,7801e8d9,07d7df22,a99f214a,fcdfa515,d4897fef,1,0,1005,16920,320,50,1899,0,431,-1,117,8450d2d9ec,2,7
2328998671448454186,14102417,0,0,85f751fd,c4e18dd6,50e219e0,e2fcccd2,5c5a694b,0f2161f8,a99f214a,2ddd794a,4ea23a13,1,0,1005,4687,320,50,423,2,39,100148,32,cb06f13c84,2,4
2413925090607825260,14102417,0,0,1fbe01fe,f3845767,28905ebd,ecad2386,7801e8d9,07d7df22,a99f214a,1bf83f34,553f099b,1,0,1005,15704,320,50,1722,0,35,100083,79,33a3123244,1,1
2919674183953631975,14102417,0,1,5ee41ff2,17d996e6,f028772b,ecad2386,7801e8d9,07d7df22,a99f214a,98543048,8a4875bd,1,0,1005,19950,320,50,1800,3,167,100079,23,bc0a7e1e67,15,53
3163961990656156874,14102417,0,1,2fdff0f2,2296b5b3,3e814130,ecad2386,7801e8d9,07d7df22,a99f214a,6de3bedd,a8d2c4cf,1,0,1005,19950,320,50,1800,3,167,100081,23,ee038b63f3,6,11
3421972009441863015,14102417,0,0,85f751fd,c4e18dd6,50e219e0,92f5800b,ae637522,0f2161f8,a99f214a,807b721f,981edffc,1,3,1005,21191,320,50,2424,1,161,100191,71,68559a2740,1,18
4148783991751078658,14102417,0,0,1fbe01fe,f3845767,28905ebd,ecad2386,7801e8d9,07d7df22,a99f214a,98559174,e921bfcd,1,0,1005,15705,320,50,1722,0,35,-1,79,973588c794,1,3
4307667140468710055,14102417,0,0,1fbe01fe,f3845767,28905ebd,ecad2386,7801e8d9,07d7df22,a99f214a,9aec248b,779d90c2,1,0,1005,15703,320,50,1722,0,35,100083,79,c885c37653,5,7
4556900774124751981,14102417,0,1,461f4ff6,27e3c518,28905ebd,ecad2386,7801e8d9,07d7df22,a99f214a,f6807f8c,cd5b1559,1,2,1005,20396,320,50,2340,3,41,100111,159,0be1846ddc,4,5
4959247910727886270,14102417,0,1,e151e245,7e091613,f028772b,ecad2386,7801e8d9,07d7df22,a99f214a,d3905c2d,fce66524,1,0,1005,17262,320,50,1872,3,39,-1,23,f167b2c58d,6,6
5117485617173432527,14102417,0,1,e023ba3e,75f9ddc3,f028772b,ecad2386,7801e8d9,07d7df22,a99f214a,5828f92e,80b1a1d2,1,0,1005,21675,320,50,2495,2,167,-1,23,37bbe6c14b,8,19
5344393878901632352,14102417,1,1,d9750ee7,98572c79,f028772b,ecad2386,7801e8d9,07d7df22,a99f214a,225af2a8,5096d134,1,0,1005,17614,320,50,1993,2,1063,100083,33,df54eddfcf,5,7
5377260597497508321,14102417,0,1,a7853007,7e091613,f028772b,ecad2386,7801e8d9,07d7df22,a99f214a,930ec31d,cc63cb07,1,0,1005,22268,320,50,2566,3,41,100156,42,c7bb91900f,2,2
5679676060851080988,14102417,0,0,85f751fd,c4e18dd6,50e219e0,54c5d545,2347f47a,0f2161f8,a99f214a,6bff9ad4,520ca87c,1,0,1005,15703,320,50,1722,0,35,100084,79,b2ff92e5b7,49,50
6847648584122333051,14102417,0,1,ce3307ec,7e091613,f028772b,ecad2386,7801e8d9,07d7df22,a99f214a,c41fe74f,c3f7117b,1,0,1005,22288,320,50,2572,3,297,100156,42,5bdae9a921,2,2
7131011378660205041,14102417,0,0,85f751fd,c4e18dd6,50e219e0,92f5800b,ae637522,0f2161f8,a99f214a,2722ae4e,0bcabeaf,1,3,1005,21191,320,50,2424,1,161,100189,71,9783f43f2a,7,14
7338792822832572958,14102417,0,1,8c788ce9,eac4567d,3e814130,ecad2386,7801e8d9,07d7df22,a99f214a,cf8f8432,8b1aa260,1,0,1005,15705,320,50,1722,0,35,-1,79,44e2e35217,1,1
7804125588819303617,14102417,1,1,e151e245,7e091613,f028772b,ecad2386,7801e8d9,07d7df22,a99f214a,b584f865,ecb851b2,1,0,1005,4687,320,50,423,2,39,100148,32,9f56d3c3cd,2,3
7945158836945149570,14102417,1,0,fa004722,2296b5b3,3e814130,ecad2386,7801e8d9,07d7df22,a99f214a,0981d725,d787e91b,1,0,1005,16615,320,50,1863,3,39,-1,23,b57f24fbb6,13,26
9238517741703163007,14102417,0,0,94bb55de,863fa89d,50e219e0,ecad2386,7801e8d9,07d7df22,872d6913,4d57985a,66960a7d,0,0,1002,22162,320,50,2553,2,167,100141,23,933cd18157,13,13
9690308721346377592,14102417,0,0,85f751fd,c4e18dd6,50e219e0,febd1138,82e27996,0f2161f8,a99f214a,f21e371d,e0886411,1,0,1005,20272,320,50,2225,0,679,100101,48,18a8196259,6,7
9741164276319448701,14102417,0,1,e151e245,7e091613,f028772b,ecad2386,7801e8d9,07d7df22,a99f214a,10dcdfb1,6bfbb32f,1,0,1005,17014,320,50,1872,3,39,-1,23,5beb805c79,26,36
10453365692128465865,14102418,0,0,85f751fd,c4e18dd6,50e219e0,b746b6ce,d9b5648e,cef3e649,a99f214a,048c635b,aad45b01,1,0,1005,20392,320,50,2340,3,41,100111,159,54bd1d719c,3,5
11220543582595670967,14102418,0,0,1fbe01fe,f3845767,28905ebd,ecad2386,7801e8d9,07d7df22,a99f214a,9a7942b7,6569eeb3,1,0,1005,15704,320,50,1722,0,35,100084,79,c66257c352,46,60
11505718873978770040,14102418,0,0,85f751fd,c4e18dd6,50e219e0,cfbd8210,d9b5648e,0f2161f8,a99f214a,b58c1836,9b5ce758,1,0,1005,20392,320,50,2340,3,41,100111,159,7ef4d3550e,2,12
11969875852210055726,14102418,0,1,a7853007,7e091613,f028772b,ecad2386,7801e8d9,07d7df22,a99f214a,fadf993c,9bbdb88c,1,0,1005,22267,320,50,2566,3,41,100156,42,289da49c1e,3,3
12545042893521039377,14102418,0,1,85f751fd,c4e18dd6,50e219e0,03a08c3f,7801e8d9,0f2161f8,29d96124,9ad18b35,f07e20f8,4,2,1010,7698,320,50,686,3,35,-1,42,0d06077beb,3,5
12845913157612792091,14102418,0,1,856e6d3f,58a89a43,f028772b,ecad2386,7801e8d9,07d7df22,a99f214a,0d89e393,d4897fef,1,0,1005,16208,320,50,1800,3,167,-1,23,8d02766693,11,14
13107197769545539358,14102418,1,0,5c7db25f,3b5e35d7,50e219e0,ecad2386,7801e8d9,07d7df22,604060d5,077de383,ea6abc60,0,0,1002,20108,320,50,2299,2,1327,-1,52,b9458e7428,1,2
13282747421308523647,14102418,0,1,0eb72673,d2f72222,f028772b,ecad2386,7801e8d9,07d7df22,a99f214a,714c59fa,8a4875bd,1,0,1005,16615,320,50,1863,3,39,-1,23,a7a6a4f8d1,3,5
13387580250759766754,14102418,1,1,e151e245,7e091613,f028772b,ecad2386,7801e8d9,07d7df22,a99f214a,85f85c30,aa35da31,1,0,1005,17037,320,50,1934,2,39,-1,16,aaf214c471,30,35
1359010579836526757,14102418,0,0,6c5b482c,7687a86e,3e814130,ecad2386,7801e8d9,07d7df22,a99f214a,d7827f48,84ebbcd4,1,0,1005,17654,300,250,1994,2,39,-1,33,fe9b88f4ba,4,11
13760606054188624864,14102418,1,1,e151e245,7e091613,f028772b,ecad2386,7801e8d9,07d7df22,a99f214a,18d347be,d6e0e6ff,1,0,1005,4687,320,50,423,2,39,100148,32,c76841cf70,13,29
14792615903710937647,14102418,0,1,e151e245,7e091613,f028772b,ecad2386,7801e8d9,07d7df22,a99f214a,87582fa2,eee53df3,1,0,1005,20392,320,50,2340,3,41,100111,159,7a78787642,1,2
17135143941706609686,14102418,1,0,1fbe01fe,f3845767,28905ebd,ecad2386,7801e8d9,07d7df22,a99f214a,17f223c7,711ee120,1,0,1005,15708,320,50,1722,0,35,-1,79,a7060d9c6f,5,20
17375975615055984991,14102418,0,0,d9750ee7,98572c79,f028772b,ecad2386,7801e8d9,07d7df22,a99f214a,1ad2a0be,1aa0e912,1,0,1005,19591,320,50,2242,3,167,-1,23,5c0ace8ddf,11,13
2813984679812425534,14102418,0,0,1fbe01fe,f3845767,28905ebd,ecad2386,7801e8d9,07d7df22,a99f214a,6057bc2f,ecb851b2,1,0,1005,15706,320,50,1722,0,35,-1,79,53d41859c2,4,14
3340796800491833534,14102418,0,1,e151e245,7e091613,f028772b,ecad2386,7801e8d9,07d7df22,a99f214a,837561f2,60eb1f19,1,0,1005,17264,320,50,1872,3,39,100173,23,6ee6f120a6,2,7
4034996050842892183,14102418,0,0,85f751fd,c4e18dd6,50e219e0,e2fcccd2,5c5a694b,0f2161f8,5f36e9c3,5be95fba,fce66524,1,0,1005,4687,320,50,423,2,39,100148,32,5d61ae9b4d,4,7
5436411200169182967,14102418,0,1,e151e245,7e091613,f028772b,ecad2386,7801e8d9,07d7df22,a99f214a,c119d51f,1b13b020,1,0,1005,20394,320,50,2340,3,41,100111,159,1abfd033f5,3,4
6556450211133006464,14102418,0,0,85f751fd,c4e18dd6,50e219e0,92f5800b,ae637522,0f2161f8,a99f214a,75df814f,e1eae715,1,3,1005,21189,320,50,2424,1,161,100190,71,c6769e310f,1,1
6898859792537933367,14102418,0,0,1fbe01fe,f3845767,28905ebd,ecad2386,7801e8d9,07d7df22,a99f214a,6b9769f2,d787e91b,1,0,1005,15703,320,50,1722,0,35,-1,79,c5900ad55d,14,18
7389666185503448615,14102418,1,0,85f751fd,c4e18dd6,50e219e0,7358e05e,b9528b13,cef3e649,15ff8935,91ec690a,96a7c171,1,0,1005,20633,320,50,2374,3,39,-1,23,116f203332,7,10
7858683108188938586,14102418,0,0,1fbe01fe,f3845767,28905ebd,ecad2386,7801e8d9,07d7df22,a99f214a,ed54a747,8a4875bd,1,0,1005,15704,320,50,1722,0,35,-1,79,85e847af1a,3,7
8441719337376232156,14102418,0,0,1fbe01fe,f3845767,28905ebd,ecad2386,7801e8d9,07d7df22,a99f214a,f2d39d54,a0f5f879,1,0,1005,15707,320,50,1722,0,35,-1,79,b220ce7552,1,1
998882941010683809,14102418,1,0,85f751fd,c4e18dd6,50e219e0,c3f39675,2347f47a,0f2161f8,a99f214a,1bef8cf6,e7816ba8,1,0,1005,21611,320,50,2480,3,297,100111,61,784c6f49a1,19,24
12400670179309958885,14102419,0,1,85f751fd,c4e18dd6,50e219e0,0977ff24,7801e8d9,0f2161f8,26d3ba6b,707c89fc,ac95e7a1,4,0,1010,17875,320,50,2036,3,47,-1,156,87d7a7785d,1,1
6238242332338576190,14102419,0,0,6c5b482c,7687a86e,3e814130,ecad2386,7801e8d9,07d7df22,a99f214a,05a8b7bb,84ebbcd4,1,0,1005,17653,300,250,1994,2,39,100084,33,030a04e92a,4,8
6714502700824394357,14102419,0,0,1fbe01fe,f3845767,28905ebd,ecad2386,7801e8d9,07d7df22,a99f214a,57cd4006,8a4875bd,1,0,1005,15699,320,50,1722,0,35,-1,79,c220de62ee,1,1
705800145598974987,14102419,0,0,763a42b5,08facbad,50e219e0,ecad2386,7801e8d9,07d7df22,a48e80b5,25f29d72,c4a565e1,0,0,1002,21789,320,50,2512,2,291,-1,52,85e2f76a11,4,5
14524475310494649346,14102420,0,1,85f751fd,c4e18dd6,50e219e0,54e87ea1,7801e8d9,4681bb9d,94ae2290,eaf2fae5,88fbaa46,5,2,1010,18858,320,50,1882,3,35,-1,13,d99d8ae1d9,35,45
17802979955579097567,14102420,0,0,85f751fd,c4e18dd6,50e219e0,6bcecbce,2347f47a,cef3e649,a99f214a,f64af7b7,1d5bfd2d,1,0,1005,20394,320,50,2340,0,41,100111,159,6c8e1457de,33,37
3919526164226987981,14102420,0,0,1fbe01fe,f3845767,28905ebd,ecad2386,7801e8d9,07d7df22,a99f214a,11f97e75,2203a096,1,0,1005,15699,320,50,1722,0,35,100083,79,ad630550df,10,11
15906223956484723544,14102421,0,0,1fbe01fe,f3845767,28905ebd,ecad2386,7801e8d9,07d7df22,a99f214a,7614b7fa,8a4875bd,1,0,1005,15701,320,50,1722,0,35,100084,79,5167ead820,2,4
15927133517106216581,14102421,0,0,021cd138,73123598,28905ebd,ecad2386,7801e8d9,07d7df22,a99f214a,d9333151,38c63a3a,1,0,1005,20392,320,50,2340,3,41,100111,159,d6c9980978,1,1
6687758705628441363,14102421,0,0,1fbe01fe,f3845767,28905ebd,ecad2386,7801e8d9,07d7df22,a99f214a,674328b9,8a4875bd,1,0,1005,15705,320,50,1722,0,35,-1,79,68ff03d1c7,7,7
9186381280120638447,14102421,0,1,85f751fd,c4e18dd6,50e219e0,b8875973,7801e8d9,0f2161f8,a6de6634,13091f45,2b127119,5,2,1010,22242,728,90,2566,3,41,100155,42,edfee8b053,2,4
15148884408822888840,14102422,0,1,85f751fd,c4e18dd6,50e219e0,8c0dcd5a,7801e8d9,0f2161f8,c97a8ddf,92551efc,f07e20f8,4,0,1010,17875,320,50,2036,3,47,-1,156,3778204cb3,5,16
10102797665990772601,14102423,0,0,85f751fd,c4e18dd6,50e219e0,73206397,2347f47a,8ded1f7a,9562a66e,63e80575,df36cdb8,1,0,1005,20394,320,50,2340,3,41,100111,159,e3b6260651,1,4
11099978273409651377,14102423,0,1,e151e245,7e091613,f028772b,ecad2386,7801e8d9,07d7df22,a99f214a,21f58539,3e176bb5,1,0,1005,20392,320,50,2340,3,41,100111,159,8d7dddfcea,3,16
15495399351664601507,14102500,0,0,1fbe01fe,f3845767,28905ebd,ecad2386,7801e8d9,07d7df22,a99f214a,a98e1910,b7e932e7,1,0,1005,15702,320,50,1722,0,35,100084,79,aafe724bf0,7,21
16380072391112590575,14102500,0,1,b7e9786d,b12b9f85,f028772b,ecad2386,7801e8d9,07d7df22,a99f214a,ed183c18,46d98882,1,0,1005,19771,320,50,2227,0,679,-1,48,573e3eb827,20,20
17504948910818062579,14102500,0,0,6fcff501,b9c4ab81,f028772b,ecad2386,7801e8d9,07d7df22,a99f214a,2f8d6b26,cad4c01d,1,0,1005,20395,320,50,2340,3,41,100111,159,0f9488bb34,6,7
3634721033287878908,14102500,0,0,85f751fd,c4e18dd6,50e219e0,febd1138,82e27996,0f2161f8,a99f214a,ac44ba6b,2ea4f8ba,1,0,1005,21611,320,50,2480,3,297,100111,61,76afeb8f84,16,17
4315371663732283716,14102500,0,0,88aaf457,126112e0,50e219e0,ecad2386,7801e8d9,07d7df22,a91c82b6,2d5ff14f,d002cb2f,0,0,1002,21676,320,50,2495,2,167,-1,23,b6521fd4be,16,31
6072000560432538394,14102500,0,0,1fbe01fe,f3845767,28905ebd,ecad2386,7801e8d9,07d7df22,a99f214a,1cf29716,3d64834e,1,2,1005,15705,320,50,1722,0,35,-1,79,45920356ae,4,5
7563201087727956928,14102500,0,0,1fbe01fe,f3845767,28905ebd,ecad2386,7801e8d9,07d7df22,a99f214a,32ebe9d8,5db079b5,1,2,1005,15705,320,50,1722,0,35,100084,79,823f09fc9f,10,30
8419337409335515810,14102500,0,1,f61eaaae,6b59f079,f028772b,ecad2386,7801e8d9,07d7df22,a99f214a,6efee91a,260bcecc,1,0,1005,20970,320,50,2372,0,813,-1,46,a4f4012adc,2,21
12713954138765332238,14102501,0,1,85f751fd,c4e18dd6,50e219e0,1dc72b4d,2347f47a,0f2161f8,ae6d140f,1eddfcbd,7abbbd5c,1,0,1005,20004,300,50,2283,0,163,100076,95,5dc919507a,5,8
13314214982680578148,14102501,0,1,e151e245,7e091613,f028772b,ecad2386,7801e8d9,07d7df22,a99f214a,7ed30f6c,779d90c2,1,0,1005,20632,320,50,2374,3,39,-1,23,c6067fd57a,11,35
14099736654151217384,14102501,1,1,e151e245,7e091613,f028772b,ecad2386,7801e8d9,07d7df22,a99f214a,a1e2bbc4,6ae7fb43,1,0,1005,17264,320,50,1872,3,39,-1,23,b5a9333b72,2,3
14921132935507074700,14102501,0,1,5ee41ff2,17d996e6,f028772b,ecad2386,7801e8d9,07d7df22,a99f214a,47390aa9,8a4875bd,1,0,1005,16920,320,50,1899,0,431,100081,117,cd3a9ae027,5,6
16043721642354344926,14102501,0,0,85f751fd,c4e18dd6,50e219e0,51cedd4e,aefc06bd,0f2161f8,a99f214a,4d900dbb,542422a7,1,0,1005,18648,320,50,1092,3,811,100156,61,3176816002,14,17
17112909160179451093,14102501,0,0,85f751fd,c4e18dd6,50e219e0,e2a1ca37,2347f47a,8ded1f7a,0e3423aa,a0cecbaf,7fdd04d2,1,0,1005,15701,320,50,1722,0,35,-1,79,785904f303,4,13
1733177645737613511,14102501,0,1,e151e245,7e091613,f028772b,ecad2386,7801e8d9,07d7df22,a99f214a,6a3adf23,83ed0b87,1,0,1005,20391,320,50,2340,3,41,100111,159,18f6dd09db,10,13
2557923325377708298,14102501,0,0,85f751fd,c4e18dd6,50e219e0,3f6b03e4,d9b5648e,0f2161f8,a99f214a,0916a81b,321f8b9d,1,0,1005,20980,320,50,2371,0,551,-1,46,a492b9490e,4,6
5595617318782814459,14102501,0,0,d8bb8687,98e6755b,3e814130,ecad2386,7801e8d9,07d7df22,a99f214a,7de30b15,375c3d47,1,0,1005,16615,320,50,1863,3,39,-1,23,83f343d614,4,9
6463253009748031213,14102501,0,0,1fbe01fe,f3845767,28905ebd,ecad2386,7801e8d9,07d7df22,a99f214a,f99f1d89,3bd9e8e7,1,0,1005,15704,320,50,1722,0,35,100083,79,44ed046bad,9,20
878088024389622497,14102501,1,0,1fbe01fe,f3845767,28905ebd,ecad2386,7801e8d9,07d7df22,a99f214a,f043422a,779d90c2,1,0,1005,15699,320,50,1722,0,35,-1,79,6a4662b4f0,2,5
13795278860164360824,14102502,0,0,83a0ad1a,5c9ae867,f028772b,ecad2386,7801e8d9,07d7df22,a99f214a,b994e6d0,d4897fef,1,0,1005,16208,320,50,1800,3,167,100081,23,bafa2c7b2e,3,3
3992385339662355123,14102502,0,0,1fbe01fe,f3845767,28905ebd,ecad2386,7801e8d9,07d7df22,a99f214a,ddeee02c,779d90c2,1,0,1005,15708,320,50,1722,0,35,100083,79,c7d768be47,6,6
12679341495475135287,14102503,0,1,5ee41ff2,17d996e6,f028772b,ecad2386,7801e8d9,07d7df22,a99f214a,cd87bb1d,c144e605,1,0,1005,20005,320,50,2283,0,163,100076,95,56038d3e31,19,25
14780200949375879517,14102503,0,0,85f751fd,c4e18dd6,50e219e0,da7390fc,2347f47a,0f2161f8,a99f214a,7d7c37b9,66d46f3d,1,0,1005,20395,320,50,2340,3,41,100111,159,3429e7ad28,1,15
16408042463626746864,14102503,0,0,a831e579,8a429b45,f028772b,ecad2386,7801e8d9,07d7df22,a99f214a,87ced16f,779d90c2,1,0,1005,16615,320,50,1863,3,39,-1,23,974e48f937,3,7
17759439086504057032,14102503,0,1,e151e245,7e091613,f028772b,ecad2386,7801e8d9,07d7df22,a99f214a,aa4e7e3c,60cf5a10,1,0,1005,20392,320,50,2340,3,41,100111,159,8d4cc392c6,1,13
4170344860727409294,14102503,0,0,85f751fd,c4e18dd6,50e219e0,92e72531,d9b5648e,0f2161f8,a99f214a,e70a45ae,2ea4f8ba,1,0,1005,20391,320,50,2340,3,41,100111,159,03f4954fd2,2,3
7478047870657291087,14102503,0,0,1fbe01fe,f3845767,28905ebd,ecad2386,7801e8d9,07d7df22,a99f214a,6b9769f2,54408210,1,0,1005,15701,320,50,1722,0,35,-1,79,24053f4715,4,19
9196755138200931189,14102503,0,1,e151e245,7e091613,f028772b,ecad2386,7801e8d9,07d7df22,a99f214a,8a898c4b,33ef0197,1,0,1005,16687,320,50,1872,3,39,-1,23,e97b7a4012,1,1
9605265017495809513,14102503,1,0,693037e9,ee6c0a5f,50e219e0,ecad2386,7801e8d9,07d7df22,56f1a2c6,0d4484c4,1da119e0,0,0,1002,17566,320,50,479,3,39,100077,23,7ce3594645,2,3
11279059407601087251,14102504,0,0,1fbe01fe,f3845767,28905ebd,ecad2386,7801e8d9,07d7df22,a99f214a,59fe56a2,9c7b6730,1,0,1005,15708,320,50,1722,0,35,-1,79,7076a6cef2,13,32
13477460477389739676,14102504,0,0,93eaba74,7687a86e,3e814130,ecad2386,7801e8d9,07d7df22,a99f214a,a8536f3a,84ebbcd4,1,0,1005,17654,300,250,1994,2,39,-1,33,317c626bee,2,5
14026781642776518767,14102504,0,0,c88009de,37a91652,50e219e0,ecad2386,7801e8d9,07d7df22,c4f03af6,c2ad127f,0e88538f,0,0,1002,17566,320,50,479,3,39,-1,23,e9fa00608b,1,4
1810440358356827074,14102504,0,0,1fbe01fe,f3845767,28905ebd,ecad2386,7801e8d9,07d7df22,a99f214a,01e3f9f7,a4528ded,1,0,1005,15701,320,50,1722,0,35,-1,79,64878294d5,5,5
3058805381745810331,14102504,0,1,e151e245,7e091613,f028772b,ecad2386,7801e8d9,07d7df22,a99f214a,0af00b96,be6db1d7,1,0,1005,4687,320,50,423,2,39,100148,32,189d21fa41,3,11
3678396894269737486,14102504,0,0,5b08c53b,7687a86e,3e814130,ecad2386,7801e8d9,07d7df22,a99f214a,0fb2ff1a,fce66524,1,0,1005,17653,300,250,1994,2,39,-1,33,d2b42e38d7,22,23
8020503591783452735,14102504,0,1,5ee41ff2,17d996e6,f028772b,ecad2386,7801e8d9,07d7df22,a99f214a,c6b40a65,b511840f,1,0,1005,16920,320,50,1899,0,431,-1,117,e8465d51a0,5,17
9581888102716987898,14102504,0,0,38c202aa,4afa254d,50e219e0,ecad2386,7801e8d9,07d7df22,557d08b6,ede9a9e0,f9ba9057,0,0,1002,4687,320,50,423,2,39,100148,32,1e78a0f899,4,6
9981474282156810008,14102504,1,1,a7853007,7e091613,f028772b,ecad2386,7801e8d9,07d7df22,a99f214a,52e933ed,d104784a,1,0,1005,22288,320,50,2572,3,297,100156,42,b40e71b924,1,1
11051743742339607134,14102505,0,1,856e6d3f,58a89a43,f028772b,ecad2386,7801e8d9,07d7df22,a99f214a,310543c5,1f0bc64f,1,0,1005,16615,320,50,1863,3,39,100119,23,c6ca9ed22d,7,10
11213773224767702035,14102505,0,0,85f751fd,c4e18dd6,50e219e0,febd1138,82e27996,0f2161f8,a99f214a,c8ed4e4d,99e427c9,1,0,1005,21611,320,50,2480,3,297,100111,61,3e7eed278c,6,13
12511841417934658286,14102505,0,1,5b4d2eda,16a36ef3,f028772b,ecad2386,7801e8d9,07d7df22,a99f214a,3ec7ded4,a0f5f879,1,0,1005,20006,320,50,2283,0,163,100076,95,0a42b844fb,5,7
12568215817281814385,14102505,1,1,57fe1b20,5b626596,f028772b,ecad2386,7801e8d9,07d7df22,a99f214a,9fa0681d,1617d758,1,0,1005,20312,320,50,1780,0,1711,100077,48,1fa1e159b0,3,4
13998238285800017084,14102505,0,0,1fbe01fe,f3845767,28905ebd,ecad2386,7801e8d9,07d7df22,a99f214a,580f07cc,ecb851b2,1,0,1005,15699,320,50,1722,0,35,100084,79,f437171806,2,12
14398273917491584901,14102505,1,0,1bc8c040,3c243869,50e219e0,ecad2386,7801e8d9,07d7df22,58f1dfdd,02f3475a,6f7a55d2,0,0,1002,17566,320,50,479,3,39,-1,23,187621f909,1,2
14439708338894288704,14102505,1,0,1fbe01fe,f3845767,28905ebd,ecad2386,7801e8d9,07d7df22,a99f214a,703e37c2,49ea3580,1,0,1005,15703,320,50,1722,0,35,100084,79,85fc58c40a,2,6
15490067713116907825,14102505,0,0,6c5b482c,7687a86e,3e814130,ecad2386,7801e8d9,07d7df22,a99f214a,c6563308,9dcb1cd1,1,0,1005,17654,300,250,1994,2,39,-1,33,614b48816b,1,1
1611794212781642265,14102505,0,0,1fbe01fe,f3845767,28905ebd,ecad2386,7801e8d9,07d7df22,a99f214a,ff1c4f79,7ac6007f,1,2,1005,15705,320,50,1722,0,35,-1,79,36e00517d3,5,20
18173851760506905619,14102505,0,1,856e6d3f,58a89a43,f028772b,ecad2386,7801e8d9,07d7df22,a99f214a,760c0b89,36b8f4c5,1,0,1005,19772,320,50,2227,0,679,100081,48,a289ec9cb6,15,16
2209775897440596379,14102505,0,1,178a7b89,b4598159,f028772b,ecad2386,7801e8d9,07d7df22,a99f214a,ee94de20,04258293,1,0,1005,19771,320,50,2227,0,679,100075,48,ef14cc77c9,26,34
3879484080900806318,14102505,1,0,1fbe01fe,f3845767,28905ebd,ecad2386,7801e8d9,07d7df22,a99f214a,dbc4efdd,8a4875bd,1,0,1005,15708,320,50,1722,0,35,100083,79,784c6f49a1,2,5
5002366648419526522,14102505,0,0,85f751fd,c4e18dd6,50e219e0,febd1138,82e27996,0f2161f8,a99f214a,284c3a95,321f8b9d,1,0,1005,21611,320,50,2480,3,297,100111,61,cee7fb3c20,8,17
6715528724860573133,14102505,0,1,2fdff0f2,2296b5b3,3e814130,ecad2386,7801e8d9,07d7df22,a99f214a,e5c4b613,d787e91b,1,0,1005,8330,320,50,761,3,175,100075,23,723dc5869f,5,6
7450725981509816503,14102505,0,0,d9750ee7,98572c79,f028772b,ecad2386,7801e8d9,07d7df22,a99f214a,431b3174,36a30aeb,1,0,1005,6393,320,50,547,3,47,-1,23,9af17ea689,29,30
8837533765688652335,14102505,0,0,5b08c53b,7687a86e,3e814130,ecad2386,7801e8d9,07d7df22,a99f214a,daeb88a3,e24c8b65,1,2,1005,19016,300,250,2162,2,39,-1,33,8874113c32,13,15
8881445422743652933,14102505,0,0,1fbe01fe,f3845767,28905ebd,ecad2386,7801e8d9,07d7df22,a99f214a,7962b82e,4ea23a13,1,0,1005,15701,320,50,1722,0,35,-1,79,604a8316cf,1,5
9051555419264989859,14102505,0,0,9e8e8d09,c4e18dd6,50e219e0,ecad2386,7801e8d9,07d7df22,7c784d48,fe877f00,27a9908d,0,0,1002,5296,320,50,479,3,39,-1,23,b97eeb4f69,5,9
957695025234413668,14102505,0,0,1fbe01fe,f3845767,28905ebd,ecad2386,7801e8d9,07d7df22,a99f214a,0b61bc5e,0eb711ec,1,0,1005,15699,320,50,1722,0,35,-1,79,020fa65fe8,5,6
10152965728440753493,14102506,1,0,34781e41,c4cef653,50e219e0,ecad2386,7801e8d9,07d7df22,e20bc4f5,2e90a33d,05e3afbf,0,0,1002,22305,320,50,2573,0,419,-1,178,6037339757,10,10
10205200240421362058,14102506,0,0,6399eda6,968765cd,f028772b,ecad2386,7801e8d9,07d7df22,a99f214a,ddd4eb81,9fef9da8,1,0,1005,19772,320,50,2227,0,679,100079,48,64f58dfc32,11,23
10847847990153021106,14102506,0,0,1fbe01fe,f3845767,28905ebd,ecad2386,7801e8d9,07d7df22,a99f214a,b2a9b09b,158e4944,1,0,1005,15708,320,50,1722,0,35,100084,79,7d8cdc3a46,10,33
11851660567926326554,14102506,1,0,84c7ba46,c4e18dd6,50e219e0,ecad2386,7801e8d9,07d7df22,2725f771,3b4f928c,373ecbe6,0,0,1002,7710,320,50,686,3,35,-1,42,9b86a6192d,17,22
13707724320475452309,14102506,0,0,c74e86fb,7bd4e8cc,50e219e0,ecad2386,7801e8d9,07d7df22,da158fb0,084e58ba,6f856677,0,0,1002,15700,300,50,1722,0,35,-1,79,367a6b2e22,2,2
13749437569359481798,14102506,0,0,1fbe01fe,f3845767,28905ebd,ecad2386,7801e8d9,07d7df22,a99f214a,a3b0fea0,73b4563d,1,2,1005,15704,320,50,1722,0,35,100084,79,c823a9a615,6,10
139228289737176307,14102506,0,1,222acd54,de0f0f82,f028772b,ecad2386,7801e8d9,07d7df22,a99f214a,f2be33c3,07bb0685,1,0,1005,19771,320,50,2227,0,679,100075,48,64307519a9,1,3
14251465835606855068,14102506,0,0,1fbe01fe,f3845767,28905ebd,ecad2386,7801e8d9,07d7df22,a99f214a,e8d44657,8a4875bd,1,0,1005,15706,320,50,1722,0,35,100083,79,43ab812d35,1,1
4839507590020777735,14102506,0,1,17caea14,0dde25ec,f028772b,ecad2386,7801e8d9,07d7df22,a99f214a,bd7006aa,03683bd4,1,0,1005,22288,320,50,2572,3,297,100156,42,850e8706b4,8,8
6140672247698740557,14102506,0,0,85f751fd,c4e18dd6,50e219e0,7a62a211,33da2e74,cef3e649,a99f214a,abfb7cb7,38fa23d7,1,5,1005,16685,320,50,1092,3,811,100156,61,90d1d5866a,2,9
8693378152821317722,14102506,1,0,5b08c53b,7687a86e,3e814130,ecad2386,7801e8d9,07d7df22,a99f214a,d43680c5,8a4875bd,1,0,1005,20093,300,250,2295,2,35,100081,23,23e8681de7,7,8
9830720458596537982,14102506,0,1,ce3307ec,7e091613,f028772b,ecad2386,7801e8d9,07d7df22,a99f214a,af62faf4,03683bd4,1,0,1005,22288,320,50,2572,3,297,100156,42,4e65e449f5,1,1
10127510951535210880,14102507,0,1,b7e9786d,b12b9f85,f028772b,ecad2386,7801e8d9,07d7df22,a99f214a,013e49ac,68b6db2c,1,0,1005,19772,320,50,2227,0,679,100077,48,f115e8a94c,46,52
10191595090030260936,14102507,1,0,1fbe01fe,f3845767,28905ebd,ecad2386,7801e8d9,07d7df22,a99f214a,ff1c4f79,cdf6ea96,1,0,1005,15707,320,50,1722,0,35,-1,79,1643778469,5,20
10205749672833405159,14102507,0,1,e151e245,7e091613,f028772b,ecad2386,7801e8d9,07d7df22,a99f214a,4f1ec774,7abbbd5c,1,0,1005,4687,320,50,423,2,39,100148,32,06d4240fa8,2,12
10459681781133360386,14102507,0,1,5b4d2eda,16a36ef3,f028772b,ecad2386,7801e8d9,07d7df22,a99f214a,d7d9b8f2,8f5c9827,1,0,1005,20005,320,50,2283,0,163,100076,95,4b143bb486,2,12
11475058111022691019,14102507,1,1,5b4d2eda,16a36ef3,f028772b,ecad2386,7801e8d9,07d7df22,a99f214a,c6bd019c,76dc4769,1,0,1005,19950,320,50,1800,3,167,100075,23,be67c638ed,26,29
12687006319369694494,14102507,0,1,5b4d2eda,16a36ef3,f028772b,ecad2386,7801e8d9,07d7df22,a99f214a,99ae2cdb,ecb851b2,1,0,1005,19950,320,50,1800,3,167,100079,23,3ee230f44a,19,19
12890501142112225331,14102507,0,0,85f751fd,c4e18dd6,50e219e0,92f5800b,ae637522,0f2161f8,a99f214a,01f7878a,496515fa,1,3,1005,21191,320,50,2424,1,161,100189,71,3e30245f40,5,5
13152058114721202902,14102507,0,1,f9e1a388,a3024024,f028772b,ecad2386,7801e8d9,07d7df22,a99f214a,f6982c5d,d787e91b,1,0,1005,21413,320,50,2467,2,167,100077,23,594092070a,20,22
1325336093546536833,14102507,0,0,85f751fd,c4e18dd6,50e219e0,e2fcccd2,5c5a694b,0f2161f8,8a28646f,08bc13c2,2d6d7ae9,1,2,1005,4687,320,50,423,2,39,100148,32,b968776c94,1,15
16284666491034816706,14102507,0,1,5ee41ff2,17d996e6,f028772b,ecad2386,7801e8d9,07d7df22,a99f214a,bca719d4,d4897fef,1,0,1005,21153,320,50,2420,2,35,100148,69,3fef52d9ff,18,29
17239790165959118131,14102507,0,0,85f751fd,c4e18dd6,50e219e0,febd1138,82e27996,0f2161f8,a99f214a,02a4ebba,aad45b01,1,0,1005,21611,320,50,2480,3,297,100111,61,5bf1f8b78e,17,21
17502092797573140499,14102507,0,0,85f751fd,c4e18dd6,50e219e0,92f5800b,ae637522,0f2161f8,a99f214a,3db46c78,0bcabeaf,1,0,1005,21189,320,50,2424,1,161,100189,71,7ce8754308,9,14
17573860434373781110,14102507,0,0,30cf412d,786f8ba6,f028772b,ecad2386,7801e8d9,07d7df22,a99f214a,83c1e224,0eb711ec,1,0,1005,20213,320,50,2316,0,167,100079,16,c480326310,17,20
17660670826970008472,14102507,0,0,7697ed3e,c1aa3c04,f028772b,ecad2386,7801e8d9,07d7df22,a99f214a,adc29e6b,7fce49a8,1,0,1005,17239,320,50,1973,3,39,100119,23,d90166f3bc,7,9
18204572928817879813,14102507,0,1,5114c672,3f2f3819,3e814130,ecad2386,7801e8d9,07d7df22,a99f214a,804f5556,0ac04b54,1,0,1005,19771,320,50,2227,0,679,100081,48,b040997e6f,9,11
2638730723127538193,14102507,0,0,1fbe01fe,f3845767,28905ebd,ecad2386,7801e8d9,07d7df22,a99f214a,782de7c4,c730b3c6,1,0,1005,15706,320,50,1722,0,35,-1,79,7ce8754308,20,64
3068984979109359465,14102507,0,1,a7853007,7e091613,f028772b,ecad2386,7801e8d9,07d7df22,a99f214a,930ec31d,9bbdb88c,1,0,1005,22288,320,50,2572,3,297,100156,42,a18cef38f2,29,54
3096729678735592970,14102507,1,0,53cdb927,9449e4e4,50e219e0,ecad2386,7801e8d9,07d7df22,61232e78,4a799bef,03bfcb33,0,0,1002,5296,320,50,479,3,39,100075,23,d7ec56b8b9,10,18
3957314533706879861,14102507,0,0,85f751fd,c4e18dd6,50e219e0,be7c618d,2347f47a,f95efa07,ee06c57d,880c1069,d787e91b,1,2,1005,380,320,50,112,3,1319,-1,15,2ffff24450,5,7
4328152544346307362,14102507,0,1,85f751fd,c4e18dd6,50e219e0,03a08c3f,7801e8d9,0f2161f8,5765831b,3113e40a,9e8a41c3,4,3,1010,15703,320,50,1722,0,35,100084,79,4ddb48753a,1,4
4367300393367764633,14102507,0,0,5b08c53b,7687a86e,3e814130,ecad2386,7801e8d9,07d7df22,a99f214a,57cd4006,94a6ac23,1,2,1005,17654,300,250,1994,2,39,-1,33,8a0bf1e271,1,3
6184351645907580985,14102507,0,1,0a742914,510bd839,f028772b,ecad2386,7801e8d9,07d7df22,a99f214a,87d06db9,1f0bc64f,1,0,1005,21412,320,50,2467,2,167,100074,23,3b8ea6bbca,32,40
7200142296660088599,14102507,0,0,85f751fd,c4e18dd6,50e219e0,febd1138,82e27996,0f2161f8,a99f214a,a3f5558f,2ea4f8ba,1,0,1005,21611,320,50,2480,3,297,100111,61,fee81530dd,9,11
8362633475400036305,14102507,0,0,85f751fd,c4e18dd6,50e219e0,92f5800b,ae637522,0f2161f8,a99f214a,4d358561,981edffc,1,3,1005,21189,320,50,2424,1,161,100189,71,6ce2909ff3,2,3
897894843659371653,14102507,0,0,1fbe01fe,f3845767,28905ebd,ecad2386,7801e8d9,07d7df22,a99f214a,57cd4006,d787e91b,1,0,1005,15703,320,50,1722,0,35,-1,79,91cadfb65a,3,3
9453586107016003134,14102507,0,1,e8f79e60,c4342784,f028772b,ecad2386,7801e8d9,07d7df22,a99f214a,86e72300,eb0f3060,1,0,1005,20312,320,50,1780,0,1711,100077,48,41ccd607a6,3,3
9731482749148089069,14102507,0,1,e151e245,7e091613,f028772b,ecad2386,7801e8d9,07d7df22,a99f214a,73e853c2,76dc4769,1,0,1005,4687,320,50,423,2,39,100148,32,915085e443,2,12
11259534728252051057,14102508,0,0,1fbe01fe,f3845767,28905ebd,ecad2386,7801e8d9,07d7df22,a99f214a,a11e6184,1f0bc64f,1,0,1005,15699,320,50,1722,0,35,100083,79,eb98f404b3,57,58
11331375029832948931,14102508,0,0,1fbe01fe,f3845767,28905ebd,ecad2386,7801e8d9,07d7df22,a99f214a,3186fb30,0eb711ec,1,0,1005,15699,320,50,1722,0,35,-1,79,c9993d43d1,6,7
11374023122988307455,14102508,0,0,1fbe01fe,f3845767,28905ebd,ecad2386,7801e8d9,07d7df22,a99f214a,f76c7564,158e4944,1,0,1005,15702,320,50,1722,0,35,100084,79,6523a96ee3,1,1
12301150397991714903,14102508,1,0,1fbe01fe,f3845767,28905ebd,ecad2386,7801e8d9,07d7df22,a99f214a,bd154967,3bd9e8e7,1,0,1005,15701,320,50,1722,0,35,-1,79,116f203332,7,22
16034550865081198166,14102508,0,0,6256f5b4,28f93029,f028772b,ecad2386,7801e8d9,07d7df22,a99f214a,c79ae9f7,d787e91b,1,0,1005,21589,320,50,2478,3,167,-1,23,8d02766693,3,7
16087616495402014614,14102508,0,1,85f751fd,c4e18dd6,50e219e0,03a08c3f,7801e8d9,0f2161f8,e8fb87bd,7bd61702,f07e20f8,4,3,1010,15704,320,50,1722,0,35,100083,79,b886c31ad2,15,16
16172243882583742360,14102508,1,0,85f751fd,c4e18dd6,50e219e0,06ef0828,828da833,0f2161f8,a99f214a,57cd4006,711ee120,1,0,1005,15704,320,50,1722,0,35,-1,79,e70f8d9c29,8,14
17983973156087874729,14102508,1,0,1fbe01fe,f3845767,28905ebd,ecad2386,7801e8d9,07d7df22,a99f214a,ff1c4f79,a0f5f879,1,0,1005,15708,320,50,1722,0,35,-1,79,116165f0df,5,10
2085070562284856831,14102508,1,0,5b08c53b,7687a86e,3e814130,ecad2386,7801e8d9,07d7df22,a99f214a,931dce67,1f0bc64f,1,0,1005,17654,300,250,1994,2,39,100084,33,0c6c191ec6,24,27
2876029983819177679,14102508,0,1,5b4d2eda,16a36ef3,f028772b,ecad2386,7801e8d9,07d7df22,a99f214a,d6ba13b6,8a4875bd,1,0,1005,20006,320,50,2283,0,163,100076,95,20679abeb1,3,6
3404479031192656006,14102508,0,1,85f751fd,c4e18dd6,50e219e0,c776ba2a,7801e8d9,0f2161f8,5168df26,6ea73353,f07e20f8,4,0,1010,22335,320,50,2578,0,1315,100130,110,df54eddfcf,9,11
447380444026104753,14102508,1,0,93eaba74,7687a86e,3e814130,ecad2386,7801e8d9,07d7df22,a99f214a,58cd83a1,84ebbcd4,1,0,1005,17654,300,250,1994,2,39,100083,33,85056b9d1f,2,5
540816153962913114,14102508,0,1,e151e245,7e091613,f028772b,ecad2386,7801e8d9,07d7df22,a99f214a,5c956141,83ed0b87,1,0,1005,17037,320,50,1934,2,39,-1,16,632d223e4c,5,6
5872401644563789165,14102508,0,0,85f751fd,c4e18dd6,50e219e0,92f5800b,ae637522,0f2161f8,a99f214a,748f068f,0bcabeaf,1,3,1005,21191,320,50,2424,1,161,100192,71,253e7d943b,13,20
5972709263707728467,14102508,0,0,1fbe01fe,f3845767,28905ebd,ecad2386,7801e8d9,07d7df22,a99f214a,4776a577,711ee120,1,0,1005,15708,320,50,1722,0,35,100084,79,158272caf0,3,11
6076214182241235170,14102508,0,0,85f751fd,c4e18dd6,50e219e0,be7c618d,2347f47a,f95efa07,ea10abce,aa62648c,5d379d53,1,3,1005,375,320,50,112,3,1319,-1,15,57e4b6de6e,10,11
7285651465788374348,14102508,0,0,1fbe01fe,f3845767,28905ebd,ecad2386,7801e8d9,07d7df22,a99f214a,6b9769f2,a76c4b0a,1,0,1005,15703,320,50,1722,0,35,-1,79,959b088f9d,6,18
8302797803486956359,14102508,0,0,1fbe01fe,f3845767,28905ebd,ecad2386,7801e8d9,07d7df22,a99f214a,0489ce3f,ecb851b2,1,0,1005,15702,320,50,1722,0,35,-1,79,a6dd2d985a,1,1
8580211133293416327,14102508,0,1,e151e245,7e091613,f028772b,ecad2386,7801e8d9,07d7df22,a99f214a,ad73e986,bfe96180,1,0,1005,17264,320,50,1872,3,39,-1,23,6d0388f2a9,4,8
9187800266671853439,14102508,0,1,a7853007,7e091613,f028772b,ecad2386,7801e8d9,07d7df22,a99f214a,009a7861,f60c2fd3,1,0,1005,22288,320,50,2572,3,297,100156,42,68b0d177f0,4,4
10158923419286032593,14102509,0,1,e151e245,7e091613,f028772b,ecad2386,7801e8d9,07d7df22,a99f214a,c581efb9,779d90c2,1,0,1005,6558,320,50,571,2,39,100048,32,5b2da264bb,7,16
10299736027191515193,14102509,0,0,85f751fd,c4e18dd6,50e219e0,e2fcccd2,5c5a694b,0f2161f8,8f60a3ea,6e94f481,76dc4769,1,0,1005,6560,320,50,571,2,39,-1,32,75eae5a2fc,3,4
11109555819715330383,14102509,0,0,85f751fd,c4e18dd6,50e219e0,98fed791,d9b5648e,0f2161f8,a99f214a,1f8615ec,aad45b01,1,0,1005,20277,320,50,2281,3,47,100182,42,da62f4b746,5,21
12791125916172289839,14102509,1,1,2fdff0f2,2296b5b3,3e814130,ecad2386,7801e8d9,07d7df22,a99f214a,6feb6ecd,eba9519f,1,0,1005,19771,320,50,2227,0,679,100074,48,9b89433f1d,24,34
15586531220080898290,14102509,0,0,6256f5b4,28f93029,f028772b,ecad2386,7801e8d9,07d7df22,a99f214a,af9205f9,f60c2fd3,1,0,1005,22288,320,50,2572,3,297,100156,42,db23f70ad7,6,7
1703454996108928152,14102509,0,1,e151e245,7e091613,f028772b,ecad2386,7801e8d9,07d7df22,a99f214a,5891803b,f07e20f8,1,0,1005,17262,320,50,1872,3,39,-1,23,de8cb92e5c,6,39
17529414454793241083,14102509,0,0,7294ea0f,863fa89d,3e814130,ecad2386,7801e8d9,07d7df22,a99f214a,59746585,158e4944,1,0,1005,21616,320,50,2482,3,167,-1,23,5ade85ab31,1,1
17699893640075222345,14102509,0,1,5ee41ff2,17d996e6,f028772b,ecad2386,7801e8d9,07d7df22,a99f214a,ad39e06f,be6db1d7,1,0,1005,8330,320,50,761,3,175,100074,23,116f203332,6,8
18056426332200764637,14102509,0,0,1fbe01fe,f3845767,28905ebd,ecad2386,7801e8d9,07d7df22,a99f214a,b0730786,6332421a,1,0,1005,15705,320,50,1722,0,35,100083,79,e11485f978,10,14
18097145802725498211,14102509,0,0,85f751fd,c4e18dd6,50e219e0,a0a45985,885c7f3f,0f2161f8,a99f214a,928a8288,684581ce,1,0,1005,20633,320,50,2374,3,39,-1,23,1f4dc110e4,38,51
18275136911594435481,14102509,0,0,85f751fd,c4e18dd6,50e219e0,92f5800b,ae637522,0f2161f8,a99f214a,94cdbb0f,981edffc,1,3,1005,21189,320,50,2424,1,161,100189,71,b285c18864,6,22
18414818603316604883,14102509,0,0,85f751fd,c4e18dd6,50e219e0,e2fcccd2,5c5a694b,0f2161f8,0c3bb97d,e6373d26,76dc4769,1,0,1005,6558,320,50,571,2,39,-1,32,a557c4be72,2,7
2049676585849288275,14102509,0,0,1fbe01fe,f3845767,28905ebd,ecad2386,7801e8d9,07d7df22,a99f214a,1bce1778,c6263d8a,1,0,1005,15703,320,50,1722,0,35,-1,79,8c2e45c9a4,11,18
2162197472122103247,14102509,1,1,d9750ee7,98572c79,f028772b,ecad2386,7801e8d9,07d7df22,a99f214a,c64f8ed3,5db079b5,1,2,1005,17753,320,50,1993,2,1063,-1,33,ec4e402570,21,33
2244434530105488479,14102509,1,1,d43e62fb,2c5a2165,3e814130,ecad2386,7801e8d9,07d7df22,a99f214a,48126f37,3031bea0,1,0,1005,20251,320,50,2323,0,687,100081,48,2b897d4a19,1,2
3511530183397680627,14102509,0,1,57fe1b20,5b626596,f028772b,ecad2386,7801e8d9,07d7df22,a99f214a,60f39c76,ecb851b2,1,0,1005,21408,320,50,2467,2,167,100075,23,72aae3060a,1,1
3641176222382027514,14102509,0,0,85f751fd,c4e18dd6,50e219e0,92f5800b,ae637522,0f2161f8,a99f214a,6a01ee41,e1eae715,1,3,1005,21191,320,50,2424,1,161,100190,71,a1118f80c8,3,5
4177271148289583067,14102509,0,1,a7853007,7e091613,f028772b,ecad2386,7801e8d9,07d7df22,a99f214a,9b13a699,bb2ea497,1,0,1005,22288,320,50,2572,3,297,100156,42,2bc0ef2d4e,6,6
4723625951385801597,14102509,0,1,85f751fd,c4e18dd6,50e219e0,c776ba2a,7801e8d9,0f2161f8,3767028f,ba65b70c,2d81c3ad,5,0,1010,22335,320,50,2578,0,1315,100130,110,5ffb936433,1,3
4794955622741491355,14102509,0,0,85f751fd,c4e18dd6,50e219e0,51cedd4e,aefc06bd,0f2161f8,a99f214a,b3f7853b,816484ae,1,0,1005,22322,320,50,2576,1,161,100189,71,1a1c699a52,4,5
5590588098888802745,14102509,0,1,e5c60a05,7256c623,f028772b,ecad2386,7801e8d9,07d7df22,a99f214a,2e4b35de,5ec45883,1,0,1005,19771,320,50,2227,0,679,100075,48,31b388ba86,1,8
5691138883516504769,14102509,0,0,1fbe01fe,f3845767,28905ebd,ecad2386,7801e8d9,07d7df22,a99f214a,6f38c324,5096d134,1,0,1005,15706,320,50,1722,0,35,-1,79,636fe26ebf,10,13
589281201144770423,14102509,0,0,1fbe01fe,f3845767,28905ebd,ecad2386,7801e8d9,07d7df22,a99f214a,75bb1b58,6332421a,1,0,1005,15704,320,50,1722,0,35,-1,79,5bf1f8b78e,11,12
5925181813521692464,14102509,0,0,85f751fd,c4e18dd6,50e219e0,902f8bb2,2347f47a,0f2161f8,a99f214a,7c3380c5,a5a2318d,1,0,1005,21153,320,50,2420,2,35,-1,69,758b925616,2,8
6138734112188297448,14102509,0,1,a7853007,7e091613,f028772b,ecad2386,7801e8d9,07d7df22,a99f214a,285aa37d,03683bd4,1,0,1005,22288,320,50,2572,3,297,100156,42,050d370e1a,2,2
6267180151314383241,14102509,0,0,6256f5b4,28f93029,f028772b,ecad2386,7801e8d9,07d7df22,a99f214a,2b7fadb2,8a4875bd,1,0,1005,19950,320,50,1800,3,167,100074,23,68d685f6b2,18,36
6762751346962519898,14102509,0,0,6ae28757,e018a69b,50e219e0,ecad2386,7801e8d9,07d7df22,06148b4e,fd96032a,43e7b962,0,0,1002,20173,300,50,2312,0,167,-1,16,c390490dfd,6,13
7175344389062568500,14102509,0,1,2d7bacb1,945bfb4b,f028772b,ecad2386,7801e8d9,07d7df22,a99f214a,de00035b,a0f5f879,1,0,1005,8330,320,50,761,3,175,100077,23,9e2206d7b7,28,31
7178587267291589557,14102509,0,0,85f751fd,c4e18dd6,50e219e0,54c5d545,2347f47a,0f2161f8,a99f214a,e19e09aa,4ea23a13,1,0,1005,6560,320,50,571,2,39,-1,32,d24eda20a8,5,5
7312011101783169686,14102509,0,0,85f751fd,c4e18dd6,50e219e0,92f5800b,ae637522,0f2161f8,a99f214a,0f86cc62,981edffc,1,3,1005,21191,320,50,2424,1,161,100193,71,6837dba7f1,14,19
7459998080613123648,14102509,0,0,6399eda6,968765cd,f028772b,ecad2386,7801e8d9,07d7df22,a99f214a,e20f2e41,bfa15b14,1,0,1005,19771,320,50,2227,0,679,100079,48,8cb8047d3e,2,5
8324374568433989354,14102509,1,1,5b4d2eda,16a36ef3,f028772b,ecad2386,7801e8d9,07d7df22,a99f214a,61ad1570,8a4875bd,1,0,1005,16208,320,50,1800,3,167,100075,23,8ab43b066c,2,3
8675658682896186255,14102509,0,0,1709fc63,88d61502,50e219e0,ecad2386,7801e8d9,07d7df22,0f170e60,1d9e6080,d002cb2f,0,0,1002,17081,320,50,1921,3,47,100075,23,f95c6af55f,3,3
9347229336379616903,14102509,1,0,1b171d6d,272c5d9d,f028772b,ecad2386,7801e8d9,07d7df22,a99f214a,552f1880,a326aa30,1,0,1005,15908,320,50,1752,3,297,100081,82,0e89b9fa24,6,29
10103121010266714269,14102510,0,0,83a0ad1a,5c9ae867,f028772b,ecad2386,7801e8d9,07d7df22,a99f214a,1878eaff,421872ab,1,0,1005,21153,320,50,2420,2,35,100076,69,7f4c49e63b,3,5
1094941633691289045,14102510,1,1,d9750ee7,98572c79,f028772b,ecad2386,7801e8d9,07d7df22,a99f214a,f3a267b4,3bd9e8e7,1,0,1005,17614,320,50,1993,2,1063,-1,33,d849dde98d,36,37
11144508766151956570,14102510,0,0,1fbe01fe,f3845767,28905ebd,ecad2386,7801e8d9,07d7df22,a99f214a,aa42be81,a4528ded,1,0,1005,15699,320,50,1722,0,35,-1,79,40f3c35854,4,36
12325827719968491964,14102510,1,1,17caea14,0dde25ec,f028772b,ecad2386,7801e8d9,07d7df22,a99f214a,4683aa19,3fecb32a,1,0,1005,6563,320,50,572,2,39,-1,32,1166c14007,18,19
12345325431540837373,14102510,0,0,d5d760f7,cf35f82f,f028772b,ecad2386,7801e8d9,07d7df22,a99f214a,b3ecd20a,d04559cd,1,0,1005,9438,320,50,898,3,427,100003,61,4ddde3dee5,9,11
13191059653624287422,14102510,0,1,17caea14,0dde25ec,f028772b,ecad2386,7801e8d9,07d7df22,a99f214a,da5af715,021759da,1,0,1005,19998,216,36,2281,3,47,100182,42,e49ed4b45b,5,10
13203751961256157785,14102510,1,0,1fbe01fe,f3845767,28905ebd,ecad2386,7801e8d9,07d7df22,a99f214a,1b8c9e14,1aa0e912,1,0,1005,15702,320,50,1722,0,35,-1,79,43d09d7607,4,9
1400117876034078041,14102510,0,0,fec6e632,ace5b8fd,3e814130,ecad2386,7801e8d9,07d7df22,a99f214a,552117c3,d4897fef,1,0,1005,21153,320,50,2420,2,35,-1,69,4ac0eb2207,6,6
14214882103893985674,14102510,0,0,85f751fd,c4e18dd6,50e219e0,92f5800b,ae637522,0f2161f8,a99f214a,2840acdc,2692a96a,1,3,1005,21189,320,50,2424,1,161,100189,71,87586bce52,22,25
1482082901438866821,14102510,0,0,4e7614cf,c1aa3c04,f028772b,ecad2386,7801e8d9,07d7df22,a99f214a,1c90ccab,0eb711ec,1,0,1005,8330,320,50,761,3,175,100075,23,0cba1bbe3c,2,4
14871099021990931712,14102510,0,0,85f751fd,c4e18dd6,50e219e0,92f5800b,ae637522,0f2161f8,a99f214a,6d52e114,0bcabeaf,1,2,1005,21191,320,50,2424,1,161,100189,71,7abd1ba064,21,25
1507069456047453730,14102510,0,1,856e6d3f,58a89a43,f028772b,ecad2386,7801e8d9,07d7df22,a99f214a,3b93c9d9,8a4875bd,1,0,1005,16208,320,50,1800,3,167,100077,23,921fd5e0d2,3,6
15800910624919394020,14102510,0,1,e151e245,7e091613,f028772b,ecad2386,7801e8d9,07d7df22,a99f214a,d913ec65,5096d134,1,0,1005,16687,320,50,1872,3,39,-1,23,d99d8ae1d9,4,5
16116270705495643907,14102510,0,0,85f751fd,c4e18dd6,50e219e0,92f5800b,ae637522,0f2161f8,a99f214a,cfa450e9,981edffc,1,3,1005,21189,320,50,2424,1,161,100193,71,4156e2e7e1,3,14
16484683165847379281,14102510,0,0,90650879,9449e4e4,3e814130,ecad2386,7801e8d9,07d7df22,a99f214a,669abcc7,aaffed8f,1,0,1005,16615,320,50,1863,3,39,-1,23,7570caf286,1,3
16740602003821004778,14102510,0,0,85f751fd,c4e18dd6,50e219e0,92f5800b,ae637522,0f2161f8,a99f214a,da88de86,e1eae715,1,2,1005,21191,320,50,2424,1,161,100193,71,2fbc9f3c95,6,12
16804564988348458534,14102510,0,1,e151e245,7e091613,f028772b,ecad2386,7801e8d9,07d7df22,a99f214a,6d7a50e9,1f0bc64f,1,0,1005,20634,320,50,2374,3,39,-1,23,6132c7fa95,1,1
17383167863865885486,14102510,0,0,1fbe01fe,f3845767,28905ebd,ecad2386,7801e8d9,07d7df22,a99f214a,3a58359e,36d749e5,1,0,1005,15707,320,50,1722,0,35,-1,79,68ff03d1c7,4,12
1765199525568840694,14102510,1,0,1fbe01fe,f3845767,28905ebd,ecad2386,7801e8d9,07d7df22,a99f214a,57cd4006,fbec56bc,1,0,1005,15708,320,50,1722,0,35,-1,79,f8d2762a91,2,2
1979154469354036814,14102510,0,0,1fbe01fe,f3845767,28905ebd,ecad2386,7801e8d9,07d7df22,a99f214a,7a0eca26,d787e91b,1,0,1005,15704,320,50,1722,0,35,-1,79,bb3e9656e1,1,4
2129750160193352282,14102510,0,1,faf9c1c2,c8223ee3,f028772b,ecad2386,7801e8d9,07d7df22,a99f214a,930ec31d,cad4c01d,1,0,1005,22288,320,50,2572,3,297,100156,42,eee2d704b9,2,6
2584784263107772420,14102510,1,0,1fbe01fe,f3845767,28905ebd,ecad2386,7801e8d9,07d7df22,a99f214a,466cc731,8a4875bd,1,0,1005,15706,320,50,1722,0,35,-1,79,b4a928e118,11,11
266482459507963128,14102510,0,1,856e6d3f,58a89a43,f028772b,ecad2386,7801e8d9,07d7df22,a99f214a,e3c110eb,8a4875bd,1,0,1005,16208,320,50,1800,3,167,100075,23,02a87e2a8f,2,5
2985430707266018373,14102510,0,0,85f751fd,c4e18dd6,50e219e0,92f5800b,ae637522,0f2161f8,a99f214a,45afdad9,981edffc,1,0,1005,21189,320,50,2424,1,161,100191,71,6a1b716563,4,11
3601099755883748690,14102510,0,1,85f751fd,c4e18dd6,50e219e0,c776ba2a,7801e8d9,0f2161f8,7fda1ab9,89fca736,2d81c3ad,5,0,1010,22335,320,50,2578,0,1315,-1,110,fefe9d8feb,29,32
4961965123959245012,14102510,1,1,e151e245,7e091613,f028772b,ecad2386,7801e8d9,07d7df22,a99f214a,86a12f0a,526fa832,1,0,1005,16687,320,50,1872,3,39,-1,23,5874089f48,3,9
5044642352939731420,14102510,0,1,450d6400,bea33b9a,3e814130,ecad2386,7801e8d9,07d7df22,a99f214a,81f916e5,76dc4769,1,0,1005,8330,320,50,761,3,175,100081,23,1d17ca1ed4,1,2
5046774744756050703,14102510,1,0,85f751fd,c4e18dd6,50e219e0,de97da65,33da2e74,0f2161f8,a99f214a,285aa37d,3bb1ddd7,1,0,1005,9248,320,50,768,3,175,100156,42,995ddd9672,14,25
5688244563265068753,14102510,0,1,e151e245,7e091613,f028772b,ecad2386,7801e8d9,07d7df22,a99f214a,f503fbdf,ecb851b2,1,0,1005,4687,320,50,423,2,39,100148,32,eafc293175,1,2
6458723520444305674,14102510,1,0,85f751fd,c4e18dd6,50e219e0,4e02fbd3,7801e8d9,07d7df22,95e4a66a,375d787b,05490809,0,0,1002,22371,320,50,2580,0,171,100094,108,be0b64a636,76,81
7090159123074541588,14102510,1,0,2b1ddb24,98acf46c,3e814130,ecad2386,7801e8d9,07d7df22,a99f214a,9effca58,fce66524,1,0,1005,17239,320,50,1973,3,39,-1,23,468f196495,17,19
7185316831675713040,14102510,0,1,43f201fc,6a0654fe,3e814130,ecad2386,7801e8d9,07d7df22,a99f214a,d90a7774,9bbdb88c,1,0,1005,22288,320,50,2572,3,297,100156,42,51c9afd252,1,10
9733576623439389285,14102510,0,0,85f751fd,c4e18dd6,50e219e0,03528b27,2347f47a,8ded1f7a,a99f214a,2e27f1eb,65c93b38,1,0,1005,15704,320,50,1722,0,35,-1,79,d2452af587,1,4
9946935698657332753,14102510,0,0,2a68aa20,9b851bd8,3e814130,ecad2386,7801e8d9,07d7df22,a99f214a,ea287b5f,1c6a881d,1,2,1005,20213,320,50,2316,0,167,100077,16,5c4fadeb4d,6,19
10410911953069076770,14102511,0,0,85f751fd,c4e18dd6,50e219e0,92f5800b,ae637522,0f2161f8,a99f214a,10b6aabd,054c8edf,1,3,1005,21189,320,50,2424,1,161,100190,71,d6bc4d69e0,3,5
10516868170640034715,14102511,0,0,9a977531,a434fa42,f028772b,ecad2386,7801e8d9,07d7df22,a99f214a,2db90b4c,0eb711ec,1,0,1005,16208,320,50,1800,3,167,100075,23,f251b1af4c,12,13
1145835711815925063,14102511,0,1,85f751fd,c4e18dd6,50e219e0,03a08c3f,7801e8d9,0f2161f8,edc61242,be01b943,84ebbcd4,4,3,1010,15699,320,50,1722,0,35,100084,79,c0fb17c9af,1,2
11587433705593929630,14102511,0,0,85f751fd,c4e18dd6,50e219e0,2e239b04,d9b5648e,cef3e649,a99f214a,37987ba5,aad45b01,1,0,1005,22468,320,50,2589,0,171,100004,156,174b609ce4,1,2
11967569891937313731,14102511,0,1,856e6d3f,58a89a43,f028772b,ecad2386,7801e8d9,07d7df22,a99f214a,a3a67124,78d9bd10,1,0,1005,19772,320,50,2227,0,679,-1,48,df54eddfcf,10,14
12078108745004145299,14102511,0,0,85f751fd,c4e18dd6,50e219e0,7358e05e,b9528b13,cef3e649,f1db992d,4342416a,a8d2c4cf,1,0,1005,16615,320,50,1863,3,39,-1,23,4bacc2356c,61,89
12205551399560622730,14102511,1,0,1fbe01fe,f3845767,28905ebd,ecad2386,7801e8d9,07d7df22,a99f214a,a70169f4,36d749e5,1,0,1005,15702,320,50,1722,0,35,-1,79,5c62c998cd,5,6
12206818466081974142,14102511,0,0,85f751fd,c4e18dd6,50e219e0,e2fcccd2,5c5a694b,0f2161f8,d18457ac,c182cc2b,684581ce,1,0,1005,6558,320,50,571,2,39,-1,32,58fd2c3d71,1,3
12934891468175865357,14102511,0,0,85f751fd,c4e18dd6,50e219e0,e2fcccd2,5c5a694b,0f2161f8,5353fe1d,9bed1fad,7abbbd5c,1,0,1005,20633,320,50,2374,3,39,-1,23,8cb8047d3e,7,7
13034169766105312745,14102511,0,0,85f751fd,c4e18dd6,50e219e0,92f5800b,ae637522,0f2161f8,a99f214a,fae522ed,981edffc,1,3,1005,21191,320,50,2424,1,161,100193,71,bf0db338f0,2,2
13811969738540762521,14102511,0,0,1fbe01fe,f3845767,28905ebd,ecad2386,7801e8d9,07d7df22,a99f214a,0c71d269,711ee120,1,0,1005,15704,320,50,1722,0,35,-1,79,15057c0f07,9,24
14425447045337859109,14102511,1,0,1fbe01fe,f3845767,28905ebd,ecad2386,7801e8d9,07d7df22,a99f214a,21153cfd,76dc4769,1,0,1005,15699,320,50,1722,0,35,-1,79,143448b7ea,2,2
1523841140514913109,14102511,0,0,06284027,619c2e24,3e814130,ecad2386,7801e8d9,07d7df22,a99f214a,87bd504a,158e4944,1,0,1005,15703,320,50,1722,0,35,-1,79,142dec2b2c,21,21
15586122607794897871,14102511,0,0,85f751fd,c4e18dd6,50e219e0,92f5800b,ae637522,0f2161f8,a99f214a,88da1609,981edffc,1,2,1005,21191,320,50,2424,1,161,100192,71,1c91a63423,9,9
15771451456497498547,14102511,0,0,85f751fd,c4e18dd6,50e219e0,92f5800b,ae637522,0f2161f8,a99f214a,a06ed328,e1eae715,1,3,1005,21189,320,50,2424,1,161,100193,71,4dd543f575,3,3
158511284433202369,14102511,0,0,61a8c644,948ff336,50e219e0,ecad2386,7801e8d9,07d7df22,8576330b,fdd336c1,0e88538f,0,0,1002,21789,320,50,2512,2,291,-1,52,9accfcf58a,2,10
15869425889964999840,14102511,0,0,5a83611c,9e810ca7,50e219e0,ecad2386,7801e8d9,07d7df22,fa384633,d3019d2a,43e7b962,0,0,1002,6364,300,50,544,3,39,-1,23,d4e3daa88b,14,21
16503380030356414343,14102511,0,0,1fbe01fe,f3845767,28905ebd,ecad2386,7801e8d9,07d7df22,a99f214a,613206db,d787e91b,1,0,1005,8330,320,50,761,3,175,-1,23,8c3e805ce0,2,5
16755663297281112402,14102511,1,0,93eaba74,7687a86e,3e814130,ecad2386,7801e8d9,07d7df22,a99f214a,674b41e7,fce66524,1,0,1005,19015,300,250,2162,2,39,-1,33,a7afbfdcd7,2,2
1986622732885190708,14102511,0,1,85f751fd,c4e18dd6,50e219e0,c776ba2a,7801e8d9,0f2161f8,c48e5f23,c3ed6958,2d81c3ad,5,0,1010,22335,320,50,2578,0,1315,-1,110,253e7d943b,3,4
2868018270012728778,14102511,0,0,85f751fd,c4e18dd6,50e219e0,92f5800b,ae637522,0f2161f8,a99f214a,b6d27c19,981edffc,1,3,1005,21189,320,50,2424,1,161,100192,71,9d6b519805,19,21
4505662228274746226,14102511,0,1,e151e245,7e091613,f028772b,ecad2386,7801e8d9,07d7df22,a99f214a,211f96b8,d787e91b,1,0,1005,16687,320,50,1872,3,39,-1,23,17e5dcb624,12,12
5155635461870817015,14102511,1,1,e151e245,7e091613,f028772b,ecad2386,7801e8d9,07d7df22,a99f214a,3c20a702,fce66524,1,0,1005,4687,320,50,423,2,39,100148,32,b220ce7552,9,14
5502064067027484065,14102511,0,0,85f751fd,c4e18dd6,50e219e0,92f5800b,ae637522,0f2161f8,a99f214a,608a5aad,496515fa,1,2,1005,21189,320,50,2424,1,161,100190,71,68559a2740,2,2
7514814239722327555,14102511,0,0,91012c3d,268909b8,50e219e0,ecad2386,7801e8d9,07d7df22,2cd065f4,2f8d0316,17219cea,0,0,1002,22300,320,50,2573,0,419,-1,178,fac7271c1e,1,1
7579871878147676004,14102511,0,0,1fbe01fe,f3845767,28905ebd,ecad2386,7801e8d9,07d7df22,a99f214a,76a24b2f,5db079b5,1,2,1005,15701,320,50,1722,0,35,-1,79,6ad1b71eb9,10,12
7642923854652945879,14102511,0,0,9f737c63,5449fde7,f028772b,ecad2386,7801e8d9,07d7df22,a99f214a,8bf34727,505731e4,1,0,1005,19772,320,50,2227,0,679,100075,48,7a07d293ad,11,16
8790926906314964482,14102511,0,1,450d6400,bea33b9a,3e814130,ecad2386,7801e8d9,07d7df22,a99f214a,82110051,a0f5f879,1,0,1005,8330,320,50,761,3,175,-1,23,1c6a6c70f8,1,1
9019755065164800962,14102511,0,0,1fbe01fe,f3845767,28905ebd,ecad2386,7801e8d9,07d7df22,a99f214a,a087a105,d17a0181,1,0,1005,15701,320,50,1722,0,35,100083,79,f57a907099,3,3
9728436241073880810,14102511,0,0,1fbe01fe,f3845767,28905ebd,ecad2386,7801e8d9,07d7df22,a99f214a,67f15863,ecb851b2,1,0,1005,15705,320,50,1722,0,35,-1,79,5c4fadeb4d,5,32
9861387414556476079,14102511,0,0,85f751fd,c4e18dd6,50e219e0,170f5944,2347f47a,cef3e649,a99f214a,c958a286,158e4944,1,0,1005,22338,320,50,2579,0,171,100094,108,bf11fc0a08,24,38
1040835730515336783,14102512,0,0,85f751fd,c4e18dd6,50e219e0,03528b27,2347f47a,8ded1f7a,b1b9eca8,b9bf56b2,d787e91b,1,0,1005,17017,320,50,1873,3,39,-1,23,bc260e8185,15,20
10585728290158445624,14102512,1,0,f84e52b6,d7e2f29b,28905ebd,ecad2386,7801e8d9,07d7df22,a99f214a,fe3d7cdc,744ae245,1,0,1005,20635,300,250,2374,3,39,-1,23,c82a83d3a7,5,12
10654461928343381808,14102512,0,0,85f751fd,c4e18dd6,50e219e0,54c5d545,2347f47a,0f2161f8,28dc8687,ab99968e,794346bd,1,2,1005,15702,320,50,1722,0,35,100084,79,b5d2640260,12,13
11903397253239829722,14102512,0,1,ff361da0,6dbd48f0,3e814130,ecad2386,7801e8d9,07d7df22,a99f214a,197093e9,4ea23a13,1,0,1005,6392,320,50,547,3,47,-1,23,921ed98aa3,15,16
12335552326796806723,14102512,0,1,e151e245,7e091613,f028772b,ecad2386,7801e8d9,07d7df22,a99f214a,f728f06a,84eb6b0e,1,0,1005,21675,320,50,2495,2,167,-1,23,f5b10d1872,10,16
13022078999917477708,14102512,0,0,85f751fd,c4e18dd6,50e219e0,92f5800b,ae637522,0f2161f8,a99f214a,1e665496,981edffc,1,3,1005,21191,320,50,2424,1,161,100193,71,aefc44bf86,19,23
13150706238873234384,14102512,0,0,2e402bc9,fd0fa362,50e219e0,ecad2386,7801e8d9,07d7df22,6a5fd165,790d7645,a9b05547,0,0,1002,17081,320,50,1921,3,47,-1,23,ca38ee03c9,3,17
13719257743040607599,14102512,0,0,85f751fd,c4e18dd6,50e219e0,92f5800b,ae637522,0f2161f8,a99f214a,3932613f,981edffc,1,3,1005,21189,320,50,2424,1,161,100193,71,551a71008c,2,2
14223311853710318900,14102512,1,1,85f751fd,c4e18dd6,50e219e0,03a08c3f,7801e8d9,0f2161f8,8bf95fc7,1cf29716,b4d21d55,5,3,1010,15703,320,50,1722,0,35,-1,79,dd489de7e9,18,20
14762566742447818603,14102512,1,0,d6137915,bb1ef334,f028772b,ecad2386,7801e8d9,07d7df22,a99f214a,adc3ad02,8fb776fd,1,0,1005,19771,320,50,2227,0,679,100081,48,33a3123244,3,8
14872547357425824600,14102512,0,0,85f751fd,c4e18dd6,50e219e0,03528b27,2347f47a,8ded1f7a,5fb67a83,93537cd8,258766e2,1,0,1005,17017,320,50,1873,3,39,-1,23,16ae00b5df,13,14
15430434752118916937,14102512,0,1,93de26ae,7d05db75,335d28a8,ecad2386,7801e8d9,07d7df22,a99f214a,5c929ad7,7abbbd5c,1,0,1005,20007,320,50,2283,0,163,100076,95,12fcae14f7,16,17
16401494278032891407,14102512,1,0,1fbe01fe,f3845767,28905ebd,ecad2386,7801e8d9,07d7df22,a99f214a,eb0f277c,16954458,1,0,1005,15702,320,50,1722,0,35,-1,79,53d41859c2,2,5
16560490525375905652,14102512,0,1,57fe1b20,5b626596,f028772b,ecad2386,7801e8d9,07d7df22,a99f214a,248fae41,894fb406,1,0,1005,20312,320,50,1780,0,1711,100077,48,87586bce52,39,56
16564131991988320669,14102512,0,1,85f751fd,c4e18dd6,50e219e0,f4a508c7,7801e8d9,0f2161f8,3f232445,d1f6cfc8,2b127119,5,0,1010,22407,728,90,2583,0,171,100094,108,17e5dcb624,1,31
16651712912408061447,14102512,0,0,9a977531,a434fa42,f028772b,ecad2386,7801e8d9,07d7df22,a99f214a,e01da9c4,c144e605,1,0,1005,19950,320,50,1800,3,167,100077,23,96862629c2,2,9
16729579522675247894,14102512,1,0,1fbe01fe,f3845767,28905ebd,ecad2386,7801e8d9,07d7df22,a99f214a,5adc706e,fbec56bc,1,0,1005,15704,320,50,1722,0,35,100083,79,61ab42c23f,3,3
2476346715669860883,14102512,0,0,85f751fd,c4e18dd6,50e219e0,92f5800b,ae637522,0f2161f8,a99f214a,1ccf3db8,1277f67f,1,2,1005,21191,320,50,2424,1,161,100193,71,7760daa2ed,2,2
5137036562215435421,14102512,0,0,1fbe01fe,f3845767,28905ebd,ecad2386,7801e8d9,07d7df22,a99f214a,431b3174,8a4875bd,1,0,1005,15701,320,50,1722,0,35,-1,79,ca4f096c09,4,5
5879245039138417082,14102512,0,0,1fbe01fe,f3845767,28905ebd,ecad2386,7801e8d9,07d7df22,a99f214a,e6a00ba6,1f0bc64f,1,0,1005,15703,320,50,1722,0,35,100084,79,c7f0e4e841,15,44
7397235639945634243,14102512,1,0,67ee2827,07012454,3e814130,ecad2386,7801e8d9,07d7df22,a99f214a,bb0fc0d2,d1cbe61f,1,0,1005,17239,320,50,1973,3,39,-1,23,a3d5a4fec3,1,4
7633701621286974509,14102512,0,0,1fbe01fe,f3845767,28905ebd,ecad2386,7801e8d9,07d7df22,a99f214a,8a014cbb,ecb851b2,1,0,1005,15708,320,50,1722,0,35,-1,79,16b19e51f6,15,18
8002787264529648831,14102512,0,0,85f751fd,c4e18dd6,50e219e0,92f5800b,ae637522,0f2161f8,a99f214a,cdb40843,0bcabeaf,1,3,1005,21191,320,50,2424,1,161,100193,71,76dbabe7c0,20,28
839299473800276114,14102512,0,0,fbef6cee,f2ded9e4,f028772b,ecad2386,7801e8d9,07d7df22,a99f214a,36e1299d,bfa15b14,1,0,1005,19771,320,50,2227,0,679,100075,48,a23d82506d,1,3
9237530860581590670,14102512,0,1,856e6d3f,58a89a43,f028772b,ecad2386,7801e8d9,07d7df22,a99f214a,a264ffbc,b72d1c6e,1,0,1005,19771,320,50,2227,0,679,100075,48,9005c20bf6,3,4
11542905477274846818,14102513,1,1,85f751fd,c4e18dd6,50e219e0,03a08c3f,7801e8d9,0f2161f8,1f00ee28,de05aa29,5096d134,4,2,1010,15702,320,50,1722,0,35,-1,79,c1fb68d97b,3,5
11613480950655716513,14102513,1,0,5b08c53b,7687a86e,3e814130,ecad2386,7801e8d9,07d7df22,a99f214a,ddc69473,d787e91b,1,0,1005,17654,300,250,1994,2,39,100084,33,fac7271c1e,2,2
1194782721651240922,14102513,0,1,85f751fd,c4e18dd6,50e219e0,81533cb6,7801e8d9,cef3e649,9db0286b,764fda52,f07e20f8,4,2,1010,17875,320,50,2036,3,47,-1,156,4f22b87cba,14,20
11998248171251216234,14102513,0,0,85f751fd,c4e18dd6,50e219e0,03528b27,2347f47a,8ded1f7a,9363ce9a,4015cedb,c6263d8a,1,0,1005,15708,320,50,1722,0,35,-1,79,e97b7a4012,9,13
12242319321965204646,14102513,0,0,85f751fd,c4e18dd6,50e219e0,e9739828,df32afa9,cef3e649,a99f214a,b003c43f,a4084956,1,0,1005,22468,320,50,2589,0,171,100005,156,caf3004b84,9,29
12328263657956465012,14102513,1,1,8fbe746d,35dc24d8,f028772b,ecad2386,7801e8d9,07d7df22,a99f214a,60812f4e,158e4944,1,0,1005,16208,320,50,1800,3,167,100075,23,293030a8b8,2,2
12468330044968761723,14102513,1,0,38217daf,449497bc,f028772b,ecad2386,7801e8d9,07d7df22,a99f214a,9584eb1e,8571106b,1,0,1005,20093,300,250,2295,2,35,100081,23,915085e443,1,1
12721330863591964503,14102513,0,1,17caea14,0dde25ec,f028772b,ecad2386,7801e8d9,07d7df22,a99f214a,bd4b0215,c30e3f5c,1,0,1005,21408,320,50,2467,2,167,-1,23,7decfbf155,1,1
13413924351716749086,14102513,0,0,85f751fd,c4e18dd6,50e219e0,92f5800b,ae637522,0f2161f8,a99f214a,35ad1558,0bcabeaf,1,3,1005,21189,320,50,2424,1,161,100189,71,8d336b824c,3,6
13916211584045782487,14102513,0,1,856e6d3f,58a89a43,f028772b,ecad2386,7801e8d9,07d7df22,a99f214a,7a07327f,68b6db2c,1,0,1005,19771,320,50,2227,0,679,100077,48,52cab3508e,6,6
14280722048174631828,14102513,0,0,85f751fd,c4e18dd6,50e219e0,e2fcccd2,5c5a694b,0f2161f8,06977e72,eafaf053,be87996b,1,2,1005,4687,320,50,423,2,39,100148,32,6f81f37083,4,4
14342386619108237151,14102513,0,1,85f751fd,c4e18dd6,50e219e0,03a08c3f,7801e8d9,0f2161f8,813f5e01,4ac51096,f07e20f8,4,3,1010,22504,320,50,2587,0,35,-1,52,bf3945dbc1,15,44
1523570534334001007,14102513,0,0,db45d754,59fdbcde,50e219e0,ecad2386,7801e8d9,07d7df22,c5a3c289,5b801463,c4a565e1,0,0,1002,15708,320,50,1722,0,35,100084,79,e11d588af1,5,7
16161104577557008152,14102513,0,0,1fbe01fe,f3845767,28905ebd,ecad2386,7801e8d9,07d7df22,a99f214a,57cd4006,8a4875bd,1,0,1005,15705,320,50,1722,0,35,-1,79,116f203332,1,21
16188313327364748540,14102513,0,1,e151e245,7e091613,f028772b,ecad2386,7801e8d9,07d7df22,a99f214a,10dcdfb1,35404915,1,0,1005,17014,320,50,1872,3,39,-1,23,3fe68b5a5f,4,9
16958999980747626096,14102513,0,0,d8c5ea8e,5449fde7,f028772b,ecad2386,7801e8d9,07d7df22,a99f214a,109c5cc2,01634391,1,0,1005,19772,320,50,2227,0,679,-1,48,1eb30cdfc2,2,5
17010410985239790384,14102513,0,1,5b4d2eda,16a36ef3,f028772b,ecad2386,7801e8d9,07d7df22,a99f214a,2e9d24d2,88fe1d5d,1,0,1005,20251,320,50,2323,0,687,100081,48,a7c707e5f3,19,24
17361177200607438393,14102513,0,1,e8f79e60,c4342784,f028772b,ecad2386,7801e8d9,07d7df22,a99f214a,2f323f36,3bb1ddd7,1,0,1005,9478,320,50,906,3,1451,100156,61,02a87e2a8f,1,2
17542665742897034486,14102513,0,1,85f751fd,c4e18dd6,50e219e0,1dc72b4d,2347f47a,0f2161f8,ead69bee,91314388,5096d134,1,0,1005,20004,300,50,2283,0,163,100076,95,7ce8754308,3,3
17618386626190866071,14102513,0,0,85f751fd,c4e18dd6,50e219e0,98fed791,d9b5648e,0f2161f8,a99f214a,27118f52,aad45b01,1,0,1005,18648,320,50,1092,3,811,100156,61,ce65345c6d,3,4
18071412166122446475,14102513,0,1,5114c672,3f2f3819,3e814130,ecad2386,7801e8d9,07d7df22,a99f214a,6a6ce39b,6afc734f,1,0,1005,19950,320,50,1800,3,167,100077,23,99a9d9a4c4,1,1
1813779420074686199,14102513,0,1,88154ade,9f448720,3e814130,ecad2386,7801e8d9,07d7df22,a99f214a,01acf1d8,8a4875bd,1,0,1005,19950,320,50,1800,3,167,100075,23,11d8b06da2,3,7
18146640028903522757,14102513,0,0,85f751fd,c4e18dd6,50e219e0,febd1138,82e27996,0f2161f8,a99f214a,f91ec9a3,99e427c9,1,0,1005,21611,320,50,2480,3,297,100111,61,da4c5bd0ca,20,29
18405382867682050085,14102513,0,1,85f751fd,c4e18dd6,50e219e0,03a08c3f,7801e8d9,0f2161f8,d2e7cd1a,21372816,f07e20f8,4,2,1010,22504,320,50,2587,0,35,-1,52,e6e5a0cb6d,14,15
2261542294493571698,14102513,0,0,1fbe01fe,f3845767,28905ebd,ecad2386,7801e8d9,07d7df22,a99f214a,ecd9ce07,41c87f95,1,0,1005,22332,320,50,2577,2,167,-1,23,91c0ab3560,1,1
3486484272346689447,14102513,0,0,85f751fd,c4e18dd6,50e219e0,e2a1ca37,2347f47a,8ded1f7a,a99f214a,d4f0f1c8,7abbbd5c,1,0,1005,17017,320,50,1873,3,39,-1,23,14002639c0,3,6
3933229439867526721,14102513,0,0,85f751fd,c4e18dd6,50e219e0,92f5800b,ae637522,0f2161f8,a99f214a,f363addd,496515fa,1,3,1005,21191,320,50,2424,1,161,100189,71,66e74b9120,4,4
3956883919590721990,14102513,0,1,85f751fd,c4e18dd6,50e219e0,03a08c3f,7801e8d9,0f2161f8,81cb2d3b,75bb1b58,e9b8d8d7,4,3,1010,15703,320,50,1722,0,35,-1,79,33ac35e075,8,12
4120940964019591907,14102513,0,1,5b4d2eda,16a36ef3,f028772b,ecad2386,7801e8d9,07d7df22,a99f214a,d42a0acc,4ceb2e0b,1,0,1005,20009,320,50,2283,0,163,-1,95,9ec9351d95,8,9
5135394706895342260,14102513,0,0,85f751fd,c4e18dd6,50e219e0,92f5800b,ae637522,0f2161f8,a99f214a,6bc42c85,981edffc,1,3,1005,21191,320,50,2424,1,161,100191,71,394b5a4bc0,1,1
536791402026008832,14102513,0,0,1fbe01fe,f3845767,28905ebd,ecad2386,7801e8d9,07d7df22,a99f214a,3ad113ea,7ac6007f,1,2,1005,15708,320,50,1722,0,35,100084,79,61ab42c23f,14,29
5868371283983430970,14102513,0,1,856e6d3f,58a89a43,f028772b,ecad2386,7801e8d9,07d7df22,a99f214a,11dc8077,d4897fef,1,0,1005,16208,320,50,1800,3,167,100075,23,c7f0e4e841,4,4
5937949082427674170,14102513,0,1,5b4d2eda,16a36ef3,f028772b,ecad2386,7801e8d9,07d7df22,a99f214a,5a0e5f50,8a4875bd,1,0,1005,16208,320,50,1800,3,167,100077,23,2fff528709,11,33
6527303202558229500,14102513,0,0,85f751fd,c4e18dd6,50e219e0,92f5800b,ae637522,0f2161f8,a99f214a,20c10b16,981edffc,1,3,1005,21189,320,50,2424,1,161,100190,71,60e7c9e07c,1,1
7043411185837004989,14102513,0,0,85f751fd,c4e18dd6,50e219e0,92f5800b,ae637522,0f2161f8,a99f214a,7a7fa257,0bcabeaf,1,3,1005,21189,320,50,2424,1,161,100189,71,16744ee35f,6,6
8101605289325687625,14102513,1,0,5b08c53b,7687a86e,3e814130,ecad2386,7801e8d9,07d7df22,a99f214a,1676c411,84ebbcd4,1,0,1005,20019,300,250,2286,3,39,100075,23,1e9a5b211a,28,40
8801154498263094566,14102513,0,0,6399eda6,968765cd,f028772b,ecad2386,7801e8d9,07d7df22,a99f214a,9fbb621d,3b4c518f,1,0,1005,20251,320,50,2323,0,687,100081,48,bf3945dbc1,1,2
10490738194957221517,14102514,0,0,1fbe01fe,f3845767,28905ebd,ecad2386,7801e8d9,07d7df22,a99f214a,c5d4672b,0eb711ec,1,0,1005,15707,320,50,1722,0,35,-1,79,00a56ea3b3,18,63
1154829752058352408,14102514,0,0,85f751fd,c4e18dd6,50e219e0,9c13b419,2347f47a,f95efa07,a99f214a,819ad528,0eb711ec,1,0,1005,18092,320,50,2060,3,39,-1,23,c220de62ee,4,5
11761137976793088113,14102514,0,0,1fbe01fe,f3845767,28905ebd,ecad2386,7801e8d9,07d7df22,a99f214a,d50c59bc,1ccc7835,1,0,1005,15708,320,50,1722,0,35,-1,79,604a8316cf,15,36
12349500212476576569,14102514,0,0,85f751fd,c4e18dd6,50e219e0,92f5800b,ae637522,0f2161f8,a99f214a,45ed25f4,054c8edf,1,3,1005,21191,320,50,2424,1,161,100189,71,10ad6504fa,21,21
12830117526709706113,14102514,0,0,85f751fd,c4e18dd6,50e219e0,febd1138,82e27996,0f2161f8,a99f214a,9bb1bb40,aad45b01,1,0,1005,22322,320,50,2576,1,161,100193,71,f0c0c26f99,4,4
13343579102959622996,14102514,0,1,17caea14,0dde25ec,f028772b,ecad2386,7801e8d9,07d7df22,a99f214a,d7ed1e6a,7dcd6546,1,0,1005,22197,320,50,2556,3,167,-1,23,8e813b94b8,11,12
13781142376865844097,14102514,1,1,e151e245,7e091613,f028772b,ecad2386,7801e8d9,07d7df22,a99f214a,93140323,8debacdb,1,0,1005,17262,320,50,1872,3,39,-1,23,0b84026966,2,3
14572246023656314848,14102514,0,0,85f751fd,c4e18dd6,50e219e0,92f5800b,ae637522,0f2161f8,a99f214a,3deeb1a2,981edffc,1,3,1005,21189,320,50,2424,1,161,100192,71,7b8a88f49b,16,23
14941525449806048341,14102514,0,0,fec6e632,ace5b8fd,3e814130,ecad2386,7801e8d9,07d7df22,a99f214a,2560de77,c144e605,1,0,1005,17239,320,50,1973,3,39,-1,23,750772e179,9,21
1521737231581504931,14102514,0,0,1fbe01fe,f3845767,28905ebd,ecad2386,7801e8d9,07d7df22,a99f214a,6b9769f2,edead9f4,1,0,1005,15701,320,50,1722,0,35,-1,79,96d5eb2e01,10,12
15554632043912158428,14102514,0,0,1fbe01fe,f3845767,28905ebd,ecad2386,7801e8d9,07d7df22,a99f214a,f886c74e,0eb711ec,1,0,1005,15706,320,50,1722,0,35,-1,79,c6ca9ed22d,40,62
15917985730514309706,14102514,1,0,1fbe01fe,f3845767,28905ebd,ecad2386,7801e8d9,07d7df22,a99f214a,ec3a3941,293291c1,1,0,1005,15702,320,50,1722,0,35,100083,79,df54eddfcf,2,15
16732566578839971487,14102514,0,1,85f751fd,c4e18dd6,50e219e0,03a08c3f,7801e8d9,0f2161f8,b2720a5f,0d7723e8,158e4944,4,3,1010,15707,320,50,1722,0,35,100084,79,6eec479efa,6,13
16763990058484980260,14102514,0,0,85f751fd,c4e18dd6,50e219e0,e2fcccd2,5c5a694b,0f2161f8,43f3d4c6,e145c930,cdf6ea96,1,0,1005,4687,320,50,423,2,39,100148,32,d12f08c23a,2,2
1761167591004275741,14102514,0,0,12fb4121,6b59f079,f028772b,ecad2386,7801e8d9,07d7df22,a99f214a,8562b65a,9c2dcec3,1,0,1005,20970,320,50,2372,0,813,-1,46,173f8aa052,2,2
17688809018600093733,14102514,0,0,91069c72,638df21e,50e219e0,ecad2386,7801e8d9,07d7df22,efdffc2e,b3624345,4042e175,0,0,1002,22295,320,50,2573,0,419,-1,178,44ed046bad,8,9
18172407250585146453,14102514,0,0,85f751fd,c4e18dd6,50e219e0,92f5800b,ae637522,0f2161f8,a99f214a,8d3d270c,0bcabeaf,1,3,1005,21189,320,50,2424,1,161,100191,71,dd2aa494b8,7,7
2040076248189519133,14102514,0,0,1fbe01fe,f3845767,28905ebd,ecad2386,7801e8d9,07d7df22,a99f214a,76d5572c,d787e91b,1,0,1005,15707,320,50,1722,0,35,100083,79,7bc0e279fa,6,9
2582951754642463947,14102514,0,0,6c5b482c,7687a86e,3e814130,ecad2386,7801e8d9,07d7df22,a99f214a,395df406,711ee120,1,0,1005,17654,300,250,1994,2,39,100084,33,921ed98aa3,36,85
2916726715456026793,14102514,0,1,d9750ee7,98572c79,f028772b,ecad2386,7801e8d9,07d7df22,a99f214a,5d95d43f,5096d134,1,0,1005,18095,320,50,2060,3,39,100105,23,40ed90ba5b,5,11
3986778837846867034,14102514,0,0,85f751fd,c4e18dd6,50e219e0,92f5800b,ae637522,0f2161f8,a99f214a,09ffe421,0bcabeaf,1,3,1005,21191,320,50,2424,1,161,100189,71,bebbfb85e3,3,4
4110862313906918977,14102514,1,0,1fbe01fe,f3845767,28905ebd,ecad2386,7801e8d9,07d7df22,a99f214a,55fdbb93,cdf6ea96,1,0,1005,15705,320,50,1722,0,35,100084,79,3bf2a0e43d,1,2
4731765338437494353,14102514,0,0,85f751fd,c4e18dd6,50e219e0,03528b27,2347f47a,8ded1f7a,a99f214a,f7b0d219,1f0bc64f,1,0,1005,16688,320,50,1873,3,39,100039,23,f3b3b7bc27,4,7
5952455308963363135,14102514,0,1,5b4d2eda,16a36ef3,f028772b,ecad2386,7801e8d9,07d7df22,a99f214a,9f121466,76dc4769,1,0,1005,16208,320,50,1800,3,167,100081,23,07dd1a2990,2,4
7891381312957103872,14102514,1,0,5b08c53b,7687a86e,3e814130,ecad2386,7801e8d9,07d7df22,a99f214a,277996db,84ebbcd4,1,0,1005,17654,300,250,1994,2,39,-1,33,e8067ccdf4,1,1
8157519627262322290,14102514,0,1,e151e245,7e091613,f028772b,ecad2386,7801e8d9,07d7df22,a99f214a,3f383f96,1df52df3,1,0,1005,4687,320,50,423,2,39,100148,32,62868272ed,10,11
8860027407442625087,14102514,0,0,83a0ad1a,5c9ae867,f028772b,ecad2386,7801e8d9,07d7df22,a99f214a,0e278991,6569eeb3,1,0,1005,16615,320,50,1863,3,39,100188,23,bc324a001f,11,14
8904792256789306853,14102514,1,1,856e6d3f,58a89a43,f028772b,ecad2386,7801e8d9,07d7df22,a99f214a,baef0c4f,be6db1d7,1,0,1005,16208,320,50,1800,3,167,100081,23,9accfcf58a,6,7
8959383539192908943,14102514,0,0,85f751fd,c4e18dd6,50e219e0,be7c618d,2347f47a,f95efa07,40c6d2ed,c7729185,5d379d53,1,2,1005,375,320,50,112,3,1319,-1,15,768f5924e3,22,27
899020592616976877,14102514,0,0,1b171d6d,272c5d9d,f028772b,ecad2386,7801e8d9,07d7df22,a99f214a,d594f594,1ccc7835,1,0,1005,19950,320,50,1800,3,167,100075,23,cd60374e9e,1,23
9566972460058078285,14102514,0,0,1fbe01fe,f3845767,28905ebd,ecad2386,7801e8d9,07d7df22,a99f214a,36a55b5b,2203a096,1,0,1005,15708,320,50,1722,0,35,100083,79,6cb6dc7921,1,2
10509777637873715131,14102515,1,0,1fbe01fe,f3845767,28905ebd,ecad2386,7801e8d9,07d7df22,a99f214a,7eeac961,6ee42729,1,0,1005,15704,320,50,1722,0,35,-1,79,585479f8b7,7,7
10673882123355569767,14102515,0,0,d6137915,bb1ef334,f028772b,ecad2386,7801e8d9,07d7df22,a99f214a,c5d709b0,d787e91b,1,0,1005,8330,320,50,761,3,175,100075,23,865776b148,11,25
10860734002999349189,14102515,0,1,5ee41ff2,17d996e6,f028772b,ecad2386,7801e8d9,07d7df22,a99f214a,63547453,df82c7a0,1,0,1005,19772,320,50,2227,0,679,-1,48,785904f303,2,2
10950031495971551445,14102515,0,0,85f751fd,c4e18dd6,50e219e0,e2fcccd2,5c5a694b,0f2161f8,a99f214a,62c0fa1b,f39b265e,1,0,1005,19771,320,50,2227,0,679,100075,48,2587f71778,5,5
11045263074544359742,14102515,0,0,5b08c53b,7687a86e,3e814130,ecad2386,7801e8d9,07d7df22,a99f214a,48da07cb,1ccc7835,1,0,1005,17653,300,250,1994,2,39,-1,33,6132c7fa95,1,1
11061850924124809652,14102515,1,1,0a742914,510bd839,f028772b,ecad2386,7801e8d9,07d7df22,a99f214a,a89e463d,be6db1d7,1,0,1005,19950,320,50,1800,3,167,-1,23,531eab70b3,3,5
11313391309374288970,14102515,0,1,5ee41ff2,17d996e6,f028772b,ecad2386,7801e8d9,07d7df22,a99f214a,b9cd3501,8a4875bd,1,0,1005,16208,320,50,1800,3,167,100081,23,f3b1d89a1e,4,20
1148600253684849297,14102515,1,0,85f751fd,c4e18dd6,50e219e0,95827a92,2347f47a,0f2161f8,a99f214a,189db4bc,be87996b,1,2,1005,15701,320,50,1722,0,35,100084,79,bf3e82875a,4,11
12045991687540354248,14102515,0,0,5b08c53b,7687a86e,3e814130,ecad2386,7801e8d9,07d7df22,a99f214a,e1086d0a,711ee120,1,0,1005,17654,300,250,1994,2,39,-1,33,2df897afb4,8,11
12770976829294277757,14102515,0,1,e151e245,7e091613,f028772b,ecad2386,7801e8d9,07d7df22,a99f214a,eb683dca,4ea23a13,1,0,1005,21679,320,50,2495,2,167,-1,23,68b0d177f0,2,11
12984539174339909546,14102515,0,1,e151e245,7e091613,f028772b,ecad2386,7801e8d9,07d7df22,a99f214a,47368a1c,e45c0c27,1,0,1005,17264,320,50,1872,3,39,-1,23,36e00517d3,1,3
13148918872696795490,14102515,1,1,85f751fd,c4e18dd6,50e219e0,03a08c3f,7801e8d9,0f2161f8,880adc44,71c78775,b7e932e7,4,3,1010,15707,320,50,1722,0,35,100084,79,04cb2dac2a,1,11
13580933481052217848,14102515,0,0,85f751fd,c4e18dd6,50e219e0,54c5d545,2347f47a,0f2161f8,a99f214a,0158c978,4ea23a13,1,0,1005,6563,320,50,572,2,39,-1,32,bb93eb7fe0,18,18
14793326470760876266,14102515,0,0,6fcff501,b9c4ab81,f028772b,ecad2386,7801e8d9,07d7df22,a99f214a,e39ade2e,2fe826aa,1,0,1005,20395,320,50,2340,3,41,100111,159,7abd1ba064,1,1
1506219099345236324,14102515,0,0,85f751fd,c4e18dd6,50e219e0,39947756,2347f47a,cef3e649,a99f214a,084de568,fce9cd60,1,2,1005,20391,320,50,2340,3,41,100111,159,2fb4b20544,7,7
15376921839655780574,14102515,1,1,85f751fd,c4e18dd6,50e219e0,1c4c71ef,2347f47a,0f2161f8,64975fa2,30a7b342,6f21a189,1,0,1005,17709,320,50,2009,0,555,100233,102,75384749fe,7,12
15428541276695624299,14102515,0,0,1fbe01fe,f3845767,28905ebd,ecad2386,7801e8d9,07d7df22,a99f214a,ff1c4f79,8a4875bd,1,0,1005,15701,320,50,1722,0,35,-1,79,38a7b4c659,15,39
15486434715368546233,14102515,0,0,1fbe01fe,f3845767,28905ebd,ecad2386,7801e8d9,07d7df22,a99f214a,e92e0567,3d64834e,1,2,1005,15707,320,50,1722,0,35,100084,79,14ec6b2b9d,19,22
15973522375958642684,14102515,0,0,1fbe01fe,f3845767,28905ebd,ecad2386,7801e8d9,07d7df22,a99f214a,a0fa0bc6,8a4875bd,1,0,1005,15707,320,50,1722,0,35,-1,79,0422f7a931,12,15
16019475154506895735,14102515,0,1,e151e245,7e091613,f028772b,ecad2386,7801e8d9,07d7df22,a99f214a,9ac84b8b,66d46f3d,1,0,1005,20392,320,50,2340,3,1065,100111,159,97eb13f8c6,7,16
16145410788914616443,14102515,0,0,5b08c53b,7687a86e,3e814130,ecad2386,7801e8d9,07d7df22,a99f214a,693bff3e,0fadd2fe,1,0,1005,17654,300,250,1994,2,39,-1,33,3efe171afc,3,3
16914314729380610372,14102515,0,1,b7e9786d,b12b9f85,f028772b,ecad2386,7801e8d9,07d7df22,a99f214a,74a456b4,d14c4241,1,0,1005,19772,320,50,2227,0,679,100075,48,9f31f884be,6,6
17744361187360776848,14102515,1,0,fec6e632,ace5b8fd,3e814130,ecad2386,7801e8d9,07d7df22,a99f214a,7bfdc9ad,be6db1d7,1,0,1005,16208,320,50,1800,3,167,100081,23,a02258d2b5,3,3
17765726374008864087,14102515,0,1,85f751fd,c4e18dd6,50e219e0,03a08c3f,7801e8d9,0f2161f8,c2ccad41,17fedd7a,f07e20f8,4,3,1010,15708,320,50,1722,0,35,-1,79,044bb342fb,6,6
2542207248498842096,14102515,0,0,85f751fd,c4e18dd6,50e219e0,c0a736f4,7801e8d9,07d7df22,9e9211f5,f21ea387,769a21fa,0,0,1002,20476,320,50,2348,3,427,100003,61,4bacc2356c,9,11
2731754951595264784,14102515,0,0,1fbe01fe,f3845767,28905ebd,ecad2386,7801e8d9,07d7df22,a99f214a,09e4010a,4ea23a13,1,0,1005,20108,320,50,2299,2,1327,100084,52,c17f3843e1,10,14
3082483503423837967,14102515,0,0,85f751fd,c4e18dd6,50e219e0,53de0284,d9b5648e,0f2161f8,a99f214a,98725d01,9b5ce758,1,0,1005,20392,320,50,2340,3,41,100111,159,08ea896f22,2,14
327704192011034345,14102515,1,1,0a742914,510bd839,f028772b,ecad2386,7801e8d9,07d7df22,a99f214a,f0f676b0,8a4875bd,1,0,1005,19950,320,50,1800,3,167,100077,23,15ff8c215c,4,4
4639522243768332624,14102515,1,0,5b08c53b,7687a86e,3e814130,ecad2386,7801e8d9,07d7df22,a99f214a,aaaa9c08,36d749e5,1,0,1005,17653,300,250,1994,2,39,-1,33,c220de62ee,18,32
4787481712559046080,14102515,0,0,1fbe01fe,f3845767,28905ebd,ecad2386,7801e8d9,07d7df22,a99f214a,719e91af,779d90c2,1,0,1005,15702,320,50,1722,0,35,100083,79,1c4aa9d25e,2,20
7390968700798077668,14102515,0,1,d9750ee7,98572c79,f028772b,ecad2386,7801e8d9,07d7df22,a99f214a,dc1f953c,84ebbcd4,1,0,1005,17614,320,50,1993,2,1063,-1,33,2be707a5d4,16,20
8468520214586603378,14102515,0,0,85f751fd,c4e18dd6,50e219e0,92f5800b,ae637522,0f2161f8,a99f214a,b159b487,e1eae715,1,3,1005,21189,320,50,2424,1,161,100192,71,49a871d3c8,11,14
897193596504264149,14102515,0,0,06ca6ad3,1a49ce3f,50e219e0,ecad2386,7801e8d9,07d7df22,28b3a4df,dbb40e2a,17219cea,0,0,1002,22305,320,50,2573,0,419,-1,178,049a990258,6,21
10101126402109986223,14102516,0,0,5b08c53b,7687a86e,3e814130,ecad2386,7801e8d9,07d7df22,a99f214a,a7b526ce,277e7b8c,1,0,1005,17653,300,250,1994,2,39,100084,33,688cbea0c8,5,5
11109632669051216189,14102516,0,0,1a5c1d83,5dddf09e,f028772b,ecad2386,7801e8d9,07d7df22,a99f214a,09a15dc5,fce66524,1,0,1005,17239,320,50,1973,3,39,100148,23,d5e945a75a,10,12
11383790934352635305,14102516,0,0,14a5a57a,94142e6d,3e814130,ecad2386,7801e8d9,07d7df22,a99f214a,445f418f,be6db1d7,1,0,1005,13779,320,50,1447,2,47,-1,13,f3e4b4eda9,3,6
11828285923445072562,14102516,1,0,85f751fd,c4e18dd6,50e219e0,98fed791,d9b5648e,0f2161f8,a99f214a,7a924d22,aad45b01,1,0,1005,19743,320,50,2264,3,427,100000,61,2fff528709,1,1
12265033877029321030,14102516,1,1,856e6d3f,58a89a43,f028772b,ecad2386,7801e8d9,07d7df22,a99f214a,2fa904ff,a0f5f879,1,0,1005,16838,320,50,1882,3,35,-1,13,3429e7ad28,3,7
12874543191334544226,14102516,1,0,1fbe01fe,f3845767,28905ebd,ecad2386,7801e8d9,07d7df22,a99f214a,8dad4305,c6263d8a,1,0,1005,15708,320,50,1722,0,35,-1,79,73b456efdd,1,1
1297468282379196376,14102516,1,0,2b1ddb24,98acf46c,3e814130,ecad2386,7801e8d9,07d7df22,a99f214a,0e3b229c,8a4875bd,1,0,1005,17786,320,50,1008,3,47,-1,23,432bb5dd88,9,10
13224452452454965485,14102516,1,1,e151e245,7e091613,f028772b,ecad2386,7801e8d9,07d7df22,a99f214a,59f346b8,83ed0b87,1,0,1005,20395,320,50,2340,3,1065,100111,159,b0828d4a01,1,2
13533597539033635410,14102516,0,1,3281baa7,61eac15d,f028772b,ecad2386,7801e8d9,07d7df22,a99f214a,400966c1,d4897fef,1,0,1005,16208,320,50,1800,3,167,100075,23,2e3ad11d8e,5,6
1460927165138077734,14102516,0,0,1fbe01fe,f3845767,28905ebd,ecad2386,7801e8d9,07d7df22,a99f214a,5d91e611,1f0bc64f,1,0,1005,20108,320,50,2299,2,1327,-1,52,1384e057b7,7,10
14995278697531875909,14102516,0,0,1fbe01fe,f3845767,28905ebd,ecad2386,7801e8d9,07d7df22,a99f214a,b3e06ff8,711ee120,1,0,1005,15699,320,50,1722,0,35,100084,79,83f343d614,2,3
15854457663326922622,14102516,0,0,1fbe01fe,f3845767,28905ebd,ecad2386,7801e8d9,07d7df22,a99f214a,050f13dc,3bd9e8e7,1,0,1005,15702,320,50,1722,0,35,-1,79,973588c794,4,5
16411934394897873906,14102516,0,1,93377b07,7212918d,f028772b,ecad2386,7801e8d9,07d7df22,a99f214a,f4c2e2d9,c038c37d,1,0,1005,19771,320,50,2227,0,679,100075,48,42d6eb8dd0,3,3
16639161367089217919,14102516,0,0,85f751fd,c4e18dd6,50e219e0,9c13b419,2347f47a,f95efa07,a99f214a,e6d55e4b,c6009a55,1,0,1005,18091,320,50,2060,3,39,-1,23,bc90237b2c,3,3
16779106787312258769,14102516,0,1,e151e245,7e091613,f028772b,ecad2386,7801e8d9,07d7df22,a99f214a,51ef4a74,74de3ee6,1,0,1005,17747,320,50,1974,2,39,-1,33,2de89a08b5,11,11
16832830721484900619,14102516,0,1,ce3307ec,7e091613,f028772b,ecad2386,7801e8d9,07d7df22,a99f214a,5d2cff22,fd235d3a,1,0,1005,20391,320,50,2340,3,1065,100111,159,2f18f9acdd,42,45
17657147414692541434,14102516,0,1,0eb72673,d2f72222,f028772b,ecad2386,7801e8d9,07d7df22,a99f214a,feb73989,bfa15b14,1,0,1005,19772,320,50,2227,0,679,100077,48,269d67e984,7,47
18070303128652054610,14102516,1,0,9e8e8d09,c4e18dd6,50e219e0,ecad2386,7801e8d9,07d7df22,a0356393,3507ebdc,b9cd09f8,0,0,1002,17081,320,50,1921,3,47,100075,23,17e5dcb624,19,27
193477369223231339,14102516,0,0,85f751fd,c4e18dd6,50e219e0,92f5800b,ae637522,0f2161f8,a99f214a,b284b7a6,f57a131a,1,2,1005,21189,320,50,2424,1,161,100190,71,8b879e5c6f,8,12
2853938868896870145,14102516,0,0,85f751fd,c4e18dd6,50e219e0,9a23aca1,e5d5313f,0f2161f8,a99f214a,ed232c62,ee007ad3,1,0,1005,21194,320,50,2425,1,427,-1,71,df3243818e,18,24
3189132456258053940,14102516,0,1,85f751fd,c4e18dd6,50e219e0,03a08c3f,7801e8d9,0f2161f8,bd7d9d01,b96d0cb8,f07e20f8,4,3,1010,15705,320,50,1722,0,35,100083,79,e27233668d,3,3
3640138544826644062,14102516,0,1,5ee41ff2,17d996e6,f028772b,ecad2386,7801e8d9,07d7df22,a99f214a,ee4ab30a,76dc4769,1,0,1005,19950,320,50,1800,3,167,100075,23,293030a8b8,3,3
4255559793637556098,14102516,0,0,1fbe01fe,f3845767,28905ebd,ecad2386,7801e8d9,07d7df22,a99f214a,8a014cbb,27466962,1,0,1005,15707,320,50,1722,0,35,-1,79,5503173417,5,9
5064833329691588675,14102516,1,0,1fbe01fe,f3845767,28905ebd,ecad2386,7801e8d9,07d7df22,a99f214a,6b9769f2,ecb851b2,1,0,1005,15699,320,50,1722,0,35,-1,79,d35bfb1f09,9,9
6170698437270376027,14102516,0,0,85f751fd,c4e18dd6,50e219e0,febd1138,82e27996,0f2161f8,a99f214a,17b2cd70,2ea4f8ba,1,0,1005,20508,320,50,2351,3,163,100020,61,0b7f5746eb,5,6
67858323091796763,14102516,0,1,88154ade,9f448720,3e814130,ecad2386,7801e8d9,07d7df22,a99f214a,bec42ec8,d787e91b,1,0,1005,16208,320,50,1800,3,167,-1,23,52cab3508e,8,11
7774982639601009856,14102516,0,0,1fbe01fe,f3845767,28905ebd,ecad2386,7801e8d9,07d7df22,a99f214a,db3ab46a,575d0d2a,1,0,1005,15705,320,50,1722,0,35,100084,79,ee074d98fc,21,34
8569575577689285497,14102516,0,0,85f751fd,c4e18dd6,50e219e0,92f5800b,ae637522,0f2161f8,a99f214a,fc12ec20,981edffc,1,3,1005,21191,320,50,2424,1,161,100192,71,87586bce52,12,14
10046876315449715149,14102517,0,1,17caea14,0dde25ec,f028772b,ecad2386,7801e8d9,07d7df22,a99f214a,abbdd7b7,be74e6fe,1,0,1005,20634,320,50,2374,3,39,-1,23,e70985fc3e,17,18
1010556889674546199,14102517,0,0,1fbe01fe,f3845767,28905ebd,ecad2386,7801e8d9,07d7df22,a99f214a,693bff3e,f07e20f8,1,2,1005,20108,320,50,2299,2,1327,-1,52,6ee1a88635,6,18
11404618474160701883,14102517,0,0,1fbe01fe,f3845767,28905ebd,ecad2386,7801e8d9,07d7df22,a99f214a,57cd4006,8d96a23d,1,2,1005,15705,320,50,1722,0,35,-1,79,7d824fcbb4,10,16
12417200598252040551,14102517,0,0,41295d90,a434fa42,f028772b,ecad2386,7801e8d9,07d7df22,a99f214a,dd6ba909,684581ce,1,0,1005,20007,320,50,2283,0,163,-1,95,8f4cc5e2fc,3,6
13132315631582333293,14102517,0,0,85f751fd,c4e18dd6,50e219e0,febd1138,82e27996,0f2161f8,a99f214a,e0c14e68,a4b6f65b,1,0,1005,21611,320,50,2480,3,297,100111,61,cf46d96aca,15,24
13839583730222910817,14102517,0,0,85f751fd,c4e18dd6,50e219e0,92f5800b,ae637522,0f2161f8,a99f214a,45189c13,e1eae715,1,2,1005,21191,320,50,2424,1,161,100190,71,cd80c167f5,5,5
14222984898078579922,14102517,0,0,93eaba74,7687a86e,3e814130,ecad2386,7801e8d9,07d7df22,a99f214a,27152a8c,684581ce,1,0,1005,17654,300,250,1994,2,39,-1,33,197588b90d,2,2
14583889351633335372,14102517,0,0,1fbe01fe,f3845767,28905ebd,ecad2386,7801e8d9,07d7df22,a99f214a,9c449c98,edead9f4,1,0,1005,15706,320,50,1722,0,35,100083,79,5dc919507a,1,31
1552419172217856395,14102517,0,0,85f751fd,c4e18dd6,50e219e0,92f5800b,ae637522,0f2161f8,a99f214a,872c604c,0bcabeaf,1,3,1005,21191,320,50,2424,1,161,100193,71,20679abeb1,1,5
16166374626387812632,14102517,0,0,85f751fd,c4e18dd6,50e219e0,92f5800b,ae637522,0f2161f8,a99f214a,f139c2d2,0bcabeaf,1,3,1005,21189,320,50,2424,1,161,100189,71,fca758c8b3,2,18
16368159355227374611,14102517,0,0,85f751fd,c4e18dd6,50e219e0,f0d41ff1,2347f47a,0f2161f8,a99f214a,80fa713e,7ac6007f,1,2,1005,21194,320,50,2425,1,427,-1,71,91c36b3383,1,2
17195032881371659221,14102517,0,0,85f751fd,c4e18dd6,50e219e0,92f5800b,ae637522,0f2161f8,a99f214a,82e93407,0bcabeaf,1,3,1005,21189,320,50,2424,1,161,100192,71,df3243818e,8,10
17402797669679867279,14102517,0,0,85f751fd,c4e18dd6,50e219e0,255a58c8,7801e8d9,07d7df22,64136a2c,2ab28b44,eb4d3131,0,0,1002,22371,320,50,2580,0,171,100228,108,77492e3bbd,20,25
18101884365352624148,14102517,0,0,1fbe01fe,f3845767,28905ebd,ecad2386,7801e8d9,07d7df22,a99f214a,414c8f0d,2203a096,1,0,1005,15703,320,50,1722,0,35,100084,79,905a9f5a21,3,5
18181107133733298322,14102517,0,0,6256f5b4,28f93029,f028772b,ecad2386,7801e8d9,07d7df22,a99f214a,6b24b2de,8a4875bd,1,0,1005,15706,320,50,1722,0,35,100083,79,9a958e89a2,9,11
18357027826737039385,14102517,0,0,1fbe01fe,f3845767,28905ebd,ecad2386,7801e8d9,07d7df22,a99f214a,80bf7af8,24f6b932,1,0,1005,15702,320,50,1722,0,35,100084,79,77f47bc716,4,5
1882695289389132075,14102517,0,1,e151e245,7e091613,f028772b,ecad2386,7801e8d9,07d7df22,a99f214a,56a1b259,779d90c2,1,0,1005,17014,320,50,1872,3,39,-1,23,c98d2ff636,1,2
2642132810313806114,14102517,0,0,6c5b482c,7687a86e,3e814130,ecad2386,7801e8d9,07d7df22,a99f214a,494f25ef,84ebbcd4,1,0,1005,17653,300,250,1994,2,39,100083,33,64307519a9,18,23
3050967233663189795,14102517,0,0,6ec06dbd,d262cf1e,f66779e6,ecad2386,7801e8d9,07d7df22,a99f214a,df780b77,a94d1405,1,0,1005,19771,320,50,2227,0,679,100079,48,ffb6d9f1b9,19,19
3144838117667681086,14102517,1,0,85f751fd,c4e18dd6,50e219e0,755e6b39,2347f47a,0f2161f8,52facd03,bdb0ce82,1ccc7835,1,2,1005,380,320,50,112,3,1319,100075,15,828bbf6d12,2,9
3170717443260166093,14102517,0,1,e5c60a05,7256c623,f028772b,ecad2386,7801e8d9,07d7df22,a99f214a,7d80cc64,8a4875bd,1,0,1005,16208,320,50,1800,3,167,-1,23,9e2206d7b7,2,4
3406706993787328567,14102517,0,1,5b4d2eda,16a36ef3,f028772b,ecad2386,7801e8d9,07d7df22,a99f214a,41a134e5,2b4360b2,1,0,1005,19772,320,50,2227,0,679,100081,48,5f038107a6,1,1
4662415788854940991,14102517,0,0,85f751fd,c4e18dd6,50e219e0,febd1138,82e27996,0f2161f8,a99f214a,8d15f81f,99e427c9,1,0,1005,21611,320,50,2480,3,297,100111,61,5ac0c00650,2,2
4896534362805319163,14102517,0,1,d9750ee7,98572c79,f028772b,ecad2386,7801e8d9,07d7df22,a99f214a,8f4c44cd,dab059c4,1,0,1005,17614,320,50,1993,2,1063,100084,33,519a757a0a,6,6
5130874206768718316,14102517,0,0,a0a4523d,6a9dcbd8,50e219e0,ecad2386,7801e8d9,07d7df22,b51959aa,97e0f2ce,7c170de9,0,0,1002,21593,320,50,2478,3,167,100075,23,bf1ab0f7e3,6,6
5582110838771003799,14102517,0,0,85f751fd,c4e18dd6,50e219e0,62e084c5,7801e8d9,0f2161f8,c90bd7c8,0df5fa3c,1b13b020,1,0,1005,17877,320,50,2036,3,47,-1,156,4cbd26faea,2,5
5929113679400238874,14102517,0,0,1fbe01fe,f3845767,28905ebd,ecad2386,7801e8d9,07d7df22,a99f214a,23b86340,8a4875bd,1,0,1005,15699,320,50,1722,0,35,-1,79,41022b1b75,1,1
7667105788566100093,14102517,0,0,85f751fd,c4e18dd6,50e219e0,a0a45985,885c7f3f,0f2161f8,a99f214a,0cd64dc5,1f0bc64f,1,0,1005,20634,320,50,2374,3,39,-1,23,674e439ac4,1,1
7749902010710524592,14102517,0,0,9a977531,a434fa42,f028772b,ecad2386,7801e8d9,07d7df22,a99f214a,136af292,7a63d37c,1,0,1005,19771,320,50,2227,0,679,100075,48,3ee8040893,3,3
829377035941284810,14102517,0,0,1fbe01fe,f3845767,28905ebd,ecad2386,7801e8d9,07d7df22,a99f214a,07875ea4,1f883dc7,1,0,1005,15702,320,50,1722,0,35,-1,79,7e09fc738a,17,24
8729976424351685344,14102517,1,0,4bf5bbe2,6b560cc1,28905ebd,ecad2386,7801e8d9,07d7df22,a99f214a,45eca490,8a4875bd,1,0,1005,16615,320,50,1863,3,39,-1,23,17ef2358b4,3,24
10622624757895817095,14102518,1,0,5b08c53b,7687a86e,3e814130,ecad2386,7801e8d9,07d7df22,a99f214a,488a9a3e,711ee120,1,0,1005,17653,300,250,1994,2,39,-1,33,c9993d43d1,1,5
10864613325358086153,14102518,1,0,93eaba74,7687a86e,3e814130,ecad2386,7801e8d9,07d7df22,a99f214a,4de84409,8ce34352,1,0,1005,21277,300,250,2443,2,39,-1,23,1ecbc789cb,2,4
11901100023466456741,14102518,0,1,b7e9786d,b12b9f85,f028772b,ecad2386,7801e8d9,07d7df22,a99f214a,a91f16e9,68b6db2c,1,0,1005,19771,320,50,2227,0,679,100077,48,bde6009200,23,23
11950881805511856517,14102518,0,1,57fe1b20,5b626596,f028772b,ecad2386,7801e8d9,07d7df22,a99f214a,ba6971ae,8a4875bd,1,0,1005,16208,320,50,1800,3,167,100077,23,a744251a0e,4,4
11996181301279667712,14102518,0,0,85f751fd,c4e18dd6,50e219e0,92f5800b,ae637522,0f2161f8,a99f214a,7e51bfe2,e1eae715,1,3,1005,21191,320,50,2424,1,161,100192,71,110722f047,15,20
12447857051832107510,14102518,0,1,d9750ee7,98572c79,f028772b,ecad2386,7801e8d9,07d7df22,a99f214a,aac26348,84ebbcd4,1,0,1005,17614,320,50,1993,2,1063,-1,33,e8465d51a0,45,69
13040862774328303483,14102518,0,0,85f751fd,c4e18dd6,50e219e0,55354a94,2b627705,0f2161f8,f462588d,09dc26a9,c464aa46,1,0,1005,21273,320,50,2443,2,39,-1,23,df54eddfcf,1,5
13108858192428922555,14102518,1,1,57fe1b20,5b626596,f028772b,ecad2386,7801e8d9,07d7df22,a99f214a,bd671b9f,d33c7281,1,0,1005,19950,320,50,1800,3,167,100081,23,207de5bfb1,19,19
14230490668551087935,14102518,0,0,1fbe01fe,f3845767,28905ebd,ecad2386,7801e8d9,07d7df22,a99f214a,41c0cb10,d787e91b,1,0,1005,20108,320,50,2299,2,1327,-1,52,1018539c0d,9,20
14762195932153073633,14102518,0,0,85f751fd,c4e18dd6,50e219e0,4e02fbd3,7801e8d9,07d7df22,1006deca,227389c0,eb4d3131,0,0,1002,22371,320,50,2580,0,171,100228,108,840cfe302a,2,2
15372744145182273038,14102518,0,0,85f751fd,c4e18dd6,50e219e0,7358e05e,b9528b13,cef3e649,5c261764,aaae3a04,be74e6fe,1,0,1005,20632,320,50,2374,3,39,-1,23,e3d8157e68,5,9
15609600429404996722,14102518,0,0,41295d90,a434fa42,f028772b,ecad2386,7801e8d9,07d7df22,a99f214a,03b8c1c2,7a63d37c,1,0,1005,20009,320,50,2283,0,163,100076,95,3fd0801c5b,2,2
1680553958467045790,14102518,0,1,e151e245,7e091613,f028772b,ecad2386,7801e8d9,07d7df22,a99f214a,00fef33f,9e3836ff,1,0,1005,21676,320,50,2495,2,167,-1,23,32d2ab1831,12,19
18237830199937840824,14102518,0,0,85f751fd,c4e18dd6,50e219e0,92f5800b,ae637522,0f2161f8,a99f214a,c68dbd47,496515fa,1,3,1005,21191,320,50,2424,1,161,100190,71,99d82c8767,1,2
18252247955662988957,14102518,0,0,1fbe01fe,f3845767,28905ebd,ecad2386,7801e8d9,07d7df22,a99f214a,b8d90f1e,4ea23a13,1,0,1005,15704,320,50,1722,0,35,-1,79,38a7b4c659,2,8
2913941456447805740,14102518,0,0,85f751fd,c4e18dd6,50e219e0,92f5800b,ae637522,0f2161f8,a99f214a,c9c6a787,2692a96a,1,3,1005,21189,320,50,2424,1,161,100191,71,69764d0905,2,5
3128287060857191176,14102518,1,1,5b4d2eda,16a36ef3,f028772b,ecad2386,7801e8d9,07d7df22,a99f214a,cfc5901b,d4897fef,1,0,1005,19950,320,50,1800,3,167,100077,23,f14b064baf,9,15
3612955580918486896,14102518,0,0,1fbe01fe,f3845767,28905ebd,ecad2386,7801e8d9,07d7df22,a99f214a,1289d371,8a4875bd,1,0,1005,15705,320,50,1722,0,35,-1,79,8daf09379d,6,10
3873991648984625648,14102518,0,0,85f751fd,c4e18dd6,50e219e0,39947756,2347f47a,cef3e649,9e3a9c16,e5032f5a,ca6c08ff,1,3,1005,20751,320,50,1895,0,681,100028,101,bde6009200,4,4
3907549481807058072,14102518,1,0,85f751fd,c4e18dd6,50e219e0,92f5800b,ae637522,0f2161f8,a99f214a,d5e0f20c,2692a96a,1,3,1005,21191,320,50,2424,1,161,100189,71,07aece2c7a,1,2
5517861788790861935,14102518,1,1,e151e245,7e091613,f028772b,ecad2386,7801e8d9,07d7df22,a99f214a,991ea876,1f0bc64f,1,0,1005,16687,320,50,1872,3,39,-1,23,7aa4acf7c3,4,5
5748411373782228704,14102518,0,0,5a83611c,b9b91c42,50e219e0,ecad2386,7801e8d9,07d7df22,b264d14e,8f1ca519,68df2e72,0,0,1002,6563,320,50,572,2,39,-1,32,141aa5991a,2,4
5754536547050323152,14102518,0,0,29229f8e,a10eb148,f028772b,ecad2386,7801e8d9,07d7df22,a99f214a,e724f052,a0f5f879,1,0,1005,4687,320,50,423,2,39,100148,32,76afeb8f84,3,4
6657715290489810183,14102518,0,0,1fbe01fe,f3845767,28905ebd,ecad2386,7801e8d9,07d7df22,a99f214a,9e52404a,16954458,1,0,1005,15704,320,50,1722,0,35,-1,79,5fb590414a,1,10
6793962086502172051,14102518,1,1,5b4d2eda,16a36ef3,f028772b,ecad2386,7801e8d9,07d7df22,a99f214a,a94ced82,7b388821,1,0,1005,16208,320,50,1800,3,167,100077,23,a4ab3cf303,1,1
7924601001516025667,14102518,0,0,c9dea231,62fb8f5a,3e814130,ecad2386,7801e8d9,07d7df22,a99f214a,f8a1ea76,8a4875bd,1,0,1005,15703,320,50,1722,0,35,100084,79,f6b95ba2e3,3,4
8570672870292920478,14102518,0,0,1fbe01fe,f3845767,28905ebd,ecad2386,7801e8d9,07d7df22,a99f214a,3e790b92,fbec56bc,1,0,1005,15704,320,50,1722,0,35,-1,79,c95cc22614,5,19
8750437551774384404,14102518,1,1,d9750ee7,98572c79,f028772b,ecad2386,7801e8d9,07d7df22,a99f214a,eb079920,8a4875bd,1,0,1005,19594,320,50,2242,3,167,-1,23,46d36b2b92,10,42
8933296211200647540,14102518,0,0,85f751fd,c4e18dd6,50e219e0,febd1138,82e27996,0f2161f8,a99f214a,a1bc97e8,b4b19c97,1,0,1005,21611,320,50,2480,3,297,100111,61,3b8ea6bbca,3,8
9001147685423259262,14102518,0,1,85f751fd,c4e18dd6,50e219e0,d644e4e7,2347f47a,0f2161f8,a99f214a,67ff908c,5b895305,1,0,1005,20392,320,50,2340,3,1065,100111,159,9f11afa7ac,1,7
9048442409405190754,14102518,0,0,85f751fd,c4e18dd6,50e219e0,92f5800b,ae637522,0f2161f8,a99f214a,1fc11a4a,e1eae715,1,0,1005,21191,320,50,2424,1,161,100189,71,8e86111306,1,6
9959965854647606040,14102518,0,1,d9750ee7,98572c79,f028772b,ecad2386,7801e8d9,07d7df22,a99f214a,925cbef0,8a4875bd,1,0,1005,6393,320,50,547,3,47,-1,23,85fc58c40a,2,3
10948629223852659147,14102519,0,0,7697ed3e,c1aa3c04,f028772b,ecad2386,7801e8d9,07d7df22,a99f214a,cc28ac00,b351e2d6,1,0,1005,17212,320,50,1887,3,39,-1,23,36efde2deb,11,12
12116039700582470328,14102519,0,0,85f751fd,c4e18dd6,50e219e0,92f5800b,ae637522,0f2161f8,a99f214a,4a30e4cd,981edffc,1,3,1005,21189,320,50,2424,1,161,100189,71,96c0491bf3,1,2
12390411844312935182,14102519,0,0,6399eda6,968765cd,f028772b,ecad2386,7801e8d9,07d7df22,a99f214a,64af3ddc,36a30aeb,1,0,1005,16208,320,50,1800,3,167,100081,23,c45c4f2d83,12,16
12397085363041552662,14102519,0,1,a7853007,7e091613,f028772b,ecad2386,7801e8d9,07d7df22,a99f214a,6ef07c77,f60c2fd3,1,0,1005,20392,320,50,2340,3,1065,100111,159,5beb805c79,26,29
13319400462142275789,14102519,0,0,5b08c53b,7687a86e,3e814130,ecad2386,7801e8d9,07d7df22,a99f214a,b91efea4,a5bce124,1,0,1005,17654,300,250,1994,2,39,-1,33,b972877e8a,1,4
13463895070272807168,14102519,0,0,85f751fd,c4e18dd6,50e219e0,92f5800b,ae637522,0f2161f8,a99f214a,d50799f2,054c8edf,1,3,1005,21189,320,50,2424,1,161,100193,71,e2e2aa8e6a,2,13
14932756916478684059,14102519,0,0,1fbe01fe,f3845767,28905ebd,ecad2386,7801e8d9,07d7df22,a99f214a,9044aac5,1f0bc64f,1,0,1005,22261,320,50,2545,0,167,100084,221,9bbe4a8f94,8,17
1494611371767983026,14102519,0,0,85f751fd,c4e18dd6,50e219e0,92f5800b,ae637522,0f2161f8,a99f214a,957b188b,981edffc,1,3,1005,21189,320,50,2424,1,161,100193,71,d8672eb1d5,6,6
15673657837540010681,14102519,0,0,85f751fd,c4e18dd6,50e219e0,c51f82bc,d9b5648e,0f2161f8,a99f214a,944f8fcd,b4b19c97,1,0,1005,17109,320,50,1946,1,43,100057,71,930d4243e8,1,16
15925593005723297557,14102519,1,0,5bcf81a2,9d54950b,f028772b,ecad2386,7801e8d9,07d7df22,a99f214a,1f9a3551,2cd8ff6d,1,0,1005,20966,320,50,2372,0,813,-1,46,5546ca3799,15,23
16758360659228645297,14102519,0,0,85f751fd,c4e18dd6,50e219e0,de23f149,ae637522,0f2161f8,a99f214a,963258aa,981edffc,1,3,1005,21818,320,50,2519,1,171,100191,71,15c4828762,28,38
17544143326529657052,14102519,0,0,6256f5b4,28f93029,f028772b,ecad2386,7801e8d9,07d7df22,a99f214a,acdc650f,ad328c4d,1,0,1005,20633,320,50,2374,3,39,-1,23,d62d885c22,3,10
17917740129589878076,14102519,0,0,85f751fd,c4e18dd6,50e219e0,e2fcccd2,5c5a694b,0f2161f8,a99f214a,202a2833,e6f3a5c2,1,0,1005,19771,320,50,2227,0,679,100081,48,85e847af1a,3,3
3463563690954028611,14102519,1,1,e151e245,7e091613,f028772b,ecad2386,7801e8d9,07d7df22,a99f214a,994cb0bd,2b580930,1,0,1005,16687,320,50,1872,3,39,100173,23,36efde2deb,5,9
3601322325511119963,14102519,0,0,1fbe01fe,f3845767,28905ebd,ecad2386,7801e8d9,07d7df22,a99f214a,cf2f40eb,d787e91b,1,0,1005,22259,320,50,2545,0,167,100083,221,b3b7e6479a,4,11
4486866004887648891,14102519,0,0,1fbe01fe,f3845767,28905ebd,ecad2386,7801e8d9,07d7df22,a99f214a,cb5703df,7abbbd5c,1,0,1005,22255,320,50,2545,0,167,-1,221,4dd543f575,2,9
462169557932514091,14102519,0,1,d6137915,bb1ef334,f028772b,ecad2386,7801e8d9,07d7df22,a99f214a,622eb409,8a4875bd,1,0,1005,16208,320,50,1800,3,167,100077,23,f027f9f18e,3,11
4751909663236939422,14102519,0,0,adc38581,f47b77d7,3e814130,ecad2386,7801e8d9,07d7df22,a99f214a,1e714846,4ea23a13,1,0,1005,16615,320,50,1863,3,39,-1,23,4968c6e929,6,20
5551595028725861501,14102519,0,1,e151e245,7e091613,f028772b,ecad2386,7801e8d9,07d7df22,a99f214a,62f8973c,7abbbd5c,1,0,1005,4687,320,50,423,2,39,100148,32,41141b53e4,1,1
616347562706380989,14102519,0,0,1fbe01fe,f3845767,28905ebd,ecad2386,7801e8d9,07d7df22,a99f214a,4253714b,3bc980aa,1,0,1005,22254,320,50,2545,0,167,-1,221,308100931c,3,7
833389928985294122,14102519,1,0,6256f5b4,28f93029,f028772b,ecad2386,7801e8d9,07d7df22,a99f214a,91561d07,526fa832,1,0,1005,6563,320,50,572,2,39,-1,32,ea865a680d,2,13
8633177869512215435,14102519,0,0,6399eda6,968765cd,f028772b,ecad2386,7801e8d9,07d7df22,a99f214a,8bd142b7,421872ab,1,0,1005,19772,320,50,2227,0,679,100077,48,e67f903112,1,1
9033379315690811029,14102519,1,0,85f751fd,c4e18dd6,50e219e0,e2fcccd2,5c5a694b,0f2161f8,7b446dc7,8705ad35,d787e91b,1,0,1005,20634,320,50,2374,3,39,-1,23,43d09d7607,1,2
10065348291689555072,14102520,0,0,1fbe01fe,f3845767,28905ebd,ecad2386,7801e8d9,07d7df22,a99f214a,9343cb87,4ea23a13,1,0,1005,22254,320,50,2545,0,167,100083,221,bfe7ec117c,1,2
11035915950128466632,14102520,0,0,85f751fd,c4e18dd6,50e219e0,e2fcccd2,5c5a694b,0f2161f8,e87a73b6,93f24a94,1f0bc64f,1,0,1005,4687,320,50,423,2,39,100148,32,37fe473f40,3,34
13664053485035148982,14102520,0,1,85f751fd,c4e18dd6,50e219e0,8c0dcd5a,7801e8d9,0f2161f8,0f51b330,1c4449d2,f07e20f8,4,0,1010,17875,320,50,2036,3,47,-1,156,fbe4a24b6c,5,5
17243287774607250332,14102520,0,0,85f751fd,c4e18dd6,50e219e0,e2a1ca37,2347f47a,8ded1f7a,a99f214a,57ef6a89,1c6a881d,1,2,1005,6558,320,50,571,2,39,-1,32,bb75f9a6ba,2,2
18317472831333422072,14102520,0,0,85f751fd,c4e18dd6,50e219e0,92f5800b,ae637522,0f2161f8,a99f214a,71d6d586,e1eae715,1,3,1005,21191,320,50,2424,1,161,100191,71,df3243818e,2,18
315689072909374742,14102520,0,1,0a742914,510bd839,f028772b,ecad2386,7801e8d9,07d7df22,a99f214a,94df2293,48fdda0b,1,0,1005,20312,320,50,1780,0,1711,100077,48,d4e3daa88b,2,5
4843933216633063134,14102520,1,0,1fbe01fe,f3845767,28905ebd,ecad2386,7801e8d9,07d7df22,a99f214a,44948e2b,24f6b932,1,0,1005,22259,320,50,2545,0,167,-1,221,f39217048c,2,13
10453152351477504273,14102521,1,0,6c5b482c,7687a86e,3e814130,ecad2386,7801e8d9,07d7df22,a99f214a,3563ae52,84ebbcd4,1,0,1005,17653,300,250,1994,2,39,100084,33,c95cc22614,29,32
10653838819452055446,14102521,0,0,85f751fd,c4e18dd6,50e219e0,92f5800b,ae637522,0f2161f8,a99f214a,b32bcd0c,0bcabeaf,1,3,1005,21189,320,50,2424,1,161,100193,71,3de8e45989,2,8
11044416816510380201,14102521,1,1,e151e245,7e091613,f028772b,ecad2386,7801e8d9,07d7df22,a99f214a,625a8a40,7abbbd5c,1,0,1005,4687,320,50,423,2,39,100148,32,64e0a0aba1,10,22
15298592550143895771,14102521,1,0,85f751fd,c4e18dd6,50e219e0,66f5e02e,6f7ca2ba,0f2161f8,a99f214a,a681843c,2891f384,1,0,1005,21157,320,50,2421,3,39,-1,23,7d824fcbb4,4,9
16436613400139244090,14102521,1,1,5b4d2eda,16a36ef3,f028772b,ecad2386,7801e8d9,07d7df22,a99f214a,22730666,8a4875bd,1,0,1005,19950,320,50,1800,3,167,100075,23,36e00517d3,1,3
4396143813904313084,14102521,1,0,85f751fd,c4e18dd6,50e219e0,7358e05e,b9528b13,cef3e649,a424b22d,4d9f2c3f,779d90c2,1,0,1005,6991,320,50,613,2,39,-1,32,bf64cb278c,16,36
4698987089765074907,14102521,0,0,5b08c53b,7687a86e,3e814130,ecad2386,7801e8d9,07d7df22,a99f214a,9f15437f,0e32c832,1,0,1005,20345,300,250,2331,2,39,-1,23,e12d6f3267,7,7
5897861079352895771,14102521,0,0,7294ea0f,863fa89d,3e814130,ecad2386,7801e8d9,07d7df22,a99f214a,a450fb23,f2790a6a,1,0,1005,17239,320,50,1973,3,39,100063,23,29a563bffd,10,20
7309660083933239797,14102521,0,1,85f751fd,c4e18dd6,50e219e0,55ad1321,7801e8d9,0f2161f8,0e3d2574,6cb6e933,f07e20f8,4,0,1010,16838,320,50,1882,3,35,-1,13,7121804849,44,51
7460457456681397799,14102521,1,1,85f751fd,c4e18dd6,50e219e0,0639409a,7801e8d9,cef3e649,5acb3920,13944479,034b811d,4,2,1010,12471,320,50,1272,3,303,-1,15,75c9050d8b,2,2
10728832313174708629,14102522,0,0,85f751fd,c4e18dd6,50e219e0,d8784af5,2347f47a,8ded1f7a,e5fe3759,789f6be4,d787e91b,1,0,1005,17877,320,50,2036,3,47,-1,156,335da68722,1,9
13141258693920041870,14102522,0,0,6c5b482c,7687a86e,3e814130,ecad2386,7801e8d9,07d7df22,a99f214a,c6563308,84ebbcd4,1,0,1005,17653,300,250,1994,2,39,-1,33,1e78a0f899,4,16
14336363993865232337,14102522,0,0,d9750ee7,98572c79,f028772b,ecad2386,7801e8d9,07d7df22,a99f214a,5fcaba9a,3bd9e8e7,1,0,1005,6392,320,50,547,3,47,-1,23,0508c444f0,6,13
14653964887386313948,14102522,0,1,85f751fd,c4e18dd6,50e219e0,1a3b3722,7801e8d9,0f2161f8,b9847a6a,4d12c194,2d81c3ad,5,0,1010,19771,320,50,2227,0,679,100077,48,b2e17ec76a,11,18
15931093022067062509,14102522,0,1,e151e245,7e091613,f028772b,ecad2386,7801e8d9,07d7df22,a99f214a,ebd37151,fed5ad55,1,0,1005,17014,320,50,1872,3,39,-1,23,5ade85ab31,1,2
16593367169745548096,14102522,0,0,85f751fd,c4e18dd6,50e219e0,85b28c93,ae637522,8ded1f7a,a99f214a,0c81c9f9,36b67a2a,1,0,1005,22322,320,50,2576,1,161,-1,71,3c5807f97c,2,8
18264632009535643252,14102522,0,0,85f751fd,c4e18dd6,50e219e0,92f5800b,ae637522,0f2161f8,a99f214a,6ae38acd,0bcabeaf,1,3,1005,21191,320,50,2424,1,161,100193,71,c114f6f749,5,25
18274533683364377388,14102522,0,0,85f751fd,c4e18dd6,50e219e0,92f5800b,ae637522,0f2161f8,a99f214a,c809ada2,0bcabeaf,1,3,1005,21191,320,50,2424,1,161,100191,71,b66a2c1968,2,8
3318357922699494785,14102522,0,0,85f751fd,c4e18dd6,50e219e0,85938df3,2347f47a,0f2161f8,a99f214a,c7082e18,3421dfe4,1,0,1005,375,320,50,112,3,1319,-1,15,2a07429a45,12,18
3681983036472319021,14102522,1,1,e151e245,7e091613,f028772b,ecad2386,7801e8d9,07d7df22,a99f214a,917d566d,fce66524,1,0,1005,4687,320,50,423,2,39,100148,32,b42616a72a,7,15
4213768669370541427,14102522,0,0,85f751fd,c4e18dd6,50e219e0,92f5800b,ae637522,0f2161f8,a99f214a,66fba353,2692a96a,1,3,1005,21189,320,50,2424,1,161,100190,71,8d336b824c,1,1
5085437010668860675,14102522,1,0,4bf5bbe2,6b560cc1,28905ebd,ecad2386,7801e8d9,07d7df22,a99f214a,9087d6c8,9e75183d,1,0,1005,16859,320,50,1887,3,39,100194,23,66b5b15a1c,2,9
6849408169857593496,14102522,0,0,85f751fd,c4e18dd6,50e219e0,92f5800b,ae637522,0f2161f8,a99f214a,571a946f,2692a96a,1,3,1005,21191,320,50,2424,1,161,100189,71,ad0014fbe1,3,3
8290799046523234993,14102522,0,0,85f751fd,c4e18dd6,50e219e0,92f5800b,ae637522,0f2161f8,a99f214a,43e6fa67,e1eae715,1,3,1005,21191,320,50,2424,1,161,100190,71,85e847af1a,32,45
8870367786707363600,14102522,1,0,85f751fd,c4e18dd6,50e219e0,7358e05e,b9528b13,cef3e649,fe7cb273,24110490,be74e6fe,1,0,1005,20633,320,50,2374,3,39,-1,23,213a2e9394,2,9
9044435189626433776,14102522,1,1,e151e245,7e091613,f028772b,ecad2386,7801e8d9,07d7df22,a99f214a,b2a0f2da,0dc22ebc,1,0,1005,17264,320,50,1872,3,39,-1,23,961d56ae96,1,2
10770864035698484940,14102523,1,0,85f751fd,c4e18dd6,50e219e0,9c13b419,2347f47a,f95efa07,a99f214a,d6d59f78,57b3c6c3,1,0,1005,20633,320,50,2374,3,39,-1,23,47858279f5,3,21
12014539168525599036,14102523,0,0,85f751fd,c4e18dd6,50e219e0,442cfede,2347f47a,cef3e649,26b0457d,9641d2da,e4a6a646,1,3,1005,21197,320,50,2425,1,427,100012,71,94d8e3d5ea,5,14
12712319634037465538,14102523,0,1,e151e245,7e091613,f028772b,ecad2386,7801e8d9,07d7df22,a99f214a,7b7474e7,7abbbd5c,1,0,1005,17014,320,50,1872,3,39,-1,23,af81412fdc,1,1
13689852557341546715,14102523,0,1,e151e245,7e091613,f028772b,ecad2386,7801e8d9,07d7df22,a99f214a,f2d7c2dc,be87996b,1,2,1005,4687,320,50,423,2,39,100148,32,e8465d51a0,1,1
14466007383759157971,14102523,0,1,e151e245,7e091613,f028772b,ecad2386,7801e8d9,07d7df22,a99f214a,730f7c67,d4897fef,1,0,1005,4687,320,50,423,2,39,100148,32,b1afac1de0,1,1
14768173876686971969,14102523,0,0,85f751fd,c4e18dd6,50e219e0,e2a1ca37,2347f47a,8ded1f7a,a99f214a,28ed44ad,9e3836ff,1,0,1005,17017,320,50,1873,3,39,-1,23,bc260e8185,11,25
1826587394561693255,14102523,0,0,85f751fd,c4e18dd6,50e219e0,ce183bbd,ae637522,cef3e649,a99f214a,61cbca1d,36b67a2a,1,0,1005,16352,320,50,1823,1,167,100003,71,4bacc2356c,1,3
2422516664378351467,14102523,0,0,85f751fd,c4e18dd6,50e219e0,be7c618d,2347f47a,f95efa07,61d21881,d0da432c,2de871e6,1,2,1005,377,320,50,112,3,1319,-1,15,84bec0e206,1,3
3206872271745123863,14102523,0,0,85f751fd,c4e18dd6,50e219e0,73206397,2347f47a,8ded1f7a,fff10921,e5fd5e4f,8a4875bd,1,0,1005,16615,320,50,1863,3,39,100119,23,cd5ea6fac8,29,36
4023404925863205351,14102523,0,0,85f751fd,c4e18dd6,50e219e0,9c1a0df5,2347f47a,0f2161f8,8c73034a,87b8a90c,5096d134,1,0,1005,20476,320,50,2348,3,427,100003,61,7e77f4476d,31,33
490460795836705680,14102523,0,0,9a977531,a434fa42,f028772b,ecad2386,7801e8d9,07d7df22,a99f214a,6f6de82c,a0f5f879,1,0,1005,19950,320,50,1800,3,167,100076,23,ced31284d9,1,12
6911438932946744261,14102523,0,0,85f751fd,c4e18dd6,50e219e0,41d0aa21,7801e8d9,0f2161f8,a99f214a,ef4b8fc7,2891f384,1,0,1005,17875,320,50,2036,3,47,-1,156,f29d731ce7,6,7
11403431677610870285,14102600,0,0,5b08c53b,7687a86e,3e814130,ecad2386,7801e8d9,07d7df22,a99f214a,ceffea69,fd1ab1f0,1,0,1005,17654,300,250,1994,2,39,-1,33,ba677aa105,26,29
1257200661080740730,14102600,0,0,85f751fd,c4e18dd6,50e219e0,e2fcccd2,5c5a694b,0f2161f8,1f133780,3e309142,cdf6ea96,1,0,1005,4687,320,50,423,2,39,100148,32,5874089f48,4,8
147174730742122693,14102600,0,0,12fb4121,6b59f079,f028772b,ecad2386,7801e8d9,07d7df22,a99f214a,6b9ca195,cc045f4e,1,0,1005,20966,320,50,2372,0,813,-1,46,ab0d641088,7,22
15338684194683572697,14102600,0,0,5b08c53b,7687a86e,3e814130,ecad2386,7801e8d9,07d7df22,a99f214a,c47645b1,d787e91b,1,0,1005,17654,300,250,1994,2,39,-1,33,bc8c65ee04,1,5
1684622593855457901,14102600,0,1,856e6d3f,58a89a43,f028772b,ecad2386,7801e8d9,07d7df22,a99f214a,68470bfa,60f13afb,1,0,1005,18854,320,50,1882,3,35,-1,13,f39217048c,22,22
4662178897287807640,14102600,0,0,85f751fd,c4e18dd6,50e219e0,c8ad1017,2347f47a,f95efa07,a99f214a,97b4dfb1,d787e91b,1,0,1005,6402,320,50,550,3,39,-1,23,edb887c3f4,1,32
6550623988037421361,14102600,0,0,85f751fd,c4e18dd6,50e219e0,9c13b419,2347f47a,f95efa07,a99f214a,b2f7f9f4,7c0dcb56,1,0,1005,20633,320,50,2374,3,39,-1,23,20830d4ff9,12,14
6636725012764967517,14102600,1,0,85f751fd,c4e18dd6,50e219e0,c105f675,2347f47a,0f2161f8,a99f214a,8d6ec782,c6263d8a,1,0,1005,19595,320,50,2242,3,167,-1,23,14a9f54fd6,3,3
9283753264667938330,14102600,0,0,85f751fd,c4e18dd6,50e219e0,0a3b4a58,d9b5648e,0f2161f8,a99f214a,97d8c1e7,f4fffcd0,1,0,1005,21611,320,50,2480,3,297,100111,61,20c1587906,4,4
10249973446753851371,14102601,0,0,85f751fd,c4e18dd6,50e219e0,92f5800b,ae637522,0f2161f8,a99f214a,f39b3397,e1eae715,1,3,1005,21191,320,50,2424,1,161,100189,71,31ff8405af,1,1
11167587207923642002,14102601,0,0,89a490f5,ce307e01,3e814130,ecad2386,7801e8d9,07d7df22,a99f214a,26b69b6a,d787e91b,1,0,1005,20007,320,50,2283,0,163,-1,95,a7b3c7c3aa,11,12
12645507102949605455,14102601,0,0,6c5b482c,7687a86e,3e814130,ecad2386,7801e8d9,07d7df22,a99f214a,323e7dcb,44801bc1,1,0,1005,17653,300,250,1994,2,39,100084,33,3302bd4a83,2,4
13138131720893560567,14102601,0,0,85f751fd,c4e18dd6,50e219e0,febd1138,82e27996,0f2161f8,a99f214a,43d99000,2ea4f8ba,1,0,1005,21611,320,50,2480,3,297,100111,61,230a39f9b1,1,1
14444228165985993193,14102601,0,0,29fac11c,c4e18dd6,50e219e0,ecad2386,7801e8d9,07d7df22,0af22eea,401e8747,34da6735,0,0,1002,22197,320,50,2556,3,167,100199,23,64878294d5,1,5
14606425092320284717,14102601,0,1,5b4d2eda,16a36ef3,f028772b,ecad2386,7801e8d9,07d7df22,a99f214a,3142ff0b,d4897fef,1,0,1005,16208,320,50,1800,3,167,100074,23,5d48fbac9a,3,3
16305612642907653763,14102601,1,1,d9750ee7,98572c79,f028772b,ecad2386,7801e8d9,07d7df22,a99f214a,fa5a4dc1,d787e91b,1,0,1005,17753,320,50,1993,2,1063,-1,33,e7597d6b02,7,40
2521813357288280324,14102601,1,0,65bb6a59,4272ca4c,50e219e0,ecad2386,7801e8d9,07d7df22,5c314860,bff3f4de,911a3c09,0,0,1002,6563,320,50,572,2,39,-1,32,4faf063ccd,7,8
263541471183486805,14102601,1,0,85f751fd,c4e18dd6,50e219e0,9c13b419,2347f47a,f95efa07,a99f214a,6b387640,1f0bc64f,1,0,1005,20634,320,50,2374,3,39,-1,23,a57f473cc9,5,6
4215069751292631786,14102601,0,1,57fe1b20,5b626596,f028772b,ecad2386,7801e8d9,07d7df22,a99f214a,1576d3e6,d14c4241,1,0,1005,20153,320,50,2307,3,163,-1,61,c4ed981ef6,1,2
10688305311815448765,14102602,0,0,2a645695,5c2cd81e,50e219e0,ecad2386,7801e8d9,07d7df22,df6748c0,67409f8c,072c9f1e,0,0,1002,21412,320,50,2467,2,167,100077,23,f789104abb,19,21
10792976220979271848,14102602,1,0,f9c69707,e16ceb4b,28905ebd,ecad2386,7801e8d9,07d7df22,a99f214a,9f4f953d,30b056c0,1,0,1005,19665,320,50,2253,2,303,-1,52,a82d82abd7,1,10
13167101124813636301,14102602,0,0,a848250b,fcc13576,50e219e0,ecad2386,7801e8d9,07d7df22,31e82684,968324d7,a9b05547,0,0,1002,18925,320,50,1926,2,39,-1,13,91c0ab3560,16,40
13254199281919328235,14102602,0,0,5b08c53b,7687a86e,3e814130,ecad2386,7801e8d9,07d7df22,a99f214a,2753e6da,b51e0f6d,1,0,1005,19015,300,250,2162,2,39,-1,33,80511f385a,19,19
13395188111784490286,14102602,1,1,d9750ee7,98572c79,f028772b,ecad2386,7801e8d9,07d7df22,a99f214a,eb595dc3,edead9f4,1,0,1005,17614,320,50,1993,2,1063,-1,33,f52416a20e,4,21
1341791448900941524,14102602,1,1,e151e245,7e091613,f028772b,ecad2386,7801e8d9,07d7df22,a99f214a,8d1b8c8e,dc5e4add,1,0,1005,20153,320,50,2307,3,163,-1,61,1e98b09cbb,2,10
1345556783149489644,14102602,1,0,1fbe01fe,f3845767,28905ebd,ecad2386,7801e8d9,07d7df22,a99f214a,2c7be075,18d8fb90,1,0,1005,15704,320,50,1722,0,35,100084,79,5136886dbd,4,5
13563570082114762724,14102602,1,1,e151e245,7e091613,f028772b,ecad2386,7801e8d9,07d7df22,a99f214a,d3580aef,6ae7fb43,1,0,1005,17262,320,50,1872,3,39,-1,23,1389b0face,6,6
15687038068271432186,14102602,1,0,5b08c53b,7687a86e,3e814130,ecad2386,7801e8d9,07d7df22,a99f214a,c5186170,24f6b932,1,0,1005,20019,300,250,2286,3,39,-1,23,a4f54d07a1,1,1
16005459838277826684,14102602,1,0,1fbe01fe,f3845767,28905ebd,ecad2386,7801e8d9,07d7df22,a99f214a,e9d6c902,5db079b5,1,2,1005,15708,320,50,1722,0,35,100084,79,53d2d0abf4,3,19
16341037615485160326,14102602,0,0,85f751fd,c4e18dd6,50e219e0,090d3a47,0654b444,0f2161f8,a99f214a,c3188781,61b7308b,1,0,1005,16859,320,50,1887,3,39,-1,23,c5900ad55d,20,36
1718428177409291996,14102602,0,0,85f751fd,c4e18dd6,50e219e0,85938df3,2347f47a,0f2161f8,a99f214a,155ebe38,22988b75,1,0,1005,380,320,50,112,3,1319,-1,15,60daa57a98,6,8
17195763456494062236,14102602,0,0,85f751fd,c4e18dd6,50e219e0,7c811b98,ae637522,0f2161f8,a99f214a,648d9551,0bcabeaf,1,3,1005,21816,320,50,2519,1,171,100191,71,65b2f2c914,3,16
17540981282826370520,14102602,0,0,85f751fd,c4e18dd6,50e219e0,0a3b4a58,d9b5648e,0f2161f8,a99f214a,619be498,f4fffcd0,1,0,1005,21611,320,50,2480,3,297,100111,61,77f47bc716,2,4
17800989270378468849,14102602,0,0,1fbe01fe,f3845767,28905ebd,ecad2386,7801e8d9,07d7df22,a99f214a,1d8ded39,5096d134,1,0,1005,15701,320,50,1722,0,35,100084,79,3c49bc5b92,5,13
2252134073576417370,14102602,1,0,4bf5bbe2,6b560cc1,28905ebd,ecad2386,7801e8d9,07d7df22,a99f214a,990c49cb,d34f4c90,1,0,1005,17212,320,50,1887,3,39,100202,23,95cf4b347a,14,24
2650469835388664077,14102602,1,0,85f751fd,c4e18dd6,50e219e0,92f5800b,ae637522,0f2161f8,a99f214a,fb090aa2,0bcabeaf,1,3,1005,21189,320,50,2424,1,161,100189,71,f7c487c11f,1,1
364914745579166115,14102602,0,0,1fbe01fe,f3845767,28905ebd,ecad2386,7801e8d9,07d7df22,a99f214a,48451b8b,7dc3b26e,1,0,1005,15699,320,50,1722,0,35,-1,79,bb75f9a6ba,34,38
4157930976538066529,14102602,1,0,6c5b482c,7687a86e,3e814130,ecad2386,7801e8d9,07d7df22,a99f214a,b2a45afa,711ee120,1,0,1005,17653,300,250,1994,2,39,100083,33,cd50356cfc,7,7
46315991935022808,14102602,0,0,85f751fd,c4e18dd6,50e219e0,febd1138,82e27996,0f2161f8,a99f214a,e9d86d5c,99e427c9,1,0,1005,21611,320,50,2480,3,297,100111,61,0cb992b59e,3,4
5232479120777950033,14102602,0,0,85f751fd,c4e18dd6,50e219e0,e2a1ca37,2347f47a,8ded1f7a,a99f214a,1332757c,7abbbd5c,1,0,1005,17017,320,50,1873,3,39,-1,23,a4f54d07a1,11,16
5778134146457620321,14102602,0,0,1fbe01fe,f3845767,28905ebd,ecad2386,7801e8d9,07d7df22,a99f214a,3bbf77e0,23885c9e,1,0,1005,15702,320,50,1722,0,35,-1,79,e97b7a4012,1,2
6107607963025886804,14102602,0,1,5b4d2eda,16a36ef3,f028772b,ecad2386,7801e8d9,07d7df22,a99f214a,30027c34,68b6db2c,1,0,1005,19772,320,50,2227,0,679,100074,48,fda28d0d01,1,1
7432486988642578929,14102602,1,0,69bc54b5,dae63c6b,50e219e0,ecad2386,7801e8d9,07d7df22,46794a07,0adb94eb,766b28b3,0,0,1002,21789,320,50,2512,2,291,-1,52,1e98b09cbb,1,3
8143142329040681825,14102602,1,0,5b08c53b,7687a86e,3e814130,ecad2386,7801e8d9,07d7df22,a99f214a,daf6f046,779d90c2,1,0,1005,17654,300,250,1994,2,39,100084,33,53d2d0abf4,7,34
9849526286505949614,14102602,0,0,85f751fd,c4e18dd6,50e219e0,03528b27,2347f47a,8ded1f7a,7f7c0e2d,03fbfe26,779d90c2,1,0,1005,15702,320,50,1722,0,35,-1,79,ee8e2fa350,3,4
10128117404330213210,14102603,0,0,1fbe01fe,f3845767,28905ebd,ecad2386,7801e8d9,07d7df22,a99f214a,f01088c1,c6263d8a,1,0,1005,15707,320,50,1722,0,35,-1,79,41022b1b75,4,7
11060848593921423326,14102603,0,0,5b08c53b,7687a86e,3e814130,ecad2386,7801e8d9,07d7df22,a99f214a,533311f1,d787e91b,1,0,1005,17653,300,250,1994,2,39,100083,33,6072505ab1,1,6
11491502200912484639,14102603,0,0,85f751fd,c4e18dd6,50e219e0,39fb6e33,d9b5648e,0f2161f8,a99f214a,1bfe36ca,99e427c9,1,0,1005,20508,320,50,2351,3,163,100020,61,a791a17d13,1,27
13597914967897525830,14102603,1,0,1fbe01fe,f3845767,28905ebd,ecad2386,7801e8d9,07d7df22,a99f214a,75bb1b58,8a4875bd,1,0,1005,15705,320,50,1722,0,35,-1,79,250c384661,6,7
15440595664208803755,14102603,0,0,0aab7161,660aeadc,f028772b,ecad2386,7801e8d9,07d7df22,a99f214a,e8ef5535,7ac6007f,1,2,1005,15707,320,50,1722,0,35,100084,79,6ffc75f95d,7,8
1899777875696565356,14102603,0,0,78d60190,1b32ed33,70fb0e29,ecad2386,7801e8d9,07d7df22,a99f214a,43a93d9a,60f13afb,1,0,1005,22196,320,50,2556,3,167,100194,23,a071e6b454,17,17
2017445686348375891,14102603,1,0,6ec06dbd,d262cf1e,f66779e6,ecad2386,7801e8d9,07d7df22,a99f214a,0a6e9b61,236330a4,1,0,1005,19772,320,50,2227,0,679,100077,48,39daca9ce6,23,25
2245566262094854601,14102603,0,0,f291742b,73123598,28905ebd,ecad2386,7801e8d9,07d7df22,a99f214a,fc4416f0,be74e6fe,1,0,1005,20632,320,50,2374,3,39,-1,23,4d5140fcc6,13,17
37794844754553837,14102603,0,0,1fbe01fe,f3845767,28905ebd,ecad2386,7801e8d9,07d7df22,a99f214a,fde01da8,d787e91b,1,0,1005,15706,320,50,1722,0,35,-1,79,a7f0915f02,5,7
4422281724968139759,14102603,0,0,1fbe01fe,f3845767,28905ebd,ecad2386,7801e8d9,07d7df22,a99f214a,9ae71680,0989142d,1,0,1005,15708,320,50,1722,0,35,-1,79,f3b1d89a1e,1,4
50573841447544083,14102603,0,0,83a0ad1a,5c9ae867,f028772b,ecad2386,7801e8d9,07d7df22,a99f214a,0f7610e2,d57111ae,1,2,1005,16859,320,50,1887,3,39,100199,23,293e280057,1,1
7847700027623028920,14102603,0,1,856e6d3f,58a89a43,f028772b,ecad2386,7801e8d9,07d7df22,a99f214a,08e084a5,dfeda01b,1,0,1005,16615,320,50,1863,3,39,100188,23,e2e2aa8e6a,2,9
9971056438839154320,14102603,0,0,85f751fd,c4e18dd6,50e219e0,f0d41ff1,2347f47a,0f2161f8,a99f214a,cca41493,be74e6fe,1,0,1005,19776,320,50,2229,0,687,100031,48,d0fa8d07ae,1,1
11158873415010878866,14102604,0,1,43f201fc,6a0654fe,3e814130,ecad2386,7801e8d9,07d7df22,a99f214a,edade5ba,bfa15b14,1,0,1005,21153,320,50,2420,2,35,100076,69,fbbc8174ba,7,20
11556536867742645431,14102604,1,0,85f751fd,c4e18dd6,50e219e0,54c5d545,2347f47a,0f2161f8,a99f214a,6d554818,ffe69079,1,0,1005,6563,320,50,572,2,39,-1,32,df54eddfcf,1,1
15749840626123969557,14102604,0,0,85f751fd,c4e18dd6,50e219e0,febd1138,82e27996,0f2161f8,a99f214a,e52266ee,9b5ce758,1,0,1005,21611,320,50,2480,3,297,100111,61,76ca16b92f,1,5
1586585285481959180,14102604,0,0,1fbe01fe,f3845767,28905ebd,ecad2386,7801e8d9,07d7df22,a99f214a,9e33a499,04f5b394,1,0,1005,15705,320,50,1722,0,35,-1,79,c823a9a615,1,8
16130325141256601836,14102604,0,0,85f751fd,c4e18dd6,50e219e0,7c811b98,ae637522,0f2161f8,a99f214a,22c6cba3,2692a96a,1,3,1005,21816,320,50,2519,1,171,100191,71,fa3dc9c830,3,4
18370810591124042109,14102604,1,0,1fbe01fe,f3845767,28905ebd,ecad2386,7801e8d9,07d7df22,a99f214a,57cd4006,8ce34352,1,0,1005,15702,320,50,1722,0,35,-1,79,7eac7817d9,10,17
1907750021802337152,14102604,0,0,85f751fd,c4e18dd6,50e219e0,be7c618d,2347f47a,f95efa07,7464af40,99b8ad59,9eedda98,1,2,1005,380,320,50,112,3,1319,-1,15,2889163d86,5,7
3255545813508947793,14102604,1,0,85f751fd,c4e18dd6,50e219e0,54c5d545,2347f47a,0f2161f8,a99f214a,0b8832b8,b3f4c8ce,1,0,1005,16688,320,50,1873,3,39,-1,23,37d775dcb4,5,5
4245568473092659823,14102604,1,0,1fbe01fe,f3845767,28905ebd,ecad2386,7801e8d9,07d7df22,a99f214a,a5158c0a,915696e0,1,0,1005,15708,320,50,1722,0,35,100083,79,974e48f937,3,3
4726112853835493398,14102604,0,1,f0ee33c5,9cf7de2f,f028772b,ecad2386,7801e8d9,07d7df22,a99f214a,00462e34,be6db1d7,1,0,1005,16208,320,50,1800,3,167,100077,23,253e7d943b,2,2
5047620701742576590,14102604,0,0,83a0ad1a,5c9ae867,f028772b,ecad2386,7801e8d9,07d7df22,a99f214a,916bdcc0,be6db1d7,1,0,1005,19950,320,50,1800,3,167,-1,23,96d5eb2e01,4,7
5619859138314485307,14102604,0,0,1fbe01fe,f3845767,28905ebd,ecad2386,7801e8d9,07d7df22,a99f214a,4d3ae139,9c7b6730,1,0,1005,15705,320,50,1722,0,35,100084,79,3fd0801c5b,2,3
7190368320653276718,14102604,0,1,5114c672,3f2f3819,3e814130,ecad2386,7801e8d9,07d7df22,a99f214a,2a30b876,30a00e1f,1,0,1005,19771,320,50,2227,0,679,100075,48,f8d2762a91,4,6
8657064292692828204,14102604,0,0,a0a4523d,c4e18dd6,50e219e0,ecad2386,7801e8d9,07d7df22,0452c5d2,56678815,58bbc734,0,0,1002,21413,320,50,2467,2,167,100075,23,2040adbdc0,2,2
8782692564681011540,14102604,0,0,1fbe01fe,f3845767,28905ebd,ecad2386,7801e8d9,07d7df22,a99f214a,9a07a1ee,cc1e3ed4,1,0,1005,15699,320,50,1722,0,35,-1,79,7decfbf155,20,22
9028497916283600278,14102604,0,0,1fbe01fe,f3845767,28905ebd,ecad2386,7801e8d9,07d7df22,a99f214a,138b902b,ee007ad3,1,0,1005,15703,320,50,1722,0,35,100084,79,d502d046e1,9,42
9186056948934665564,14102604,0,0,85f751fd,c4e18dd6,50e219e0,72432561,2347f47a,0f2161f8,58314c46,b88b32cd,8a2cc27a,1,2,1005,18858,320,50,1882,3,35,-1,13,b847fa79ff,1,7
9430892717799391589,14102604,1,0,1fbe01fe,f3845767,28905ebd,ecad2386,7801e8d9,07d7df22,a99f214a,cf877b2f,6332421a,1,0,1005,15703,320,50,1722,0,35,-1,79,5d978f9257,1,1
9519968520710846119,14102604,0,1,17caea14,0dde25ec,f028772b,ecad2386,7801e8d9,07d7df22,a99f214a,ef7831c1,8a4875bd,1,0,1005,21413,320,50,2467,2,167,100077,23,524332ce3f,14,16
1067677602075202764,14102605,0,0,85f751fd,c4e18dd6,50e219e0,60c81980,7801e8d9,0f2161f8,1f861859,567d564a,4422b3db,1,2,1005,21194,320,50,2425,1,427,-1,71,6ee1a88635,14,20
10924449553401351690,14102605,0,1,ba9aee1b,9eaf88fa,f028772b,ecad2386,7801e8d9,07d7df22,a99f214a,13dbcd61,a0f5f879,1,0,1005,16208,320,50,1800,3,167,100077,23,5e9881a86a,5,15
12768131855643439414,14102605,0,1,85f751fd,c4e18dd6,50e219e0,8c0dcd5a,7801e8d9,0f2161f8,e1addc27,0c571515,e12e75cd,4,0,1010,21153,320,50,2420,2,35,-1,69,43c22b9736,13,19
13161033462641938242,14102605,0,7,85f751fd,c4e18dd6,50e219e0,75076517,7801e8d9,0f2161f8,19d22b3f,e234c2fa,f07e20f8,4,2,1010,22336,320,480,2578,0,1315,-1,110,c940fed1d8,1,4
16057578953904513310,14102605,0,0,85f751fd,c4e18dd6,50e219e0,940961b9,7801e8d9,0f2161f8,d0b7bb60,37305ebc,b6bdf6d7,1,0,1005,20632,320,50,2374,3,39,-1,23,f49427793b,8,8
16721413507797145675,14102605,1,0,1fbe01fe,f3845767,28905ebd,ecad2386,7801e8d9,07d7df22,a99f214a,0fb08213,3bd9e8e7,1,0,1005,15699,320,50,1722,0,35,-1,79,e8d448c8d1,3,9
17229572377706323089,14102605,1,1,5b4d2eda,16a36ef3,f028772b,ecad2386,7801e8d9,07d7df22,a99f214a,369e8056,6e1e2240,1,0,1005,19950,320,50,1800,3,167,-1,23,9ac7891a12,2,2
17884112805252231905,14102605,0,0,85f751fd,c4e18dd6,50e219e0,92f5800b,ae637522,0f2161f8,a99f214a,aa9d618d,496515fa,1,3,1005,21189,320,50,2424,1,161,100193,71,6fd9b66031,4,8
231051483329441931,14102605,0,0,1fbe01fe,f3845767,28905ebd,ecad2386,7801e8d9,07d7df22,a99f214a,55e63ad3,c6263d8a,1,0,1005,15699,320,50,1722,0,35,-1,79,b2e17ec76a,2,2
2414132804127320960,14102605,1,1,e151e245,7e091613,f028772b,ecad2386,7801e8d9,07d7df22,a99f214a,e0365af7,00b1f3a7,1,0,1005,17262,320,50,1872,3,39,-1,23,caf3004b84,4,4
292754891761726388,14102605,0,0,85f751fd,c4e18dd6,50e219e0,e2a1ca37,2347f47a,8ded1f7a,a99f214a,68e3e98b,5096d134,1,0,1005,17016,320,50,1873,3,39,-1,23,9fb5b8be01,4,5
4522720704334164152,14102605,0,0,1fbe01fe,f3845767,28905ebd,ecad2386,7801e8d9,07d7df22,a99f214a,9780ff45,6332421a,1,0,1005,20108,320,50,2299,2,1327,-1,52,64e0a0aba1,2,2
6621467765336688441,14102605,0,0,85f751fd,c4e18dd6,50e219e0,d8bc5585,2347f47a,0f2161f8,c1dd87ac,09923dc4,dc15c87e,1,2,1005,375,320,50,112,3,1319,-1,15,ce65345c6d,2,5
707620029478605849,14102605,1,0,85f751fd,c4e18dd6,50e219e0,e2fcccd2,5c5a694b,0f2161f8,9e656fa0,ec421c34,a8d2c4cf,1,0,1005,20634,320,50,2374,3,39,-1,23,6e1bd62284,1,2
7695827780504480295,14102605,0,0,28616ed9,3bcb0c02,f66779e6,ecad2386,7801e8d9,07d7df22,a99f214a,f5d32141,2bfd0d1a,1,0,1005,17875,320,50,2036,3,47,100170,156,b381d02096,5,6
8768696101638974467,14102605,0,0,85f751fd,c4e18dd6,50e219e0,47e1d3ea,d9b5648e,cef3e649,a99f214a,00edc642,aad45b01,1,0,1005,21611,320,50,2480,3,297,100111,61,0c6c191ec6,35,36
8850874200086801942,14102605,0,1,856e6d3f,58a89a43,f028772b,ecad2386,7801e8d9,07d7df22,a99f214a,19be3780,7abbbd5c,1,0,1005,18856,320,50,1882,3,35,-1,13,0fdb7676f8,2,5
9190662243177087236,14102605,1,0,1fbe01fe,f3845767,28905ebd,ecad2386,7801e8d9,07d7df22,a99f214a,6752c29e,1ccc7835,1,0,1005,15704,320,50,1722,0,35,-1,79,75384749fe,20,38
10002541093648204825,14102606,0,0,1fbe01fe,f3845767,28905ebd,ecad2386,7801e8d9,07d7df22,a99f214a,a6df415d,5096d134,1,0,1005,15701,320,50,1722,0,35,-1,79,8e1a388f46,10,10
10604167606381206142,14102606,0,1,856e6d3f,58a89a43,f028772b,ecad2386,7801e8d9,07d7df22,a99f214a,92a44e25,428bcb95,1,0,1005,19772,320,50,2227,0,679,100074,48,d83d3c808c,4,13
1081592778373339349,14102606,0,0,85f751fd,c4e18dd6,50e219e0,d36838b1,0e8616ad,0f2161f8,a99f214a,cc09cae5,a586787d,1,2,1005,21666,320,50,2494,3,39,-1,112,044bb342fb,7,9
12016617268233254925,14102606,1,1,5ee41ff2,17d996e6,f028772b,ecad2386,7801e8d9,07d7df22,a99f214a,5cedc15e,8a4875bd,1,0,1005,16208,320,50,1800,3,167,100074,23,65b2f2c914,1,5
12433678634421308449,14102606,0,0,1fbe01fe,f3845767,28905ebd,ecad2386,7801e8d9,07d7df22,a99f214a,e8cbc0f5,8a4875bd,1,0,1005,15706,320,50,1722,0,35,100083,79,04d0219670,2,5
12995598503513351816,14102606,0,0,85f751fd,c4e18dd6,50e219e0,03528b27,2347f47a,8ded1f7a,725f0138,332c4807,820bcf17,1,0,1005,16688,320,50,1873,3,39,-1,23,cee7fb3c20,6,12
13631262163436944312,14102606,0,1,b7e9786d,b12b9f85,f028772b,ecad2386,7801e8d9,07d7df22,a99f214a,6810f386,d787e91b,1,0,1005,19950,320,50,1800,3,167,-1,23,fdcc3f5509,15,34
13931328096825424479,14102606,0,1,5b4d2eda,16a36ef3,f028772b,ecad2386,7801e8d9,07d7df22,a99f214a,939a9796,8a4875bd,1,0,1005,19950,320,50,1800,3,167,100077,23,8d02766693,2,4
14256747695691666567,14102606,1,0,38217daf,449497bc,f028772b,ecad2386,7801e8d9,07d7df22,a99f214a,4d391a56,945dd5c4,1,0,1005,20346,300,250,2331,2,39,-1,23,a7060d9c6f,3,6
14858456004081755882,14102606,0,0,1fbe01fe,f3845767,28905ebd,ecad2386,7801e8d9,07d7df22,a99f214a,c6563308,65c93b38,1,0,1005,15707,320,50,1722,0,35,-1,79,3237a97d1d,13,28
15066691595263489484,14102606,0,0,1fbe01fe,f3845767,28905ebd,ecad2386,7801e8d9,07d7df22,a99f214a,4776a577,24f6b932,1,0,1005,15708,320,50,1722,0,35,100084,79,ce184db1aa,1,1
15197329452118128258,14102606,0,0,85f751fd,c4e18dd6,50e219e0,85938df3,2347f47a,0f2161f8,a99f214a,2b115856,3421dfe4,1,0,1005,380,320,50,112,3,1319,-1,15,1a1c699a52,5,19
15243613295488151867,14102606,0,0,1fbe01fe,f3845767,28905ebd,ecad2386,7801e8d9,07d7df22,a99f214a,c65caa1a,5096d134,1,0,1005,15701,320,50,1722,0,35,-1,79,cef1e2cd16,37,44
15476178100833546739,14102606,0,0,85f751fd,c4e18dd6,50e219e0,03528b27,2347f47a,8ded1f7a,46c921e3,95b2935e,edead9f4,1,0,1005,15703,320,50,1722,0,35,-1,79,432bb5dd88,6,6
15573998206653034666,14102606,0,1,16c73019,8025317b,28905ebd,ecad2386,7801e8d9,07d7df22,a99f214a,de4464a4,1ebc7efd,1,0,1005,22155,320,50,2552,3,167,100200,23,8819982f15,8,18
16619680897781149904,14102606,0,0,6ec06dbd,d262cf1e,f66779e6,ecad2386,7801e8d9,07d7df22,a99f214a,eeb0a4cb,36b67a2a,1,0,1005,21207,320,50,2429,3,171,100133,61,5d48fbac9a,2,2
17201783654539517477,14102606,0,1,e8f79e60,c4342784,f028772b,ecad2386,7801e8d9,07d7df22,a99f214a,99a71f13,542422a7,1,0,1005,20312,320,50,1780,0,1711,100077,48,828ecda5ce,2,3
17881248038885034709,14102606,0,1,856e6d3f,58a89a43,f028772b,ecad2386,7801e8d9,07d7df22,a99f214a,3bba8db6,4ceb2e0b,1,0,1005,19771,320,50,2227,0,679,-1,48,6132c7fa95,1,1
18170212055631398492,14102606,0,1,5114c672,3f2f3819,3e814130,ecad2386,7801e8d9,07d7df22,a99f214a,33f1a251,de38939a,1,0,1005,19771,320,50,2227,0,679,100077,48,c9993d43d1,6,14
18367485478609937901,14102606,1,1,85f751fd,c4e18dd6,50e219e0,03a08c3f,7801e8d9,0f2161f8,db5820ad,caa1abf0,bf83adaa,4,2,1010,15708,320,50,1722,0,35,-1,79,a8bfd9069f,2,14
531047155712582179,14102606,0,1,e5c60a05,7256c623,f028772b,ecad2386,7801e8d9,07d7df22,a99f214a,8b4a5ab0,8a4875bd,1,0,1005,16208,320,50,1800,3,167,100075,23,e16421455d,3,21
5518984576090280992,14102606,0,0,1fbe01fe,f3845767,28905ebd,ecad2386,7801e8d9,07d7df22,a99f214a,16d11af1,36d749e5,1,0,1005,15708,320,50,1722,0,35,-1,79,cfb5adf3c2,19,19
5929962988779904831,14102606,0,0,85f751fd,c4e18dd6,50e219e0,85938df3,2347f47a,0f2161f8,a99f214a,0cdd45f5,f3776ac6,1,0,1005,375,320,50,112,3,1319,-1,15,4d1db54b10,5,5
6121652484676761890,14102606,0,0,85f751fd,c4e18dd6,50e219e0,54c5d545,2347f47a,0f2161f8,23b5de67,6bdd0a43,7b7ca585,1,0,1005,17016,320,50,1873,3,39,-1,23,7bd627c459,13,24
7450673126703467568,14102606,0,0,83a0ad1a,5c9ae867,f028772b,ecad2386,7801e8d9,07d7df22,a99f214a,355d3cdf,3295ea18,1,0,1005,19771,320,50,2227,0,679,100075,48,3e30245f40,7,9
7709192134168088970,14102606,1,1,e151e245,7e091613,f028772b,ecad2386,7801e8d9,07d7df22,a99f214a,ecedbab9,d787e91b,1,0,1005,21952,320,50,2503,2,35,-1,90,791e90f2e9,5,8
8362078245352559615,14102606,0,0,1fbe01fe,f3845767,28905ebd,ecad2386,7801e8d9,07d7df22,a99f214a,d168b86f,293291c1,1,0,1005,20108,320,50,2299,2,1327,100084,52,fe8369024c,9,15
9179679019932736108,14102606,1,0,9a977531,a434fa42,f028772b,ecad2386,7801e8d9,07d7df22,a99f214a,f14f7ce2,5ec45883,1,0,1005,19771,320,50,2227,0,679,-1,48,49afdab5dc,12,14
10755534839144631234,14102607,1,1,e151e245,7e091613,f028772b,ecad2386,7801e8d9,07d7df22,a99f214a,8e18d009,1f0bc64f,1,0,1005,17264,320,50,1872,3,39,-1,23,ffb6d9f1b9,1,5
12309689161021151205,14102607,0,1,e5c60a05,7256c623,f028772b,ecad2386,7801e8d9,07d7df22,a99f214a,bda363e5,ecb851b2,1,0,1005,16615,320,50,1863,3,39,100188,23,b3d4ccfdff,5,11
12507714773736455252,14102607,0,0,a187a464,b53723be,50e219e0,ecad2386,7801e8d9,07d7df22,38820e25,25634cc7,6f7a55d2,0,0,1002,22197,320,50,2556,3,167,-1,23,83c2861122,3,5
15104004930108756539,14102607,0,0,1b581e08,fba7221d,f028772b,ecad2386,7801e8d9,07d7df22,a99f214a,6374df2a,4ea23a13,1,0,1005,17877,320,50,2036,3,47,-1,156,b52261cf26,1,5
16699103365593006584,14102607,1,0,85f751fd,c4e18dd6,50e219e0,9c13b419,2347f47a,f95efa07,a99f214a,b036fce5,61761ee1,1,0,1005,18093,320,50,2060,3,39,100050,23,7c658edcdb,9,21
17558548877182870330,14102607,0,0,fec6e632,ace5b8fd,3e814130,ecad2386,7801e8d9,07d7df22,a99f214a,2be27e93,9efa421a,1,0,1005,21153,320,50,2420,2,35,100148,69,5237139798,14,20
2841670832047728229,14102607,0,0,1fbe01fe,f3845767,28905ebd,ecad2386,7801e8d9,07d7df22,a99f214a,e2b195de,a5bce124,1,0,1005,20108,320,50,2299,2,1327,100084,52,f7c487c11f,8,14
4106871029848339361,14102607,0,0,1fbe01fe,f3845767,28905ebd,ecad2386,7801e8d9,07d7df22,a99f214a,2b479ec6,8ce34352,1,0,1005,15702,320,50,1722,0,35,100084,79,7fe7f1f953,13,20
4548118062303205776,14102607,0,0,7db40700,471fd2c7,f028772b,ecad2386,7801e8d9,07d7df22,a99f214a,3505adfb,d4897fef,1,0,1005,17239,320,50,1973,3,39,100148,23,4e3bd945d0,6,15
5108745254307117108,14102607,0,0,b15e894b,c4e18dd6,50e219e0,ecad2386,7801e8d9,07d7df22,fcd170fc,76bead2c,911a3c09,0,0,1002,21154,320,50,2420,2,35,-1,69,398c393358,5,6
5738534506263664985,14102607,1,0,cf3a1767,98acf46c,50e219e0,ecad2386,7801e8d9,07d7df22,b0d9a5da,6caf7968,a12e847c,0,0,1002,6365,300,50,544,3,39,100075,23,d3b215b011,1,1
6083620949734320255,14102607,0,0,1fbe01fe,f3845767,28905ebd,ecad2386,7801e8d9,07d7df22,a99f214a,0c8ad8d1,8a4875bd,1,0,1005,15706,320,50,1722,0,35,100084,79,bf27dd2510,1,4
618924390435194391,14102607,0,1,a7853007,7e091613,f028772b,ecad2386,7801e8d9,07d7df22,a99f214a,009a7861,3bb1ddd7,1,0,1005,22268,320,50,2566,3,41,100156,42,317c626bee,3,4
7281663352167535824,14102607,1,0,5b08c53b,7687a86e,3e814130,ecad2386,7801e8d9,07d7df22,a99f214a,53b4011d,d787e91b,1,0,1005,21277,300,250,2443,2,39,-1,23,1e98b09cbb,11,11
7285848424911216281,14102607,0,1,e151e245,7e091613,f028772b,ecad2386,7801e8d9,07d7df22,a99f214a,5c1d9ec8,be74e6fe,1,0,1005,4687,320,50,423,2,39,100148,32,e311ea36d8,14,16
9605708489356804672,14102607,0,1,856e6d3f,58a89a43,f028772b,ecad2386,7801e8d9,07d7df22,a99f214a,9771aa1e,be6db1d7,1,0,1005,19950,320,50,1800,3,167,100075,23,da9bc5dbac,5,20
13333194932911296869,14102608,0,0,1fbe01fe,f3845767,28905ebd,ecad2386,7801e8d9,07d7df22,a99f214a,57247317,a5bce124,1,0,1005,20108,320,50,2299,2,1327,100084,52,ca486aab02,10,32
13421921269193985484,14102608,0,0,85f751fd,c4e18dd6,50e219e0,9c13b419,2347f47a,f95efa07,a99f214a,7a05368a,1ccc7835,1,0,1005,18094,320,50,2060,3,39,-1,23,43e8d4d0da,4,5
13659067551667804614,14102608,0,0,1fbe01fe,f3845767,28905ebd,ecad2386,7801e8d9,07d7df22,a99f214a,b262ebca,5096d134,1,0,1005,15699,320,50,1722,0,35,-1,79,7efeaf68d7,3,7
1490146478271546623,14102608,0,1,5b4d2eda,16a36ef3,f028772b,ecad2386,7801e8d9,07d7df22,a99f214a,28782d46,8a4875bd,1,0,1005,20009,320,50,2283,0,163,-1,95,1fa1e159b0,1,1
15218136083277256052,14102608,0,0,1fbe01fe,f3845767,28905ebd,ecad2386,7801e8d9,07d7df22,a99f214a,9486ce6c,711ee120,1,0,1005,15701,320,50,1722,0,35,100084,79,eedd397101,1,2
16994720828488056699,14102608,1,0,5b08c53b,7687a86e,3e814130,ecad2386,7801e8d9,07d7df22,a99f214a,314b7836,505731e4,1,0,1005,20093,300,250,2295,2,35,100075,23,101d302262,2,2
1714539048517408285,14102608,0,1,a7853007,7e091613,f028772b,ecad2386,7801e8d9,07d7df22,a99f214a,f46f0a98,3bb1ddd7,1,0,1005,22268,320,50,2566,3,41,100156,42,c98d2ff636,8,14
17594940123307216892,14102608,0,1,e151e245,7e091613,f028772b,ecad2386,7801e8d9,07d7df22,a99f214a,18580a55,ad328c4d,1,0,1005,4687,320,50,423,2,39,100148,32,ea2fa6ed80,1,1
17789636123675967995,14102608,0,0,5b08c53b,7687a86e,3e814130,ecad2386,7801e8d9,07d7df22,a99f214a,7e804188,4ea23a13,1,0,1005,17654,300,250,1994,2,39,-1,33,1abfd033f5,7,7
17921386870832432082,14102608,0,0,85f751fd,c4e18dd6,50e219e0,46774ea6,15ec7f39,0f2161f8,1feb1c71,5faafa34,a264bba3,1,5,1005,20980,320,50,2371,0,551,100217,46,f5e53506e8,1,1
2749773247318743040,14102608,0,0,85f751fd,c4e18dd6,50e219e0,95b5e741,c6824def,cef3e649,a99f214a,b329cfff,e3bb76b5,1,0,1005,20277,320,50,2281,3,47,100182,42,df54eddfcf,15,22
279363609233831486,14102608,0,0,1fbe01fe,f3845767,28905ebd,ecad2386,7801e8d9,07d7df22,a99f214a,9d6f8d08,b6443086,1,0,1005,15701,320,50,1722,0,35,-1,79,c52434cc9e,2,4
3202684506101477159,14102608,0,1,856e6d3f,58a89a43,f028772b,ecad2386,7801e8d9,07d7df22,a99f214a,1201ce29,ef726eae,1,0,1005,16208,320,50,1800,3,167,100075,23,9d6b519805,28,39
4232089544401173036,14102608,0,1,b8eae5f9,1e334bd3,f028772b,ecad2386,7801e8d9,07d7df22,a99f214a,bad60167,a0f5f879,1,0,1005,16208,320,50,1800,3,167,100077,23,1ea7e2ab50,1,30
4365553413580481151,14102608,0,0,85f751fd,c4e18dd6,50e219e0,54c5d545,2347f47a,0f2161f8,003d3242,ceb48f57,be74e6fe,1,0,1005,16688,320,50,1873,3,39,100060,23,734c49bf39,5,26
603177571511210436,14102608,0,1,d9750ee7,98572c79,f028772b,ecad2386,7801e8d9,07d7df22,a99f214a,d0a2ff3b,629a0986,1,0,1005,17614,320,50,1993,2,1063,-1,33,cb7b65ec88,3,11
6386263619750819058,14102608,0,0,198f3f8c,5ce330bf,f028772b,ecad2386,7801e8d9,07d7df22,a99f214a,1edec22a,be6db1d7,1,0,1005,8330,320,50,761,3,175,100077,23,2eb3e54d78,1,9
6553759790076363552,14102608,0,1,b7e9786d,b12b9f85,f028772b,ecad2386,7801e8d9,07d7df22,a99f214a,9ee471f4,a0f5f879,1,0,1005,19950,320,50,1800,3,167,100075,23,4156e2e7e1,2,4
6652686524115881490,14102608,0,0,85f751fd,c4e18dd6,50e219e0,e2fcccd2,5c5a694b,0f2161f8,68f96760,c906adef,89416188,1,0,1005,4687,320,50,423,2,39,-1,32,0eb4363397,2,7
7645526110741577363,14102608,0,1,791b5571,fd13bc73,f028772b,ecad2386,7801e8d9,07d7df22,a99f214a,74578fd5,be6db1d7,1,0,1005,19950,320,50,1800,3,167,100075,23,bf0db338f0,17,27
7805685470964139466,14102608,0,0,85f751fd,c4e18dd6,50e219e0,03528b27,2347f47a,8ded1f7a,a99f214a,63f2e011,1f5fd4f9,1,0,1005,17016,320,50,1873,3,39,-1,23,974e48f937,1,2
7872762742789152907,14102608,0,0,85f751fd,c4e18dd6,50e219e0,39947756,2347f47a,cef3e649,8f1ac62b,163974c5,d6e0e6ff,1,2,1005,21619,320,50,2482,3,167,-1,23,af510d923e,1,3
818934861144766366,14102608,0,0,e6409ff1,2148062c,f028772b,ecad2386,7801e8d9,07d7df22,a99f214a,725f508d,6f21a189,1,0,1005,19950,320,50,1800,3,167,100079,23,6bb3602bf0,12,53
8288251390753094892,14102608,0,0,85f751fd,c4e18dd6,50e219e0,396df801,2347f47a,0f2161f8,a99f214a,db7efaed,d787e91b,1,0,1005,17877,320,50,2036,3,47,-1,156,9ada827cbf,8,8
8703977380113507728,14102608,0,0,83a0ad1a,5c9ae867,f028772b,ecad2386,7801e8d9,07d7df22,a99f214a,f9eef594,72db2497,1,0,1005,17212,320,50,1887,3,39,-1,23,2a71debe96,3,4
9849443511623548443,14102608,1,0,85f751fd,c4e18dd6,50e219e0,9c13b419,2347f47a,f95efa07,a99f214a,5b5d42ae,836d2439,1,0,1005,21153,320,50,2420,2,35,-1,69,76fb8b3b96,1,1
1131621025334976769,14102609,0,0,1fbe01fe,f3845767,28905ebd,ecad2386,7801e8d9,07d7df22,a99f214a,ceffea69,158e4944,1,0,1005,15704,320,50,1722,0,35,-1,79,6ee1a88635,2,3
1157547208828907878,14102609,1,0,85f751fd,c4e18dd6,50e219e0,59ca80c4,7801e8d9,07d7df22,ff723d18,51a0d1f5,8a332ed1,0,0,1002,20477,300,50,2348,3,427,100005,61,a1f2665038,12,17
13706057119012523315,14102609,0,0,1fbe01fe,f3845767,28905ebd,ecad2386,7801e8d9,07d7df22,a99f214a,e60d5e33,36d749e5,1,0,1005,15702,320,50,1722,0,35,-1,79,fb9e619f9b,13,17
14081028831844806008,14102609,0,1,88154ade,9f448720,3e814130,ecad2386,7801e8d9,07d7df22,a99f214a,b6205c98,b5bf16e5,1,0,1005,18858,320,50,1882,3,35,-1,13,44e2e35217,3,9
14500826635657318538,14102609,0,0,85f751fd,c4e18dd6,50e219e0,92f5800b,ae637522,0f2161f8,a99f214a,ab5e205c,f7e81a2d,1,2,1005,21191,320,50,2424,1,161,100189,71,478707bdb4,5,12
14637047378066177308,14102609,0,0,85f751fd,c4e18dd6,50e219e0,51cedd4e,aefc06bd,0f2161f8,a99f214a,d089f354,e3bb76b5,1,0,1005,21611,320,50,2480,3,297,100111,61,5c7f7bf678,1,1
15814118265368166345,14102609,0,0,85f751fd,c4e18dd6,50e219e0,92f5800b,ae637522,0f2161f8,a99f214a,754537e6,2692a96a,1,3,1005,21189,320,50,2424,1,161,100190,71,253e7d943b,6,14
16969986201658968611,14102609,1,1,791b5571,fd13bc73,f028772b,ecad2386,7801e8d9,07d7df22,a99f214a,4614fcd7,04258293,1,0,1005,19771,320,50,2227,0,679,100077,48,17e5dcb624,18,30
2238639677634528021,14102609,0,1,5b4d2eda,16a36ef3,f028772b,ecad2386,7801e8d9,07d7df22,a99f214a,7771c9af,3e7932d7,1,0,1005,20251,320,50,2323,0,687,100081,48,58a1887fa6,5,21
3121539969708968962,14102609,0,1,5b4d2eda,16a36ef3,f028772b,ecad2386,7801e8d9,07d7df22,a99f214a,12c07bcf,684581ce,1,0,1005,19950,320,50,1800,3,167,100075,23,63e2e3ea8e,15,15
5083642663721809480,14102609,0,0,00f5367d,c4e18dd6,50e219e0,ecad2386,7801e8d9,07d7df22,eff8747f,61eb8704,f9ba9057,0,0,1002,22296,320,50,2573,0,419,-1,178,1467751491,27,34
5915328599696347005,14102609,0,1,e151e245,7e091613,f028772b,ecad2386,7801e8d9,07d7df22,a99f214a,f14ffe3a,7da1c19e,1,0,1005,17014,320,50,1872,3,39,-1,23,58fc1e3bd5,1,2
6128136649400550139,14102609,0,1,e151e245,7e091613,f028772b,ecad2386,7801e8d9,07d7df22,a99f214a,1eccdd3c,fce66524,1,0,1005,22224,320,50,2561,0,687,100188,51,99a9d9a4c4,4,4
6556060563280826219,14102609,1,0,c6af341d,19944fab,50e219e0,ecad2386,7801e8d9,07d7df22,7e4010a5,cf1a72f7,839fc701,0,0,1002,21789,320,50,2512,2,291,-1,52,24801eb11e,19,25
7288630642256839663,14102609,0,0,85f751fd,c4e18dd6,50e219e0,6da1fa83,2347f47a,8ded1f7a,21735714,260039c8,fbec56bc,1,3,1005,15706,320,50,1722,0,35,-1,79,2fff528709,12,16
8497748476314538683,14102609,0,0,ee8b8550,f415c8a8,f028772b,ecad2386,7801e8d9,07d7df22,a99f214a,d01816a0,5ec45883,1,0,1005,20009,320,50,2283,0,163,100076,95,1643778469,10,12
8628505308112428604,14102609,1,1,e151e245,7e091613,f028772b,ecad2386,7801e8d9,07d7df22,a99f214a,19670827,ef726eae,1,0,1005,4687,320,50,423,2,39,100148,32,1d24cf8f4b,1,1
9593080319156262478,14102609,0,0,5014edea,a7870916,50e219e0,ecad2386,7801e8d9,07d7df22,6ec6b9ed,d44e7951,1da119e0,0,0,1002,4687,320,50,423,2,39,-1,32,574fc8094f,5,7
9688087106784582159,14102609,0,0,83a0ad1a,5c9ae867,f028772b,ecad2386,7801e8d9,07d7df22,a99f214a,c654b5ac,86030d43,1,0,1005,20251,320,50,2323,0,687,100081,48,f8d2762a91,2,6
9784228303771147283,14102609,0,0,85f751fd,c4e18dd6,50e219e0,a27d9ec2,2347f47a,0f2161f8,62307582,0d5343a6,158e4944,1,0,1005,21277,300,250,2443,2,39,-1,23,ea2fa6ed80,6,13
9833433067362182315,14102609,0,1,92c7cbe7,6e882918,75fa27f6,ecad2386,7801e8d9,07d7df22,a99f214a,b214ea7f,be6db1d7,1,0,1005,16615,320,50,1863,3,39,-1,23,6d1c68e03d,1,1
10109113356002877287,14102610,1,0,1fbe01fe,f3845767,28905ebd,ecad2386,7801e8d9,07d7df22,a99f214a,4da034bf,8a4875bd,1,0,1005,15706,320,50,1722,0,35,-1,79,ea2fa6ed80,2,5
10812710190545694873,14102610,0,0,1fbe01fe,f3845767,28905ebd,ecad2386,7801e8d9,07d7df22,a99f214a,07875ea4,7eef184d,1,0,1005,20108,320,50,2299,2,1327,-1,52,7b8a88f49b,7,16
1128751012646252301,14102610,0,1,5b4d2eda,16a36ef3,f028772b,ecad2386,7801e8d9,07d7df22,a99f214a,818fc8a7,8a4875bd,1,0,1005,19950,320,50,1800,3,167,100075,23,3a995a775b,5,5
11320572117262458313,14102610,0,0,1fbe01fe,f3845767,28905ebd,ecad2386,7801e8d9,07d7df22,a99f214a,064ea426,3bd9e8e7,1,0,1005,15704,320,50,1722,0,35,-1,79,ebe1c32b22,2,5
11329442468582219870,14102610,0,0,85f751fd,c4e18dd6,50e219e0,92f5800b,ae637522,0f2161f8,a99f214a,6ff49eaa,e1eae715,1,3,1005,21191,320,50,2424,1,161,100189,71,68b0d177f0,2,3
11878624096448118031,14102610,0,0,85f751fd,c4e18dd6,50e219e0,92f5800b,ae637522,0f2161f8,a99f214a,6c1eb99b,e1eae715,1,3,1005,21191,320,50,2424,1,161,100193,71,d9eb258388,1,5
13670435477996023985,14102610,1,0,85f751fd,c4e18dd6,50e219e0,e2a1ca37,2347f47a,8ded1f7a,29544df5,3bb3db1a,8a4875bd,1,0,1005,17016,320,50,1873,3,39,100119,23,59cb6d2a7f,1,5
14761547555176662693,14102610,0,0,85f751fd,c4e18dd6,50e219e0,e2a1ca37,2347f47a,8ded1f7a,a99f214a,d1e781af,5096d134,1,0,1005,17016,320,50,1873,3,39,-1,23,91c36b3383,2,5
14921300374920798325,14102610,0,0,85f751fd,c4e18dd6,50e219e0,9c13b419,2347f47a,f95efa07,a99f214a,098639da,6715887e,1,0,1005,18093,320,50,2060,3,39,-1,23,8ea3d0c3af,1,2
15620776793682224064,14102610,0,0,c6af341d,19944fab,50e219e0,ecad2386,7801e8d9,07d7df22,f895002e,544141a1,54788f9f,0,0,1002,21789,320,50,2512,2,291,100105,52,e87e966ee0,3,3
16320375720359934804,14102610,0,0,d9750ee7,98572c79,f028772b,ecad2386,7801e8d9,07d7df22,a99f214a,8a04f171,1aa0e912,1,0,1005,19591,320,50,2242,3,167,-1,23,d665b3edf2,3,19
16420195418946055975,14102610,0,1,e5c60a05,7256c623,f028772b,ecad2386,7801e8d9,07d7df22,a99f214a,2bd67422,836d2439,1,0,1005,18854,320,50,1882,3,35,-1,13,82086e9183,1,1
17478586909334467753,14102610,0,1,57ef2c87,bd6d812f,f028772b,ecad2386,7801e8d9,07d7df22,a99f214a,8a971804,d787e91b,1,0,1005,8330,320,50,761,3,175,-1,23,9dd4c29c19,10,18
17506735206068954957,14102610,0,1,e151e245,7e091613,f028772b,ecad2386,7801e8d9,07d7df22,a99f214a,d43af08c,fce66524,1,0,1005,22532,320,50,2600,3,39,-1,23,b40b61e0b0,2,2
17550425292410219929,14102610,1,0,4bf5bbe2,6b560cc1,28905ebd,ecad2386,7801e8d9,07d7df22,a99f214a,f085940e,1f0bc64f,1,0,1005,19665,320,50,2253,2,303,-1,52,931d6f45d7,23,32
18237379353277187898,14102610,0,0,6c5b482c,7687a86e,3e814130,ecad2386,7801e8d9,07d7df22,a99f214a,488a9a3e,277e7b8c,1,0,1005,17653,300,250,1994,2,39,-1,33,fca758c8b3,4,10
18434736693312427618,14102610,0,0,12fb4121,6b59f079,f028772b,ecad2386,7801e8d9,07d7df22,a99f214a,d0639606,1f0bc64f,1,0,1005,22553,320,50,2602,0,163,100084,182,930d4243e8,3,4
2071877935951848483,14102610,1,0,85f751fd,c4e18dd6,50e219e0,e2fcccd2,5c5a694b,0f2161f8,f947377b,cee51b2c,d787e91b,1,0,1005,20632,320,50,2374,3,39,-1,23,f14b064baf,1,3
2160484429644081838,14102610,1,0,85f751fd,c4e18dd6,50e219e0,9c13b419,2347f47a,f95efa07,a99f214a,f728f06a,be87996b,1,2,1005,20632,320,50,2374,3,39,-1,23,ee074d98fc,16,20
2762550019799786109,14102610,0,0,85f751fd,c4e18dd6,50e219e0,92f5800b,ae637522,0f2161f8,a99f214a,6de4c2d1,0bcabeaf,1,3,1005,21191,320,50,2424,1,161,100192,71,1a28ee5009,1,4
307313859186873443,14102610,0,0,9ee9dd00,759d1c56,f028772b,ecad2386,7801e8d9,07d7df22,a99f214a,97c45144,9e3836ff,1,0,1005,22554,320,50,1863,3,39,-1,23,366e639e3e,3,9
3788730727214079721,14102610,0,0,85f751fd,c4e18dd6,50e219e0,98fed791,d9b5648e,0f2161f8,a99f214a,36aa49a2,aad45b01,1,0,1005,20984,320,50,2371,0,551,100217,46,af387ec9c5,1,1
4127235250663394915,14102610,0,1,0a742914,510bd839,f028772b,ecad2386,7801e8d9,07d7df22,a99f214a,5f717172,eb1347a0,1,0,1005,20632,320,50,2374,3,39,-1,23,116f203332,1,9
413004686118949386,14102610,0,0,cada3cb9,c4e18dd6,50e219e0,ecad2386,7801e8d9,07d7df22,108d338f,95e4221f,8a332ed1,0,0,1002,21896,320,50,2527,2,291,100133,219,400004ddfe,1,23
4135854976845946500,14102610,0,0,0ae8f59e,e93c2f77,28905ebd,ecad2386,7801e8d9,07d7df22,a99f214a,162e29b9,1aa0e912,1,0,1005,6392,320,50,547,3,47,-1,23,604a8316cf,2,2
4458732784025327028,14102610,1,0,1fbe01fe,f3845767,28905ebd,ecad2386,7801e8d9,07d7df22,a99f214a,bac6309b,aaffed8f,1,0,1005,15704,320,50,1722,0,35,100084,79,d4a4ebe35c,6,10
5092129420068042996,14102610,0,1,e151e245,7e091613,f028772b,ecad2386,7801e8d9,07d7df22,a99f214a,b0482ea7,1f0bc64f,1,0,1005,22224,320,50,2561,0,687,-1,51,48b0458819,3,4
5417454299740426826,14102610,0,1,e151e245,7e091613,f028772b,ecad2386,7801e8d9,07d7df22,a99f214a,3763df1d,5db079b5,1,2,1005,17014,320,50,1872,3,39,-1,23,384cc86d4b,2,3
5750208404318047923,14102610,0,0,1fbe01fe,f3845767,28905ebd,ecad2386,7801e8d9,07d7df22,a99f214a,8e371425,8a4875bd,1,0,1005,15707,320,50,1722,0,35,100084,79,4c480cb5fb,2,2
7455140496532291316,14102610,1,0,9e8e8d09,c4e18dd6,50e219e0,ecad2386,7801e8d9,07d7df22,bada03ec,91b243cb,0e88538f,0,0,1002,17566,320,50,479,3,39,100074,23,1ea7e2ab50,10,15
7479001280272776210,14102610,0,1,856e6d3f,58a89a43,f028772b,ecad2386,7801e8d9,07d7df22,a99f214a,20e7c4c5,1ccc7835,1,0,1005,19950,320,50,1800,3,167,100077,23,921ed98aa3,2,5
8518951433834891290,14102610,1,1,e151e245,7e091613,f028772b,ecad2386,7801e8d9,07d7df22,a99f214a,c3a4ece1,be6db1d7,1,0,1005,4687,320,50,423,2,39,100148,32,2d4568efed,2,3
8700007779219523694,14102610,0,0,6c5b482c,7687a86e,3e814130,ecad2386,7801e8d9,07d7df22,a99f214a,f376bfe1,c144e605,1,0,1005,19015,300,250,2162,2,39,-1,33,ba36f9054c,3,4
9322854086540917630,14102610,0,0,85f751fd,c4e18dd6,50e219e0,39947756,2347f47a,cef3e649,a3d57bba,9e78baf3,d787e91b,1,3,1005,13644,320,50,1447,2,47,100075,13,594092070a,10,11
9344050755330315749,14102610,1,0,1fbe01fe,f3845767,28905ebd,ecad2386,7801e8d9,07d7df22,a99f214a,3623f33a,1aa0e912,1,0,1005,15704,320,50,1722,0,35,-1,79,9936551bd4,1,3
9505114343824973907,14102610,0,0,4077d6f1,ff3c109d,50e219e0,ecad2386,7801e8d9,07d7df22,813c6c49,eb8a7d10,4042e175,0,0,1002,17566,320,50,479,3,39,100075,23,4dd543f575,4,18
10226784677277919007,14102611,0,0,85f751fd,c4e18dd6,50e219e0,54c5d545,2347f47a,0f2161f8,a99f214a,63f2e011,1f5fd4f9,1,0,1005,17016,320,50,1873,3,39,-1,23,945acec0bd,13,17
10427349247703841150,14102611,0,0,85f751fd,c4e18dd6,50e219e0,a4db51b9,d9b5648e,0f2161f8,a99f214a,804a8611,cd63b0bb,1,0,1005,20277,320,50,2281,3,47,100182,42,30175cac8d,6,14
11357543736120743732,14102611,0,0,ee8b8550,f415c8a8,f028772b,ecad2386,7801e8d9,07d7df22,a99f214a,1100eae3,b7e932e7,1,0,1005,22553,320,50,2602,0,163,-1,182,ee8e2fa350,3,4
11993405461363997451,14102611,0,0,85f751fd,c4e18dd6,50e219e0,c1d5c84d,2347f47a,0f2161f8,d0be5c47,ffdb982e,5096d134,1,2,1005,22554,320,50,1863,3,39,-1,23,768f5924e3,4,10
12117712409909987008,14102611,0,0,85f751fd,c4e18dd6,50e219e0,431a0d44,2347f47a,0f2161f8,cbeb1219,f0b447e0,7abbbd5c,1,3,1005,15706,320,50,1722,0,35,100084,79,d6bc4d69e0,3,5
12325251872751650596,14102611,0,1,85f751fd,c4e18dd6,50e219e0,faaafc75,6a0a3a9d,0f2161f8,a99f214a,af9205f9,3bb1ddd7,1,0,1005,22246,320,50,2566,3,41,100156,42,166efbeb89,17,28
12471512697454534620,14102611,0,0,6f34dd1d,1591263c,50e219e0,ecad2386,7801e8d9,07d7df22,7745401c,c608ecf2,021b641d,0,0,1002,17566,320,50,479,3,39,100074,23,bf3945dbc1,1,18
1275088029867899527,14102611,0,1,856e6d3f,58a89a43,f028772b,ecad2386,7801e8d9,07d7df22,a99f214a,ff59ed83,d4897fef,1,0,1005,19950,320,50,1800,3,167,-1,23,07dd1a2990,16,27
1277469959893685282,14102611,0,0,12fb4121,6b59f079,f028772b,ecad2386,7801e8d9,07d7df22,a99f214a,8b6bb053,553f099b,1,0,1005,22553,320,50,2602,0,163,100083,182,ce184db1aa,1,1
13664643827557412660,14102611,0,0,14c5faa4,30518255,f028772b,ecad2386,7801e8d9,07d7df22,a99f214a,71e72549,8a4875bd,1,0,1005,16858,320,50,1887,3,39,100194,23,0e7d03af35,6,18
1384809415265175432,14102611,0,0,1fbe01fe,f3845767,28905ebd,ecad2386,7801e8d9,07d7df22,a99f214a,bca8f26d,ecb851b2,1,0,1005,15701,320,50,1722,0,35,-1,79,6d0447b50b,4,14
13896822680599823910,14102611,0,1,e151e245,7e091613,f028772b,ecad2386,7801e8d9,07d7df22,a99f214a,0b350b42,fce66524,1,0,1005,4687,320,50,423,2,39,100148,32,a39cf990a8,2,2
14325057104807788050,14102611,0,0,12fb4121,6b59f079,f028772b,ecad2386,7801e8d9,07d7df22,a99f214a,55345e4e,277e7b8c,1,0,1005,16615,320,50,1863,3,39,100119,23,f7dc169600,5,5
14470846931155057168,14102611,0,0,85f751fd,c4e18dd6,50e219e0,92f5800b,ae637522,0f2161f8,a99f214a,d09e5ee0,981edffc,1,3,1005,21189,320,50,2424,1,161,100193,71,96c26d4d4a,3,4
15153328633977070891,14102611,0,0,85f751fd,c4e18dd6,50e219e0,f888bf4c,5b9c592b,0f2161f8,ac3c60f4,ecb849a4,dfeda01b,1,0,1005,22587,320,50,2606,3,33,100003,61,18a8196259,28,33
16085447386728679112,14102611,1,0,1fbe01fe,f3845767,28905ebd,ecad2386,7801e8d9,07d7df22,a99f214a,4c23f7c6,d787e91b,1,0,1005,20108,320,50,2299,2,1327,-1,52,7d8cdc3a46,3,12
16608472727923808645,14102611,0,0,85f751fd,c4e18dd6,50e219e0,9c13b419,2347f47a,f95efa07,a99f214a,310c0564,5db079b5,1,2,1005,18094,320,50,2060,3,39,-1,23,6c06082c5c,4,4
18138779825416400797,14102611,0,1,b7e9786d,b12b9f85,f028772b,ecad2386,7801e8d9,07d7df22,a99f214a,6c049839,ecb851b2,1,0,1005,19950,320,50,1800,3,167,-1,23,c81208c9f1,8,9
18359761991487241764,14102611,1,0,dcc019de,250469f8,3e814130,ecad2386,7801e8d9,07d7df22,a99f214a,aa8c1b78,6e1e2240,1,0,1005,8330,320,50,761,3,175,100077,23,bf11fc0a08,20,22
2502406541857190145,14102611,0,1,e151e245,7e091613,f028772b,ecad2386,7801e8d9,07d7df22,a99f214a,a1bb0e1d,61761ee1,1,0,1005,22532,320,50,2600,3,39,-1,23,5d0636febb,12,20
3474219522119680363,14102611,0,0,85f751fd,c4e18dd6,50e219e0,febd1138,82e27996,0f2161f8,a99f214a,7323ee32,93a90f85,1,0,1005,22324,320,50,2576,1,161,100192,71,f534fa4e56,11,15
3891012968285538864,14102611,0,0,d5d760f7,cf35f82f,f028772b,ecad2386,7801e8d9,07d7df22,a99f214a,628af10d,36b67a2a,1,0,1005,9438,320,50,898,3,427,100003,61,48a85bbf3b,14,14
4204484943019728398,14102611,0,1,5114c672,3f2f3819,3e814130,ecad2386,7801e8d9,07d7df22,a99f214a,ff158d12,947f5ef6,1,0,1005,19772,320,50,2227,0,935,-1,48,bc41ce692b,6,6
4223069067444738665,14102611,0,0,6ec06dbd,d262cf1e,f66779e6,ecad2386,7801e8d9,07d7df22,a99f214a,022b516f,dfeda01b,1,0,1005,22587,320,50,2606,3,33,-1,61,a7b3c7c3aa,1,3
5537684504496135673,14102611,0,0,9a977531,a434fa42,f028772b,ecad2386,7801e8d9,07d7df22,a99f214a,3a33650a,8a4875bd,1,0,1005,20005,320,50,2283,0,163,-1,95,ce65345c6d,8,9
6175094459570914772,14102611,0,0,6e4efb2c,5449fde7,f028772b,ecad2386,7801e8d9,07d7df22,a99f214a,4ea10868,c464aa46,1,0,1005,19771,320,50,2227,0,935,100075,48,203741cab3,4,4
6349085950439761810,14102611,0,0,85f751fd,c4e18dd6,50e219e0,03528b27,2347f47a,8ded1f7a,a99f214a,e9a51aa1,f063b808,1,0,1005,17016,320,50,1873,3,39,-1,23,519a757a0a,13,16
6887875095773380977,14102611,0,0,85f751fd,c4e18dd6,50e219e0,92f5800b,ae637522,0f2161f8,a99f214a,a6963a5a,981edffc,1,3,1005,21189,320,50,2424,1,161,100189,71,293030a8b8,2,3
7112362008098143159,14102611,0,0,d6137915,bb1ef334,f028772b,ecad2386,7801e8d9,07d7df22,a99f214a,36496ec9,ce576f14,1,0,1005,19772,320,50,2227,0,935,100077,48,922eba6faa,1,1
7248258940285859626,14102611,0,1,a7853007,7e091613,f028772b,ecad2386,7801e8d9,07d7df22,a99f214a,930ec31d,3bb1ddd7,1,0,1005,22267,320,50,2566,3,41,100156,42,e7b33e068c,4,5
7279302593821707584,14102611,0,1,e4d8dd7b,a17bde68,3e814130,ecad2386,7801e8d9,07d7df22,a99f214a,002881ac,8a4875bd,1,0,1005,16208,320,50,1800,3,167,100077,23,949b9e042d,1,5
8060878349083622932,14102611,0,0,929d2171,aa785047,3e814130,ecad2386,7801e8d9,07d7df22,a99f214a,a057183c,1af7ceb7,1,0,1005,19279,320,50,1447,2,47,100077,13,b1fe1222c4,2,2
8636228901964762010,14102611,1,1,85f751fd,c4e18dd6,50e219e0,d644e4e7,2347f47a,0f2161f8,a99f214a,ceffea69,3fecb32a,1,0,1005,15701,320,50,1722,0,35,-1,79,211a42db33,1,2
9143977076447705965,14102611,0,0,85f751fd,c4e18dd6,50e219e0,de97da65,33da2e74,0f2161f8,a99f214a,6394f6f6,9bbdb88c,1,0,1005,9248,320,50,768,3,175,100156,42,c740eeb30b,2,3
9354974394818311746,14102611,1,1,b7e9786d,b12b9f85,f028772b,ecad2386,7801e8d9,07d7df22,a99f214a,8f911a67,57e33432,1,0,1005,19771,320,50,2227,0,935,100075,48,c4ccb97445,1,1
9824445696513292532,14102611,0,1,a7853007,7e091613,f028772b,ecad2386,7801e8d9,07d7df22,a99f214a,009a7861,c3f7117b,1,0,1005,22267,320,50,2566,3,41,100156,42,8c204b4bee,3,3
10810621605421276797,14102612,0,0,89a490f5,ce307e01,3e814130,ecad2386,7801e8d9,07d7df22,a99f214a,4d6d041b,5ef191d3,1,0,1005,20005,320,50,2283,0,163,-1,95,94d8e3d5ea,2,12
10985884445363432909,14102612,0,1,0eb72673,d2f72222,f028772b,ecad2386,7801e8d9,07d7df22,a99f214a,95a23886,be6db1d7,1,0,1005,19950,320,50,1800,3,167,-1,23,2f6583e2c1,16,19
13020095590737696190,14102612,0,0,1fbe01fe,f3845767,28905ebd,ecad2386,7801e8d9,07d7df22,a99f214a,de2e493b,8a4875bd,1,0,1005,15701,320,50,1722,0,35,-1,79,44499a22b1,1,6
14080640275091086561,14102612,0,0,85f751fd,c4e18dd6,50e219e0,92f5800b,ae637522,0f2161f8,a99f214a,fce6a6a8,2692a96a,1,3,1005,21189,320,50,2424,1,161,100191,71,ca38ee03c9,9,9
14630208845287498880,14102612,1,0,1fbe01fe,f3845767,28905ebd,ecad2386,7801e8d9,07d7df22,a99f214a,51a1be90,7fdd04d2,1,0,1005,15706,320,50,1722,0,35,100083,79,f5b10d1872,3,3
15018033807816515069,14102612,0,0,85f751fd,c4e18dd6,50e219e0,f888bf4c,5b9c592b,0f2161f8,a09e10b9,8f2784a2,2891f384,1,0,1005,22324,320,50,2576,1,161,100193,71,a7060d9c6f,2,6
16093919883376998064,14102612,0,1,d9750ee7,98572c79,f028772b,ecad2386,7801e8d9,07d7df22,a99f214a,086ef670,84ebbcd4,1,0,1005,17614,320,50,1993,2,1063,-1,33,77d76f0861,14,14
16230112543031986302,14102612,1,1,0a742914,510bd839,f028772b,ecad2386,7801e8d9,07d7df22,a99f214a,16f5548a,5ec45883,1,0,1005,20251,320,50,2323,0,687,100081,48,1fa5b87df9,1,1
16897276339835814339,14102612,0,0,d9750ee7,98572c79,f028772b,ecad2386,7801e8d9,07d7df22,a99f214a,6b9769f2,1f0bc64f,1,0,1005,19594,320,50,2242,3,167,-1,23,1abfd033f5,1,13
17413705295126291074,14102612,0,0,85f751fd,c4e18dd6,50e219e0,d44c074c,ae637522,cef3e649,a99f214a,c6ef9bf1,0bcabeaf,1,3,1005,21801,320,50,2515,1,161,100193,71,d39e44472e,6,7
17749849201785803006,14102612,1,1,e151e245,7e091613,f028772b,ecad2386,7801e8d9,07d7df22,a99f214a,117d7fd2,a0f5f879,1,0,1005,4687,320,50,423,2,39,100148,32,2cc6735a51,10,20
18414380075236609166,14102612,0,1,a7853007,7e091613,f028772b,ecad2386,7801e8d9,07d7df22,a99f214a,af62faf4,03683bd4,1,0,1005,22268,320,50,2566,3,41,100156,42,edfee8b053,26,50
1961570234140163928,14102612,0,0,85f751fd,c4e18dd6,50e219e0,a4ef9e93,2347f47a,0f2161f8,a99f214a,69d87c40,a2140f4f,1,0,1005,15704,320,50,1722,0,35,-1,79,c8bf616893,5,22
2145678673886256348,14102612,0,0,85f751fd,c4e18dd6,50e219e0,d8784af5,2347f47a,8ded1f7a,6f4c48c1,8430a877,9e3836ff,1,0,1005,16615,320,50,1863,3,39,100188,23,a23d82506d,9,33
2253382758513626699,14102612,0,0,d9750ee7,98572c79,f028772b,ecad2386,7801e8d9,07d7df22,a99f214a,59aba330,05e70df4,1,0,1005,6392,320,50,547,3,47,100084,23,e2384add73,2,6
2311030916407918359,14102612,1,0,1fbe01fe,f3845767,28905ebd,ecad2386,7801e8d9,07d7df22,a99f214a,cd2e9710,d25693ce,1,0,1005,15702,320,50,1722,0,35,-1,79,9266112286,1,3
276690451774664076,14102612,1,0,85f751fd,c4e18dd6,50e219e0,e2fcccd2,5c5a694b,0f2161f8,e96748ba,9b1e1edc,ecb851b2,1,0,1005,4687,320,50,423,2,39,100148,32,1c1ba4f038,1,1
3516802828567329401,14102612,1,0,1fbe01fe,f3845767,28905ebd,ecad2386,7801e8d9,07d7df22,a99f214a,e8516f71,be74e6fe,1,0,1005,15706,320,50,1722,0,35,100084,79,32c8ee7737,14,38
362823369280828653,14102612,0,0,1fbe01fe,f3845767,28905ebd,ecad2386,7801e8d9,07d7df22,a99f214a,91b365f2,36d749e5,1,0,1005,15707,320,50,1722,0,35,-1,79,251f152674,1,3
3861375302664910349,14102612,0,0,85f751fd,c4e18dd6,50e219e0,de97da65,33da2e74,0f2161f8,a99f214a,d90a7774,03683bd4,1,0,1005,9248,320,50,768,3,175,100156,42,6d1c68e03d,2,4
4197595139109031892,14102612,1,0,1fbe01fe,f3845767,28905ebd,ecad2386,7801e8d9,07d7df22,a99f214a,6b9769f2,d25693ce,1,0,1005,15699,320,50,1722,0,35,-1,79,4d5140fcc6,28,30
4395229008508575155,14102612,0,0,85f751fd,c4e18dd6,50e219e0,e2a1ca37,2347f47a,8ded1f7a,28dc8687,ab99968e,794346bd,1,2,1005,15705,320,50,1722,0,35,100084,79,f52416a20e,4,12
4771569205704999989,14102612,0,1,5b4d2eda,16a36ef3,f028772b,ecad2386,7801e8d9,07d7df22,a99f214a,ff9e8179,4ceb2e0b,1,0,1005,20007,320,50,2283,0,163,-1,95,2e3b8a99d0,1,2
5509643054524371469,14102612,0,0,1fbe01fe,f3845767,28905ebd,ecad2386,7801e8d9,07d7df22,a99f214a,491a088b,0eb711ec,1,0,1005,8330,320,50,761,3,175,-1,23,91f83bfd82,34,44
5773686727268593006,14102612,0,0,85f751fd,c4e18dd6,50e219e0,92f5800b,ae637522,0f2161f8,a99f214a,ccb61999,496515fa,1,3,1005,21191,320,50,2424,1,161,100190,71,3a388d4fe5,7,11
6750010400144087611,14102612,0,1,0a742914,510bd839,f028772b,ecad2386,7801e8d9,07d7df22,a99f214a,8047e87a,d787e91b,1,0,1005,21592,320,50,2478,3,167,100075,23,44c8bdc583,3,10
6905130234737307588,14102612,1,0,1fbe01fe,f3845767,28905ebd,ecad2386,7801e8d9,07d7df22,a99f214a,488a9a3e,a5bce124,1,0,1005,20108,320,50,2299,2,1327,-1,52,5d61ae9b4d,2,3
7475831944471151078,14102612,0,0,85f751fd,c4e18dd6,50e219e0,92f5800b,ae637522,0f2161f8,a99f214a,e713a16c,0bcabeaf,1,3,1005,21191,320,50,2424,1,161,100193,71,6c8b4aa5de,7,18
7602977987724763963,14102612,1,0,85f751fd,c4e18dd6,50e219e0,e2fcccd2,5c5a694b,0f2161f8,e50397c1,beda0002,90df9d44,1,0,1005,4687,320,50,423,2,39,100148,32,bf3945dbc1,6,20
956539046901282812,14102612,0,1,856e6d3f,58a89a43,f028772b,ecad2386,7801e8d9,07d7df22,a99f214a,aaec4ce3,1f0bc64f,1,0,1005,22561,320,50,1863,3,39,-1,23,57e4b6de6e,1,2
9664824968924656992,14102612,1,0,4bf5bbe2,6b560cc1,28905ebd,ecad2386,7801e8d9,07d7df22,a99f214a,60c1d29a,258766e2,1,0,1005,19665,320,50,2253,2,303,-1,52,f508eb6cfc,4,5
10604699092415406887,14102613,1,0,5b08c53b,7687a86e,3e814130,ecad2386,7801e8d9,07d7df22,a99f214a,7982eb55,30a00e1f,1,0,1005,20018,300,250,2286,3,39,-1,23,b14ac25567,30,30
11204072925370253848,14102613,1,0,3c06c8f5,c4e18dd6,50e219e0,ecad2386,7801e8d9,07d7df22,535a3d26,ae71f1c5,911a3c09,0,0,1002,22298,320,50,2573,0,419,-1,178,a1b3d25045,2,3
11927648135727827968,14102613,0,1,a7853007,7e091613,f028772b,ecad2386,7801e8d9,07d7df22,a99f214a,285aa37d,3bb1ddd7,1,0,1005,22268,320,50,2566,3,41,100156,42,b570126e0a,3,3
1205346635447199173,14102613,0,0,85f751fd,c4e18dd6,50e219e0,bdf46af7,d9b5648e,0f2161f8,a99f214a,0325e36a,aad45b01,1,0,1005,20001,320,480,2281,3,47,100181,42,5297083790,5,20
12632565182473337708,14102613,0,0,9fa6fd97,c4e18dd6,50e219e0,ecad2386,7801e8d9,07d7df22,460cd0f4,eea49a45,17219cea,0,0,1002,22292,320,50,2573,0,419,-1,178,bf3e82875a,1,3
13041004918208403538,14102613,1,0,5b08c53b,7687a86e,3e814130,ecad2386,7801e8d9,07d7df22,a99f214a,67c1c36f,84ebbcd4,1,0,1005,17654,300,250,1994,2,39,100084,33,966e8e2279,43,46
13047418899502993738,14102613,1,0,5b08c53b,7687a86e,3e814130,ecad2386,7801e8d9,07d7df22,a99f214a,48ede1e1,9955990f,1,0,1005,20093,300,250,2295,2,35,100077,23,ec6d1c4610,7,9
13063701391716111386,14102613,0,0,85f751fd,c4e18dd6,50e219e0,e2fcccd2,5c5a694b,0f2161f8,a99f214a,33e85f95,e4d304c6,1,0,1005,20633,320,50,2374,3,39,-1,23,2dc6c188e8,4,7
13174019578081130566,14102613,1,1,a7853007,7e091613,f028772b,ecad2386,7801e8d9,07d7df22,a99f214a,2f323f36,3bb1ddd7,1,0,1005,22246,320,50,2566,3,41,100156,42,36efde2deb,15,21
13677873239621936934,14102613,0,0,1fbe01fe,f3845767,28905ebd,ecad2386,7801e8d9,07d7df22,a99f214a,0094adb4,ecb851b2,1,0,1005,20108,320,50,2299,2,1327,100084,52,a68b797149,2,11
15082275141186075841,14102613,0,1,e151e245,7e091613,f028772b,ecad2386,7801e8d9,07d7df22,a99f214a,88f84b1f,61761ee1,1,0,1005,17014,320,50,1872,3,39,-1,23,697d419e9e,8,19
1537725294662346609,14102613,0,0,85f751fd,c4e18dd6,50e219e0,e2fcccd2,5c5a694b,0f2161f8,a99f214a,1fa6b98f,3f3d3fa8,1,0,1005,4687,320,50,423,2,39,100148,32,6fe93e9d4e,7,8
15738320278432824630,14102613,1,0,85f751fd,c4e18dd6,50e219e0,92f5800b,ae637522,0f2161f8,a99f214a,22c7f9b7,0bcabeaf,1,3,1005,21191,320,50,2424,1,161,100189,71,07dd1a2990,1,1
15967973787619425453,14102613,0,0,1fbe01fe,f3845767,28905ebd,ecad2386,7801e8d9,07d7df22,a99f214a,1ef2e160,76dc4769,1,0,1005,20108,320,50,2299,2,1327,100084,52,a5d124d5ad,9,19
16072048063382753787,14102613,0,0,29229f8e,a10eb148,f028772b,ecad2386,7801e8d9,07d7df22,a99f214a,013cf065,6ae7fb43,1,0,1005,22554,320,50,1863,3,39,-1,23,1fa5b87df9,4,5
16306459002913844593,14102613,0,1,d9750ee7,98572c79,f028772b,ecad2386,7801e8d9,07d7df22,a99f214a,83b564b0,a0f5f879,1,0,1005,17614,320,50,1993,2,1063,-1,33,40fd986659,2,6
17943979767880404245,14102613,0,0,1fbe01fe,f3845767,28905ebd,ecad2386,7801e8d9,07d7df22,a99f214a,3e317658,c6263d8a,1,0,1005,20108,320,50,2299,2,1327,-1,52,030a04e92a,4,11
1950316447370664297,14102613,0,1,a7853007,7e091613,f028772b,ecad2386,7801e8d9,07d7df22,a99f214a,316718f8,cc63cb07,1,0,1005,22268,320,50,2566,3,41,100155,42,2614a6bee3,62,63
2850509383095375694,14102613,0,1,85f751fd,c4e18dd6,50e219e0,cf0327f9,2347f47a,0f2161f8,d4a4cc2a,57258cd2,2cd85f9e,1,0,1005,22559,300,50,1863,3,39,-1,23,0c30a8b447,4,28
3065102717729724991,14102613,0,0,1fbe01fe,f3845767,28905ebd,ecad2386,7801e8d9,07d7df22,a99f214a,1c09fae4,711ee120,1,0,1005,20108,320,50,2299,2,1327,100084,52,604a8316cf,3,3
341127864116057906,14102613,1,0,1fbe01fe,f3845767,28905ebd,ecad2386,7801e8d9,07d7df22,a99f214a,1fb81ed0,3bd9e8e7,1,0,1005,20108,320,50,2299,2,1327,100084,52,c9f6db06df,7,7
3619228319928643955,14102613,0,0,85f751fd,c4e18dd6,50e219e0,92f5800b,ae637522,0f2161f8,a99f214a,ed831c53,496515fa,1,0,1005,21189,320,50,2424,1,161,100189,71,3176816002,2,3
3751620250087114135,14102613,1,0,90650879,9449e4e4,3e814130,ecad2386,7801e8d9,07d7df22,a99f214a,a6a0912d,8a4875bd,1,0,1005,19278,320,50,1447,2,47,-1,13,4156e2e7e1,1,3
4560022603537341680,14102613,0,0,5b08c53b,7687a86e,3e814130,ecad2386,7801e8d9,07d7df22,a99f214a,8bdbadf4,4ea23a13,1,0,1005,17653,300,250,1994,2,39,-1,33,416903e010,3,5
5028918182541120305,14102613,0,0,1fbe01fe,f3845767,28905ebd,ecad2386,7801e8d9,07d7df22,a99f214a,641e61d0,d787e91b,1,0,1005,15707,320,50,1722,0,35,100083,79,239f316c3b,12,19
6260579008362640330,14102613,1,0,fa2fd0b3,51d8d3b4,f028772b,ecad2386,7801e8d9,07d7df22,a99f214a,03f23ea4,8d96a23d,1,2,1005,16208,320,50,1800,3,167,100075,23,72aae3060a,8,14
6406050957592778089,14102613,0,0,93eaba74,7687a86e,3e814130,ecad2386,7801e8d9,07d7df22,a99f214a,4ca21d70,d599d518,1,0,1005,20093,300,250,2295,2,35,-1,23,11d8b06da2,3,4
6580516746732679953,14102613,1,0,85f751fd,c4e18dd6,50e219e0,54c5d545,2347f47a,0f2161f8,39a38055,992496dd,d4527c28,1,0,1005,15708,320,50,1722,0,35,100084,79,239f316c3b,1,15
774357152853169218,14102613,0,0,ee8b8550,f415c8a8,f028772b,ecad2386,7801e8d9,07d7df22,a99f214a,c9b7f4f1,a1a7a957,1,0,1005,21984,320,50,2532,0,675,100135,48,866a587f23,6,7
7753414718518344988,14102613,0,1,a7853007,7e091613,f028772b,ecad2386,7801e8d9,07d7df22,a99f214a,009a7861,3bb1ddd7,1,0,1005,22267,320,50,2566,3,41,100156,42,de0030505f,7,7
7921051551300195604,14102613,0,1,e4d8dd7b,a17bde68,3e814130,ecad2386,7801e8d9,07d7df22,a99f214a,d05eb95a,46d98882,1,0,1005,19772,320,50,2227,0,935,100075,48,fc238611d9,2,4
9068293853219500403,14102613,0,1,e4d8dd7b,a17bde68,3e814130,ecad2386,7801e8d9,07d7df22,a99f214a,c5ed1dfc,8a4875bd,1,0,1005,16208,320,50,1800,3,167,100081,23,1098fe1a24,2,3
9973303657764639202,14102613,0,0,3c20a05a,a81899dd,3e814130,ecad2386,7801e8d9,07d7df22,a99f214a,a1871bd2,b65015e8,1,0,1005,22193,320,50,2556,3,167,100199,23,bf7293482d,21,24
10150271455001792009,14102614,0,0,066a0884,60f3bb3e,50e219e0,ecad2386,7801e8d9,07d7df22,1ebd89d5,7bc49c44,03bfcb33,0,0,1002,4687,320,50,423,2,39,100148,32,212f5c1ec0,2,11
10402013565474654366,14102614,1,0,4bf5bbe2,6b560cc1,28905ebd,ecad2386,7801e8d9,07d7df22,a99f214a,96371d70,44c701de,1,0,1005,19665,320,50,2253,2,303,-1,52,16b19e51f6,10,22
11674777715163348347,14102614,0,0,1fbe01fe,f3845767,28905ebd,ecad2386,7801e8d9,07d7df22,a99f214a,5d10921b,0ff80b9d,1,0,1005,15707,320,50,1722,0,35,-1,79,5c62c998cd,21,24
11842860162258169469,14102614,1,1,17caea14,0dde25ec,f028772b,ecad2386,7801e8d9,07d7df22,a99f214a,f6e1aa47,6e1e2240,1,0,1005,16208,320,50,1800,3,167,100079,23,f5e53506e8,8,19
12459546374439425716,14102614,0,0,85f751fd,c4e18dd6,50e219e0,e2a1ca37,2347f47a,8ded1f7a,c4ae6ff2,531bd7b0,7abbbd5c,1,0,1005,17016,320,50,1873,3,39,-1,23,f7b5825050,5,11
12577508597077077043,14102614,0,0,85f751fd,c4e18dd6,50e219e0,9c13b419,2347f47a,f95efa07,a99f214a,2f0a8b37,6384b3b2,1,0,1005,22325,320,50,2577,2,167,-1,23,9c57d5f57d,14,14
12627744616679193149,14102614,0,0,9e8e8d09,16a36ef3,50e219e0,ecad2386,7801e8d9,07d7df22,3dc65b2d,16dcd42a,a9b05547,0,0,1002,5296,320,50,479,3,39,100075,23,7c0175048f,6,6
12809127216614582039,14102614,0,0,2b1ddb24,98acf46c,3e814130,ecad2386,7801e8d9,07d7df22,a99f214a,eef337ef,8a4875bd,1,0,1005,19950,320,50,1800,3,167,100079,23,ba677aa105,1,11
12967917044017649899,14102614,1,1,5b4d2eda,16a36ef3,f028772b,ecad2386,7801e8d9,07d7df22,a99f214a,b58d70ba,1f0bc64f,1,0,1005,19771,320,50,2227,0,935,100075,48,652390c18c,1,25
13795745299081634646,14102614,0,0,1fbe01fe,f3845767,28905ebd,ecad2386,7801e8d9,07d7df22,a99f214a,e4f6e123,8a4875bd,1,0,1005,15708,320,50,1722,0,35,-1,79,629e8573da,1,1
14843837057158581551,14102614,0,0,85f751fd,c4e18dd6,50e219e0,3692fd30,7801e8d9,07d7df22,a99f214a,0aa371e4,aad45b01,1,0,1012,19743,320,50,2264,3,427,100000,61,7efeaf68d7,39,39
16218351670401262769,14102614,0,1,85f751fd,c4e18dd6,50e219e0,8c0dcd5a,7801e8d9,0f2161f8,0018254d,44188d95,b4d21d55,5,0,1010,15385,320,50,1685,3,35,100176,42,4cb7d90d73,5,14
16675826683991142163,14102614,0,0,259b7ff3,9532330b,76b2941d,ecad2386,7801e8d9,07d7df22,a99f214a,0ced5759,36b67a2a,1,0,1005,9438,320,50,898,3,427,100005,61,89095934c5,2,6
16898439088907287177,14102614,0,1,a7853007,7e091613,f028772b,ecad2386,7801e8d9,07d7df22,a99f214a,2f323f36,3bb1ddd7,1,0,1005,22246,320,50,2566,3,41,100156,42,60e7c9e07c,1,1
17008377780504022025,14102614,0,1,d9750ee7,98572c79,f028772b,ecad2386,7801e8d9,07d7df22,a99f214a,a93bc2ae,44956a24,1,2,1005,18094,320,50,2060,3,39,-1,23,37279750e4,4,4
18130297188053246297,14102614,1,0,85f751fd,c4e18dd6,50e219e0,e2fcccd2,5c5a694b,0f2161f8,966dcb7d,9b2a2e3a,e1f641eb,1,0,1005,20634,320,50,2374,3,39,-1,23,a4aab49ea2,5,9
3058382191319341781,14102614,1,1,d9750ee7,98572c79,f028772b,ecad2386,7801e8d9,07d7df22,a99f214a,48151129,49ea3580,1,0,1005,17753,320,50,1993,2,1063,100083,33,a68b797149,24,29
3193025382499368251,14102614,0,0,85f751fd,c4e18dd6,50e219e0,febd1138,82e27996,0f2161f8,a99f214a,4c748e91,321f8b9d,1,0,1005,21611,320,50,2480,3,297,100111,61,dfaef0f3af,5,7
3320893695204080202,14102614,0,0,85f751fd,c4e18dd6,50e219e0,970698bd,dcdba109,0f2161f8,0915cdd0,42684bce,a5bce124,1,0,1005,8330,320,50,761,3,175,100074,23,a791a17d13,11,11
374189522000769451,14102614,0,0,4077d6f1,08facbad,50e219e0,ecad2386,7801e8d9,07d7df22,29800515,516f7c3a,08ac11ab,0,0,1002,5299,320,50,479,3,39,100074,23,f2b5f9da4a,13,14
3931485779860707610,14102614,0,1,85f751fd,c4e18dd6,50e219e0,03a08c3f,7801e8d9,0f2161f8,2c34ade7,959b6e50,f07e20f8,4,0,1010,15705,320,50,1722,0,35,-1,79,d071e64a03,2,14
4141091340949334381,14102614,1,0,85f751fd,c4e18dd6,50e219e0,e2fcccd2,5c5a694b,0f2161f8,05b66594,3f0f9e9f,13555279,1,0,1005,20634,320,50,2374,3,39,-1,23,5136886dbd,5,5
4742964474250031320,14102614,0,1,5ee41ff2,17d996e6,f028772b,ecad2386,7801e8d9,07d7df22,a99f214a,60b1ea2b,6e1e2240,1,0,1005,8330,320,50,761,3,175,-1,23,398c393358,4,10
5568434711645496090,14102614,0,0,1fbe01fe,f3845767,28905ebd,ecad2386,7801e8d9,07d7df22,a99f214a,a796f6eb,8a4875bd,1,0,1005,15702,320,50,1722,0,35,-1,79,ee038b63f3,6,9
6136572160977745684,14102614,0,1,5ee41ff2,17d996e6,f028772b,ecad2386,7801e8d9,07d7df22,a99f214a,1edd952b,3e7932d7,1,0,1005,20251,320,50,2323,0,687,100081,48,7efa7b1ffb,1,5
6809252866688456925,14102614,1,0,1f40797f,fff602a2,3e814130,ecad2386,7801e8d9,07d7df22,a99f214a,23f19b10,47a346ac,1,0,1005,20006,320,50,2283,0,163,-1,95,02c9fccdd6,20,30
7063161757622863589,14102614,0,0,1fbe01fe,f3845767,28905ebd,ecad2386,7801e8d9,07d7df22,a99f214a,1f7e16d5,779d90c2,1,0,1005,20108,320,50,2299,2,1327,-1,52,3baedd8abc,19,21
779424003410891986,14102614,0,1,a7853007,7e091613,f028772b,ecad2386,7801e8d9,07d7df22,a99f214a,6394f6f6,bb2ea497,1,0,1005,22267,320,50,2566,3,41,100156,42,91d54a1066,1,1
8432379518855070914,14102614,0,0,85f751fd,c4e18dd6,50e219e0,e2a1ca37,2347f47a,8ded1f7a,a99f214a,c5ef0e61,1ccc7835,1,0,1005,17017,320,50,1873,3,39,-1,23,559ab6afa0,11,11
10178483065556545619,14102615,1,0,85f751fd,c4e18dd6,50e219e0,5b2f08ec,2347f47a,4ce2e9fc,3817972c,a1920235,e47f989b,1,3,1005,377,320,50,112,3,1319,100128,15,60daa57a98,18,23
10187213536503376273,14102615,0,0,5b08c53b,7687a86e,3e814130,ecad2386,7801e8d9,07d7df22,a99f214a,e82da5ff,cfae4c91,1,0,1005,20019,300,250,2286,3,39,100075,23,ec3ddfce46,14,18
10776118364736022321,14102615,0,0,a831e579,8a429b45,f028772b,ecad2386,7801e8d9,07d7df22,a99f214a,e94c9c8c,1f0bc64f,1,0,1005,19637,320,50,2250,3,167,100176,23,e70e3b716c,1,2
11356135003079046678,14102615,0,0,1fbe01fe,f3845767,28905ebd,ecad2386,7801e8d9,07d7df22,a99f214a,4327d11b,0f086703,1,0,1005,20108,320,50,2299,2,1327,100084,52,858d030de8,3,3
11357409964280194926,14102615,0,1,85f751fd,c4e18dd6,50e219e0,03a08c3f,7801e8d9,0f2161f8,06c0a638,1cf29716,a0f5f879,4,3,1010,15701,320,50,1722,0,35,-1,79,e0c813acc3,1,3
11776374557125220476,14102615,0,1,57fe1b20,5b626596,f028772b,ecad2386,7801e8d9,07d7df22,a99f214a,cc52e713,8a4875bd,1,0,1005,19950,320,50,1800,3,167,100075,23,02c9fccdd6,3,3
12193763585626242013,14102615,0,1,e151e245,7e091613,f028772b,ecad2386,7801e8d9,07d7df22,a99f214a,b0b26886,ecb851b2,1,0,1005,4687,320,50,423,2,39,100148,32,239f316c3b,7,15
14467226482835148797,14102615,0,0,85f751fd,c4e18dd6,50e219e0,51cedd4e,aefc06bd,0f2161f8,a99f214a,aecbc220,816484ae,1,0,1005,21611,320,50,2480,3,297,100111,61,1ecbc789cb,1,3
14784497489471995706,14102615,0,0,5b08c53b,7687a86e,3e814130,ecad2386,7801e8d9,07d7df22,a99f214a,1ef946f1,1f0bc64f,1,0,1005,19015,300,250,2162,2,39,-1,33,6a4662b4f0,6,10
15955669336291747586,14102615,0,0,1fbe01fe,f3845767,28905ebd,ecad2386,7801e8d9,07d7df22,a99f214a,e6b8bceb,d787e91b,1,0,1005,20108,320,50,2299,2,1327,-1,52,7e75aba374,11,11
16546277685264590692,14102615,0,0,85f751fd,c4e18dd6,50e219e0,92f5800b,ae637522,0f2161f8,a99f214a,e8af3e93,2692a96a,1,3,1005,21189,320,50,2424,1,161,100189,71,9747bb2fcb,4,4
16644357198898702551,14102615,1,0,9a977531,a434fa42,f028772b,ecad2386,7801e8d9,07d7df22,a99f214a,838c0ede,6ac9eb05,1,0,1005,19771,320,50,2227,0,935,-1,48,556dcc7766,2,15
17304315154112960748,14102615,0,0,83a0ad1a,5c9ae867,f028772b,ecad2386,7801e8d9,07d7df22,a99f214a,44da75c6,7558c63e,1,0,1005,19771,320,50,2227,0,935,100079,48,59dc11ae7e,2,12
17693499840403434031,14102615,1,1,a6e60555,c4e18dd6,dedf689d,ecad2386,7801e8d9,07d7df22,a99f214a,6fd8a3a5,89deac5a,1,0,1012,15517,320,50,1694,3,35,-1,42,b3eca2fea0,7,7
1772708218097886079,14102615,1,0,d9750ee7,98572c79,f028772b,ecad2386,7801e8d9,07d7df22,a99f214a,bb9fba71,36c6b1de,1,0,1005,18091,320,50,2060,3,39,-1,23,9e8b68f567,1,6
18342580449066874988,14102615,0,0,85f751fd,c4e18dd6,50e219e0,92f5800b,ae637522,0f2161f8,a99f214a,ddf77c0a,0bcabeaf,1,3,1005,21191,320,50,2424,1,161,100190,71,3d899a5583,10,10
2227398509174915998,14102615,0,1,85f751fd,c4e18dd6,50e219e0,fd5f799a,7801e8d9,cef3e649,038ea908,99c43d2e,f07e20f8,4,0,1010,11325,320,50,1174,3,47,100205,23,48a85bbf3b,1,2
2708925276230557631,14102615,0,0,1fbe01fe,f3845767,28905ebd,ecad2386,7801e8d9,07d7df22,a99f214a,b012d0c9,d787e91b,1,0,1005,20108,320,50,2299,2,1327,100084,52,9cbbf4fa15,8,10
3403615540233756646,14102615,0,0,85f751fd,c4e18dd6,50e219e0,92f5800b,ae637522,0f2161f8,a99f214a,da3ea0c9,2b127119,1,2,1005,21189,320,50,2424,1,161,100193,71,973588c794,2,2
4135256473281013800,14102615,0,1,57fe1b20,5b626596,f028772b,ecad2386,7801e8d9,07d7df22,a99f214a,5a1b6017,9fef9da8,1,0,1005,20560,320,50,2271,0,679,100079,48,9919e5f021,1,1
4240864103031233520,14102615,0,1,5b4d2eda,16a36ef3,f028772b,ecad2386,7801e8d9,07d7df22,a99f214a,87136d12,8a4875bd,1,0,1005,20007,320,50,2283,0,163,-1,95,f3b1d89a1e,21,22
4830668428242374014,14102615,0,0,85f751fd,c4e18dd6,50e219e0,92f5800b,ae637522,0f2161f8,a99f214a,b69bf7bb,e1eae715,1,3,1005,21189,320,50,2424,1,161,100193,71,44ed046bad,5,6
52331108360612641,14102615,0,0,61a8c644,948ff336,50e219e0,ecad2386,7801e8d9,07d7df22,01031600,211f96b8,4f18ef0b,0,0,1002,21789,320,50,2512,2,291,-1,52,c220de62ee,19,21
5272624701851172933,14102615,0,1,7dd19f44,9690165f,f028772b,ecad2386,7801e8d9,07d7df22,a99f214a,82e250a4,d787e91b,1,0,1005,20251,320,50,2323,0,687,100081,48,ffcc151137,2,2
5737954794012645238,14102615,0,0,1fbe01fe,f3845767,28905ebd,ecad2386,7801e8d9,07d7df22,a99f214a,5edf1222,2e0de5da,1,2,1005,15699,320,50,1722,0,35,-1,79,46467a936e,2,2
5857105741646097496,14102615,1,0,f58d0bc8,7e3be6ba,f028772b,ecad2386,7801e8d9,07d7df22,a99f214a,b5d15ba7,d787e91b,1,0,1005,22561,320,50,1863,3,39,-1,23,c8b8af9251,1,12
6196106683416240619,14102615,0,1,856e6d3f,58a89a43,f028772b,ecad2386,7801e8d9,07d7df22,a99f214a,94a7f9e5,d4897fef,1,0,1005,18858,320,50,1882,3,35,-1,13,ee5333331c,5,5
6350963526582952806,14102615,0,0,85f751fd,c4e18dd6,50e219e0,03528b27,2347f47a,8ded1f7a,a99f214a,c4d32da7,7abbbd5c,1,0,1005,17017,320,50,1873,3,39,-1,23,10d9804c8f,20,27
8002430769167746071,14102615,0,0,1fbe01fe,f3845767,28905ebd,ecad2386,7801e8d9,07d7df22,a99f214a,12c3d700,711ee120,1,0,1005,15706,320,50,1722,0,35,-1,79,302c5c6a47,1,4
8240764955112551463,14102615,0,0,1fbe01fe,f3845767,28905ebd,ecad2386,7801e8d9,07d7df22,a99f214a,9a5bd915,81b42528,1,0,1005,20108,320,50,2299,2,1327,-1,52,c6769e310f,1,1
8591003108014250911,14102615,1,1,e151e245,7e091613,f028772b,ecad2386,7801e8d9,07d7df22,a99f214a,2a8dd403,5db079b5,1,2,1005,4687,320,50,423,2,39,100148,32,33a3123244,3,10
8661377306509983047,14102615,0,0,1fbe01fe,f3845767,28905ebd,ecad2386,7801e8d9,07d7df22,a99f214a,6bd342cc,d787e91b,1,0,1005,20108,320,50,2299,2,1327,-1,52,5960df0999,20,29
8687578765256605862,14102615,1,0,85f751fd,c4e18dd6,50e219e0,8dbc921a,d9b5648e,0f2161f8,a99f214a,e987edd0,d056b4bf,1,0,1005,21611,320,50,2480,3,297,100111,61,56f18cc18e,3,11
9236488627775714185,14102615,1,1,5b4d2eda,16a36ef3,f028772b,ecad2386,7801e8d9,07d7df22,a99f214a,0dd18856,947f5ef6,1,0,1005,19771,320,50,2227,0,935,100074,48,c17f3843e1,12,23
10240730115923817204,14102616,1,0,1fbe01fe,f3845767,28905ebd,ecad2386,7801e8d9,07d7df22,a99f214a,2a496768,d787e91b,1,0,1005,20108,320,50,2299,2,1327,100084,52,139a2b04d5,3,4
11461569665192487081,14102616,0,0,85f751fd,c4e18dd6,50e219e0,9c13b419,2347f47a,f95efa07,a99f214a,96e63528,8a4875bd,1,0,1005,20128,320,50,2303,2,39,100188,23,96ff729284,2,15
11548795220176879437,14102616,0,0,1fbe01fe,f3845767,28905ebd,ecad2386,7801e8d9,07d7df22,a99f214a,ef81226b,23394dd4,1,0,1005,15706,320,50,1722,0,35,100083,79,ae3766f197,15,24
12786724510254294325,14102616,0,1,856e6d3f,58a89a43,f028772b,ecad2386,7801e8d9,07d7df22,a99f214a,c02c4ddc,d4897fef,1,0,1005,19950,320,50,1800,3,167,100075,23,1de6592607,3,3
1402459888387960905,14102616,0,0,1fbe01fe,f3845767,28905ebd,ecad2386,7801e8d9,07d7df22,a99f214a,9c8438d3,edead9f4,1,0,1005,15706,320,50,1722,0,35,100083,79,e638ea97b5,10,16
14730793013364067810,14102616,1,0,85f751fd,c4e18dd6,50e219e0,e2fcccd2,5c5a694b,0f2161f8,a652dc29,c9a17f0d,be6db1d7,1,0,1005,4687,320,50,423,2,39,100148,32,5f6f70e2d1,1,14
14735234178129040258,14102616,0,0,85f751fd,c4e18dd6,50e219e0,3692fd30,7801e8d9,07d7df22,49483ec9,2e6def0e,0bcabeaf,1,2,1012,19743,320,50,2264,3,427,100000,61,828bbf6d12,1,1
15118229396766880647,14102616,0,0,85f751fd,c4e18dd6,50e219e0,92f5800b,ae637522,0f2161f8,a99f214a,435f1db7,0bcabeaf,1,2,1005,21189,320,50,2424,1,161,-1,71,4609f53e1d,19,40
15291627647084227790,14102616,0,1,57fe1b20,5b626596,f028772b,ecad2386,7801e8d9,07d7df22,a99f214a,2b5e312e,499c1d51,1,0,1005,20312,320,50,1780,0,1711,100077,48,f0a29039e3,1,5
16430263725318014905,14102616,0,1,d9750ee7,98572c79,f028772b,ecad2386,7801e8d9,07d7df22,a99f214a,609800a7,ecb851b2,1,0,1005,17753,320,50,1993,2,1063,100084,33,62bb5756cf,1,1
16599326550402169062,14102616,1,0,1fbe01fe,f3845767,28905ebd,ecad2386,7801e8d9,07d7df22,a99f214a,9c6f08e4,36c6b1de,1,0,1005,15707,320,50,1722,0,35,-1,79,9f04f3e735,11,12
16661897599926360974,14102616,0,1,0a742914,510bd839,f028772b,ecad2386,7801e8d9,07d7df22,a99f214a,aa28eaf0,76dc4769,1,0,1005,21413,320,50,2467,2,167,100075,23,8338be01a3,16,16
16815549207387986943,14102616,0,0,83a0ad1a,5c9ae867,f028772b,ecad2386,7801e8d9,07d7df22,a99f214a,4113727e,8a4875bd,1,0,1005,19950,320,50,1800,3,167,100075,23,a6dad2c2ef,2,4
16945117694801179404,14102616,1,0,1fbe01fe,f3845767,28905ebd,ecad2386,7801e8d9,07d7df22,a99f214a,0377875a,8ce34352,1,0,1005,20108,320,50,2299,2,1327,-1,52,c95cc22614,13,13
17118119460945902624,14102616,0,0,1fbe01fe,f3845767,28905ebd,ecad2386,7801e8d9,07d7df22,a99f214a,1532709e,07c99d84,1,0,1005,15707,320,50,1722,0,35,-1,79,2bc0ef2d4e,3,5
17875325459733395423,14102616,0,0,7294ea0f,863fa89d,3e814130,ecad2386,7801e8d9,07d7df22,a99f214a,73d5c0a5,5db079b5,1,2,1005,17239,320,50,1973,3,39,100148,23,a5d124d5ad,1,1
4602239869614326185,14102616,1,1,0a742914,510bd839,f028772b,ecad2386,7801e8d9,07d7df22,a99f214a,d29ca27a,d4897fef,1,0,1005,16208,320,50,1800,3,167,-1,23,034a50b8b1,15,21
4833898903465028551,14102616,0,1,b7e9786d,b12b9f85,f028772b,ecad2386,7801e8d9,07d7df22,a99f214a,7345dd3b,8f5c9827,1,0,1005,19772,320,50,2227,0,935,-1,48,b5a2f67100,1,14
7491861102431634552,14102616,0,0,6256f5b4,28f93029,f028772b,ecad2386,7801e8d9,07d7df22,a99f214a,79a1617b,36a30aeb,1,0,1005,15701,320,50,1722,0,35,-1,79,211a42db33,18,21
8403613809937890624,14102616,0,1,85f751fd,c4e18dd6,50e219e0,5925dba2,b9528b13,0f2161f8,9438dc37,200a0154,ef726eae,1,0,1005,15703,320,50,1722,0,35,-1,79,9f04f3e735,6,15
9314977786000473522,14102616,0,1,85f751fd,c4e18dd6,50e219e0,03a08c3f,7801e8d9,0f2161f8,ca9d93c4,bb7c989b,f07e20f8,4,3,1010,15702,320,50,1722,0,35,100083,79,cab5543568,7,16
9752896789555262387,14102616,0,0,26fa1946,e2a5dc06,3e814130,ecad2386,7801e8d9,07d7df22,a99f214a,75cfcec0,76dc4769,1,0,1005,20008,320,50,2283,0,163,100076,95,20c85be01c,3,17
1027925855742257059,14102617,0,0,4d44ed5a,232edce7,50e219e0,ecad2386,7801e8d9,07d7df22,94498659,b18a93d5,12edfe21,0,0,1002,5299,320,50,479,3,39,-1,23,3006b2fc0c,21,24
10639262308107771760,14102617,0,0,1fbe01fe,f3845767,28905ebd,ecad2386,7801e8d9,07d7df22,a99f214a,d06c9d92,36d749e5,1,0,1005,15707,320,50,1722,0,35,-1,79,33ac35e075,4,7
10677733318596651150,14102617,0,0,85f751fd,c4e18dd6,50e219e0,92f5800b,ae637522,0f2161f8,a99f214a,b1292a94,496515fa,1,2,1005,18588,320,50,2104,0,559,-1,171,15305ac6d3,3,3
10933325248641935961,14102617,0,1,0a742914,510bd839,f028772b,ecad2386,7801e8d9,07d7df22,a99f214a,6eb24c19,597f7364,1,0,1005,19878,320,50,2271,0,679,100074,48,a9f80c2f51,1,17
11877242352699766838,14102617,0,1,17caea14,0dde25ec,f028772b,ecad2386,7801e8d9,07d7df22,a99f214a,b22f52c8,a5bce124,1,0,1005,21413,320,50,2467,2,167,100074,23,4d5140fcc6,15,38
12582998889297560573,14102617,0,0,93eaba74,7687a86e,3e814130,ecad2386,7801e8d9,07d7df22,a99f214a,431b3174,cd5b1559,1,2,1005,17654,300,250,1994,2,39,-1,33,abd592f5ee,5,11
13009091619780098383,14102617,0,0,1fbe01fe,f3845767,28905ebd,ecad2386,7801e8d9,07d7df22,a99f214a,6e4e1085,bb42f6ff,1,0,1005,20108,320,50,2299,2,1327,100084,52,bc41ce692b,2,7
13203330073430113791,14102617,0,0,c54454a2,82a5aac9,50e219e0,ecad2386,7801e8d9,07d7df22,50b8b214,8f1d8b59,072c9f1e,0,0,1002,17081,320,50,1921,3,47,100075,23,8cbead677a,3,10
14853577447573349477,14102617,1,0,4bf5bbe2,6b560cc1,28905ebd,ecad2386,7801e8d9,07d7df22,a99f214a,c7df7303,7fdd04d2,1,0,1005,19665,320,50,2253,2,303,100072,52,669a381458,3,5
3149892007379383473,14102617,0,1,e151e245,7e091613,f028772b,ecad2386,7801e8d9,07d7df22,a99f214a,fd5d01df,d6e0e6ff,1,0,1005,21679,320,50,2495,2,167,-1,23,4cbd26faea,1,1
5013894480022977063,14102617,1,0,d6137915,bb1ef334,f028772b,ecad2386,7801e8d9,07d7df22,a99f214a,9a11a9e6,9efa421a,1,0,1005,19772,320,50,2227,0,935,100075,48,91f83bfd82,2,7
5700134247659685706,14102617,0,1,e151e245,7e091613,f028772b,ecad2386,7801e8d9,07d7df22,a99f214a,26d50260,1f0bc64f,1,0,1005,17747,320,50,1974,2,39,-1,33,2cce0a2113,6,10
5927719188011642540,14102617,1,0,5b08c53b,7687a86e,3e814130,ecad2386,7801e8d9,07d7df22,a99f214a,08905121,f87e93a5,1,0,1005,17654,300,250,1994,2,39,-1,33,cb7b65ec88,11,18
6792743599483824189,14102617,0,0,f4959604,7256c623,f028772b,ecad2386,7801e8d9,07d7df22,a99f214a,391195d1,6afc734f,1,0,1005,8330,320,50,761,3,175,100074,23,f13ac2cddc,1,1
7367883521264354555,14102617,0,1,e151e245,7e091613,f028772b,ecad2386,7801e8d9,07d7df22,a99f214a,0e86f78c,9f8d0424,1,0,1005,20394,320,50,2340,3,1065,100111,159,7b8a55d166,1,1
7487954934579526247,14102617,0,1,e8f79e60,c4342784,f028772b,ecad2386,7801e8d9,07d7df22,a99f214a,114fb083,9a85810a,1,0,1005,22541,320,50,2601,2,167,100074,23,7e0fc621a7,1,1
8559830489617305727,14102617,1,0,6509a456,f3576c7b,28905ebd,ecad2386,7801e8d9,07d7df22,a99f214a,9753db0a,05e5b48a,1,0,1005,20016,300,250,2285,2,39,100060,23,6457255b54,2,5
8568787362261286570,14102617,0,0,85f751fd,c4e18dd6,50e219e0,92f5800b,ae637522,0f2161f8,a99f214a,48e3d4b1,e1eae715,1,3,1005,21189,320,50,2424,1,161,100193,71,949b9e042d,9,20
8609758315906951038,14102617,0,0,85f751fd,c4e18dd6,50e219e0,54c5d545,2347f47a,0f2161f8,987552d1,578478de,ef726eae,1,0,1005,17016,320,50,1873,3,39,-1,23,14365bf3eb,23,32
10221901445922754488,14102618,0,0,6256f5b4,28f93029,f028772b,ecad2386,7801e8d9,07d7df22,a99f214a,7abf9d70,9e3836ff,1,0,1005,22554,320,50,1863,3,39,-1,23,f09c6e063c,2,16
10952550139549431811,14102618,0,0,85f751fd,c4e18dd6,50e219e0,92f5800b,ae637522,0f2161f8,a99f214a,836a1c87,496515fa,1,3,1005,21189,320,50,2424,1,161,100189,71,beb297b77c,16,16
118407764260683658,14102618,0,0,1fbe01fe,f3845767,28905ebd,ecad2386,7801e8d9,07d7df22,a99f214a,e9aa0aa1,d4527c28,1,0,1005,20108,320,50,2299,2,1327,-1,52,dff0e25e81,5,9
13203330043479432684,14102618,1,0,1fbe01fe,f3845767,28905ebd,ecad2386,7801e8d9,07d7df22,a99f214a,9687c217,cd5b1559,1,2,1005,15707,320,50,1722,0,35,-1,79,d6eabe73b5,1,1
14699978737351082055,14102618,0,0,85f751fd,c4e18dd6,50e219e0,92f5800b,ae637522,0f2161f8,a99f214a,3a21dcc0,e1eae715,1,3,1005,21189,320,50,2424,1,161,100190,71,1ecbc789cb,12,14
14889271976586105147,14102618,0,0,1fbe01fe,f3845767,28905ebd,ecad2386,7801e8d9,07d7df22,a99f214a,c3da72c8,1ccc7835,1,0,1005,15702,320,50,1722,0,35,-1,79,18b763af8a,15,21
15382474876255849460,14102618,0,0,1fbe01fe,f3845767,28905ebd,ecad2386,7801e8d9,07d7df22,a99f214a,11293a96,f39b265e,1,0,1005,15703,320,50,1722,0,35,100084,79,bcd07f42ff,1,4
1551908058732209630,14102618,1,1,5b4d2eda,16a36ef3,f028772b,ecad2386,7801e8d9,07d7df22,a99f214a,33cff67f,5ec45883,1,0,1005,19771,320,50,2227,0,935,100074,48,b217d6425a,4,15
15628540302017983276,14102618,0,0,85f751fd,c4e18dd6,50e219e0,e2fcccd2,5c5a694b,0f2161f8,a99f214a,0d981955,d787e91b,1,0,1005,21679,320,50,2495,2,167,-1,23,6072505ab1,3,6
1679786167458439731,14102618,0,0,1fbe01fe,f3845767,28905ebd,ecad2386,7801e8d9,07d7df22,a99f214a,73af28cd,76f67383,1,0,1005,15701,320,50,1722,0,35,100083,79,a12f076438,18,32
17658915657079931294,14102618,1,0,bb4524e7,d733bbc3,28905ebd,ecad2386,7801e8d9,07d7df22,a99f214a,7f51860c,d4897fef,1,0,1005,16859,320,50,1887,3,39,-1,23,541df2b27b,5,8
17732399601081859841,14102618,0,0,fec6e632,ace5b8fd,3e814130,ecad2386,7801e8d9,07d7df22,a99f214a,55f5b132,8a4875bd,1,0,1005,20005,320,50,2283,0,163,-1,95,62e60dcba2,3,9
1901526701992302208,14102618,0,0,1fbe01fe,f3845767,28905ebd,ecad2386,7801e8d9,07d7df22,a99f214a,5219300a,8a4875bd,1,0,1005,15705,320,50,1722,0,35,100083,79,dba3bdb48c,5,31
2579668121372704232,14102618,0,0,6c5b482c,7687a86e,3e814130,ecad2386,7801e8d9,07d7df22,a99f214a,a8c2b6fc,7fdd04d2,1,0,1005,17654,300,250,1994,2,39,100084,33,0facb6c819,16,23
3959309021392232861,14102618,0,0,1fbe01fe,f3845767,28905ebd,ecad2386,7801e8d9,07d7df22,a99f214a,3b4e6766,2203a096,1,0,1005,15704,320,50,1722,0,35,-1,79,d849dde98d,2,5
4258178810538405620,14102618,1,0,85f751fd,c4e18dd6,50e219e0,92f5800b,ae637522,0f2161f8,a99f214a,2a784dd9,e1eae715,1,3,1005,21191,320,50,2424,1,161,100192,71,c7c2c6ffa6,14,23
4267497811478757033,14102618,1,1,e151e245,7e091613,f028772b,ecad2386,7801e8d9,07d7df22,a99f214a,560b760f,1ce979ed,1,0,1005,17014,320,50,1872,3,39,-1,23,64307519a9,38,56
5031548658917855673,14102618,0,0,85f751fd,c4e18dd6,50e219e0,9c13b419,2347f47a,f95efa07,a99f214a,296005c1,d787e91b,1,0,1005,18094,320,50,2060,3,39,-1,23,398a11d5eb,20,37
5043847088081146931,14102618,0,0,1fbe01fe,f3845767,28905ebd,ecad2386,7801e8d9,07d7df22,a99f214a,56146278,7dc3b26e,1,0,1005,15708,320,50,1722,0,35,100084,79,1050e1bb4e,3,5
6254859449591186145,14102618,0,1,d9750ee7,98572c79,f028772b,ecad2386,7801e8d9,07d7df22,a99f214a,2cbf0b6e,8a4875bd,1,0,1005,6393,320,50,547,3,47,-1,23,8ed978856a,2,2
6305868969623876079,14102618,0,0,1fbe01fe,f3845767,28905ebd,ecad2386,7801e8d9,07d7df22,a99f214a,ca91ff47,9c7b6730,1,0,1005,15708,320,50,1722,0,35,100083,79,b220ce7552,2,3
7315010853291775492,14102618,0,0,85f751fd,c4e18dd6,50e219e0,3692fd30,7801e8d9,07d7df22,11b97c4a,29e25a90,a1e96627,1,2,1012,17877,320,50,2036,3,47,100111,156,4d2bcd46ee,1,7
74007258996351641,14102618,0,0,85f751fd,c4e18dd6,50e219e0,54c5d545,2347f47a,0f2161f8,bae61e5e,3e71d03e,d9a2d3a9,1,0,1005,16688,320,50,1873,3,39,-1,23,ff983569d9,5,6
9405986184477764183,14102618,0,0,85f751fd,c4e18dd6,50e219e0,9c13b419,2347f47a,f95efa07,a99f214a,1743a5c0,1ccc7835,1,0,1005,20634,320,50,2374,3,39,-1,23,e80ed9693c,1,16
9732724224930855234,14102618,0,0,569cb34d,1e0acfb4,50e219e0,ecad2386,7801e8d9,07d7df22,6a942080,af2dbf84,0e88538f,0,0,1002,5299,320,50,479,3,39,100077,23,4e3bd945d0,2,2
9786693963329380437,14102618,0,1,e151e245,7e091613,f028772b,ecad2386,7801e8d9,07d7df22,a99f214a,6fc8f441,90df9d44,1,0,1005,17262,320,50,1872,3,39,-1,23,6c06082c5c,9,20
11406257616472626273,14102619,0,0,85f751fd,c4e18dd6,50e219e0,e2fcccd2,5c5a694b,0f2161f8,a99f214a,d29c79a5,05e70df4,1,0,1005,6558,320,50,571,2,39,-1,32,3e25b1ff03,4,20
11905400321669549147,14102619,0,0,1fbe01fe,f3845767,28905ebd,ecad2386,7801e8d9,07d7df22,a99f214a,5bb25108,711ee120,1,0,1005,15701,320,50,1722,0,35,100084,79,02a87e2a8f,3,10
13121510948091725283,14102619,0,0,26fa1946,e2a5dc06,3e814130,ecad2386,7801e8d9,07d7df22,a99f214a,752193ea,1f0bc64f,1,0,1005,17239,320,50,1973,3,39,-1,23,52b0bd8d78,1,1
17617309140698719832,14102619,0,0,85f751fd,c4e18dd6,50e219e0,e2fcccd2,5c5a694b,0f2161f8,a722d001,0a0479fb,034b811d,1,0,1005,20632,320,50,2374,3,39,-1,23,074ae1ea66,1,2
3016740005366523360,14102619,0,0,1fbe01fe,f3845767,28905ebd,ecad2386,7801e8d9,07d7df22,a99f214a,78ef3f3d,2203a096,1,0,1005,15705,320,50,1722,0,35,100084,79,cd5ea6fac8,1,4
5048878743241844681,14102619,0,0,4adf86b9,e2b020ce,f028772b,ecad2386,7801e8d9,07d7df22,a99f214a,1bc8c883,d787e91b,1,0,1012,20750,320,50,2397,3,425,100002,82,507836381c,2,7
6076321771694351229,14102619,0,0,6399eda6,968765cd,f028772b,ecad2386,7801e8d9,07d7df22,a99f214a,dd10fb0c,1f0bc64f,1,0,1005,20251,320,50,2323,0,687,100081,48,921ed98aa3,41,43
645037665384485607,14102619,0,1,3dc2d6de,e2a5dc06,3e814130,ecad2386,7801e8d9,07d7df22,a99f214a,9fd751e9,d14c4241,1,0,1005,19771,320,50,2227,0,935,-1,48,c3607b676d,32,34
6886495840826606871,14102619,1,0,85f751fd,c4e18dd6,50e219e0,febd1138,82e27996,0f2161f8,a99f214a,3a3d6e4a,99e427c9,1,0,1005,19743,320,50,2264,3,427,100000,61,532308886c,1,9
7634471309101198255,14102619,1,1,e151e245,7e091613,f028772b,ecad2386,7801e8d9,07d7df22,a99f214a,50f063c8,ecb851b2,1,0,1005,4687,320,50,423,2,39,100148,32,308100931c,3,7
8053565677494575537,14102619,0,0,85f751fd,c4e18dd6,50e219e0,92f5800b,ae637522,0f2161f8,a99f214a,babc655a,e1eae715,1,3,1005,21191,320,50,2424,1,161,100193,71,634ca9f7e8,4,18
15311547418872598223,14102620,0,0,1fbe01fe,f3845767,28905ebd,ecad2386,7801e8d9,07d7df22,a99f214a,0489ce3f,8a4875bd,1,0,1005,15701,320,50,1722,0,35,-1,79,7b8a88f49b,19,45
15482700305031639556,14102620,0,0,85f751fd,c4e18dd6,50e219e0,92f5800b,ae637522,0f2161f8,a99f214a,0c1f86fd,0bcabeaf,1,3,1005,21191,320,50,2424,1,161,100191,71,ec3ddfce46,7,8
15542516512916704883,14102620,0,0,1fbe01fe,f3845767,28905ebd,ecad2386,7801e8d9,07d7df22,a99f214a,e35fac00,8a4875bd,1,0,1005,15705,320,50,1722,0,35,100084,79,6dcf90a165,3,9
16049412413654850717,14102620,0,1,e151e245,7e091613,f028772b,ecad2386,7801e8d9,07d7df22,a99f214a,4f238f1b,2db63e92,1,0,1005,4687,320,50,423,2,39,100148,32,c209e30e9f,6,19
180236864093491885,14102620,0,0,85f751fd,c4e18dd6,50e219e0,92f5800b,ae637522,0f2161f8,a99f214a,3e2a552f,981edffc,1,3,1005,21189,320,50,2424,1,161,100191,71,4dff5680ff,1,22
3237377004410015394,14102620,1,0,4bf5bbe2,6b560cc1,28905ebd,ecad2386,7801e8d9,07d7df22,a99f214a,015135c1,e9b8d8d7,1,0,1005,20634,320,50,2374,3,39,-1,23,cb7b65ec88,2,5
4765820881874808302,14102620,0,0,6256f5b4,28f93029,f028772b,ecad2386,7801e8d9,07d7df22,a99f214a,bdc635ed,84ebbcd4,1,0,1005,20634,320,50,2374,3,39,-1,23,eb98f404b3,1,3
6474690035260126546,14102620,0,1,cffc1324,bc63ea42,335d28a8,ecad2386,7801e8d9,07d7df22,a99f214a,0d330a74,31442f32,1,0,1005,19772,320,50,2227,0,935,-1,48,629e8573da,4,9
6786554621763804259,14102620,0,0,93eaba74,7687a86e,3e814130,ecad2386,7801e8d9,07d7df22,a99f214a,a4922916,9efa421a,1,0,1005,20093,300,250,2295,2,35,-1,23,0ecbd4e009,10,11
7603258747602286718,14102620,0,0,929d2171,aa785047,3e814130,ecad2386,7801e8d9,07d7df22,a99f214a,529e0429,ce576f14,1,0,1005,13782,320,50,1447,2,47,-1,13,5b699a97cb,12,13
8664341581872116912,14102620,0,0,85f751fd,c4e18dd6,50e219e0,e2fcccd2,5c5a694b,0f2161f8,d6a3c8aa,778ceedf,9801dcd7,1,0,1005,4687,320,50,423,2,39,100148,32,baa1ecad30,3,14
13252565794769227438,14102621,0,1,ce3307ec,7e091613,f028772b,ecad2386,7801e8d9,07d7df22,a99f214a,f6e73adc,8b65b455,1,0,1005,20394,320,50,2340,3,1065,100111,159,19d1a86670,1,7
14886587932470690323,14102621,0,0,85f751fd,c4e18dd6,50e219e0,98fed791,d9b5648e,0f2161f8,a99f214a,a4bb9450,a4b6f65b,1,0,1005,20508,320,50,2351,3,163,-1,61,7aa12e2064,2,4
1612216834011654280,14102621,0,0,12fb4121,6b59f079,f028772b,ecad2386,7801e8d9,07d7df22,a99f214a,fbc6dbe5,ecb851b2,1,0,1005,22554,320,50,1863,3,39,100119,23,2dc6c188e8,2,5
196816234951881851,14102621,0,0,85f751fd,c4e18dd6,50e219e0,febd1138,82e27996,0f2161f8,a99f214a,77393191,9b5ce758,1,0,1005,21611,320,50,2480,3,297,100111,61,f7dc169600,1,9
7657525199306975988,14102621,1,0,6c5b482c,7687a86e,3e814130,ecad2386,7801e8d9,07d7df22,a99f214a,f8259374,84ebbcd4,1,0,1005,17654,300,250,1994,2,39,-1,33,866a587f23,5,7
14671299099142695764,14102622,0,1,e151e245,7e091613,f028772b,ecad2386,7801e8d9,07d7df22,a99f214a,b3c71f2a,85891c2e,1,2,1005,17747,320,50,1974,2,39,-1,33,db5b12eb09,2,2
15717611127524927385,14102622,1,0,85f751fd,c4e18dd6,50e219e0,e2fcccd2,5c5a694b,0f2161f8,2099a51b,7b1c0cb6,e981565c,1,0,1005,20632,320,50,2374,3,39,-1,23,77a255df09,12,17
16078308653908981114,14102622,0,0,85f751fd,c4e18dd6,50e219e0,ce183bbd,ae637522,cef3e649,a99f214a,4544269a,36b67a2a,1,0,1005,22514,320,50,2597,1,167,100005,71,ab812a8ab4,1,4
1694302970061431057,14102622,1,0,5b08c53b,7687a86e,3e814130,ecad2386,7801e8d9,07d7df22,a99f214a,227e1ae7,1c6a881d,1,2,1005,17654,300,250,1994,2,39,100084,33,04d5168971,2,10
2282182347425720687,14102622,0,0,4bdfbbaf,2ec930cc,f028772b,ecad2386,7801e8d9,07d7df22,a99f214a,c2a78050,36b67a2a,1,0,1005,21817,300,250,2519,1,171,100191,71,b90ece4679,4,27
24016936987751707,14102622,0,0,1fbe01fe,f3845767,28905ebd,ecad2386,7801e8d9,07d7df22,a99f214a,4da034bf,3bd9e8e7,1,0,1005,15707,320,50,1722,0,35,-1,79,af387ec9c5,7,7
5305427338443913592,14102622,1,0,85f751fd,c4e18dd6,50e219e0,9c13b419,2347f47a,f95efa07,a99f214a,7ed30f6c,13555279,1,0,1005,20634,320,50,2374,3,39,-1,23,6eec479efa,2,3
5383300131259693581,14102622,0,0,85f751fd,c4e18dd6,50e219e0,98fed791,d9b5648e,0f2161f8,a99f214a,9c47a7f4,aad45b01,1,0,1005,19743,320,50,2264,3,427,100000,61,5e4bb36db0,14,16
805253956654544817,14102622,0,0,1fbe01fe,f3845767,28905ebd,ecad2386,7801e8d9,07d7df22,a99f214a,955596ef,be87996b,1,2,1005,15708,320,50,1722,0,35,100084,79,828bbf6d12,1,2
8603221602465218158,14102622,1,0,61a8c644,c4e18dd6,50e219e0,ecad2386,7801e8d9,07d7df22,69970b13,7da0023a,f9ba9057,0,0,1002,21789,320,50,2512,2,291,-1,52,3778204cb3,31,72
9577900092038625735,14102622,0,0,85f751fd,c4e18dd6,50e219e0,febd1138,82e27996,0f2161f8,a99f214a,9e1c3019,aad45b01,1,0,1005,21611,320,50,2480,3,297,100111,61,6a114cd2ff,21,26
12062838776129832592,14102623,0,0,1fbe01fe,f3845767,28905ebd,ecad2386,7801e8d9,07d7df22,a99f214a,b580a003,06fbfd42,1,0,1005,15699,320,50,1722,0,35,100084,79,990e2a0a11,4,17
13068521115958456184,14102623,0,0,5e03b073,7405f3ba,28905ebd,ecad2386,7801e8d9,07d7df22,a99f214a,316a2762,eaee5fc3,1,2,1005,20346,300,250,2331,2,39,-1,23,b42616a72a,29,30
16884679957628295787,14102623,1,0,f9c69707,e16ceb4b,28905ebd,ecad2386,7801e8d9,07d7df22,a99f214a,b4ced705,e47f989b,1,0,1005,20345,300,250,2331,2,39,-1,23,b9e31efbab,3,12
17130263971016852328,14102623,0,1,e151e245,7e091613,f028772b,ecad2386,7801e8d9,07d7df22,a99f214a,351aef13,eee53df3,1,0,1005,20391,320,50,2340,3,1065,100111,159,517bd19edf,1,9
18326689725022214300,14102623,0,0,68473417,d99743c9,f028772b,ecad2386,7801e8d9,07d7df22,a99f214a,75e1c583,a0f5f879,1,0,1005,17239,320,50,1973,3,39,-1,23,91070b35ce,1,3
3755344312828335421,14102623,0,1,e151e245,7e091613,f028772b,ecad2386,7801e8d9,07d7df22,a99f214a,33084326,a5bce124,1,0,1005,17583,320,50,1991,2,39,100084,33,5c4189ce81,2,3
577415874047859955,14102623,0,0,1fbe01fe,f3845767,28905ebd,ecad2386,7801e8d9,07d7df22,a99f214a,455ac94d,8a4875bd,1,0,1005,15706,320,50,1722,0,35,-1,79,1ecbc789cb,2,6
5777176956538285557,14102623,0,0,85f751fd,c4e18dd6,50e219e0,92f5800b,ae637522,0f2161f8,a99f214a,51343825,2692a96a,1,3,1005,21189,320,50,2424,1,161,100189,71,fcb7a40e66,15,15
6760852286165625560,14102623,0,1,e151e245,7e091613,f028772b,ecad2386,7801e8d9,07d7df22,a99f214a,862bb21f,d4897fef,1,0,1005,21687,320,50,2495,2,167,-1,23,fb42254591,2,2
8161152797871941788,14102623,0,1,e151e245,7e091613,f028772b,ecad2386,7801e8d9,07d7df22,a99f214a,a0b95439,36b67a2a,1,0,1005,20391,320,50,2340,3,1065,100111,159,e3d8157e68,1,13
1518225228365327341,14102700,0,0,1fbe01fe,f3845767,28905ebd,ecad2386,7801e8d9,07d7df22,a99f214a,0afbe325,d787e91b,1,0,1005,22255,320,50,2545,0,167,-1,221,2f6583e2c1,21,23
15429166475868341414,14102700,0,0,5b08c53b,7687a86e,3e814130,ecad2386,7801e8d9,07d7df22,a99f214a,539fb81a,76dc4769,1,0,1005,17653,300,250,1994,2,39,-1,33,d44db17c41,13,19
16903718108491047450,14102700,0,0,85f751fd,c4e18dd6,50e219e0,92f5800b,ae637522,0f2161f8,a99f214a,5c3000b1,0bcabeaf,1,3,1005,21191,320,50,2424,1,161,100193,71,8f6bcee446,5,14
3156737501719428998,14102700,0,0,85f751fd,c4e18dd6,50e219e0,e2fcccd2,5c5a694b,0f2161f8,a99f214a,54ba2332,89416188,1,0,1005,4687,320,50,423,2,39,100148,32,f775fd6018,12,16
9073966846894855775,14102700,0,0,85f751fd,c4e18dd6,50e219e0,3c4b944d,2347f47a,0f2161f8,055fa0f9,28ae2b98,d787e91b,1,0,1005,22541,320,50,2601,2,167,100081,23,2be707a5d4,8,24
12424537151401828832,14102701,1,0,1fbe01fe,f3845767,28905ebd,ecad2386,7801e8d9,07d7df22,a99f214a,ba62bb5e,76dc4769,1,0,1005,22104,320,50,2545,0,167,100084,221,0dcb0b4daf,7,7
14678586363924089297,14102701,0,1,d9750ee7,98572c79,f028772b,ecad2386,7801e8d9,07d7df22,a99f214a,8ea92fd9,84ebbcd4,1,0,1005,17753,320,50,1993,2,1063,100083,33,2ffff24450,10,18
14814488187301312285,14102701,0,0,85f751fd,c4e18dd6,50e219e0,255a58c8,7801e8d9,07d7df22,f35d479c,6762def9,180ba986,0,0,1002,22672,320,50,2615,0,303,100111,70,44b7c8655c,2,2
15175613187550164121,14102701,1,0,85f751fd,c4e18dd6,50e219e0,27550a3c,7801e8d9,07d7df22,82024085,49515450,225ca2b0,0,0,1002,22672,320,50,2615,0,43,100111,70,cb17f09bd6,1,2
15483608901095143038,14102701,1,0,85f751fd,c4e18dd6,50e219e0,27550a3c,7801e8d9,07d7df22,859aac3a,2122c3c9,08ac11ab,0,0,1002,22672,320,50,2615,0,303,100111,70,e80ed9693c,4,4
17278575426809290848,14102701,0,0,85f751fd,c4e18dd6,50e219e0,a37bf1e4,7801e8d9,07d7df22,e0b39e68,0bf6950d,c978d6f5,0,0,1002,22672,320,50,2615,0,41,100111,70,521466df77,41,46
17896989058760670718,14102701,0,1,856e6d3f,58a89a43,f028772b,ecad2386,7801e8d9,07d7df22,a99f214a,3c028b7a,b72d1c6e,1,0,1005,19772,320,50,2227,0,935,-1,48,43e8d4d0da,1,8
2587711846321882050,14102701,0,0,85f751fd,c4e18dd6,50e219e0,febd1138,82e27996,0f2161f8,a99f214a,49c52912,9b5ce758,1,0,1005,21611,320,50,2480,3,297,100111,61,636fe26ebf,1,2
4322932162183631385,14102701,0,0,5b08c53b,7687a86e,3e814130,ecad2386,7801e8d9,07d7df22,a99f214a,b4582486,0d9ae625,1,0,1005,20345,300,250,2331,2,39,100199,23,5d744d7d9a,2,2
4972293028443683409,14102701,0,1,e151e245,7e091613,f028772b,ecad2386,7801e8d9,07d7df22,a99f214a,13c00207,0dedddc5,1,2,1005,21679,320,50,2495,2,167,-1,23,85056b9d1f,33,35
6823631167021048332,14102701,0,0,2ee82a0f,ad063404,f66779e6,ecad2386,7801e8d9,07d7df22,a99f214a,4b6d94f2,7594f139,1,0,1005,17212,320,50,1887,3,39,100194,23,e4fc857d08,4,6
7973778828887391802,14102701,0,1,e151e245,7e091613,f028772b,ecad2386,7801e8d9,07d7df22,a99f214a,15bde747,44c701de,1,0,1005,17264,320,50,1872,3,39,-1,23,f0a29039e3,4,11
8468819901401900137,14102701,1,0,85f751fd,c4e18dd6,50e219e0,febd1138,82e27996,0f2161f8,a99f214a,b4d04f65,2ea4f8ba,1,0,1005,21611,320,50,2480,3,297,100111,61,2f38465846,7,12
10231541176385588208,14102702,0,0,85f751fd,c4e18dd6,50e219e0,febd1138,82e27996,0f2161f8,a99f214a,46d36c7b,aad45b01,1,0,1005,21611,320,50,2480,3,297,100111,61,cb06f13c84,15,23
1082476670919202236,14102702,0,0,29229f8e,a10eb148,f028772b,ecad2386,7801e8d9,07d7df22,a99f214a,fe89ade1,88fe1d5d,1,0,1005,6563,320,50,572,2,39,-1,32,ce59176210,35,37
11787184398805494578,14102702,0,0,ff18c3d1,5462b978,50e219e0,ecad2386,7801e8d9,07d7df22,75bf19b8,18ce6853,cbc61465,0,0,1002,5296,320,50,479,3,39,-1,23,d44db17c41,1,1
11913535275660256517,14102702,0,0,85f751fd,c4e18dd6,50e219e0,255a58c8,7801e8d9,07d7df22,3c972bb1,91125a8b,05490809,0,0,1002,22672,320,50,2615,0,303,100111,70,3651675e4b,1,1
12771073059996855453,14102702,0,1,d9750ee7,98572c79,f028772b,ecad2386,7801e8d9,07d7df22,a99f214a,24a23a8e,84ebbcd4,1,0,1005,17753,320,50,1993,2,1063,-1,33,a02258d2b5,3,7
12902986441570051058,14102702,1,1,d9750ee7,98572c79,f028772b,ecad2386,7801e8d9,07d7df22,a99f214a,a6df415d,78d9bd10,1,0,1005,17614,320,50,1993,2,1063,-1,33,5c4189ce81,1,11
13006211276017319340,14102702,0,0,85f751fd,c4e18dd6,50e219e0,04e2368a,7801e8d9,07d7df22,a99f214a,f2273b77,ff503cfe,1,0,1012,22086,320,50,2542,2,34,100001,90,974e48f937,3,8
13176811506742303971,14102702,0,1,d9750ee7,98572c79,f028772b,ecad2386,7801e8d9,07d7df22,a99f214a,122f3ea1,8a4875bd,1,0,1005,6392,320,50,547,3,47,-1,23,fca758c8b3,1,1
13964223980736506020,14102702,0,0,e149eb68,91cdcccd,f028772b,ecad2386,7801e8d9,07d7df22,a99f214a,f04348cd,689db181,1,0,1005,22196,320,50,2556,3,167,100199,23,54bd1d719c,1,27
2155399147774755284,14102702,0,0,85f751fd,c4e18dd6,50e219e0,4e02fbd3,7801e8d9,07d7df22,499dc752,0d3d294a,c207a47d,0,0,1002,22672,320,50,2615,0,303,100111,70,37d775dcb4,7,8
4480995933306158138,14102702,0,0,85f751fd,c4e18dd6,50e219e0,92f5800b,ae637522,0f2161f8,a99f214a,ce0fc8d2,0bcabeaf,1,3,1005,21191,320,50,2424,1,161,100189,71,27977fb13f,1,3
4574594221818809203,14102702,0,0,85f751fd,c4e18dd6,50e219e0,92f5800b,ae637522,0f2161f8,a99f214a,6fdbb115,981edffc,1,3,1005,21191,320,50,2424,1,161,100193,71,3176816002,5,12
8147908926337593095,14102702,0,0,1fbe01fe,f3845767,28905ebd,ecad2386,7801e8d9,07d7df22,a99f214a,488a9a3e,81b42528,1,0,1005,22255,320,50,2545,0,167,-1,221,4ee61d527e,12,27
1091382042329039475,14102703,0,0,1fbe01fe,f3845767,28905ebd,ecad2386,7801e8d9,07d7df22,a99f214a,1f56c906,8a4875bd,1,0,1005,15701,320,50,1722,0,35,100084,79,048df3abc2,6,9
12642657944504401783,14102703,0,0,85f751fd,c4e18dd6,50e219e0,85b28c93,ae637522,8ded1f7a,a99f214a,c5aa64b8,36b67a2a,1,0,1005,21611,320,50,2480,3,297,100111,61,4d1db54b10,1,10
13044308454646083470,14102703,0,0,85f751fd,c4e18dd6,50e219e0,4e02fbd3,7801e8d9,07d7df22,f2eaeb3f,24fab7b9,43e7b962,0,0,1002,22672,320,50,2615,0,303,100111,70,f7c487c11f,22,22
13507596531492257987,14102703,1,0,805d7074,08facbad,50e219e0,ecad2386,7801e8d9,07d7df22,af193a2d,7b68a98b,c978d6f5,0,0,1002,18858,320,50,1882,3,35,-1,13,d7adea53ee,2,8
14091099740934277277,14102703,0,0,1fbe01fe,f3845767,28905ebd,ecad2386,7801e8d9,07d7df22,a99f214a,52760bc9,f87e93a5,1,0,1005,15703,320,50,1722,0,35,-1,79,478707bdb4,5,10
15532640260650817078,14102703,0,0,85f751fd,c4e18dd6,50e219e0,febd1138,82e27996,0f2161f8,a99f214a,ff12eb68,b4b19c97,1,0,1005,21611,320,50,2480,3,297,100111,61,d90166f3bc,23,39
15859557189302228805,14102703,0,0,12fb4121,6b59f079,f028772b,ecad2386,7801e8d9,07d7df22,a99f214a,e7c99f66,8a4875bd,1,0,1005,22553,320,50,2602,0,163,100084,182,2e4089f318,13,14
16899299719384669302,14102703,0,0,85f751fd,c4e18dd6,50e219e0,e2fcccd2,5c5a694b,0f2161f8,e55914b1,40dade3b,4ea23a13,1,0,1005,21413,320,50,2467,2,167,100075,23,3d899a5583,5,12
17016958502627718761,14102703,0,1,57ef2c87,bd6d812f,f028772b,ecad2386,7801e8d9,07d7df22,a99f214a,e9e3485c,72b1b966,1,2,1005,19950,320,50,1800,3,167,100077,23,293e280057,9,9
17048948416727595757,14102703,0,1,e8f79e60,c4342784,f028772b,ecad2386,7801e8d9,07d7df22,a99f214a,9b6b18ef,8a4875bd,1,0,1005,22193,320,50,2556,3,167,-1,23,e00825db76,5,5
17326151357952788790,14102703,0,1,e151e245,7e091613,f028772b,ecad2386,7801e8d9,07d7df22,a99f214a,0d4d43d2,5db079b5,1,2,1005,4687,320,50,423,2,39,100148,32,cb17f09bd6,4,9
2297450140780749636,14102703,0,0,85f751fd,c4e18dd6,50e219e0,54c5d545,2347f47a,0f2161f8,15a69b89,46579089,d787e91b,1,0,1005,16688,320,50,1873,3,39,-1,23,6749446687,4,5
231273242415925000,14102703,0,0,85f751fd,c4e18dd6,50e219e0,febd1138,82e27996,0f2161f8,a99f214a,a2a78a44,d056b4bf,1,0,1005,21611,320,50,2480,3,297,100111,61,1e358254bc,1,27
2866830995367847468,14102703,0,0,85f751fd,c4e18dd6,50e219e0,e5f1bafe,2347f47a,0f2161f8,0ddedd7a,0f58c6ee,d787e91b,1,0,1005,22553,320,50,2602,0,163,100084,182,bd5a574583,5,10
331108925067966988,14102703,0,1,85f751fd,c4e18dd6,50e219e0,79227140,33da2e74,0f2161f8,a99f214a,52e933ed,9bbdb88c,1,0,1005,22268,320,50,2566,3,47,100156,42,250c384661,2,2
5411724205565518970,14102703,0,1,e151e245,7e091613,f028772b,ecad2386,7801e8d9,07d7df22,a99f214a,7a25e9e4,1dbe3bac,1,0,1005,17037,320,50,1934,2,39,-1,16,784c6f49a1,2,11
7160180355910806254,14102703,0,0,12fb4121,6b59f079,f028772b,ecad2386,7801e8d9,07d7df22,a99f214a,6380aec3,44801bc1,1,0,1005,22553,320,50,2602,0,163,100084,182,68adb25b4a,4,5
7976117786474274557,14102703,1,0,85f751fd,c4e18dd6,50e219e0,4e02fbd3,7801e8d9,07d7df22,582396c3,3a1d7a00,c207a47d,0,0,1002,22672,320,50,2615,0,303,100111,70,e16421455d,8,9
849869803610548340,14102703,0,0,85f751fd,c4e18dd6,50e219e0,3692fd30,7801e8d9,07d7df22,a99f214a,819a9f09,99e427c9,1,0,1012,19743,320,50,2264,3,427,100000,61,a0f9360500,5,9
9363552242526231581,14102703,0,0,85f751fd,c4e18dd6,50e219e0,6fc85e22,7801e8d9,0f2161f8,c04b7da4,546d11e7,feb70d53,1,0,1005,17875,320,50,2036,3,47,-1,156,06a106f656,3,3
9514123119254524418,14102703,0,1,85f751fd,c4e18dd6,50e219e0,495d447f,7801e8d9,0f2161f8,41e3d73f,84bf2dde,f07e20f8,4,2,1010,22672,320,50,2615,0,303,100111,70,c7c2c6ffa6,14,19
11656180761670617484,14102704,0,0,68cf09a3,fd944963,f028772b,ecad2386,7801e8d9,07d7df22,a99f214a,d432e39c,1f0bc64f,1,0,1005,19665,320,50,2253,2,303,100128,52,f7dc169600,1,3
11765138590596736302,14102704,0,0,85f751fd,c4e18dd6,50e219e0,febd1138,82e27996,0f2161f8,a99f214a,167d06a9,8d655156,1,0,1005,22324,320,50,2576,1,161,100189,71,4609f53e1d,3,4
13528440349942136065,14102704,0,0,85f751fd,c4e18dd6,50e219e0,de97da65,33da2e74,0f2161f8,a99f214a,93180936,03683bd4,1,0,1005,9248,320,50,768,3,175,100156,42,1145d71946,4,4
13778867595523303243,14102704,0,0,85f751fd,c4e18dd6,50e219e0,d8784af5,2347f47a,8ded1f7a,72ea79d7,5dd45c21,d780319b,1,0,1005,22268,320,50,2566,3,47,100155,42,20d176b5ba,4,5
14577206140277163465,14102704,0,0,85f751fd,c4e18dd6,50e219e0,febd1138,82e27996,0f2161f8,a99f214a,d8482768,96a79d43,1,0,1005,21611,320,50,2480,3,297,100111,61,f789104abb,4,5
15380264090798287114,14102704,0,0,85f751fd,c4e18dd6,50e219e0,3c4b944d,2347f47a,0f2161f8,c4d71ece,1d8cf125,1f0bc64f,1,0,1005,21611,320,50,2480,3,297,100111,61,e06f599c49,2,5
15761517561957390044,14102704,0,0,9e8e8d09,16a36ef3,50e219e0,ecad2386,7801e8d9,07d7df22,7b84cde2,6540f4b0,0e88538f,0,0,1002,6361,300,50,544,3,39,100081,23,e0451da526,17,17
16630106725255374135,14102704,0,0,85f751fd,c4e18dd6,50e219e0,4e02fbd3,7801e8d9,07d7df22,47426e3b,428a53ed,43e7b962,0,0,1002,22672,320,50,2615,0,303,100111,70,2614a6bee3,8,8
17096464382948167593,14102704,0,0,9148eb3f,c4e18dd6,50e219e0,ecad2386,7801e8d9,07d7df22,d5f9ad67,f16af822,6f7a55d2,0,0,1002,21592,320,50,2478,3,167,100075,23,218e3fbed5,2,8
2132445572963044158,14102704,0,1,b7e9786d,b12b9f85,f028772b,ecad2386,7801e8d9,07d7df22,a99f214a,bff48a8f,d4897fef,1,0,1005,16208,320,50,1800,3,167,100077,23,5fb590414a,2,7
222228626744193259,14102704,0,0,5014edea,a7870916,50e219e0,ecad2386,7801e8d9,07d7df22,57c0fa29,2e1384c0,1fedbb25,0,0,1002,20173,300,50,2312,0,167,100075,16,212f5c1ec0,3,3
2262017304533933279,14102704,0,0,85f751fd,c4e18dd6,50e219e0,54c5d545,2347f47a,0f2161f8,923b3360,62d39df6,0eb711ec,1,0,1005,22193,320,50,2556,3,167,100200,23,e2e2aa8e6a,8,10
3049355599268321835,14102704,0,0,85f751fd,c4e18dd6,50e219e0,e2fcccd2,5c5a694b,0f2161f8,4bcea95f,fb0bd27b,d4897fef,1,0,1005,4687,320,50,423,2,39,100148,32,a34c05a67b,2,21
5032157140800926060,14102704,0,0,85f751fd,c4e18dd6,50e219e0,96cba8a9,448ca2e3,cef3e649,6559b066,3c39acc4,bbeedfee,1,0,1005,18591,120,20,2104,0,559,-1,171,183bc250e4,2,5
5138561455756120442,14102704,0,1,d9750ee7,98572c79,f028772b,ecad2386,7801e8d9,07d7df22,a99f214a,8d22a182,84ebbcd4,1,0,1005,17614,320,50,1993,2,1063,100083,33,8457a47939,7,18
5526448888418025512,14102704,0,0,83a0ad1a,5c9ae867,f028772b,ecad2386,7801e8d9,07d7df22,a99f214a,3b7d1a3b,a0f5f879,1,0,1005,8330,320,50,761,3,175,100075,23,c8b8af9251,7,13
6027605873908414654,14102704,0,0,85f751fd,c4e18dd6,50e219e0,9c13b419,2347f47a,f95efa07,a99f214a,8faa5e06,1b13b020,1,0,1005,21957,320,50,2520,2,35,-1,90,a791a17d13,3,3
6681032574515984895,14102704,0,1,5114c672,3f2f3819,3e814130,ecad2386,7801e8d9,07d7df22,a99f214a,225107e0,a0f5f879,1,0,1005,16208,320,50,1800,3,167,-1,23,c740eeb30b,7,8
8599949884156090068,14102704,1,0,d512fee9,a59d3b0e,50e219e0,ecad2386,7801e8d9,07d7df22,84d218bc,8771e529,a12e847c,0,0,1002,21789,320,50,2512,2,291,-1,52,4ddb48753a,1,10
9872259958449499138,14102704,0,0,d6137915,bb1ef334,f028772b,ecad2386,7801e8d9,07d7df22,a99f214a,05d1ebd6,7558c63e,1,0,1005,20215,320,50,2316,0,167,100081,16,5eeb7c45c4,1,8
10112372482711226834,14102705,0,0,1fbe01fe,f3845767,28905ebd,ecad2386,7801e8d9,07d7df22,a99f214a,d2a2b498,c6263d8a,1,0,1005,22676,320,50,2616,0,35,-1,51,29a563bffd,4,10
10503686374385883046,14102705,0,0,85f751fd,c4e18dd6,50e219e0,febd1138,82e27996,0f2161f8,a99f214a,3017f41a,2ea4f8ba,1,0,1005,21611,320,50,2480,3,297,100111,61,c4ccb97445,2,2
1251317960975099861,14102705,0,1,e4d8dd7b,a17bde68,3e814130,ecad2386,7801e8d9,07d7df22,a99f214a,a148d938,8a4875bd,1,0,1005,19950,320,50,1800,3,167,100075,23,87d7a7785d,18,21
13080904600956311912,14102705,0,1,e151e245,7e091613,f028772b,ecad2386,7801e8d9,07d7df22,a99f214a,064ac680,4ea23a13,1,0,1005,17037,320,50,1934,2,39,-1,16,a7a6a4f8d1,2,2
13262373161588871560,14102705,1,0,4e7614cf,c1aa3c04,f028772b,ecad2386,7801e8d9,07d7df22,a99f214a,044468ed,d787e91b,1,0,1005,8330,320,50,761,3,175,100075,23,cc5ecab5f6,3,6
1335676149828481651,14102705,1,0,5b08c53b,7687a86e,3e814130,ecad2386,7801e8d9,07d7df22,a99f214a,eea6ec59,36d749e5,1,0,1005,17654,300,250,1994,2,39,-1,33,c42cfed67b,7,10
13964723504190284629,14102705,0,1,e151e245,7e091613,f028772b,ecad2386,7801e8d9,07d7df22,a99f214a,29c95b72,44c701de,1,0,1005,17262,320,50,1872,3,39,100173,23,1b7471502b,2,3
1502080344510545871,14102705,0,0,85f751fd,c4e18dd6,50e219e0,febd1138,82e27996,0f2161f8,a99f214a,127ddaf9,99e427c9,1,0,1005,21611,320,50,2480,3,297,100111,61,b2b57ffad5,1,16
16911966120338151378,14102705,0,0,1fbe01fe,f3845767,28905ebd,ecad2386,7801e8d9,07d7df22,a99f214a,3d06aa90,c6263d8a,1,0,1005,22676,320,50,2616,0,35,-1,51,bf64cb278c,4,4
18056454630285225607,14102705,0,0,85f751fd,c4e18dd6,50e219e0,e2fcccd2,5c5a694b,0f2161f8,a99f214a,2b129265,a8d2c4cf,1,0,1005,20633,320,50,2374,3,39,-1,23,7a07d293ad,2,5
18302065078682901962,14102705,0,1,e4d8dd7b,a17bde68,3e814130,ecad2386,7801e8d9,07d7df22,a99f214a,c39a2bec,6e1e2240,1,0,1005,8330,320,50,761,3,175,-1,23,7af12101b7,3,24
2415015490420061154,14102705,0,0,33351151,1da9ba79,f028772b,ecad2386,7801e8d9,07d7df22,a99f214a,f9555b99,7558c63e,1,0,1005,19772,320,50,2227,0,935,100074,48,29a563bffd,3,3
26166393083536106,14102705,0,1,e59ef3fc,0a4015b2,335d28a8,ecad2386,7801e8d9,07d7df22,a99f214a,b341cb77,f4a9b698,1,2,1005,20005,320,50,2283,0,163,100076,95,4d4be1c7ad,7,10
4393060174900005409,14102705,0,0,85f751fd,c4e18dd6,50e219e0,e2fcccd2,5c5a694b,0f2161f8,a99f214a,172c24ee,e438c1dc,1,0,1005,4687,320,50,423,2,39,100148,32,85056b9d1f,4,29
4695872878544294942,14102705,0,1,17caea14,0dde25ec,f028772b,ecad2386,7801e8d9,07d7df22,a99f214a,5d636a8d,1f0bc64f,1,0,1005,6563,320,50,572,2,39,-1,32,905a9f5a21,2,2
4754578465270820002,14102705,0,0,85f751fd,c4e18dd6,50e219e0,0acbeaa3,45a51db4,f95efa07,a99f214a,b0070d9a,13555279,1,0,1005,20633,320,50,2374,3,39,-1,23,d7adea53ee,2,2
4756320304909806789,14102705,1,0,2a68aa20,9b851bd8,3e814130,ecad2386,7801e8d9,07d7df22,a99f214a,f0d5a385,836d2439,1,0,1005,22268,320,50,2566,3,47,100155,42,6037339757,2,12
4862952785146552752,14102705,0,0,32dd07e6,1ef5fe9b,50e219e0,ecad2386,7801e8d9,07d7df22,7a6ede12,dd8b2750,f9ba9057,0,0,1002,21413,320,50,2467,2,167,100075,23,4bc1ff4e09,3,5
5521060701083147790,14102705,0,0,85f751fd,c4e18dd6,50e219e0,1d0df70e,2347f47a,0f2161f8,71325534,0b742201,13555279,1,3,1005,22600,320,50,2609,3,167,100202,23,2501eea21d,5,6
5939667260382889975,14102705,0,1,a7853007,7e091613,f028772b,ecad2386,7801e8d9,07d7df22,a99f214a,af62faf4,3bb1ddd7,1,0,1005,22267,320,50,2566,3,47,100156,42,80d6c974eb,4,4
6123464322615119921,14102705,0,0,1fbe01fe,f3845767,28905ebd,ecad2386,7801e8d9,07d7df22,a99f214a,ceffea69,a0f5f879,1,0,1005,22676,320,50,2616,0,35,-1,51,46467a936e,3,3
6954459109160190645,14102705,0,0,85f751fd,c4e18dd6,50e219e0,e2fcccd2,5c5a694b,0f2161f8,a99f214a,10c4663d,7abbbd5c,1,0,1005,6563,320,50,572,2,39,-1,32,ff4c3d7c5b,2,2
7948798710180916991,14102705,1,0,1fbe01fe,f3845767,28905ebd,ecad2386,7801e8d9,07d7df22,a99f214a,693bff3e,8a4875bd,1,0,1005,22676,320,50,2616,0,35,-1,51,ff450c2e04,1,1
800835199446162703,14102705,1,0,1fbe01fe,f3845767,28905ebd,ecad2386,7801e8d9,07d7df22,a99f214a,d151d22f,6332421a,1,0,1005,22676,320,50,2616,0,35,-1,51,2dbf9cda3f,1,1
8014290717483809128,14102705,1,1,0eb72673,d2f72222,f028772b,ecad2386,7801e8d9,07d7df22,a99f214a,03ff2bb3,30a00e1f,1,0,1005,19772,320,50,2227,0,935,100075,48,15305ac6d3,3,6
9616718100255241998,14102705,0,0,85f751fd,c4e18dd6,50e219e0,febd1138,82e27996,0f2161f8,a99f214a,801f9dc7,2ea4f8ba,1,0,1005,21611,320,50,2480,3,297,100111,61,64878294d5,7,8
9647362092640712930,14102705,0,1,57ef2c87,bd6d812f,f028772b,ecad2386,7801e8d9,07d7df22,a99f214a,42af782a,fa61e8fe,1,0,1005,22624,320,50,2374,3,39,100148,23,dfcea2a88c,5,6
11342187780783275138,14102706,0,0,9e8e8d09,16a36ef3,50e219e0,ecad2386,7801e8d9,07d7df22,75111cc7,3765da8b,911a3c09,0,0,1002,6366,300,50,544,3,39,100074,23,9919e5f021,1,2
11455355549982354494,14102706,0,0,1fbe01fe,f3845767,28905ebd,ecad2386,7801e8d9,07d7df22,a99f214a,d7f575d0,8a4875bd,1,0,1005,22676,320,50,2616,0,35,-1,51,f257904cd2,4,14
11501760507474286610,14102706,1,0,1fbe01fe,f3845767,28905ebd,ecad2386,7801e8d9,07d7df22,a99f214a,85c6d876,2891f384,1,0,1005,22676,320,50,2616,0,35,100084,51,41027c3792,3,8
11819656964408247996,14102706,0,1,e4d8dd7b,a17bde68,3e814130,ecad2386,7801e8d9,07d7df22,a99f214a,aa557dea,2de871e6,1,0,1005,16615,320,50,1863,3,39,-1,23,dfcea2a88c,3,12
14553817050113894971,14102706,0,1,856e6d3f,58a89a43,f028772b,ecad2386,7801e8d9,07d7df22,a99f214a,c654b5ac,78d9bd10,1,0,1005,19772,320,50,2227,0,935,100081,48,76ca16b92f,2,5
14845606782434401233,14102706,0,0,2328ee8e,7804dea6,f028772b,ecad2386,7801e8d9,07d7df22,a99f214a,3d0cd0f5,1f0bc64f,1,0,1005,6563,320,50,572,2,39,-1,32,3b00f4c4ed,10,11
15211258003370508319,14102706,0,0,6e0697bd,c4e18dd6,50e219e0,ecad2386,7801e8d9,07d7df22,297a3051,748f8b7e,a12e847c,0,0,1002,17081,320,50,1921,3,47,-1,23,8c3e805ce0,2,5
16527639613451514679,14102706,0,0,39cffaa4,1e0acfb4,50e219e0,ecad2386,7801e8d9,07d7df22,2ca5a0cc,15cf282a,911a3c09,0,0,1002,17081,320,50,1921,3,47,100075,23,9674eb0800,10,14
17604899904863030155,14102706,0,0,adc38581,f47b77d7,3e814130,ecad2386,7801e8d9,07d7df22,a99f214a,c0c0fa94,7120e05e,1,0,1005,16615,320,50,1863,3,39,-1,23,e2e2aa8e6a,1,7
18437815014337028546,14102706,0,1,856e6d3f,58a89a43,f028772b,ecad2386,7801e8d9,07d7df22,a99f214a,3691c9e7,7abbbd5c,1,0,1005,16838,320,50,1882,3,35,-1,13,218e3fbed5,11,17
2994126077648980406,14102706,0,1,85f751fd,c4e18dd6,50e219e0,495d447f,7801e8d9,0f2161f8,a2fa32e6,a59954ab,f07e20f8,4,2,1010,22672,320,50,2615,0,303,100111,70,ae3ffc53a9,1,1
3148733785710967037,14102706,0,1,85f751fd,c4e18dd6,50e219e0,2017a228,7801e8d9,0f2161f8,e6f6a85f,7001be5f,6ace76b8,4,0,1010,18856,320,50,1882,3,35,-1,13,9d5faed2ed,21,42
4612983370702131331,14102706,1,0,5b08c53b,7687a86e,3e814130,ecad2386,7801e8d9,07d7df22,a99f214a,fffe2401,ad0177e7,1,0,1005,17653,300,250,1994,2,39,-1,33,681f158889,7,9
5837112290099995457,14102706,0,1,7dd19f44,9690165f,f028772b,ecad2386,7801e8d9,07d7df22,a99f214a,075ac082,cdf6ea96,1,0,1005,22554,320,50,1863,3,39,-1,23,f5e53506e8,17,23
7399864490654746399,14102706,0,0,83a0ad1a,5c9ae867,f028772b,ecad2386,7801e8d9,07d7df22,a99f214a,373dcf18,921c1b10,1,0,1005,19771,320,50,2227,0,935,100079,48,66bcd33c0f,3,3
8611849228501235646,14102706,1,0,1fbe01fe,f3845767,28905ebd,ecad2386,7801e8d9,07d7df22,a99f214a,5cd8a5fd,158e4944,1,0,1005,22676,320,50,2616,0,35,-1,51,9692d34593,7,7
8746717412488368941,14102706,1,0,887a4754,c4e18dd6,50e219e0,ecad2386,7801e8d9,07d7df22,f2b51588,8aa390cd,a9b05547,0,0,1002,17566,320,50,479,3,39,100075,23,66b1fb5231,2,7
9432254001295187174,14102706,0,0,85f751fd,c4e18dd6,50e219e0,92f5800b,ae637522,0f2161f8,a99f214a,40268c31,e1eae715,1,3,1005,22598,320,50,2608,3,171,100160,61,c88dca92bc,6,6
10221013737740134093,14102707,0,0,dcc019de,250469f8,3e814130,ecad2386,7801e8d9,07d7df22,a99f214a,ac424d4f,be74e6fe,1,0,1005,8330,320,50,761,3,175,100081,23,49e1266546,5,5
10279162279626268299,14102707,0,0,85f751fd,c4e18dd6,50e219e0,e2fcccd2,5c5a694b,0f2161f8,cc89f6ad,641968c8,be6db1d7,1,0,1005,4687,320,50,423,2,39,100148,32,f57a907099,18,21
10296867098138957107,14102707,0,0,85f751fd,c4e18dd6,50e219e0,92f5800b,ae637522,0f2161f8,a99f214a,a8622b97,e1eae715,1,2,1005,21191,320,50,2424,1,161,100191,71,c209e30e9f,29,35
10548733907150296256,14102707,0,0,1fbe01fe,f3845767,28905ebd,ecad2386,7801e8d9,07d7df22,a99f214a,ed791d5f,4ea23a13,1,0,1005,15708,320,50,1722,0,35,-1,79,32c8ee7737,3,3
11205699478849335633,14102707,0,1,e4d8dd7b,a17bde68,3e814130,ecad2386,7801e8d9,07d7df22,a99f214a,60e8c47f,d4897fef,1,0,1005,19950,320,50,1800,3,167,100081,23,6a44bb7b64,7,11
11585874920582347375,14102707,0,0,85f751fd,c4e18dd6,50e219e0,92f5800b,ae637522,0f2161f8,a99f214a,093871d9,4ffd3a7e,1,3,1005,21191,320,50,2424,1,161,100193,71,d67277783a,2,4
12767471774112295439,14102707,0,0,1fbe01fe,f3845767,28905ebd,ecad2386,7801e8d9,07d7df22,a99f214a,30d5a6f1,8a4875bd,1,0,1005,15701,320,50,1722,0,35,-1,79,621f7b2a35,6,22
12847052357180638014,14102707,1,1,d9750ee7,98572c79,f028772b,ecad2386,7801e8d9,07d7df22,a99f214a,884297d2,1df52df3,1,0,1005,17753,320,50,1993,2,1063,-1,33,c6067fd57a,1,2
12900162458429139221,14102707,0,0,1fbe01fe,f3845767,28905ebd,ecad2386,7801e8d9,07d7df22,a99f214a,9a4015b3,1f0bc64f,1,0,1005,20108,320,50,2299,2,1327,-1,52,b88b21e493,3,42
12931570830351772500,14102707,0,1,e151e245,7e091613,f028772b,ecad2386,7801e8d9,07d7df22,a99f214a,005c4292,dcd7a69a,1,0,1005,17747,320,50,1974,2,39,100019,33,3502a6a7ba,1,27
12950173715438777856,14102707,1,1,a6e60555,c4e18dd6,dedf689d,ecad2386,7801e8d9,07d7df22,a99f214a,b1d4f332,89deac5a,1,0,1012,15505,320,50,1694,3,35,-1,42,39cffefd0a,1,1
13321987125679017047,14102707,0,0,1fbe01fe,f3845767,28905ebd,ecad2386,7801e8d9,07d7df22,a99f214a,5bc60463,c6263d8a,1,0,1005,20108,320,50,2299,2,1327,-1,52,8d45a1351f,2,6
13360617308100950540,14102707,0,0,5b08c53b,7687a86e,3e814130,ecad2386,7801e8d9,07d7df22,a99f214a,3df3f7c1,36d749e5,1,0,1005,17653,300,250,1994,2,39,-1,33,d7adea53ee,13,13
15230771366766447020,14102707,0,0,fa30daf5,08facbad,50e219e0,ecad2386,7801e8d9,07d7df22,8bb6d328,86526fa7,373ecbe6,0,0,1002,18936,320,50,1926,2,39,-1,13,1e85364345,3,6
15934139487066416210,14102707,0,0,85f751fd,c4e18dd6,50e219e0,92f5800b,ae637522,0f2161f8,a99f214a,360b0147,054c8edf,1,2,1005,21191,320,50,2424,1,161,100189,71,5f6f70e2d1,2,30
1609530562612316300,14102707,0,1,17caea14,0dde25ec,f028772b,ecad2386,7801e8d9,07d7df22,a99f214a,16ff2f1b,c1a17447,1,0,1005,21412,320,50,2467,2,167,100079,23,f0e071be4b,1,25
16701365120176274649,14102707,0,0,1fbe01fe,f3845767,28905ebd,ecad2386,7801e8d9,07d7df22,a99f214a,bfb2da07,c6263d8a,1,0,1005,20108,320,50,2299,2,1327,-1,52,d4e3daa88b,14,40
16744272559588764925,14102707,1,0,1b171d6d,272c5d9d,f028772b,ecad2386,7801e8d9,07d7df22,a99f214a,f3be4622,b72d1c6e,1,0,1005,15908,320,50,1752,3,297,100081,82,6192130608,9,15
17301686131489043380,14102707,0,0,85f751fd,c4e18dd6,50e219e0,92f5800b,ae637522,0f2161f8,a99f214a,4ce6fe97,e1eae715,1,3,1005,22598,320,50,2608,3,171,100160,61,8d7dddfcea,15,18
18068347568174361674,14102707,0,0,85f751fd,c4e18dd6,50e219e0,03528b27,2347f47a,8ded1f7a,919dceb7,b92106a2,a3112db6,1,0,1005,22598,320,50,2608,3,171,100160,61,758b925616,5,9
18330157168172629093,14102707,0,0,85f751fd,c4e18dd6,50e219e0,2c870570,2347f47a,0f2161f8,fb56587a,c800953a,ad328c4d,1,0,1005,20634,320,50,2374,3,39,-1,23,1b95082508,1,1
2186764605387799215,14102707,0,0,85f751fd,c4e18dd6,50e219e0,92f5800b,ae637522,0f2161f8,a99f214a,bca666dc,e1eae715,1,3,1005,21189,320,50,2424,1,161,100193,71,d236cf6ae1,7,23
3134184718582299055,14102707,0,0,1fbe01fe,f3845767,28905ebd,ecad2386,7801e8d9,07d7df22,a99f214a,f939e53a,4ceb2e0b,1,0,1005,15705,320,50,1722,0,35,100083,79,bcd07f42ff,10,15
3606452971770921360,14102707,0,1,85f751fd,c4e18dd6,50e219e0,8c0dcd5a,7801e8d9,0f2161f8,5e7b5f31,1cc3b383,0d7ad2f3,5,0,1010,15384,320,50,1685,3,35,-1,42,f3b1d89a1e,6,12
4396301297590902132,14102707,0,1,e4d8dd7b,a17bde68,3e814130,ecad2386,7801e8d9,07d7df22,a99f214a,9c55d0dc,9a85810a,1,0,1005,22530,320,50,2599,3,167,100077,23,2ad39d02a6,1,2
4530373455592246309,14102707,0,1,fe8cc448,9166c161,0569f928,ecad2386,7801e8d9,07d7df22,a99f214a,8d0266a0,68b6db2c,1,0,1005,19771,320,50,2227,0,935,-1,48,5eec4acb45,1,11
5583900170495061758,14102707,0,0,1fbe01fe,f3845767,28905ebd,ecad2386,7801e8d9,07d7df22,a99f214a,66edb135,d25693ce,1,0,1005,22676,320,50,2616,0,35,100084,51,bc41ce692b,10,20
6425489167024791200,14102707,0,0,85f751fd,c4e18dd6,50e219e0,ce183bbd,ae637522,cef3e649,a99f214a,1a4ef708,36b67a2a,1,0,1005,21816,320,50,2519,1,171,100191,71,3f6a7852d4,2,3
7471645396655776566,14102707,0,1,85f751fd,c4e18dd6,50e219e0,8c0dcd5a,7801e8d9,0f2161f8,b11124b5,5deb1d26,f07e20f8,4,0,1010,17875,320,50,2036,3,47,-1,156,c3a14fac56,5,8
7871419683800873533,14102707,0,0,85f751fd,c4e18dd6,50e219e0,92f5800b,ae637522,0f2161f8,a99f214a,689c9437,496515fa,1,3,1005,21189,320,50,2424,1,161,100192,71,2f715a3cb6,11,23
8545812192532269513,14102707,0,0,c6af341d,19944fab,50e219e0,ecad2386,7801e8d9,07d7df22,1174774e,ca83ffc5,05e3afbf,0,0,1002,22606,320,50,2609,3,167,100200,23,551a71008c,8,14
885431565839194775,14102707,0,0,85f751fd,c4e18dd6,50e219e0,e2fcccd2,5c5a694b,0f2161f8,a99f214a,fc4416f0,a9a55ebd,1,0,1005,20633,320,50,2374,3,39,-1,23,8874113c32,8,39
11939945008359519539,14102708,0,1,85f751fd,c4e18dd6,50e219e0,02d92985,7801e8d9,0f2161f8,34a8e37d,9b1dc873,36b67a2a,4,2,1010,20286,320,50,2325,3,801,-1,42,45726530b6,2,2
13445859050621467033,14102708,1,0,85f751fd,c4e18dd6,50e219e0,92f5800b,ae637522,0f2161f8,a99f214a,91b60a28,e1eae715,1,3,1005,21189,320,50,2424,1,161,100193,71,b27f65e443,11,21
13912685763621760217,14102708,0,0,1fbe01fe,f3845767,28905ebd,ecad2386,7801e8d9,07d7df22,a99f214a,548fc13d,36d749e5,1,0,1005,15707,320,50,1722,0,35,-1,79,846bca93d9,3,5
14216873329942502433,14102708,0,1,85f751fd,c4e18dd6,50e219e0,03a08c3f,7801e8d9,0f2161f8,b91d5ab8,eab303af,d8337869,5,3,1010,15706,320,50,1722,0,35,-1,79,a63cf031a6,2,8
14713232399980660684,14102708,1,0,85f751fd,c4e18dd6,50e219e0,54c5d545,2347f47a,0f2161f8,e511a7e3,675d8025,1f0bc64f,1,0,1005,17017,320,50,1873,3,39,-1,23,966e8e2279,2,2
15382252114285092378,14102708,1,0,14a5a57a,94142e6d,3e814130,ecad2386,7801e8d9,07d7df22,a99f214a,fdfeddc1,be6db1d7,1,0,1005,13644,320,50,1447,2,47,100075,13,a2f923594c,17,21
16255907263733190791,14102708,0,1,a7853007,7e091613,f028772b,ecad2386,7801e8d9,07d7df22,a99f214a,2f323f36,c3f7117b,1,0,1005,22246,320,50,2566,3,47,100156,42,e3053fd40b,1,4
165241828188070737,14102708,0,0,b99a2c43,cc962a1f,f028772b,ecad2386,7801e8d9,07d7df22,a99f214a,951aaa77,836d2439,1,0,1005,22268,320,50,2566,3,47,100155,42,d5056a930e,4,21
16753690824540107036,14102708,0,0,85f751fd,c4e18dd6,50e219e0,92f5800b,ae637522,0f2161f8,a99f214a,40483639,496515fa,1,3,1005,21189,320,50,2424,1,161,100193,71,fe0d5ef29d,5,5
18152663775918301760,14102708,0,0,85f751fd,c4e18dd6,50e219e0,08a53ae7,7801e8d9,07d7df22,a05c197d,6d5b7eb5,6f7a55d2,0,0,1002,22672,320,50,2615,0,303,100111,70,250c384661,2,2
2095212569154877156,14102708,0,0,fa2fd0b3,51d8d3b4,f028772b,ecad2386,7801e8d9,07d7df22,a99f214a,4a44950d,88fe1d5d,1,0,1005,19772,320,50,2227,0,935,-1,48,7b8a88f49b,12,15
2384819374201155486,14102708,0,0,1fbe01fe,f3845767,28905ebd,ecad2386,7801e8d9,07d7df22,a99f214a,a83f14c4,76dc4769,1,0,1005,20108,320,50,2299,2,1327,100084,52,9e2206d7b7,2,2
2921597007197302764,14102708,0,0,9a977531,a434fa42,f028772b,ecad2386,7801e8d9,07d7df22,a99f214a,a7231191,9dcb1cd1,1,0,1005,19772,320,50,2227,0,935,100081,48,02255982a2,16,19
4314892537395763262,14102708,0,0,1fbe01fe,f3845767,28905ebd,ecad2386,7801e8d9,07d7df22,a99f214a,765896c5,3bd9e8e7,1,0,1005,15706,320,50,1722,0,35,-1,79,fcfd60af23,1,5
4616711396108240835,14102708,0,0,9a977531,a434fa42,f028772b,ecad2386,7801e8d9,07d7df22,a99f214a,5636caac,0710fff9,1,0,1005,19772,320,50,2227,0,935,100079,48,ca38ee03c9,14,16
5229903908573013589,14102708,0,0,1fbe01fe,f3845767,28905ebd,ecad2386,7801e8d9,07d7df22,a99f214a,e24ae348,8a4875bd,1,0,1005,15705,320,50,1722,0,35,100084,79,2e3b8a99d0,9,11
5445106561351653295,14102708,1,0,85f751fd,c4e18dd6,50e219e0,66f5e02e,6f7ca2ba,0f2161f8,8a37fdce,a7676e1b,5db079b5,1,2,1005,20007,320,50,2283,0,163,100076,95,ba72339df5,6,33
5740199338957877337,14102708,0,1,d9750ee7,98572c79,f028772b,ecad2386,7801e8d9,07d7df22,a99f214a,2ed0e39c,a0f5f879,1,0,1005,17753,320,50,1993,2,1063,100084,33,d2a9521a72,29,31
5883897834633227617,14102708,0,1,e151e245,7e091613,f028772b,ecad2386,7801e8d9,07d7df22,a99f214a,71d1425e,fa61e8fe,1,0,1005,4687,320,50,423,2,39,100148,32,3de8e45989,2,22
6503694797459927870,14102708,0,0,1fbe01fe,f3845767,28905ebd,ecad2386,7801e8d9,07d7df22,a99f214a,908ef764,8a4875bd,1,0,1005,15699,320,50,1722,0,35,-1,79,8338be01a3,11,12
7576563170594239235,14102708,0,0,1fbe01fe,f3845767,28905ebd,ecad2386,7801e8d9,07d7df22,a99f214a,a95d9291,c6263d8a,1,0,1005,20108,320,50,2299,2,1327,-1,52,974e48f937,10,13
7587887566427649982,14102708,1,0,1fbe01fe,f3845767,28905ebd,ecad2386,7801e8d9,07d7df22,a99f214a,82062a2d,c6263d8a,1,0,1005,20108,320,50,2299,2,1327,-1,52,398c393358,2,5
8394076489048986116,14102708,0,0,12fb4121,6b59f079,f028772b,ecad2386,7801e8d9,07d7df22,a99f214a,ae486a36,5096d134,1,0,1005,22561,320,50,1863,3,39,100119,23,83f42f2524,1,5
9537048623832653233,14102708,0,0,b99a2c43,cc962a1f,f028772b,ecad2386,7801e8d9,07d7df22,a99f214a,6e97a946,c4cff2ea,1,0,1005,22246,320,50,2566,3,47,100155,42,35cc9d8c7e,7,9
9810402627062964538,14102708,1,0,85f751fd,c4e18dd6,50e219e0,9c13b419,2347f47a,f95efa07,a99f214a,bf9d3c12,02635b69,1,0,1005,20634,320,50,2374,3,39,-1,23,707d0767fe,3,3
9855221086209064209,14102708,0,0,85f751fd,c4e18dd6,50e219e0,92f5800b,ae637522,0f2161f8,a99f214a,b5ad5a9c,496515fa,1,3,1005,21189,320,50,2424,1,161,100192,71,752a1ca702,8,10
9985877191068278875,14102708,0,1,57fe1b20,5b626596,f028772b,ecad2386,7801e8d9,07d7df22,a99f214a,4bd2a2ca,68b6db2c,1,0,1005,20251,320,50,2323,0,687,100081,48,14002639c0,24,40
10572186173268059617,14102709,0,0,1fbe01fe,f3845767,28905ebd,ecad2386,7801e8d9,07d7df22,a99f214a,74bafce6,c6263d8a,1,0,1005,20108,320,50,2299,2,1327,-1,52,ca9976e817,2,2
11112830182026119046,14102709,0,0,85f751fd,c4e18dd6,50e219e0,92f5800b,ae637522,0f2161f8,a99f214a,9eb687c4,e1eae715,1,3,1005,21191,320,50,2424,1,161,100190,71,9f11afa7ac,6,12
11541273168229081336,14102709,1,0,7c6576be,d00b8121,f028772b,ecad2386,7801e8d9,07d7df22,a99f214a,9d166d51,1f0bc64f,1,0,1005,19772,320,50,2227,0,935,100079,48,4027a20202,1,2
12434316394467342131,14102709,1,0,5b08c53b,7687a86e,3e814130,ecad2386,7801e8d9,07d7df22,a99f214a,98292911,1f0bc64f,1,0,1005,19016,300,250,2162,2,39,-1,33,d6eabe73b5,15,16
1282361897678254340,14102709,0,0,85f751fd,c4e18dd6,50e219e0,e2fcccd2,5c5a694b,0f2161f8,d1b788f3,587646ab,3bd9e8e7,1,0,1005,20634,320,50,2374,3,39,-1,23,fac7271c1e,15,15
13556621485803100011,14102709,0,0,1fbe01fe,f3845767,28905ebd,ecad2386,7801e8d9,07d7df22,a99f214a,9e16195d,d14c4241,1,0,1005,20272,320,50,2225,0,935,100101,48,3b00f4c4ed,11,16
13783699229943983954,14102709,0,0,6256f5b4,28f93029,f028772b,ecad2386,7801e8d9,07d7df22,a99f214a,31d84821,7ac6007f,1,2,1005,20633,320,50,2374,3,39,-1,23,7098828022,7,13
15046262499368464423,14102709,0,1,85f751fd,c4e18dd6,50e219e0,1dc72b4d,2347f47a,0f2161f8,a55e2542,567cc336,8571106b,1,0,1005,22562,300,50,1863,3,39,-1,23,44c8bdc583,75,82
15368844421486318716,14102709,1,1,d9750ee7,98572c79,f028772b,ecad2386,7801e8d9,07d7df22,a99f214a,488a9a3e,3bd9e8e7,1,0,1005,17753,320,50,1993,2,1063,-1,33,b317d7cf98,3,8
15874456561704582923,14102709,1,0,1fbe01fe,f3845767,28905ebd,ecad2386,7801e8d9,07d7df22,a99f214a,75bb1b58,a0f5f879,1,0,1005,15708,320,50,1722,0,35,-1,79,d39e44472e,4,15
16382636076638776263,14102709,1,0,85f751fd,c4e18dd6,50e219e0,54c5d545,2347f47a,0f2161f8,216732c0,346313fb,46c667eb,1,0,1005,16688,320,50,1873,3,39,-1,23,867d240517,1,1
16403577422540481240,14102709,1,0,1fbe01fe,f3845767,28905ebd,ecad2386,7801e8d9,07d7df22,a99f214a,7bd3c727,36d749e5,1,0,1005,15704,320,50,1722,0,35,-1,79,a289ec9cb6,7,8
17530453790033362387,14102709,0,0,85f751fd,c4e18dd6,50e219e0,e9739828,df32afa9,cef3e649,a99f214a,9b82e0ff,e4a6a646,1,0,1005,22684,320,50,2619,1,163,100057,71,159f24d0c3,14,14
17576372463716506097,14102709,0,0,85f751fd,c4e18dd6,50e219e0,febd1138,82e27996,0f2161f8,a99f214a,1d5be8f3,2ea4f8ba,1,0,1005,19743,320,50,2264,3,427,100000,61,9c368290de,18,33
18224197523536092314,14102709,0,0,85f751fd,c4e18dd6,50e219e0,92f5800b,ae637522,0f2161f8,a99f214a,cc933c21,0bcabeaf,1,0,1005,21191,320,50,2424,1,161,100193,71,db42795335,3,7
2387113971840400744,14102709,0,1,85f751fd,c4e18dd6,50e219e0,1dc72b4d,2347f47a,0f2161f8,46f24aa9,7dabc4a0,cdf6ea96,1,0,1005,22562,300,50,1863,3,39,-1,23,9bc5724c30,2,4
3948697119313421090,14102709,0,0,1fbe01fe,f3845767,28905ebd,ecad2386,7801e8d9,07d7df22,a99f214a,5f491e87,7dc3b26e,1,0,1005,15708,320,50,1722,0,35,100084,79,2c15027dab,3,11
4284276812711178048,14102709,0,0,85f751fd,c4e18dd6,50e219e0,e2fcccd2,5c5a694b,0f2161f8,b2b65d38,18470238,d787e91b,1,0,1005,21674,320,50,2495,2,167,-1,23,e6e37f6131,6,17
4876177716939389571,14102709,0,0,d6137915,bb1ef334,f028772b,ecad2386,7801e8d9,07d7df22,a99f214a,c78fdcd7,5ef191d3,1,0,1005,20214,320,50,2316,0,167,100081,16,d9c29af5eb,32,88
536421647091582150,14102709,0,1,e151e245,7e091613,f028772b,ecad2386,7801e8d9,07d7df22,a99f214a,77abe1c4,0dc22ebc,1,0,1005,17264,320,50,1872,3,39,-1,23,3587b44553,1,3
5765874248170564399,14102709,1,0,9df375ca,3924db3e,50e219e0,ecad2386,7801e8d9,07d7df22,7b2d25ec,0264179d,f384cd72,0,0,1002,18934,320,50,1926,2,39,100149,13,c500ac14ee,1,1
6915532885525065854,14102709,0,0,85f751fd,c4e18dd6,50e219e0,92f5800b,ae637522,0f2161f8,a99f214a,777b7dd8,981edffc,1,3,1005,21191,320,50,2424,1,161,100193,71,30175cac8d,10,15
7615659194162655270,14102709,0,0,85f751fd,c4e18dd6,50e219e0,92f5800b,ae637522,0f2161f8,a99f214a,77203caa,e1eae715,1,3,1005,21191,320,50,2424,1,161,100190,71,df54eddfcf,1,2
8290526876301198578,14102709,1,0,85f751fd,c4e18dd6,50e219e0,a5184c22,b8d325c3,0f2161f8,a99f214a,9df87886,eb27571d,1,0,1005,15390,320,50,1685,3,35,-1,42,acac0a8b97,8,22
8538675258207847163,14102709,0,0,85f751fd,c4e18dd6,50e219e0,d292c32f,2347f47a,0f2161f8,a99f214a,6fdc1bce,c02433d4,1,0,1005,22602,320,50,2609,3,167,-1,23,d367ab9e52,2,2
9381490024819290580,14102709,0,0,a8c88b36,3fa3aa64,f028772b,ecad2386,7801e8d9,07d7df22,a99f214a,c36c48a2,76dc4769,1,0,1005,19950,320,50,1800,3,167,100075,23,5013c7cb6b,30,41
97995149724001091,14102709,0,0,bb4524e7,d733bbc3,28905ebd,ecad2386,7801e8d9,07d7df22,a99f214a,25c111f8,158e4944,1,0,1005,20632,320,50,2374,3,39,100148,23,a04634128a,12,12
10827152433492065923,14102710,0,0,1fbe01fe,f3845767,28905ebd,ecad2386,7801e8d9,07d7df22,a99f214a,c15ef7f8,a0f5f879,1,0,1005,20108,320,50,2299,2,1327,100084,52,f7dc169600,15,36
11185924534226790689,14102710,0,0,85f751fd,c4e18dd6,50e219e0,e9739828,df32afa9,cef3e649,a99f214a,a0657a1f,a9e0c3ab,1,0,1005,22685,320,50,2619,1,163,100057,71,13a89804dc,3,21
12684965930874783754,14102710,1,0,1fbe01fe,f3845767,28905ebd,ecad2386,7801e8d9,07d7df22,a99f214a,bbd5fd1f,1f0bc64f,1,0,1005,20108,320,50,2299,2,1327,-1,52,541e85a4e9,5,7
13342446500691223099,14102710,1,1,e151e245,7e091613,f028772b,ecad2386,7801e8d9,07d7df22,a99f214a,6bdf65e8,cdf6ea96,1,0,1005,4687,320,50,423,2,39,100148,32,e11d588af1,9,16
14528618138508287816,14102710,0,1,85f751fd,c4e18dd6,50e219e0,495d447f,7801e8d9,0f2161f8,76a0f189,a8be59f1,7abbbd5c,4,2,1010,16011,320,50,1769,0,673,100228,101,aa70a46ce4,3,5
15295850142411737219,14102710,0,0,cf3a1767,c4e18dd6,50e219e0,ecad2386,7801e8d9,07d7df22,fb8b3f6e,9e194510,a9b05547,0,0,1002,17081,320,50,1921,3,47,100081,23,ca38ee03c9,13,17
1565091164971225903,14102710,0,0,85f751fd,c4e18dd6,50e219e0,39947756,2347f47a,cef3e649,87ca02e1,f7a4e9f7,0d8ce284,1,3,1005,22221,320,50,2560,3,43,100181,61,df54eddfcf,1,5
16616872940193500799,14102710,1,0,85f751fd,c4e18dd6,50e219e0,940961b9,7801e8d9,0f2161f8,b1be22c6,f2d76f37,d400d41b,1,0,1005,22684,320,50,2619,1,163,-1,71,921ed98aa3,6,12
17096361451870965581,14102710,0,1,85f751fd,c4e18dd6,50e219e0,03a08c3f,7801e8d9,0f2161f8,cc96609a,c69195e6,d8337869,5,3,1010,15708,320,50,1722,0,35,-1,79,b57f24fbb6,2,2
2958754626524463516,14102710,0,0,85f751fd,c4e18dd6,50e219e0,e2fcccd2,5c5a694b,0f2161f8,6b47e774,58f1931c,fce66524,1,0,1005,4687,320,50,423,2,39,100148,32,f3b1d89a1e,1,4
9473253785793051331,14102710,1,0,d4db2fb0,4f0c2d51,50e219e0,ecad2386,7801e8d9,07d7df22,b9ccf35b,ddfda5ab,3324efbc,0,0,1002,15908,320,50,1752,3,297,100081,82,5ac0c00650,27,35
9858342419064462119,14102710,0,0,85f751fd,c4e18dd6,50e219e0,f0d41ff1,2347f47a,0f2161f8,a99f214a,ff69db8d,7ac6007f,1,2,1005,22685,320,50,2619,1,163,-1,71,c969c95e9e,12,14
10821212489239848243,14102711,0,0,85f751fd,c4e18dd6,50e219e0,a0a45985,885c7f3f,0f2161f8,a99f214a,4465a3c6,d787e91b,1,0,1005,22624,320,50,2374,3,39,-1,23,c5b0229fa1,4,4
11476055705645327677,14102711,0,0,1fbe01fe,f3845767,28905ebd,ecad2386,7801e8d9,07d7df22,a99f214a,0cbbf407,aaffed8f,1,0,1005,8330,320,50,761,3,175,-1,23,8f4cc5e2fc,2,3
12108560960029093590,14102711,0,0,1fbe01fe,f3845767,28905ebd,ecad2386,7801e8d9,07d7df22,a99f214a,44f01497,a0f5f879,1,0,1005,15708,320,50,1722,0,35,-1,79,3a1ac8c722,9,12
12751009680764391560,14102711,0,1,5b4d2eda,16a36ef3,f028772b,ecad2386,7801e8d9,07d7df22,a99f214a,47e7db5f,76dc4769,1,0,1005,16208,320,50,1800,3,167,100081,23,8e86111306,2,12
14003463569319109774,14102711,0,0,85f751fd,c4e18dd6,50e219e0,92f5800b,ae637522,0f2161f8,a99f214a,7095cb56,0bcabeaf,1,3,1005,21191,320,50,2424,1,161,100193,71,7aaf9063f4,1,4
1532994902344042633,14102711,0,0,85f751fd,c4e18dd6,50e219e0,e2fcccd2,5c5a694b,0f2161f8,55814e46,be5dc88f,be6db1d7,1,0,1005,4687,320,50,423,2,39,100148,32,47b9842c27,2,2
15587758173409685000,14102711,0,0,85f751fd,c4e18dd6,50e219e0,92f5800b,ae637522,0f2161f8,a99f214a,edb99ca8,36b67a2a,1,3,1005,21189,320,50,2424,1,161,100189,71,cdca41b822,18,22
16951242615402299437,14102711,1,0,5b08c53b,7687a86e,3e814130,ecad2386,7801e8d9,07d7df22,a99f214a,bc0c45d0,d787e91b,1,0,1005,22272,300,250,2569,0,39,-1,221,e0c813acc3,10,15
17273937452740416789,14102711,1,0,df7971d4,08facbad,50e219e0,ecad2386,7801e8d9,07d7df22,7762642a,f3aaf2b2,4042e175,0,0,1002,22703,320,50,2624,0,35,100076,221,3fb90e82dd,6,49
17343531673096064296,14102711,0,1,5b4d2eda,16a36ef3,f028772b,ecad2386,7801e8d9,07d7df22,a99f214a,fae94df5,8a4875bd,1,0,1005,16208,320,50,1800,3,167,-1,23,8819982f15,6,11
17409382633658346997,14102711,0,0,85f751fd,c4e18dd6,50e219e0,f0d41ff1,2347f47a,0f2161f8,a99f214a,d5a93619,aa35da31,1,0,1005,22685,320,50,2619,1,163,-1,71,40fb7e3fe7,1,2
18434242467622664962,14102711,0,0,85f751fd,c4e18dd6,50e219e0,92f5800b,ae637522,0f2161f8,a99f214a,23a870e4,981edffc,1,3,1005,21191,320,50,2424,1,161,100190,71,ad2d2b6f9c,22,41
3266408688896798702,14102711,1,0,85f751fd,c4e18dd6,50e219e0,9c1a0df5,2347f47a,0f2161f8,a30a5391,e5f580f6,cba8c0ed,1,0,1005,22684,320,50,2619,1,163,-1,71,d0e7a2f679,4,12
3281249522679217239,14102711,0,0,df7971d4,1e0acfb4,50e219e0,ecad2386,7801e8d9,07d7df22,43f3c3cb,9b8b1539,7dadc242,0,0,1002,22700,320,50,2624,0,35,100076,221,a1b3d25045,3,9
4245785170172779894,14102711,0,0,85f751fd,c4e18dd6,50e219e0,92f5800b,ae637522,0f2161f8,a99f214a,a8ae85f4,36b67a2a,1,3,1005,21189,320,50,2424,1,161,100189,71,4e20edc380,5,14
610632302626203979,14102711,0,1,a7853007,7e091613,f028772b,ecad2386,7801e8d9,07d7df22,a99f214a,009a7861,3bb1ddd7,1,0,1005,22246,320,50,2566,3,47,100156,42,dfbfbe70ca,1,3
6276193408908966390,14102711,0,0,95be0243,eddd1cf1,50e219e0,ecad2386,7801e8d9,07d7df22,2f09131d,89f2d8bf,d002cb2f,0,0,1002,18936,320,50,1926,2,39,100103,13,97f1249a4a,32,41
6505532457112413678,14102711,0,0,85f751fd,c4e18dd6,50e219e0,92f5800b,ae637522,0f2161f8,a99f214a,521e499f,981edffc,1,3,1005,21191,320,50,2424,1,161,100190,71,83f343d614,1,2
7659362783137476677,14102711,0,0,85f751fd,c4e18dd6,50e219e0,f0d41ff1,2347f47a,0f2161f8,a99f214a,d648f619,be74e6fe,1,0,1005,22591,320,50,2603,3,171,100161,61,26fb944a90,8,9
7821442068967410254,14102711,0,0,85f751fd,c4e18dd6,50e219e0,27550a3c,7801e8d9,07d7df22,eef44a4d,7496a8bd,7e817dcf,0,0,1002,15708,320,50,1722,0,35,-1,79,750772e179,1,34
9723177052604994837,14102711,0,0,15941585,0150cc3e,50e219e0,ecad2386,7801e8d9,07d7df22,b921f054,e9c4a9c7,e96b49d6,0,0,1002,22701,320,50,2624,0,35,-1,221,749ac9d659,2,2
10393054570886523407,14102712,1,0,85f751fd,c4e18dd6,50e219e0,e2fcccd2,5c5a694b,0f2161f8,a99f214a,a1963ef3,1f0bc64f,1,0,1005,18461,320,50,2104,0,559,-1,171,58794a2fb5,1,16
10512990687419435065,14102712,0,0,85f751fd,c4e18dd6,50e219e0,92f5800b,ae637522,0f2161f8,a99f214a,59e382e1,0bcabeaf,1,3,1005,21191,320,50,2424,1,161,100193,71,f88ff5b559,4,16
10674483901945104089,14102712,0,0,85f751fd,c4e18dd6,50e219e0,98fed791,d9b5648e,0f2161f8,a99f214a,a80e643c,f51246a7,1,0,1005,20277,320,50,2281,3,47,100181,42,20830d4ff9,10,10
1147056584164402120,14102712,1,1,d9750ee7,98572c79,f028772b,ecad2386,7801e8d9,07d7df22,a99f214a,bb96e5db,c6263d8a,1,0,1005,17753,320,50,1993,2,1063,-1,33,31db0ce8a4,7,17
11907423706830220377,14102712,0,0,5b08c53b,7687a86e,3e814130,ecad2386,7801e8d9,07d7df22,a99f214a,831e2b9d,a8d2c4cf,1,0,1005,19016,300,250,2162,2,39,-1,33,c7c2c6ffa6,11,12
11981804999993179248,14102712,0,0,85f751fd,c4e18dd6,50e219e0,54c5d545,2347f47a,0f2161f8,adcc6139,acea7c23,7abbbd5c,1,0,1005,22599,320,50,2609,3,167,100200,23,91f83bfd82,4,11
12570336473220111484,14102712,0,0,85f751fd,c4e18dd6,50e219e0,03528b27,2347f47a,8ded1f7a,a99f214a,e603d16e,9e3836ff,1,0,1005,16405,320,50,1835,1,431,100012,71,53d41859c2,3,16
12742867301552615203,14102712,0,0,cf3a1767,98acf46c,50e219e0,ecad2386,7801e8d9,07d7df22,6610cee9,fe6e342d,072c9f1e,0,0,1002,17081,320,50,1921,3,47,-1,23,53d3eb11f9,4,8
13693537138999480195,14102712,1,0,4bf5bbe2,6b560cc1,28905ebd,ecad2386,7801e8d9,07d7df22,a99f214a,049eb7d3,fce66524,1,0,1005,19665,320,50,2253,2,303,-1,52,ee8e2fa350,1,6
13776260408089861670,14102712,0,1,5ee41ff2,17d996e6,f028772b,ecad2386,7801e8d9,07d7df22,a99f214a,769e6468,38c63a3a,1,0,1005,22681,320,50,2528,0,39,100074,221,aa70a46ce4,6,12
14099217998522839277,14102712,0,0,85f751fd,c4e18dd6,50e219e0,92f5800b,ae637522,0f2161f8,a99f214a,ea565e2f,496515fa,1,3,1005,21191,320,50,2424,1,161,100193,71,e4fc857d08,4,4
1488700363685901544,14102712,0,0,85f751fd,c4e18dd6,50e219e0,54c5d545,2347f47a,0f2161f8,fc44f77c,4f996e96,4ea23a13,1,0,1005,15699,320,50,1722,0,35,-1,79,9ed6bac2fb,6,12
14941406925708273578,14102712,0,0,85f751fd,c4e18dd6,50e219e0,3e2bf98d,2347f47a,0f2161f8,4153f324,92196af3,7abbbd5c,1,0,1005,20008,320,50,2283,0,163,-1,95,cdb3deefd2,4,11
15457979175073506115,14102712,0,0,85f751fd,c4e18dd6,50e219e0,73206397,2347f47a,8ded1f7a,6d6314dc,f7835e85,7abbbd5c,1,0,1005,22598,320,50,2608,3,171,100162,61,ee8c6fc91d,3,4
15588005538227834255,14102712,0,0,21beedfc,1028f62e,50e219e0,ecad2386,7801e8d9,07d7df22,0bc1d010,4a810165,f384cd72,0,0,1002,21412,320,50,2467,2,167,100075,23,cf9d39b586,18,75
15932494303379958584,14102712,0,0,85f751fd,c4e18dd6,50e219e0,e2fcccd2,5c5a694b,0f2161f8,b49899b5,a48ee2ca,1ccc7835,1,0,1005,18546,320,50,2104,0,559,-1,171,df54eddfcf,16,31
16372508720619235177,14102712,0,0,1fbe01fe,f3845767,28905ebd,ecad2386,7801e8d9,07d7df22,a99f214a,9aaa6f78,d787e91b,1,0,1005,20108,320,50,2299,2,1327,-1,52,a0f5335cbb,2,3
16568331528954123573,14102712,0,0,6256f5b4,28f93029,f028772b,ecad2386,7801e8d9,07d7df22,a99f214a,85b94e84,ee007ad3,1,0,1005,6563,320,50,572,2,39,-1,32,a7a6a4f8d1,3,7
2202234906885016405,14102712,0,0,85f751fd,c4e18dd6,50e219e0,92f5800b,ae637522,0f2161f8,a99f214a,a592502f,496515fa,1,3,1005,21191,320,50,2424,1,161,100193,71,58bd2815e2,14,14
2900837647092594173,14102712,0,0,9e8e8d09,16a36ef3,50e219e0,ecad2386,7801e8d9,07d7df22,f452b61f,a39a594e,a9b05547,0,0,1002,22701,320,50,2624,0,35,-1,221,6f4fd3402d,13,34
2941593052268603453,14102712,0,0,5b08c53b,7687a86e,3e814130,ecad2386,7801e8d9,07d7df22,a99f214a,972f4587,3d64834e,1,2,1005,22271,300,250,2569,0,39,100075,221,76fb8b3b96,1,6
3328537033807872146,14102712,0,0,85f751fd,c4e18dd6,50e219e0,e2fcccd2,5c5a694b,0f2161f8,a99f214a,2dd960ca,7b75d3a6,1,0,1005,20634,320,50,2374,3,39,-1,23,6e9374e7c0,2,2
3733253676817318046,14102712,0,0,f9c69707,e16ceb4b,28905ebd,ecad2386,7801e8d9,07d7df22,a99f214a,91f3a0a6,00b1f3a7,1,0,1005,20346,300,250,2331,2,39,100034,23,68d685f6b2,3,3
4551051813694030500,14102712,0,1,e151e245,7e091613,f028772b,ecad2386,7801e8d9,07d7df22,a99f214a,d0be882c,00b1f3a7,1,0,1005,17264,320,50,1872,3,39,-1,23,dc48759487,1,2
6373043320177361785,14102712,0,0,d8f4e9e8,8527bd1d,50e219e0,ecad2386,7801e8d9,07d7df22,5529de27,f7dee0cc,6fbf9f9f,0,0,1002,21412,320,50,2467,2,167,100075,23,64a31b2a26,10,10
6857408827228604750,14102712,0,0,2b1ddb24,98acf46c,3e814130,ecad2386,7801e8d9,07d7df22,a99f214a,c66535b5,8a4875bd,1,0,1005,22554,320,50,1863,3,39,-1,23,786dcbc25b,10,17
8031739589306376097,14102712,0,0,85f751fd,c4e18dd6,50e219e0,51cedd4e,aefc06bd,0f2161f8,a99f214a,f14a1c82,573eaa36,1,0,1005,18648,320,50,1092,3,811,100156,61,bdd492db98,5,7
808333237774331389,14102712,0,0,85f751fd,c4e18dd6,50e219e0,e9739828,df32afa9,cef3e649,a99f214a,cf8ad027,5347522c,1,2,1005,22684,320,50,2619,1,163,-1,71,ed7ee258ba,4,4
9048640698377778494,14102712,0,0,85f751fd,c4e18dd6,50e219e0,3e2bf98d,2347f47a,0f2161f8,933e5484,1f0fd382,c6263d8a,1,0,1005,19493,320,50,2229,0,687,100031,48,93879abbed,4,4
10792724792314948018,14102713,0,0,9a977531,a434fa42,f028772b,ecad2386,7801e8d9,07d7df22,a99f214a,2317cbdd,d4897fef,1,0,1005,16208,320,50,1800,3,167,-1,23,16b19e51f6,5,9
11713420979476498104,14102713,0,0,85f751fd,c4e18dd6,50e219e0,3f94d062,33da2e74,8ded1f7a,a99f214a,0136761d,38fa23d7,1,5,1005,9248,320,50,768,3,175,100155,42,922eba6faa,2,6
1189911657484134745,14102713,0,1,5b4d2eda,16a36ef3,f028772b,ecad2386,7801e8d9,07d7df22,a99f214a,a2400558,3e7932d7,1,0,1005,19772,320,50,2227,0,935,100074,48,3b90f51bf0,1,3
12323686547340099372,14102713,1,0,1fbe01fe,f3845767,28905ebd,ecad2386,7801e8d9,07d7df22,a99f214a,6a295336,d5db24c3,1,0,1005,20108,320,50,2299,2,1327,100084,52,a18cef38f2,2,8
1247397969585572308,14102713,0,1,a7853007,7e091613,f028772b,ecad2386,7801e8d9,07d7df22,a99f214a,6394f6f6,03683bd4,1,0,1005,22268,320,50,2566,3,47,100156,42,85056b9d1f,9,21
1443186475826717714,14102713,0,0,e6afe03a,4973dc87,f028772b,ecad2386,7801e8d9,07d7df22,a99f214a,a8c2301a,36b8f4c5,1,0,1005,19771,320,50,2227,0,935,100077,48,097802cb23,13,16
16156972838866417288,14102713,0,0,85f751fd,c4e18dd6,50e219e0,39947756,2347f47a,cef3e649,fbf64699,946e9dad,d0edf686,1,3,1005,21801,320,50,2515,1,161,100189,71,f0e071be4b,3,9
16223229767434602963,14102713,1,1,0a742914,510bd839,f028772b,ecad2386,7801e8d9,07d7df22,a99f214a,ff9e8179,5ec45883,1,0,1005,22681,320,50,2528,0,39,-1,221,5ade85ab31,6,15
16513515874470785971,14102713,0,0,5b08c53b,7687a86e,3e814130,ecad2386,7801e8d9,07d7df22,a99f214a,e4226eda,a0f5f879,1,0,1005,17654,300,250,1994,2,39,-1,33,b9a34805de,4,8
17258065818688968049,14102713,0,0,bb4524e7,d733bbc3,28905ebd,ecad2386,7801e8d9,07d7df22,a99f214a,a8ef93fa,04f5b394,1,0,1005,20634,320,50,2374,3,39,100148,23,da9bc5dbac,10,19
18097766808927896078,14102713,0,0,9d5dba0f,964a3bd1,f028772b,ecad2386,7801e8d9,07d7df22,a99f214a,9ee6c0d7,76dc4769,1,0,1005,20009,320,50,2283,0,163,-1,95,785904f303,5,8
2447451382402539419,14102713,0,0,1fbe01fe,f3845767,28905ebd,ecad2386,7801e8d9,07d7df22,a99f214a,47a78681,c6263d8a,1,0,1005,20108,320,50,2299,2,1327,-1,52,c6ca9ed22d,8,17
2722505072391324928,14102713,0,1,e151e245,7e091613,f028772b,ecad2386,7801e8d9,07d7df22,a99f214a,bd6f94ad,32fa85fb,1,0,1005,17037,320,50,1934,2,39,-1,16,12fcae14f7,6,7
3507708086620356302,14102713,0,0,85f751fd,c4e18dd6,50e219e0,669fc04d,2347f47a,0f2161f8,953c638a,ed03a654,5db079b5,1,2,1005,22730,300,50,2631,0,35,-1,221,b42616a72a,8,20
3740425382529978089,14102713,0,0,85f751fd,c4e18dd6,50e219e0,92f5800b,ae637522,0f2161f8,a99f214a,b3e52548,0bcabeaf,1,3,1005,21189,320,50,2424,1,161,100193,71,f0bad2ccc4,1,1
3780360886679509692,14102713,0,0,4a02380f,a434fa42,f028772b,ecad2386,7801e8d9,07d7df22,a99f214a,0b3572c6,be6db1d7,1,0,1005,20006,320,50,2283,0,163,100076,95,389b7e5cf1,2,3
3810142238578279844,14102713,1,0,6399eda6,968765cd,f028772b,ecad2386,7801e8d9,07d7df22,a99f214a,40ca8120,88fe1d5d,1,0,1005,19772,320,50,2227,0,935,100077,48,308100931c,2,8
3828189403257489360,14102713,0,0,1fbe01fe,f3845767,28905ebd,ecad2386,7801e8d9,07d7df22,a99f214a,7e7e84fe,ef726eae,1,0,1005,15702,320,50,1722,0,35,-1,79,9b89433f1d,7,12
399418619440441525,14102713,0,0,85f751fd,c4e18dd6,50e219e0,92f5800b,ae637522,0f2161f8,a99f214a,3c10a51f,2692a96a,1,3,1005,21189,320,50,2424,1,161,100189,71,509b567e80,4,11
5831394536015536502,14102713,1,0,85f751fd,c4e18dd6,50e219e0,3e8c607f,ae637522,0f2161f8,a99f214a,ff1c5870,dc31133e,1,2,1005,20287,300,250,2325,3,801,-1,42,0f9488bb34,6,20
5983425966953057692,14102713,0,0,6399eda6,968765cd,f028772b,ecad2386,7801e8d9,07d7df22,a99f214a,5ba79665,8a4875bd,1,0,1005,16208,320,50,1800,3,167,-1,23,c66257c352,6,11
6518735633276215273,14102713,0,0,85f751fd,c4e18dd6,50e219e0,3c4b944d,2347f47a,0f2161f8,a99f214a,2feccbf1,2891f384,1,0,1005,22685,320,50,2619,1,163,100057,71,63230e90fe,1,1
6724867371930876436,14102713,1,0,1fbe01fe,f3845767,28905ebd,ecad2386,7801e8d9,07d7df22,a99f214a,c64f8ed3,293291c1,1,0,1005,20108,320,50,2299,2,1327,-1,52,a1f32cf10d,21,25
687638032724580733,14102713,0,0,5b08c53b,7687a86e,3e814130,ecad2386,7801e8d9,07d7df22,a99f214a,0992f738,7abbbd5c,1,0,1005,22271,300,250,2569,0,39,-1,221,cc86facf98,2,10
8095433555673233254,14102713,1,0,1fbe01fe,f3845767,28905ebd,ecad2386,7801e8d9,07d7df22,a99f214a,c65d9550,4ea23a13,1,0,1005,20108,320,50,2299,2,1327,-1,52,74dca8e277,3,10
10009876362805131523,14102714,0,0,1fbe01fe,f3845767,28905ebd,ecad2386,7801e8d9,07d7df22,a99f214a,c8a418ca,44801bc1,1,0,1005,20108,320,50,2299,2,1327,100084,52,a4ab3cf303,1,19
1139692598974156937,14102714,0,0,df7971d4,ace5b8fd,50e219e0,ecad2386,7801e8d9,07d7df22,f66691d9,4ab23b10,5464db8a,0,0,1002,22702,300,50,2624,0,35,-1,221,4079c3ee51,25,25
13415669674519628962,14102714,0,0,1fbe01fe,f3845767,28905ebd,ecad2386,7801e8d9,07d7df22,a99f214a,c426c4ca,711ee120,1,0,1005,15699,320,50,1722,0,35,100083,79,949b9e042d,1,1
14040034024685980347,14102714,0,1,93377b07,7212918d,f028772b,ecad2386,7801e8d9,07d7df22,a99f214a,6394f6f6,3bb1ddd7,1,0,1005,9478,320,50,906,3,1451,100156,61,5ce2571296,2,4
14056652433050141544,14102714,1,0,93eaba74,7687a86e,3e814130,ecad2386,7801e8d9,07d7df22,a99f214a,83a6de11,cec7fa02,1,0,1005,19016,300,250,2162,2,39,-1,33,6192130608,1,4
15793494020127559378,14102714,1,1,57ef2c87,bd6d812f,f028772b,ecad2386,7801e8d9,07d7df22,a99f214a,6fd6bc15,d787e91b,1,0,1005,8330,320,50,761,3,175,100077,23,6a649d4aeb,4,9
16093243348632111032,14102714,1,0,5b08c53b,7687a86e,3e814130,ecad2386,7801e8d9,07d7df22,a99f214a,55839254,6332421a,1,0,1005,17653,300,250,1994,2,39,100084,33,c52434cc9e,2,4
17443805332002680051,14102714,1,0,df7971d4,08facbad,50e219e0,ecad2386,7801e8d9,07d7df22,7c7406b9,684117ac,167219a5,0,0,1002,22702,300,50,2624,0,35,100077,221,e045d11929,3,6
2045545555909182406,14102714,1,0,1fbe01fe,f3845767,28905ebd,ecad2386,7801e8d9,07d7df22,a99f214a,b723b074,158e4944,1,0,1005,20108,320,50,2299,2,1327,-1,52,f53a794ae6,1,3
2086130249194794071,14102714,1,0,31c7d7ab,786f8ba6,f028772b,ecad2386,7801e8d9,07d7df22,a99f214a,b3349048,76dc4769,1,0,1005,20214,320,50,2316,0,167,100081,16,e11d588af1,1,2
2315271629418608501,14102714,1,0,203b00f1,c4e18dd6,50e219e0,ecad2386,7801e8d9,07d7df22,73b81e30,0038ceae,cf19f7f7,0,0,1002,21818,320,50,2519,2,163,100191,71,deef461e79,2,7
2830952008230175398,14102714,0,0,d6137915,bb1ef334,f028772b,ecad2386,7801e8d9,07d7df22,a99f214a,7fe49dcb,8f5c9827,1,0,1005,20215,320,50,2316,0,167,100076,16,d5f36e7e1b,20,22
3262069333511089512,14102714,0,0,bb4524e7,d733bbc3,28905ebd,ecad2386,7801e8d9,07d7df22,a99f214a,a38c811f,ef726eae,1,0,1005,20634,320,50,2374,3,39,100148,23,9dc5d1f7a2,15,19
3731682924270898369,14102714,0,1,e151e245,7e091613,f028772b,ecad2386,7801e8d9,07d7df22,a99f214a,4d4eb92d,ad328c4d,1,0,1005,4687,320,50,423,2,39,100148,32,dfcea2a88c,3,6
4109639631022659804,14102714,0,0,023f3644,de0f0f82,f028772b,ecad2386,7801e8d9,07d7df22,a99f214a,720ec7fb,d787e91b,1,0,1005,8330,320,50,761,3,175,100081,23,7f359845a3,6,12
4247585417649812433,14102714,0,1,5b4d2eda,16a36ef3,f028772b,ecad2386,7801e8d9,07d7df22,a99f214a,5a51a912,258766e2,1,0,1005,22554,320,50,1863,3,39,-1,23,a1118f80c8,23,26
549922693939668075,14102714,0,1,17caea14,0dde25ec,f028772b,ecad2386,7801e8d9,07d7df22,a99f214a,23e03ee8,76dc4769,1,0,1005,22683,320,50,2528,0,39,100075,221,4456b96558,1,1
5723726809092944939,14102714,0,0,85f751fd,c4e18dd6,50e219e0,8177c724,2347f47a,0f2161f8,a99f214a,7385f4c2,f47a607b,1,2,1005,22221,320,50,2560,3,43,100182,61,9dcb89b112,6,29
6555876037020916976,14102714,0,0,1fbe01fe,f3845767,28905ebd,ecad2386,7801e8d9,07d7df22,a99f214a,2fe03658,c6263d8a,1,0,1005,20108,320,50,2299,2,1327,-1,52,5dc919507a,5,16
7043885590302952106,14102714,1,1,88154ade,9f448720,3e814130,ecad2386,7801e8d9,07d7df22,a99f214a,8a0f4d43,d4897fef,1,0,1005,19950,320,50,1800,3,167,100075,23,3587b44553,3,3
7470973959022210458,14102714,1,0,6256f5b4,28f93029,f028772b,ecad2386,7801e8d9,07d7df22,a99f214a,ad3423c5,d4897fef,1,0,1005,6563,320,50,572,2,39,-1,32,07dd1a2990,3,3
8791298748884855540,14102714,1,0,1fbe01fe,f3845767,28905ebd,ecad2386,7801e8d9,07d7df22,a99f214a,51b3d349,7eef184d,1,0,1005,20108,320,50,2299,2,1327,-1,52,b116a8ca0e,4,12
9154954532813987223,14102714,0,0,6399eda6,968765cd,f028772b,ecad2386,7801e8d9,07d7df22,a99f214a,d0a8a201,d4897fef,1,0,1005,16208,320,50,1800,3,167,100079,23,1735e8ddab,16,22
9611376526167331613,14102714,0,0,1fbe01fe,f3845767,28905ebd,ecad2386,7801e8d9,07d7df22,a99f214a,af9ad75a,36d749e5,1,0,1005,15706,320,50,1722,0,35,-1,79,0f7e0aadfe,5,6
9703643209712864638,14102714,0,0,85f751fd,c4e18dd6,50e219e0,3c4b944d,2347f47a,0f2161f8,ace9e23a,5e06dc5a,2891f384,1,0,1005,22644,320,50,2613,3,167,-1,23,2587f71778,2,7
9714195143940679909,14102714,1,0,6227cf3f,3c6ac0d4,f028772b,ecad2386,7801e8d9,07d7df22,a99f214a,c859b30f,5ec45883,1,0,1005,20213,320,50,2316,0,167,-1,16,69b15a0ec2,4,8
9832885059015137243,14102714,0,0,85f751fd,c4e18dd6,50e219e0,98fed791,d9b5648e,0f2161f8,a99f214a,328282c2,aad45b01,1,0,1005,19743,320,50,2264,3,427,100000,61,59cb6d2a7f,26,29
10889615377665371877,14102715,1,0,1fbe01fe,f3845767,28905ebd,ecad2386,7801e8d9,07d7df22,a99f214a,84e1fa7a,1ccc7835,1,0,1005,20108,320,50,2299,2,1327,-1,52,dc48759487,5,16
1139220622411058017,14102715,0,1,e151e245,7e091613,f028772b,ecad2386,7801e8d9,07d7df22,a99f214a,c4adf1b0,d227778d,1,0,1005,17037,320,50,1934,2,39,-1,16,8f09ed93f9,1,1
13930653678411234264,14102715,0,0,727e79e2,40b37f4e,f028772b,ecad2386,7801e8d9,07d7df22,a99f214a,4845a787,abac2ce5,1,0,1005,19216,320,50,863,3,169,100105,61,9f11afa7ac,9,11
14695737599710290654,14102715,0,0,1fbe01fe,f3845767,28905ebd,ecad2386,7801e8d9,07d7df22,a99f214a,83a514e1,8a4875bd,1,0,1005,15699,320,50,1722,0,35,-1,79,ca38ee03c9,13,30
15066224320696170661,14102715,0,0,7294ea0f,863fa89d,3e814130,ecad2386,7801e8d9,07d7df22,a99f214a,43d8a03d,ecb851b2,1,0,1005,22554,320,50,1863,3,39,-1,23,c740eeb30b,1,11
15292018965311969422,14102715,0,0,8f51bf3a,9f448720,f028772b,ecad2386,7801e8d9,07d7df22,a99f214a,8a28b665,3fecb32a,1,0,1005,22554,320,50,1863,3,39,-1,23,4fc12e7331,4,6
16209974754924315546,14102715,0,0,6f34dd1d,1591263c,50e219e0,ecad2386,7801e8d9,07d7df22,34491776,1a22f5ad,911a3c09,0,0,1002,16838,320,50,1882,3,35,100141,13,3b05e300d6,1,13
3701872148387990377,14102715,1,0,5b08c53b,7687a86e,3e814130,ecad2386,7801e8d9,07d7df22,a99f214a,435504ba,293291c1,1,0,1005,17653,300,250,1994,2,39,-1,33,6d0447b50b,6,33
5130323785936141042,14102715,0,1,85f751fd,c4e18dd6,50e219e0,1dc72b4d,2347f47a,0f2161f8,c25a2195,bd0067b5,bb1c6f4a,1,0,1005,22637,300,50,2060,3,39,-1,23,56f18cc18e,31,35
5612115382992632162,14102715,1,0,5b08c53b,7687a86e,3e814130,ecad2386,7801e8d9,07d7df22,a99f214a,359ef9ce,a0f5f879,1,0,1005,22269,300,250,2569,0,39,100081,221,65635e74c3,20,22
5651558466038379901,14102715,1,0,85f751fd,c4e18dd6,50e219e0,9c13b419,2347f47a,f95efa07,a99f214a,d7de7ffe,48d464e5,1,0,1005,20634,320,50,2374,3,39,-1,23,87586bce52,3,18
6506969455662014599,14102715,0,1,856e6d3f,58a89a43,f028772b,ecad2386,7801e8d9,07d7df22,a99f214a,1966df04,28dba53a,1,0,1005,19772,320,50,2227,0,935,-1,48,bc324a001f,1,1
6659713298279488407,14102715,1,0,5b08c53b,7687a86e,3e814130,ecad2386,7801e8d9,07d7df22,a99f214a,a6df415d,cd5b1559,1,2,1005,17653,300,250,1994,2,39,-1,33,1150f412b6,1,2
7644387005017067787,14102715,0,0,1fbe01fe,f3845767,28905ebd,ecad2386,7801e8d9,07d7df22,a99f214a,d903a6dd,3bd9e8e7,1,0,1005,20108,320,50,2299,2,1327,100084,52,7ea448ac4a,5,12
806598413103512842,14102715,1,0,85f751fd,c4e18dd6,50e219e0,92f5800b,ae637522,0f2161f8,a99f214a,205d7b71,981edffc,1,3,1005,21191,320,50,2424,1,161,100191,71,15618573e2,4,5
8089270951542828089,14102715,0,0,6399eda6,968765cd,f028772b,ecad2386,7801e8d9,07d7df22,a99f214a,13ad1b6c,d4897fef,1,0,1005,16208,320,50,1800,3,167,100079,23,dc48759487,2,3
11489429633618156510,14102716,0,0,85f751fd,c4e18dd6,50e219e0,de97da65,33da2e74,0f2161f8,a99f214a,06e5535c,cad4c01d,1,0,1005,9248,320,50,768,3,175,100155,42,9b812d1620,5,5
11541631932271243419,14102716,0,0,1fbe01fe,f3845767,28905ebd,ecad2386,7801e8d9,07d7df22,a99f214a,60158a65,ecb851b2,1,0,1005,8330,320,50,761,3,175,-1,23,89eeebcebd,5,18
11621865111554380997,14102716,0,0,9d5dba0f,964a3bd1,f028772b,ecad2386,7801e8d9,07d7df22,a99f214a,2269c943,5ef191d3,1,0,1005,19772,320,50,2227,0,935,100077,48,3e716bb30a,4,5
12056672908387972749,14102716,0,0,85f751fd,c4e18dd6,50e219e0,d2bb6502,2347f47a,8ded1f7a,c28dc58b,411aeb9e,7abbbd5c,1,3,1005,20153,320,50,2307,3,163,100020,61,5ade85ab31,44,49
12284071002448984505,14102716,0,0,85f751fd,c4e18dd6,50e219e0,92f5800b,ae637522,0f2161f8,a99f214a,ba6210b4,0bcabeaf,1,2,1005,21189,320,50,2424,1,161,100192,71,12cdcdd08b,22,44
1291487734743861150,14102716,0,0,85f751fd,c4e18dd6,50e219e0,1a7d78d3,d9b5648e,0f2161f8,a99f214a,c2c08e26,93a90f85,1,0,1005,21611,320,50,2480,3,297,100111,61,b609b8f935,3,4
13825723209744972749,14102716,1,0,d6137915,bb1ef334,f028772b,ecad2386,7801e8d9,07d7df22,a99f214a,b2054ca7,6e1e2240,1,0,1005,20215,320,50,2316,0,167,100081,16,850e8706b4,5,6
14293890891635492190,14102716,0,0,85f751fd,c4e18dd6,50e219e0,92f5800b,ae637522,0f2161f8,a99f214a,4acaf05a,0bcabeaf,1,3,1005,21189,320,50,2424,1,161,100193,71,b5d2640260,5,24
14803104297442604502,14102716,0,0,5b787406,62b6aefa,50e219e0,ecad2386,7801e8d9,07d7df22,c5c71a5e,487800ba,06bbf87b,0,0,1002,22893,320,50,2643,2,35,-1,23,e8465d51a0,2,3
14867359294823869655,14102716,0,0,887a4754,08facbad,50e219e0,ecad2386,7801e8d9,07d7df22,a4d5a8b7,bd807c39,9215f50d,0,0,1002,21789,320,50,2512,2,291,-1,52,d93606c43c,2,5
15641432374981151175,14102716,0,0,85f751fd,c4e18dd6,50e219e0,92f5800b,ae637522,0f2161f8,a99f214a,b836c1ae,981edffc,1,3,1005,21191,320,50,2424,1,161,100193,71,be67c638ed,4,4
15739980766222108774,14102716,0,1,e5c60a05,7256c623,f028772b,ecad2386,7801e8d9,07d7df22,a99f214a,3bbd0216,70e51edb,1,0,1005,19771,320,50,2227,0,935,100074,48,d401d3da91,1,12
15793585660369033893,14102716,0,1,85f751fd,c4e18dd6,50e219e0,ffc6ffd0,7801e8d9,0f2161f8,c0c3ca53,a3b4f4fc,f07e20f8,4,0,1010,18581,320,50,2104,0,559,-1,171,4cc4dfa2b0,1,12
17974166284755725510,14102716,0,1,2fdff0f2,2296b5b3,3e814130,ecad2386,7801e8d9,07d7df22,a99f214a,756f8fae,be6db1d7,1,0,1005,8330,320,50,761,3,175,100079,23,1e78a0f899,13,16
1824818197876712842,14102716,0,0,91069c72,64120f51,50e219e0,ecad2386,7801e8d9,07d7df22,0247ae25,a4dc42fd,a9b05547,0,0,1002,22701,320,50,2624,0,35,100075,221,0cba1bbe3c,4,8
1975294861702147588,14102716,0,0,85f751fd,c4e18dd6,50e219e0,03528b27,2347f47a,8ded1f7a,a99f214a,e962a352,620311f4,1,0,1005,17017,320,50,1873,3,39,-1,23,87586bce52,3,4
2099620116550885142,14102716,1,1,5b4d2eda,16a36ef3,f028772b,ecad2386,7801e8d9,07d7df22,a99f214a,054fb367,8a4875bd,1,0,1005,21400,320,50,1401,0,175,100101,94,2de89a08b5,6,10
2689191870868634343,14102716,0,0,6ec06dbd,d262cf1e,f66779e6,ecad2386,7801e8d9,07d7df22,a99f214a,be4e21e0,5db079b5,1,2,1005,8330,320,50,761,3,175,100075,23,48286c87ef,6,23
2916434376007891975,14102716,0,0,85f751fd,c4e18dd6,50e219e0,03528b27,2347f47a,8ded1f7a,a99f214a,338f8a2e,cc1b551e,1,2,1005,16688,320,50,1873,3,39,100059,23,d39e44472e,1,2
3815130692461372928,14102716,0,0,85f751fd,c4e18dd6,50e219e0,92f5800b,ae637522,0f2161f8,a99f214a,5025599d,e1eae715,1,3,1005,21191,320,50,2424,1,161,100189,71,697d419e9e,3,35
555607793658571022,14102716,0,0,85f751fd,c4e18dd6,50e219e0,febd1138,82e27996,0f2161f8,a99f214a,55326737,99e427c9,1,0,1005,21611,320,50,2480,3,297,100111,61,e06f599c49,1,4
5970366045189872056,14102716,0,1,85f751fd,c4e18dd6,50e219e0,1dc72b4d,2347f47a,0f2161f8,6d459380,81d8630a,1dbe3bac,1,0,1005,22713,300,50,2627,3,1059,100013,110,64878294d5,11,16
6135002942395146885,14102716,1,0,5b08c53b,7687a86e,3e814130,ecad2386,7801e8d9,07d7df22,a99f214a,cfa481b6,6afc734f,1,0,1005,22269,300,250,2569,0,39,-1,221,8fbc63eb70,4,4
7079950494105295007,14102716,0,1,e151e245,7e091613,f028772b,ecad2386,7801e8d9,07d7df22,a99f214a,e30e04df,951b3e40,1,0,1005,17264,320,50,1872,3,39,-1,23,e781bcbb60,4,4
7416777432007856996,14102716,0,1,85f751fd,c4e18dd6,50e219e0,95190761,7801e8d9,0f2161f8,27d1289d,7e589d5e,f07e20f8,4,2,1010,15699,320,50,1722,0,35,-1,79,3c49bc5b92,1,9
7525295098734789120,14102716,0,0,239adfaf,3465fba3,f028772b,ecad2386,7801e8d9,07d7df22,a99f214a,a48a2270,31f63ca2,1,0,1005,20007,320,50,2283,0,163,100076,95,6c06082c5c,17,23
8882603158183305969,14102716,0,0,e149eb68,91cdcccd,f028772b,ecad2386,7801e8d9,07d7df22,a99f214a,29542a48,1efdbca1,1,0,1005,22599,320,50,2609,3,167,100200,23,ec432968d2,13,17
9436664615562269343,14102716,1,0,85f751fd,c4e18dd6,50e219e0,e2a1ca37,2347f47a,8ded1f7a,a99f214a,ce992977,be74e6fe,1,0,1005,6558,320,50,571,2,39,100050,32,3e58817720,4,6
9845981685478106140,14102716,0,0,1fbe01fe,f3845767,28905ebd,ecad2386,7801e8d9,07d7df22,a99f214a,a5857096,8a4875bd,1,0,1005,15702,320,50,1722,0,35,100084,79,308ad9c744,2,5
1137152136052688239,14102717,0,0,6c5b482c,7687a86e,3e814130,ecad2386,7801e8d9,07d7df22,a99f214a,35f0a8a1,49ea3580,1,0,1005,17653,300,250,1994,2,39,-1,33,f789104abb,8,26
1161058485655488849,14102717,0,0,85f751fd,c4e18dd6,50e219e0,e2fcccd2,5c5a694b,0f2161f8,a99f214a,713a8aea,a0f5f879,1,0,1005,4687,320,50,423,2,39,100148,32,77bd10ff79,3,11
12062012450255809996,14102717,0,0,fa2fd0b3,51d8d3b4,f028772b,ecad2386,7801e8d9,07d7df22,a99f214a,b2d1c55c,07bb0685,1,0,1005,19772,320,50,2227,0,935,100081,48,c80da579ae,28,32
12260280087894815265,14102717,0,0,1fbe01fe,f3845767,28905ebd,ecad2386,7801e8d9,07d7df22,a99f214a,ddd2926e,275fc61c,1,0,1005,20108,320,50,2299,2,1327,-1,52,8c204b4bee,2,3
12456808535153002461,14102717,1,0,4bf5bbe2,6b560cc1,28905ebd,ecad2386,7801e8d9,07d7df22,a99f214a,6c0288a9,d787e91b,1,0,1005,20346,300,250,2331,2,39,-1,23,a0b8ecca0e,1,6
12747230215926453790,14102717,0,0,1fbe01fe,f3845767,28905ebd,ecad2386,7801e8d9,07d7df22,a99f214a,2cdbbcc1,4ea23a13,1,0,1005,20108,320,50,2299,2,1327,100084,52,3e4ea75665,2,13
12916955994930641826,14102717,0,0,4e7614cf,c1aa3c04,f028772b,ecad2386,7801e8d9,07d7df22,a99f214a,641e7c9e,2891f384,1,0,1005,22267,320,50,2566,3,47,100155,42,91c0ab3560,2,3
13194187288750048436,14102717,0,0,85f751fd,c4e18dd6,50e219e0,54c5d545,2347f47a,0f2161f8,40b190fc,00590e55,958bab82,1,0,1005,16688,320,50,1873,3,39,100065,23,199e725cd6,11,19
13285208968388375728,14102717,0,0,1fbe01fe,f3845767,28905ebd,ecad2386,7801e8d9,07d7df22,a99f214a,62328456,d783ff51,1,2,1005,20108,320,50,2299,2,1327,100084,52,39b0e3df32,7,13
14018262030981878905,14102717,0,1,e151e245,7e091613,f028772b,ecad2386,7801e8d9,07d7df22,a99f214a,7506dd87,d4897fef,1,0,1005,6558,320,50,571,2,39,100050,32,ee5333331c,6,8
14060669690746272879,14102717,0,1,e151e245,7e091613,f028772b,ecad2386,7801e8d9,07d7df22,a99f214a,8b48ff2c,0b188ab3,1,0,1005,17264,320,50,1872,3,39,-1,23,8cbe5159e2,1,7
14094377035211856198,14102717,0,0,12fb4121,6b59f079,f028772b,ecad2386,7801e8d9,07d7df22,a99f214a,b20c4959,d787e91b,1,0,1005,16615,320,50,1863,3,39,-1,23,97d2c5d28a,2,10
14250196656834592958,14102717,0,0,1fbe01fe,f3845767,28905ebd,ecad2386,7801e8d9,07d7df22,a99f214a,21f6c86b,779d90c2,1,0,1005,20108,320,50,2299,2,1327,100084,52,b2b57ffad5,3,3
15337639029449976985,14102717,0,0,85f751fd,c4e18dd6,50e219e0,e2fcccd2,5c5a694b,0f2161f8,11d0750a,c00fc41e,be74e6fe,1,0,1005,4687,320,50,423,2,39,100148,32,8f4cc5e2fc,10,18
15981843124887628269,14102717,0,1,e151e245,7e091613,f028772b,ecad2386,7801e8d9,07d7df22,a99f214a,9b1e0b17,e1ca6300,1,0,1005,17264,320,50,1872,3,39,-1,23,a10abcf391,4,4
16082443789199489308,14102717,0,1,e151e245,7e091613,f028772b,ecad2386,7801e8d9,07d7df22,a99f214a,8e5a5d4e,8b1aa260,1,0,1005,17747,320,50,1974,2,39,100021,33,990e2a0a11,3,17
16352160765355332984,14102717,0,0,4e7614cf,c1aa3c04,f028772b,ecad2386,7801e8d9,07d7df22,a99f214a,641e7c9e,2891f384,1,0,1005,22267,320,50,2566,3,47,100155,42,2f18f9acdd,1,22
16425090518608106333,14102717,0,1,85f751fd,c4e18dd6,50e219e0,03a08c3f,7801e8d9,0f2161f8,ef367eb0,a307adec,bf83adaa,4,3,1010,15705,320,50,1722,0,35,100084,79,762d4d5910,1,7
17589279162179846906,14102717,0,1,85f751fd,c4e18dd6,50e219e0,03a08c3f,7801e8d9,0f2161f8,c8020d14,6b9769f2,538c6a1c,5,3,1010,15705,320,50,1722,0,35,-1,79,17862621ef,4,4
17722241035638775463,14102717,0,0,4e7614cf,c1aa3c04,f028772b,ecad2386,7801e8d9,07d7df22,a99f214a,6c8b77e2,d787e91b,1,0,1005,8330,320,50,761,3,175,100075,23,52b0bd8d78,1,1
1798322731657018678,14102717,0,1,856e6d3f,58a89a43,f028772b,ecad2386,7801e8d9,07d7df22,a99f214a,f66bcdd7,e9b8d8d7,1,0,1005,22715,320,50,2627,3,1059,-1,110,76dbabe7c0,3,21
18050678490945452955,14102717,0,0,85f751fd,c4e18dd6,50e219e0,51cedd4e,aefc06bd,0f2161f8,a99f214a,b9c9d7cf,542422a7,1,0,1005,21611,320,50,2480,3,297,100111,61,555594b563,3,5
1822418615733004367,14102717,1,0,763a42b5,1e0acfb4,50e219e0,ecad2386,7801e8d9,07d7df22,b2aa8f77,52f2d594,08ac11ab,0,0,1002,22701,320,50,2624,0,35,100075,221,bb93eb7fe0,11,26
18439210069886699494,14102717,0,0,83a0ad1a,5c9ae867,f028772b,ecad2386,7801e8d9,07d7df22,a99f214a,d90a7774,3bb1ddd7,1,0,1005,22268,320,50,2566,3,47,100156,42,89170a6e1e,5,11
4065755349825659345,14102717,0,0,d7714196,452bed30,3e814130,ecad2386,7801e8d9,07d7df22,a99f214a,c6423006,04cff874,1,0,1005,17239,320,50,1973,3,39,-1,23,d502d046e1,1,30
4546865286817977760,14102717,0,0,5b08c53b,7687a86e,3e814130,ecad2386,7801e8d9,07d7df22,a99f214a,30cf4896,fba60933,1,0,1005,17653,300,250,1994,2,39,-1,33,84d045b218,15,16
4702968714011346131,14102717,0,0,7b86de5b,7352ce80,50e219e0,ecad2386,7801e8d9,07d7df22,61751e91,d0995b85,8c7fba0c,0,0,1002,22703,320,50,2624,0,35,100075,221,629e8573da,15,25
570237935976546716,14102717,0,1,d9750ee7,98572c79,f028772b,ecad2386,7801e8d9,07d7df22,a99f214a,79a1617b,24f6b932,1,0,1005,17614,320,50,1993,2,1063,-1,33,10ad6504fa,28,30
5996285159011266321,14102717,0,1,5ee41ff2,17d996e6,f028772b,ecad2386,7801e8d9,07d7df22,a99f214a,670a7032,684581ce,1,0,1005,22681,320,50,2528,0,39,100077,221,3176816002,6,7
6488174079982619663,14102717,0,0,85f751fd,c4e18dd6,50e219e0,396df801,2347f47a,0f2161f8,a99f214a,18a9f726,eb9d69e8,1,0,1005,15699,320,50,1722,0,35,-1,79,83bdb4dbef,1,5
6829874095313307636,14102717,0,0,85f751fd,c4e18dd6,50e219e0,92f5800b,ae637522,0f2161f8,a99f214a,cb1e8ce6,496515fa,1,3,1005,21191,320,50,2424,1,161,100193,71,f257904cd2,3,4
7347203557007413435,14102717,1,0,1fbe01fe,f3845767,28905ebd,ecad2386,7801e8d9,07d7df22,a99f214a,a5eabd75,aaffed8f,1,0,1005,20108,320,50,2299,2,1327,-1,52,c9993d43d1,8,24
7858395057203070856,14102717,0,1,57fe1b20,5b626596,f028772b,ecad2386,7801e8d9,07d7df22,a99f214a,731eff4b,ecb851b2,1,0,1005,22681,320,50,2528,0,39,100077,221,e40d6f6a03,4,7
8705865172458570999,14102717,0,0,1fbe01fe,f3845767,28905ebd,ecad2386,7801e8d9,07d7df22,a99f214a,07ba17c8,8a4875bd,1,0,1005,15699,320,50,1722,0,35,-1,79,f14b064baf,5,10
8947787413459733396,14102717,0,1,e151e245,7e091613,f028772b,ecad2386,7801e8d9,07d7df22,a99f214a,179e1d79,0b188ab3,1,0,1005,17037,320,50,1934,2,39,-1,16,ed839caff2,2,13
9657053589066691946,14102717,0,1,57fe1b20,5b626596,f028772b,ecad2386,7801e8d9,07d7df22,a99f214a,2628b2ce,64a7b95b,1,0,1005,22681,320,50,2528,0,39,100079,221,c7298dc425,1,5
9891321069079400037,14102717,1,1,e151e245,7e091613,f028772b,ecad2386,7801e8d9,07d7df22,a99f214a,e041f1da,1ccc7835,1,0,1005,17014,320,50,1872,3,39,-1,23,3b00f4c4ed,1,2
10124588787540115642,14102718,0,0,1fbe01fe,f3845767,28905ebd,ecad2386,7801e8d9,07d7df22,a99f214a,0489ce3f,d29924a0,1,0,1005,15699,320,50,1722,0,35,-1,79,0742af314f,1,3
10512548649159301327,14102718,1,1,e151e245,7e091613,f028772b,ecad2386,7801e8d9,07d7df22,a99f214a,36559f50,7abbbd5c,1,0,1005,4687,320,50,423,2,39,100148,32,ced31284d9,2,4
11423490720262301686,14102718,0,0,85f751fd,c4e18dd6,50e219e0,e2a1ca37,2347f47a,8ded1f7a,48656d80,3c552dc9,47a322d1,1,0,1005,17017,320,50,1873,3,39,-1,23,bb06745317,3,3
11635991582631775448,14102718,1,1,5ee41ff2,17d996e6,f028772b,ecad2386,7801e8d9,07d7df22,a99f214a,eddad77f,8a4875bd,1,0,1005,22681,320,50,2528,0,39,100077,221,d608125010,5,5
12347989639014177149,14102718,0,0,5b08c53b,7687a86e,3e814130,ecad2386,7801e8d9,07d7df22,a99f214a,59ac940d,5096d134,1,0,1005,17654,300,250,1994,2,39,-1,33,541df2b27b,12,13
12768120831601345878,14102718,0,0,1fbe01fe,f3845767,28905ebd,ecad2386,7801e8d9,07d7df22,a99f214a,b4759d9a,4c8aeb60,1,0,1005,15705,320,50,1722,0,35,100083,79,403fafa20f,18,22
13986085645646123910,14102718,0,1,7dd19f44,9690165f,f028772b,ecad2386,7801e8d9,07d7df22,a99f214a,2c112940,7044c261,1,0,1005,22715,320,50,2627,3,1059,100013,110,f7b5825050,2,6
14472484047593758909,14102718,0,0,85f751fd,c4e18dd6,50e219e0,27550a3c,7801e8d9,07d7df22,ff84fbd6,1f5abef6,e96b49d6,0,0,1002,15705,320,50,1722,0,35,-1,79,e0c813acc3,2,7
14548094627259831563,14102718,0,1,791b5571,fd13bc73,f028772b,ecad2386,7801e8d9,07d7df22,a99f214a,2ac833fd,421872ab,1,0,1005,19772,320,50,2227,0,935,-1,48,09aeb38cc9,1,2
14753927198547701987,14102718,0,0,1fbe01fe,f3845767,28905ebd,ecad2386,7801e8d9,07d7df22,a99f214a,93f4e46c,f186d2e8,1,0,1005,20108,320,50,2299,2,1327,100084,52,27e6f09fe2,10,17
15009372141006914398,14102718,0,0,85f751fd,c4e18dd6,50e219e0,e2fcccd2,5c5a694b,0f2161f8,a99f214a,6ae8f049,be6db1d7,1,0,1005,21412,320,50,2467,2,167,100074,23,d2dab0e8be,2,10
15546531408176801486,14102718,0,0,1fbe01fe,f3845767,28905ebd,ecad2386,7801e8d9,07d7df22,a99f214a,40901350,c6263d8a,1,0,1005,20108,320,50,2299,2,1327,-1,52,828bbf6d12,2,4
15918613366036113802,14102718,0,0,1fbe01fe,f3845767,28905ebd,ecad2386,7801e8d9,07d7df22,a99f214a,a8536f3a,d787e91b,1,0,1005,20108,320,50,2299,2,1327,-1,52,0112acfb9c,5,17
16463701805853923669,14102718,1,1,5ee41ff2,17d996e6,f028772b,ecad2386,7801e8d9,07d7df22,a99f214a,7b6f805d,73c214d2,1,0,1005,22682,320,50,2528,0,39,100081,221,3a995a775b,2,4
16490398061177011739,14102718,0,1,e4d8dd7b,a17bde68,3e814130,ecad2386,7801e8d9,07d7df22,a99f214a,ab1ed4e4,d787e91b,1,0,1005,8330,320,50,761,3,175,-1,23,0246291f31,3,3
17718045236827609896,14102718,0,0,2b1ddb24,98acf46c,3e814130,ecad2386,7801e8d9,07d7df22,a99f214a,95207144,9f8d0424,1,0,1005,13781,320,50,1447,2,47,100077,13,cee7fb3c20,5,9
17868183919734966668,14102718,0,0,1fbe01fe,f3845767,28905ebd,ecad2386,7801e8d9,07d7df22,a99f214a,f3643168,65c93b38,1,0,1005,20108,320,50,2299,2,1327,100084,52,e16421455d,3,13
18046751230408321134,14102718,1,0,85f751fd,c4e18dd6,50e219e0,e2fcccd2,5c5a694b,0f2161f8,a99f214a,27583dbd,be74e6fe,1,0,1005,4687,320,50,423,2,39,-1,32,1c19f726c4,6,21
18081395544643640698,14102718,0,1,e151e245,7e091613,f028772b,ecad2386,7801e8d9,07d7df22,a99f214a,40bf202f,fa61e8fe,1,0,1005,4687,320,50,423,2,39,100148,32,d70228d591,9,11
351394356417287035,14102718,0,0,85f751fd,c4e18dd6,50e219e0,92f5800b,ae637522,0f2161f8,a99f214a,6b7974e1,496515fa,1,3,1005,21191,320,50,2424,1,161,100189,71,2a840112e1,4,4
4883057225751461624,14102718,0,1,0a742914,510bd839,f028772b,ecad2386,7801e8d9,07d7df22,a99f214a,c831da9c,36b8f4c5,1,0,1005,22683,320,50,2528,0,39,100081,221,ff8fdd95b5,4,4
5005295819691728291,14102718,0,0,1fbe01fe,f3845767,28905ebd,ecad2386,7801e8d9,07d7df22,a99f214a,82628a01,d787e91b,1,0,1005,20108,320,50,2299,2,1327,-1,52,f1006f2362,3,3
5253223741683598122,14102718,0,0,1fbe01fe,f3845767,28905ebd,ecad2386,7801e8d9,07d7df22,a99f214a,d2a673f0,779d90c2,1,0,1005,15706,320,50,1722,0,35,100083,79,267fa7d6a4,6,15
577675184819536381,14102718,1,0,7294ea0f,863fa89d,3e814130,ecad2386,7801e8d9,07d7df22,a99f214a,3858ceb8,d4897fef,1,0,1005,17239,320,50,1973,3,39,100148,23,c740eeb30b,1,2
6173696501373313958,14102718,0,0,6c5b482c,7687a86e,3e814130,ecad2386,7801e8d9,07d7df22,a99f214a,b5bcb504,ecb851b2,1,0,1005,22270,300,250,2569,0,39,-1,221,adefa93a35,1,2
7306664627708610707,14102718,1,0,1fbe01fe,f3845767,28905ebd,ecad2386,7801e8d9,07d7df22,a99f214a,e434cc9f,36d749e5,1,0,1005,15701,320,50,1722,0,35,-1,79,f5e53506e8,2,3
7319563985463435619,14102718,0,0,1fbe01fe,f3845767,28905ebd,ecad2386,7801e8d9,07d7df22,a99f214a,95b2935e,ecb851b2,1,0,1005,15705,320,50,1722,0,35,-1,79,a7a6a4f8d1,1,1
7340248398759838559,14102718,0,0,85f751fd,c4e18dd6,50e219e0,54c5d545,2347f47a,0f2161f8,a99f214a,8f0b001f,7abbbd5c,1,0,1005,17017,320,50,1873,3,39,-1,23,4ca6e362a3,10,15
7399562252731031699,14102718,0,0,1fbe01fe,f3845767,28905ebd,ecad2386,7801e8d9,07d7df22,a99f214a,08b2badd,5096d134,1,0,1005,20108,320,50,2299,2,1327,100084,52,a74d682658,2,3
7409229366152877382,14102718,0,0,d8bb8687,98e6755b,3e814130,ecad2386,7801e8d9,07d7df22,a99f214a,af362f4b,89416188,1,0,1005,17239,320,50,1973,3,39,100148,23,3d4c513a7c,1,1
797969117423860975,14102718,0,0,85f751fd,c4e18dd6,50e219e0,3c4b944d,2347f47a,0f2161f8,09de09ae,3a2ab4c7,7abbbd5c,1,0,1005,16408,320,50,1835,1,431,100012,71,0324feb201,19,28
8813510087772905693,14102718,0,1,e151e245,7e091613,f028772b,ecad2386,7801e8d9,07d7df22,a99f214a,5bcfb076,fce66524,1,0,1005,4687,320,50,423,2,39,-1,32,41027c3792,5,5
9498285752825669504,14102718,0,0,85f751fd,c4e18dd6,50e219e0,92f5800b,ae637522,0f2161f8,a99f214a,702a478f,4ffd3a7e,1,3,1005,21189,320,50,2424,1,161,100189,71,4f22b87cba,1,1
9761474048324220341,14102718,0,0,85f751fd,c4e18dd6,50e219e0,92f5800b,ae637522,0f2161f8,a99f214a,08156dfc,981edffc,1,0,1005,21189,320,50,2424,1,161,100193,71,ba36f9054c,3,7
10158819905674374724,14102719,0,0,85f751fd,c4e18dd6,50e219e0,92f5800b,ae637522,0f2161f8,a99f214a,a22fc9e2,e1eae715,1,3,1005,21189,320,50,2424,1,161,100192,71,2ae4637426,24,29
11262965490347832381,14102719,0,0,1fbe01fe,f3845767,28905ebd,ecad2386,7801e8d9,07d7df22,a99f214a,086ef670,6ee42729,1,0,1005,15699,320,50,1722,0,35,-1,79,20c85be01c,3,4
11631844299801587773,14102719,1,0,6c5b482c,7687a86e,3e814130,ecad2386,7801e8d9,07d7df22,a99f214a,8dc608fc,1f0bc64f,1,0,1005,17654,300,250,1994,2,39,-1,33,40dca2526f,3,24
12305362655101724798,14102719,0,0,df7971d4,ace5b8fd,50e219e0,ecad2386,7801e8d9,07d7df22,d662616f,47f9cd3b,54db068e,0,0,1002,21687,320,50,2495,2,167,-1,23,0fdb7676f8,9,12
13776357977437696316,14102719,0,0,85f751fd,c4e18dd6,50e219e0,92f5800b,ae637522,0f2161f8,a99f214a,d7a09aa3,981edffc,1,3,1005,21191,320,50,2424,1,161,100189,71,62d7afb5b2,2,3
13884034548078459570,14102719,0,0,6256f5b4,28f93029,f028772b,ecad2386,7801e8d9,07d7df22,a99f214a,7eeac961,9dcb1cd1,1,0,1005,15703,320,50,1722,0,35,-1,79,c9993d43d1,4,7
14538667602468906234,14102719,1,0,207ceda8,c4e18dd6,50e219e0,ecad2386,7801e8d9,07d7df22,c570e2e3,a1894ba7,66960a7d,0,0,1002,21789,320,50,2512,2,291,100103,52,9a958e89a2,9,12
15358784906789174027,14102719,1,1,a7853007,7e091613,f028772b,ecad2386,7801e8d9,07d7df22,a99f214a,65ea14e6,cad4c01d,1,0,1005,20274,320,50,2225,0,935,100101,48,4c480cb5fb,1,12
15526814282457242116,14102719,0,0,c69c2b3a,08facbad,50e219e0,ecad2386,7801e8d9,07d7df22,0762fc27,892f01a8,08ac11ab,0,0,1002,22702,300,50,2624,0,35,-1,221,3176816002,5,6
15711029919646036626,14102719,0,1,856e6d3f,58a89a43,f028772b,ecad2386,7801e8d9,07d7df22,a99f214a,f94ade17,684581ce,1,0,1005,16208,320,50,1800,3,167,100075,23,7108f3b791,10,16
16748085217208989957,14102719,0,0,1fbe01fe,f3845767,28905ebd,ecad2386,7801e8d9,07d7df22,a99f214a,7eeac961,ff065cf0,1,2,1005,20108,320,50,2299,2,1327,-1,52,0eb4363397,1,13
17530845330892503227,14102719,0,0,1fbe01fe,f3845767,28905ebd,ecad2386,7801e8d9,07d7df22,a99f214a,1db29ae0,a5bce124,1,0,1005,20108,320,50,2299,2,1327,-1,52,2f38465846,1,4
17554509497849114980,14102719,0,0,e3edd4b8,d7928cbd,50e219e0,ecad2386,7801e8d9,07d7df22,019be08d,eb4c8e18,3ec634b5,0,0,1002,21681,320,50,2496,3,167,-1,23,35cc9d8c7e,1,4
2796423177830871811,14102719,0,0,85f751fd,c4e18dd6,50e219e0,92f5800b,ae637522,0f2161f8,a99f214a,f7d0c0ba,496515fa,1,3,1005,21191,320,50,2424,1,161,100193,71,0dd1e0f842,3,18
2892613813847390038,14102719,0,0,7c6576be,d00b8121,f028772b,ecad2386,7801e8d9,07d7df22,a99f214a,490db727,86030d43,1,0,1005,19772,320,50,2227,0,935,-1,48,26fb944a90,1,2
46928790923742598,14102719,0,0,1fbe01fe,f3845767,28905ebd,ecad2386,7801e8d9,07d7df22,a99f214a,70f7103a,711ee120,1,0,1005,15704,320,50,1722,0,35,100084,79,0494e7b7ce,1,4
5242014890314349145,14102719,0,1,e151e245,7e091613,f028772b,ecad2386,7801e8d9,07d7df22,a99f214a,248464de,b5bf16e5,1,0,1005,17262,320,50,1872,3,39,-1,23,973588c794,1,7
5324324980392427823,14102719,0,1,5b4d2eda,16a36ef3,f028772b,ecad2386,7801e8d9,07d7df22,a99f214a,51b64a2c,ecb851b2,1,0,1005,20005,320,50,2283,0,163,100076,95,eb98f404b3,14,14
5710257135847495246,14102719,0,0,85f751fd,c4e18dd6,50e219e0,98fed791,d9b5648e,0f2161f8,a99f214a,e6d94db5,aad45b01,1,0,1005,19743,320,50,2264,3,427,100000,61,174b609ce4,14,15
6121460594368019631,14102719,0,0,1fbe01fe,f3845767,28905ebd,ecad2386,7801e8d9,07d7df22,a99f214a,0ba308a7,1f0bc64f,1,0,1005,20108,320,50,2299,2,1327,-1,52,ad5227cf21,3,5
6623109520144103878,14102719,0,0,85f751fd,c4e18dd6,50e219e0,9c13b419,2347f47a,f95efa07,a99f214a,9a67ab3c,be74e6fe,1,0,1005,20634,320,50,2374,3,39,-1,23,4968c6e929,1,4
8484306939138315275,14102719,0,0,5b08c53b,7687a86e,3e814130,ecad2386,7801e8d9,07d7df22,a99f214a,c7013d45,d787e91b,1,0,1005,17654,300,250,1994,2,39,-1,33,7d36321b43,1,1
9178336352896927548,14102719,0,0,4bf5bbe2,6b560cc1,28905ebd,ecad2386,7801e8d9,07d7df22,a99f214a,8b0f19ea,1110362c,1,0,1005,15702,320,50,1722,0,35,-1,79,dc4484e942,1,1
15674684508911842194,14102720,0,1,e151e245,7e091613,f028772b,ecad2386,7801e8d9,07d7df22,a99f214a,53d43ce2,07ecc334,1,0,1005,17747,320,50,1974,2,39,-1,33,96c0491bf3,3,4
16169304674723106571,14102720,0,0,85f751fd,c4e18dd6,50e219e0,3c4b944d,2347f47a,0f2161f8,c9a18e31,89757473,837b5bc8,1,0,1005,20382,320,50,1740,3,943,100059,100,2abb010d54,1,2
1827113854776243347,14102720,0,1,2d7bacb1,945bfb4b,f028772b,ecad2386,7801e8d9,07d7df22,a99f214a,d6b4ded7,6d44e29a,1,0,1005,22715,320,50,2627,3,1059,-1,110,ff4c3d7c5b,4,4
222087289175137256,14102720,0,0,85f751fd,c4e18dd6,50e219e0,f0d41ff1,2347f47a,0f2161f8,a99f214a,26b298d9,744ae245,1,0,1005,22598,320,50,2608,3,171,100160,61,77f47bc716,9,16
2917478301927031277,14102720,1,0,29229f8e,a10eb148,f028772b,ecad2386,7801e8d9,07d7df22,a99f214a,7ee5caec,01d57fd7,1,0,1005,17212,320,50,1887,3,39,100200,23,1b95082508,3,6
2932491348957364387,14102720,0,0,85f751fd,c4e18dd6,50e219e0,51cedd4e,aefc06bd,0f2161f8,a99f214a,18c41a4e,fa952a77,1,0,1005,21611,320,50,2480,3,297,100111,61,4d2bcd46ee,5,19
363832503737898057,14102720,1,0,d1a51189,93ab6716,50e219e0,ecad2386,7801e8d9,07d7df22,9374fbc6,8fdcbd99,5b750ba4,0,0,1002,21789,320,50,2512,2,291,-1,52,211a42db33,3,7
3811828178370990742,14102720,0,0,85f751fd,c4e18dd6,50e219e0,febd1138,82e27996,0f2161f8,a99f214a,394c6fd7,2ea4f8ba,1,0,1005,21611,320,50,2480,3,297,100111,61,ef146711f3,16,17
5273593963492442050,14102720,1,0,763a42b5,4c26e9ba,50e219e0,ecad2386,7801e8d9,07d7df22,349d4e79,264115a1,a9b05547,0,0,1002,22700,320,50,2624,0,35,100077,221,559992576c,1,2
6870437591238292594,14102720,0,0,85f751fd,c4e18dd6,50e219e0,92f5800b,ae637522,0f2161f8,a99f214a,9cae11f6,981edffc,1,3,1005,21191,320,50,2424,1,161,100189,71,9117788501,2,4
7779324416680044224,14102720,0,0,85f751fd,c4e18dd6,50e219e0,92f5800b,ae637522,0f2161f8,a99f214a,462e54c9,0bcabeaf,1,3,1005,21189,320,50,2424,1,161,100191,71,51b18759ab,8,14
9085163002687987016,14102720,0,0,38c202aa,c4e18dd6,50e219e0,ecad2386,7801e8d9,07d7df22,d67e78cd,d8e0aa9d,911a3c09,0,0,1002,4687,320,50,423,2,39,-1,32,360081a49a,19,29
9400889926817210516,14102720,1,0,de849fbf,0316bf4f,50e219e0,ecad2386,7801e8d9,07d7df22,d427baa9,1decd61f,97868ca6,0,0,1002,17566,320,50,479,3,39,-1,23,1643778469,4,4
10207820098316543415,14102721,0,0,1fbe01fe,f3845767,28905ebd,ecad2386,7801e8d9,07d7df22,a99f214a,7eeac961,a0f5f879,1,0,1005,15706,320,50,1722,0,35,-1,79,ad1992e9dd,10,16
12286745478973381294,14102721,0,0,83a0ad1a,5c9ae867,f028772b,ecad2386,7801e8d9,07d7df22,a99f214a,1a22416d,c4cff2ea,1,0,1005,16615,320,50,1863,3,39,-1,23,4dcfac2ee7,10,10
16368628785121488619,14102721,0,1,e151e245,7e091613,f028772b,ecad2386,7801e8d9,07d7df22,a99f214a,4d151fda,e9b8d8d7,1,0,1005,17747,320,50,1974,2,39,-1,33,06d4240fa8,1,22
3471737624137240429,14102721,0,0,8cbf056b,6fe0fc79,50e219e0,ecad2386,7801e8d9,07d7df22,1c6949e6,ffd16890,08ac11ab,0,0,1002,5299,320,50,479,3,39,-1,23,16ae00b5df,2,5
4542341649155017132,14102721,0,0,85f751fd,c4e18dd6,50e219e0,ce183bbd,ae637522,cef3e649,a99f214a,0588f7c3,36b67a2a,1,0,1005,22516,320,50,2597,1,167,100003,71,5beb805c79,5,5
4723315184345479454,14102721,0,0,85f751fd,c4e18dd6,50e219e0,92f5800b,ae637522,0f2161f8,a99f214a,119379b0,2692a96a,1,3,1005,21191,320,50,2424,1,161,100189,71,30175cac8d,1,8
48125116127577176,14102721,0,0,6256f5b4,28f93029,f028772b,ecad2386,7801e8d9,07d7df22,a99f214a,2a4ab0e3,649e7a14,1,0,1005,22561,320,50,1863,3,39,-1,23,52b0bd8d78,1,1
4896287650434105012,14102721,0,0,93eaba74,7687a86e,3e814130,ecad2386,7801e8d9,07d7df22,a99f214a,429bb1fa,7044c261,1,0,1005,19015,300,250,2162,2,39,-1,33,5ffb936433,1,2
5499016190257821140,14102721,0,0,d7f3460b,f7570339,f028772b,ecad2386,7801e8d9,07d7df22,a99f214a,34119e38,7abbbd5c,1,0,1005,16859,320,50,1887,3,39,-1,23,7f359845a3,7,9
648057166922321313,14102721,0,0,1fbe01fe,f3845767,28905ebd,ecad2386,7801e8d9,07d7df22,a99f214a,329a6a03,8ce34352,1,0,1005,15708,320,50,1722,0,35,100084,79,98231771c9,4,6
11540358824215357428,14102722,0,0,85f751fd,c4e18dd6,50e219e0,e2fcccd2,5c5a694b,0f2161f8,a99f214a,c73d39cb,4ea23a13,1,0,1005,18461,320,50,2104,3,559,-1,171,d5056a930e,6,8
11552320531585548228,14102722,0,0,85f751fd,c4e18dd6,50e219e0,92f5800b,ae637522,0f2161f8,a99f214a,06f915f5,0bcabeaf,1,3,1005,21191,320,50,2424,1,161,100193,71,2f38465846,2,8
11775057741365632256,14102722,0,0,85f751fd,c4e18dd6,50e219e0,febd1138,82e27996,0f2161f8,a99f214a,dc3b9a05,d056b4bf,1,0,1005,20508,320,50,2351,3,163,-1,61,7bb4db000d,5,5
15574688062627990798,14102722,0,0,1fbe01fe,f3845767,28905ebd,ecad2386,7801e8d9,07d7df22,a99f214a,b6bee385,5c61e7ff,1,0,1005,15703,320,50,1722,0,35,-1,79,922eba6faa,4,8
2116581009330697072,14102722,1,1,e151e245,7e091613,f028772b,ecad2386,7801e8d9,07d7df22,a99f214a,fdd8505a,6ae7fb43,1,0,1005,17262,320,50,1872,3,39,-1,23,37fe473f40,7,24
4245411337458029065,14102722,0,0,85f751fd,c4e18dd6,50e219e0,e2fcccd2,5c5a694b,0f2161f8,a99f214a,b16a317e,d4897fef,1,0,1005,4687,320,50,423,2,39,100148,32,eaa0b128a7,3,6
4885489467890900371,14102722,0,1,e151e245,7e091613,f028772b,ecad2386,7801e8d9,07d7df22,a99f214a,e0f708f3,0b3a28f0,1,0,1005,17264,320,50,1872,3,39,-1,23,7f2da00ba3,12,16
5704807844402617508,14102722,1,0,85f751fd,c4e18dd6,50e219e0,92f5800b,ae637522,0f2161f8,a99f214a,a9d08304,496515fa,1,3,1005,21191,320,50,2424,1,161,100190,71,293e280057,2,7
666978623967406018,14102722,0,0,85f751fd,c4e18dd6,50e219e0,92f5800b,ae637522,0f2161f8,a99f214a,4ac5573c,981edffc,1,3,1005,21189,320,50,2424,1,161,100192,71,77a255df09,3,3
7347464400436476228,14102722,0,0,1fbe01fe,f3845767,28905ebd,ecad2386,7801e8d9,07d7df22,a99f214a,6a4c8242,4ea23a13,1,0,1005,20108,320,50,2299,2,1327,-1,52,6217960c08,4,4
7839674948400283220,14102722,0,0,85f751fd,c4e18dd6,50e219e0,92f5800b,ae637522,0f2161f8,a99f214a,f967d9dd,496515fa,1,3,1005,21189,320,50,2424,1,161,100190,71,479423549e,1,2
8281461181364764632,14102722,1,0,5b08c53b,7687a86e,3e814130,ecad2386,7801e8d9,07d7df22,a99f214a,c24ff08a,1df52df3,1,0,1005,17653,300,250,1994,2,39,-1,33,2b104e8258,2,2
10138525073299428808,14102723,0,0,85f751fd,c4e18dd6,50e219e0,e2fcccd2,5c5a694b,0f2161f8,f882f2d5,dabf4793,4ceb2e0b,1,0,1005,6560,320,50,571,2,39,-1,32,a7a6a4f8d1,7,7
12299044903537419895,14102723,0,1,85f751fd,c4e18dd6,50e219e0,03a08c3f,7801e8d9,0f2161f8,d2a02e13,bc5d3aff,f07e20f8,4,0,1010,15708,320,50,1722,0,35,-1,79,239f316c3b,11,11
12921784624563313152,14102723,0,0,2ee82a0f,ad063404,f66779e6,ecad2386,7801e8d9,07d7df22,a99f214a,dc316594,d787e91b,1,0,1005,16858,320,50,1887,3,39,100194,23,c9c3f9881e,5,7
13629995542902781620,14102723,0,0,85f751fd,c4e18dd6,50e219e0,92f5800b,ae637522,0f2161f8,a99f214a,326ef3d3,36b67a2a,1,3,1005,21191,320,50,2424,1,161,100193,71,ea3d2b3cf4,5,9
192243644099679322,14102723,0,0,85f751fd,c4e18dd6,50e219e0,5dc1d4de,2347f47a,cef3e649,b2c485c7,711d420e,96629d1d,1,0,1005,15708,320,50,1722,0,35,100083,79,3cbc60f0e1,10,12
3588045776220257081,14102723,0,0,85f751fd,c4e18dd6,50e219e0,92f5800b,ae637522,0f2161f8,a99f214a,d3da3333,0bcabeaf,1,3,1005,21191,320,50,2424,1,161,100191,71,13314abfde,9,21
4760668646192262889,14102723,0,0,1fbe01fe,f3845767,28905ebd,ecad2386,7801e8d9,07d7df22,a99f214a,8dd848d1,6332421a,1,0,1005,15705,320,50,1722,0,35,-1,79,389b7e5cf1,8,14
6050869700343570335,14102723,0,0,4bf5bbe2,6b560cc1,28905ebd,ecad2386,7801e8d9,07d7df22,a99f214a,241265e6,1bd6348d,1,0,1005,20633,320,50,2374,3,39,100121,23,acac0a8b97,4,20
7815926715645469932,14102723,1,0,38217daf,449497bc,f028772b,ecad2386,7801e8d9,07d7df22,a99f214a,33832170,7abbbd5c,1,0,1005,20635,300,250,2374,3,39,-1,23,96541b142d,10,14
1136109752023000367,14102800,0,0,85f751fd,c4e18dd6,50e219e0,92f5800b,ae637522,0f2161f8,a99f214a,f6a7b704,981edffc,1,3,1005,21189,320,50,2424,1,161,-1,71,38a7b4c659,8,12
13807849589108428101,14102800,0,0,1fbe01fe,f3845767,28905ebd,ecad2386,7801e8d9,07d7df22,a99f214a,885c826d,0671f8e1,1,0,1005,15706,320,50,1722,0,35,100084,79,f702bcfcbe,12,17
15222849559885614183,14102800,0,0,54e6fb06,91dd76e0,28905ebd,ecad2386,7801e8d9,07d7df22,a99f214a,7a0eca26,a0f5f879,1,0,1005,15708,320,50,1722,0,35,-1,79,1050e1bb4e,2,18
16391809317862250682,14102800,0,1,85f751fd,c4e18dd6,50e219e0,1dc72b4d,2347f47a,0f2161f8,977ee8f7,29cb0127,2cd8ff6d,1,0,1005,22713,300,50,2627,3,1059,100013,110,2be707a5d4,1,3
5890185095770068283,14102800,1,0,2ee82a0f,ad063404,f66779e6,ecad2386,7801e8d9,07d7df22,a99f214a,adf39004,3a07b300,1,0,1005,17212,320,50,1887,3,39,100194,23,360081a49a,1,3
10363232739759549492,14102801,0,0,85f751fd,c4e18dd6,50e219e0,e2fcccd2,5c5a694b,0f2161f8,b656cbec,87fd1584,8f4fd1f0,1,0,1005,20633,320,50,2374,3,39,-1,23,dd2aa494b8,2,2
11992766110318225269,14102801,0,0,85f751fd,c4e18dd6,50e219e0,f0d41ff1,2347f47a,0f2161f8,a99f214a,a7f91d3f,1f0bc64f,1,0,1005,19775,320,50,2229,0,687,100031,48,eb98f404b3,28,41
13264578196710016199,14102801,0,0,770134e0,5e24f36c,50e219e0,ecad2386,7801e8d9,07d7df22,9b56c667,8c44779b,ba8b4da8,0,0,1002,15908,320,50,1752,3,297,100081,82,62e60dcba2,8,8
1407729798121468170,14102801,0,0,85f751fd,c4e18dd6,50e219e0,de77f79f,7801e8d9,0f2161f8,0c17a20c,3ca70487,7ac6007f,1,2,1005,20634,320,50,2374,3,39,-1,23,c4ccb97445,5,5
15432394744923045237,14102801,0,0,5e03b073,7405f3ba,28905ebd,ecad2386,7801e8d9,07d7df22,a99f214a,48b54ff0,8ba13a25,1,0,1005,20346,300,250,2331,2,39,-1,23,2eb0d149a6,10,26
15630472242217063218,14102801,1,0,5b08c53b,7687a86e,3e814130,ecad2386,7801e8d9,07d7df22,a99f214a,8d0ae6cd,711ee120,1,0,1005,17653,300,250,1994,2,39,100084,33,6325278268,5,5
17668228031383100551,14102801,1,0,1fbe01fe,f3845767,28905ebd,ecad2386,7801e8d9,07d7df22,a99f214a,b5ff3086,ee007ad3,1,0,1005,22677,320,50,2617,0,35,100084,51,e8067ccdf4,5,6
4091998888553544985,14102801,0,0,929d2171,aa785047,3e814130,ecad2386,7801e8d9,07d7df22,a99f214a,73197ddb,a29a4df9,1,2,1005,16858,320,50,1887,3,39,100194,23,d24eda20a8,5,8
4915804550434297656,14102801,0,0,821bd996,91a09f2f,50e219e0,ecad2386,7801e8d9,07d7df22,29a5ca15,99a1cf0d,23c526cf,0,0,1002,20173,300,50,2312,0,167,100075,16,18c92cbc15,1,9
5322214011929337769,14102801,1,0,83a0ad1a,5c9ae867,f028772b,ecad2386,7801e8d9,07d7df22,a99f214a,181ff59e,1f0bc64f,1,0,1005,16858,320,50,1887,3,39,-1,23,289da49c1e,10,10
7056596722886790853,14102801,0,1,e151e245,7e091613,f028772b,ecad2386,7801e8d9,07d7df22,a99f214a,4f08e7c7,0dedddc5,1,2,1005,4687,320,50,423,2,39,100148,32,894394d34d,1,1
708629547071378977,14102801,0,0,85f751fd,c4e18dd6,50e219e0,92f5800b,ae637522,0f2161f8,a99f214a,f21bd69f,981edffc,1,3,1005,21189,320,50,2424,1,161,100193,71,f480fa915b,4,22
10076139392063905932,14102802,0,1,85f751fd,c4e18dd6,50e219e0,364e323c,7801e8d9,cef3e649,7ec706a9,7e7f2f41,dc31133e,4,2,1010,22920,320,50,2649,0,39,-1,204,2de89a08b5,1,3
13020965621483276626,14102802,1,0,1fbe01fe,f3845767,28905ebd,ecad2386,7801e8d9,07d7df22,a99f214a,25a076a6,3bd9e8e7,1,0,1005,22677,320,50,2617,0,35,100084,51,5bc69b2f17,8,9
1471770406844673389,14102802,0,1,85f751fd,c4e18dd6,50e219e0,6fef5db2,7801e8d9,0f2161f8,eaf41b48,d7309d5b,36b67a2a,4,3,1010,22920,320,50,2649,0,39,100202,204,85056b9d1f,22,50
14816966978981188522,14102802,0,0,4461c46d,1e0acfb4,50e219e0,ecad2386,7801e8d9,07d7df22,91758f1e,c31fe2ad,77589ff2,0,0,1002,22701,320,50,2624,0,35,100075,221,b8533ae342,1,5
15401015179513963534,14102802,0,0,f58d0bc8,7e3be6ba,f028772b,ecad2386,7801e8d9,07d7df22,a99f214a,0914eebf,1f0bc64f,1,0,1005,22554,320,50,1863,3,39,-1,23,921ed98aa3,3,10
15728602793506502813,14102802,0,0,1fbe01fe,f3845767,28905ebd,ecad2386,7801e8d9,07d7df22,a99f214a,7a9829fe,d787e91b,1,0,1005,22677,320,50,2617,0,35,-1,51,35243cfc3e,7,26
18077475817665332720,14102802,0,1,85f751fd,c4e18dd6,50e219e0,2815f500,7801e8d9,cef3e649,06b569a1,0d3ed2c8,36b67a2a,4,2,1010,22920,320,50,2649,0,39,-1,204,43ab812d35,6,6
2681868969920882990,14102802,0,1,b8eae5f9,1e334bd3,f028772b,ecad2386,7801e8d9,07d7df22,a99f214a,b0ec685d,421872ab,1,0,1005,19985,320,50,2278,2,35,100079,95,af322b74ef,9,31
3248613754346626973,14102802,0,1,85f751fd,c4e18dd6,50e219e0,364e323c,7801e8d9,cef3e649,b2569970,6a016aff,dc31133e,4,2,1010,22920,320,50,2649,0,39,100194,204,f2590be705,2,7
3564966573491471349,14102802,0,0,85f751fd,c4e18dd6,50e219e0,54c5d545,2347f47a,0f2161f8,a99f214a,4d379687,60eb1f19,1,0,1005,16688,320,50,1873,3,39,-1,23,3fe68b5a5f,1,4
4034490446435365337,14102802,0,0,1fbe01fe,f3845767,28905ebd,ecad2386,7801e8d9,07d7df22,a99f214a,45c09916,1f0bc64f,1,0,1005,22676,320,50,2616,0,35,100084,51,73f3b1c4aa,7,7
7381536909408913526,14102802,0,0,d7f3460b,f7570339,f028772b,ecad2386,7801e8d9,07d7df22,a99f214a,46fcee1c,05b9fa1b,1,0,1005,16859,320,50,1887,3,39,-1,23,688cbea0c8,2,3
877669567336328174,14102802,0,0,1fbe01fe,f3845767,28905ebd,ecad2386,7801e8d9,07d7df22,a99f214a,dbd52b66,4ea23a13,1,0,1005,22676,320,50,2616,0,35,-1,51,4f15d6d414,7,37
9848462356574389121,14102802,0,1,85f751fd,c4e18dd6,50e219e0,b99da644,7801e8d9,0f2161f8,6f01a019,a8a01f9d,36b67a2a,4,3,1010,22920,320,50,2649,0,39,100194,204,64f1e78641,13,30
9852289981346868122,14102802,0,0,85f751fd,c4e18dd6,50e219e0,92f5800b,ae637522,0f2161f8,a99f214a,3ff9ccce,0bcabeaf,1,3,1005,21189,320,50,2424,1,161,100193,71,16b19e51f6,7,20
10263899501634937826,14102803,0,0,85f751fd,c4e18dd6,50e219e0,92f5800b,ae637522,0f2161f8,a99f214a,8eda9148,2692a96a,1,2,1005,22686,320,50,2620,0,295,100111,204,6154274606,17,17
11624295058678895987,14102803,0,0,307b702f,65dac47e,50e219e0,ecad2386,7801e8d9,07d7df22,09fdd44a,da937ce9,a9b05547,0,0,1002,22700,320,50,2624,0,35,100075,221,5425ca1414,5,32
12335703133161536591,14102803,0,0,7549fe4f,c36140b5,50e219e0,ecad2386,7801e8d9,07d7df22,0a0acff6,8b000f3f,ea6abc60,0,0,1002,21789,320,50,2512,2,291,100103,52,ab7b5f9b17,15,20
13163400896070589678,14102803,1,0,85f751fd,c4e18dd6,50e219e0,e2fcccd2,5c5a694b,0f2161f8,f691b6d0,ccd71fc6,ecb851b2,1,0,1005,18532,320,50,2104,3,559,-1,171,64878294d5,1,7
15041205535073926550,14102803,0,0,85f751fd,c4e18dd6,50e219e0,e2fcccd2,5c5a694b,0f2161f8,a99f214a,f56e0ca0,0a3aa014,1,0,1005,22624,320,50,2374,3,39,-1,23,ee5333331c,14,18
16354773834319687174,14102803,0,1,ba9aee1b,9eaf88fa,f028772b,ecad2386,7801e8d9,07d7df22,a99f214a,8896cdf0,b6443086,1,0,1005,22561,320,50,1863,3,39,-1,23,cee7fb3c20,2,3
16372391299239200948,14102803,1,0,5b08c53b,7687a86e,3e814130,ecad2386,7801e8d9,07d7df22,a99f214a,8bc69560,76dc4769,1,0,1005,17653,300,250,1994,2,39,-1,33,bcd07f42ff,2,4
16698742318003306894,14102803,0,1,57ef2c87,bd6d812f,f028772b,ecad2386,7801e8d9,07d7df22,a99f214a,18658b2f,d787e91b,1,0,1005,8330,320,50,761,3,175,100081,23,5353028802,10,29
17256743939246808674,14102803,1,0,887a4754,08facbad,50e219e0,ecad2386,7801e8d9,07d7df22,c8172a1e,63bbc135,0e88538f,0,0,1002,22703,320,50,2624,0,35,100077,221,23cd6d2872,25,27
17994493018770326648,14102803,0,1,e151e245,7e091613,f028772b,ecad2386,7801e8d9,07d7df22,a99f214a,e7725e37,44c701de,1,0,1005,17014,320,50,1872,3,39,-1,23,8f6c24508c,2,11
4207415667767585597,14102803,0,0,85f751fd,c4e18dd6,50e219e0,e1523423,ae637522,0f2161f8,a99f214a,172706bb,2b127119,1,2,1005,22687,728,90,2620,0,295,100111,204,585479f8b7,3,3
6763947370196901724,14102803,1,0,85f751fd,c4e18dd6,50e219e0,f0d41ff1,2347f47a,0f2161f8,a99f214a,2509f183,dc15c87e,1,2,1005,19776,320,50,2229,0,687,100031,48,07a7c9b036,13,15
6884606193639145556,14102803,0,1,e151e245,7e091613,f028772b,ecad2386,7801e8d9,07d7df22,a99f214a,7ed30f6c,c6263d8a,1,0,1005,20633,320,50,2374,3,39,-1,23,0fe9084613,15,30
7478763419200253583,14102803,0,1,a7853007,7e091613,f028772b,ecad2386,7801e8d9,07d7df22,a99f214a,52e933ed,3bb1ddd7,1,0,1005,22267,320,50,2566,3,815,100156,42,edfee8b053,3,4
8198702087034407753,14102803,0,0,5b08c53b,7687a86e,3e814130,ecad2386,7801e8d9,07d7df22,a99f214a,84751837,ff065cf0,1,2,1005,17654,300,250,1994,2,39,100083,33,6dcf90a165,7,8
8375258032122066384,14102803,0,0,df7971d4,30518255,50e219e0,ecad2386,7801e8d9,07d7df22,39af4ac7,cfe1d4a3,08ac11ab,0,0,1002,22700,320,50,2624,0,35,100075,221,28c862038f,3,3
11486647036515840745,14102804,0,1,5b4d2eda,16a36ef3,f028772b,ecad2386,7801e8d9,07d7df22,a99f214a,b028c2d4,76dc4769,1,0,1005,22680,320,50,2528,0,39,100075,221,a23d82506d,9,22
13362429811153773780,14102804,0,1,856e6d3f,58a89a43,f028772b,ecad2386,7801e8d9,07d7df22,a99f214a,f222b4e5,d787e91b,1,0,1005,22561,320,50,1863,3,39,-1,23,2ae4637426,1,3
13633389142815047636,14102804,0,0,85f751fd,c4e18dd6,50e219e0,54c5d545,2347f47a,0f2161f8,1e2670d8,f6b558f2,86030d43,1,0,1005,22680,320,50,2528,0,39,100077,221,398c393358,5,36
15224187747319963898,14102804,0,1,e151e245,7e091613,f028772b,ecad2386,7801e8d9,07d7df22,a99f214a,8622f4ec,975a4e58,1,0,1005,17264,320,50,1872,3,39,-1,23,99d82c8767,4,4
2322515426314463299,14102804,0,0,7b256820,c4e18dd6,50e219e0,ecad2386,7801e8d9,07d7df22,05389874,26ebab9d,0e88538f,0,0,1002,22702,300,50,2624,0,35,100074,221,80511f385a,5,7
2583526793125112451,14102804,0,1,856e6d3f,58a89a43,f028772b,ecad2386,7801e8d9,07d7df22,a99f214a,352047ac,88fe1d5d,1,0,1005,19771,320,50,2227,0,935,100075,48,ef14cc77c9,2,10
4341033127927497354,14102804,0,1,e8f79e60,c4342784,f028772b,ecad2386,7801e8d9,07d7df22,a99f214a,b92cb25c,80f61b6e,1,0,1005,22683,320,50,2528,0,39,100075,221,64e0a0aba1,19,19
4542177550497918657,14102804,0,0,85f751fd,c4e18dd6,50e219e0,03528b27,2347f47a,8ded1f7a,a99f214a,ed53c2bb,5096d134,1,0,1005,22257,320,50,2545,0,167,-1,221,fa00e2e90b,5,13
5347473690538726363,14102804,0,1,3a593b4c,da938783,f028772b,ecad2386,7801e8d9,07d7df22,a99f214a,3e2f74f2,3e7932d7,1,0,1005,19771,320,50,2227,0,935,100079,48,d67ded7721,3,3
5509509515803089258,14102804,0,1,856e6d3f,58a89a43,f028772b,ecad2386,7801e8d9,07d7df22,a99f214a,af706a41,8a4875bd,1,0,1005,22683,320,50,2528,0,39,100074,221,6a4662b4f0,3,3
57187969721909460,14102804,0,0,1fbe01fe,f3845767,28905ebd,ecad2386,7801e8d9,07d7df22,a99f214a,f96a8d58,ce762689,1,0,1005,22676,320,50,2616,0,35,100084,51,df657a2bd7,5,21
9403940660149227045,14102804,0,0,1fbe01fe,f3845767,28905ebd,ecad2386,7801e8d9,07d7df22,a99f214a,3c3552a0,0989142d,1,0,1005,22676,320,50,2616,0,35,-1,51,c740eeb30b,1,3
9574241894308316300,14102804,0,0,258442a1,78443668,50e219e0,ecad2386,7801e8d9,07d7df22,e0b90c36,da1d999b,c4a565e1,0,0,1002,19665,320,50,2253,2,303,-1,52,bac0ef84d3,1,1
10871428409830988380,14102805,0,0,85f751fd,c4e18dd6,50e219e0,03528b27,2347f47a,8ded1f7a,8cbe3ef5,f53465ec,fd1ab1f0,1,0,1005,15703,320,50,1722,0,35,100083,79,832e497cc5,14,30
11153314141215400658,14102805,1,0,1fbe01fe,f3845767,28905ebd,ecad2386,7801e8d9,07d7df22,a99f214a,6b9769f2,4ea23a13,1,0,1005,22676,320,50,2616,0,35,-1,51,adae41ceb4,3,8
12400591669558385926,14102805,0,1,e5c60a05,7256c623,f028772b,ecad2386,7801e8d9,07d7df22,a99f214a,ef8c2a35,eba9519f,1,0,1005,22683,320,50,2528,0,39,100077,221,ab0d641088,5,6
12604759815579509363,14102805,0,1,e151e245,7e091613,f028772b,ecad2386,7801e8d9,07d7df22,a99f214a,18f94902,f6df0950,1,0,1005,21687,320,50,2495,2,167,100221,23,f4b470fc22,1,2
12640366840404361700,14102805,0,1,57ef2c87,bd6d812f,f028772b,ecad2386,7801e8d9,07d7df22,a99f214a,fcd5e322,a94d1405,1,0,1005,22680,320,50,2528,0,39,100074,221,7759fba261,7,7
13011523952664371811,14102805,0,1,e5c60a05,7256c623,f028772b,ecad2386,7801e8d9,07d7df22,a99f214a,813d95af,8a4875bd,1,0,1005,22680,320,50,2528,0,39,100076,221,685c718c36,1,4
1341508217768390515,14102805,0,1,856e6d3f,58a89a43,f028772b,ecad2386,7801e8d9,07d7df22,a99f214a,a94fff0d,8a4875bd,1,0,1005,22682,320,50,2528,0,39,100076,221,c969c95e9e,5,8
13578981329708553469,14102805,0,0,85f751fd,c4e18dd6,50e219e0,e2fcccd2,5c5a694b,0f2161f8,dacea625,12e714bb,31bdffee,1,0,1005,4687,320,50,423,2,39,100148,32,c42cfed67b,7,10
13830449271447299458,14102805,0,1,856e6d3f,58a89a43,f028772b,ecad2386,7801e8d9,07d7df22,a99f214a,f78c396d,5ec45883,1,0,1005,22682,320,50,2528,0,39,-1,221,f52416a20e,9,62
16056816749614712573,14102805,0,1,57ef2c87,bd6d812f,f028772b,ecad2386,7801e8d9,07d7df22,a99f214a,c2a01173,5ec45883,1,0,1005,22682,320,50,2528,0,39,-1,221,f09c6e063c,4,7
2486837771342387131,14102805,0,1,a7853007,7e091613,f028772b,ecad2386,7801e8d9,07d7df22,a99f214a,2f323f36,3bb1ddd7,1,0,1005,22267,320,50,2566,3,815,100156,42,31db0ce8a4,9,13
3813035029879383955,14102805,0,1,e8f79e60,c4342784,f028772b,ecad2386,7801e8d9,07d7df22,a99f214a,a113ce3d,17a8848a,1,0,1005,22681,320,50,2528,0,39,100076,221,aff6ff1ca6,3,3
4134505360753032296,14102805,0,1,856e6d3f,58a89a43,f028772b,ecad2386,7801e8d9,07d7df22,a99f214a,5bb74753,8a4875bd,1,0,1005,22681,320,50,2528,0,39,100076,221,fc238611d9,20,21
4198285716156055415,14102805,0,0,1fbe01fe,f3845767,28905ebd,ecad2386,7801e8d9,07d7df22,a99f214a,dfe9c225,81b42528,1,0,1005,22258,320,50,2545,0,167,-1,221,f619e9a6c7,1,1
4277378710852318704,14102805,0,0,85f751fd,c4e18dd6,50e219e0,de691c68,df32afa9,cef3e649,a99f214a,acd03f48,d787e91b,1,0,1005,22729,320,480,2631,0,35,-1,221,4bacc2356c,22,33
4801336571041543705,14102805,0,0,ff18c3d1,1e0acfb4,50e219e0,ecad2386,7801e8d9,07d7df22,e57b5016,7ea83e4f,373ecbe6,0,0,1002,22700,320,50,2624,0,35,100075,221,a74ec9b213,1,6
5020799277421121470,14102805,1,0,85f751fd,c4e18dd6,50e219e0,c8e0ba97,d9b5648e,0f2161f8,a99f214a,185ff4d9,aad45b01,1,0,1005,20980,320,50,2371,0,559,-1,46,35415a7b07,1,1
5284331043281637271,14102805,0,0,1c504501,c9816b96,50e219e0,ecad2386,7801e8d9,07d7df22,f776e1aa,ff9d237e,a9b05547,0,0,1002,17566,320,50,479,3,39,100075,23,92133087bd,6,7
578883265720675658,14102805,0,0,85f751fd,c4e18dd6,50e219e0,a5184c22,b8d325c3,0f2161f8,a99f214a,7da8b5c7,5096d134,1,0,1005,22810,320,50,2647,2,35,100148,23,9d7fcf7de3,8,14
66244846175069258,14102805,0,0,df7971d4,ace5b8fd,50e219e0,ecad2386,7801e8d9,07d7df22,c04ef04f,f3a11278,d411a468,0,0,1002,22700,320,50,2624,0,35,-1,221,c7bb91900f,9,10
7750959027415494329,14102805,0,0,bb4524e7,d733bbc3,28905ebd,ecad2386,7801e8d9,07d7df22,a99f214a,3aa57ada,7375dd40,1,0,1005,22742,320,50,2637,3,35,100188,23,a0b9e71a62,2,2
9361184783242860945,14102805,0,0,1fbe01fe,f3845767,28905ebd,ecad2386,7801e8d9,07d7df22,a99f214a,07875ea4,88fe1d5d,1,0,1005,22934,320,50,2226,0,675,-1,48,d1413e698f,4,28
9642794494686002814,14102805,1,0,85f751fd,c4e18dd6,50e219e0,a5184c22,b8d325c3,0f2161f8,a99f214a,bb2b1c9d,c5cc73c1,1,0,1005,22813,320,50,2647,2,35,100148,23,82a3371274,11,16
11479711635462753630,14102806,0,1,57fe1b20,5b626596,f028772b,ecad2386,7801e8d9,07d7df22,a99f214a,8fe3e178,d787e91b,1,0,1005,22681,320,50,2528,0,39,100081,221,20c85be01c,3,13
12260381725662415481,14102806,0,1,0a742914,510bd839,f028772b,ecad2386,7801e8d9,07d7df22,a99f214a,d50a9a6c,8441e1f3,1,0,1005,22680,320,50,2528,0,39,-1,221,b847fa79ff,5,6
12537700811720206031,14102806,0,1,b7e9786d,b12b9f85,f028772b,ecad2386,7801e8d9,07d7df22,a99f214a,60b5008f,ab169851,1,0,1005,22681,320,50,2528,0,39,100081,221,60e7c9e07c,1,1
14563035846073222332,14102806,0,0,1fbe01fe,f3845767,28905ebd,ecad2386,7801e8d9,07d7df22,a99f214a,75bb1b58,1f0bc64f,1,0,1005,20108,320,50,2299,2,1327,-1,52,a604e1e208,4,5
15194719251013965902,14102806,0,0,85f751fd,c4e18dd6,50e219e0,e2fcccd2,5c5a694b,0f2161f8,59a4e5cd,1f70ffc9,76dc4769,1,0,1005,22683,320,50,2528,0,39,-1,221,f7f162e3d8,11,22
16709936330881349175,14102806,0,0,85f751fd,c4e18dd6,50e219e0,febd1138,82e27996,0f2161f8,a99f214a,b20449ea,9b5ce758,1,0,1005,21706,320,50,2498,3,41,100111,61,27cf563640,2,5
18301274754682056850,14102806,0,0,85f751fd,c4e18dd6,50e219e0,7358e05e,b9528b13,cef3e649,67c9f18e,c93031b8,84ebbcd4,1,0,1005,22554,320,50,1863,3,39,-1,23,377e99f2c8,7,25
3377670313739227732,14102806,0,1,92c7cbe7,6e882918,75fa27f6,ecad2386,7801e8d9,07d7df22,a99f214a,24b23a31,36c6b1de,1,0,1005,16615,320,50,1863,3,39,100188,23,9919e5f021,4,4
3405217388486596773,14102806,0,1,5b4d2eda,16a36ef3,f028772b,ecad2386,7801e8d9,07d7df22,a99f214a,42cdd118,8441e1f3,1,0,1005,22680,320,50,2528,0,39,-1,221,e60e0f37c0,7,9
4631533710556760119,14102806,0,1,b7e9786d,b12b9f85,f028772b,ecad2386,7801e8d9,07d7df22,a99f214a,cf85a5c9,a0f5f879,1,0,1005,22680,320,50,2528,0,39,100074,221,3be61b1289,5,5
5075395073799153114,14102806,0,0,1fbe01fe,f3845767,28905ebd,ecad2386,7801e8d9,07d7df22,a99f214a,50f051eb,36d749e5,1,0,1005,15704,320,50,1722,0,35,-1,79,3a995a775b,1,1
5875846045662771526,14102806,1,0,801dfefb,9b421927,75fa27f6,ecad2386,7801e8d9,07d7df22,a99f214a,7eeac961,a0f5f879,1,0,1005,15707,320,50,1722,0,35,-1,79,69d09b4f83,3,4
5929861384935790354,14102806,1,1,e4d8dd7b,a17bde68,3e814130,ecad2386,7801e8d9,07d7df22,a99f214a,81901c67,76dc4769,1,0,1005,22683,320,50,2528,0,39,100079,221,21cdda9125,5,9
6822834568375318468,14102806,0,1,e5c60a05,7256c623,f028772b,ecad2386,7801e8d9,07d7df22,a99f214a,bbd77368,597f7364,1,0,1005,19772,320,50,2227,0,935,100081,48,ea44b13e6c,9,17
722491310176148883,14102806,0,0,cd9b9090,892b3a92,50e219e0,ecad2386,7801e8d9,07d7df22,c94993e9,db153ec4,0e88538f,0,0,1002,21789,320,50,2512,2,291,100191,52,573e3eb827,3,6
7345756376043828646,14102806,0,0,1fbe01fe,f3845767,28905ebd,ecad2386,7801e8d9,07d7df22,a99f214a,0489ce3f,5096d134,1,0,1005,22261,320,50,2545,0,167,-1,221,ab3e1edb10,1,5
7990868704689433547,14102806,0,0,d9750ee7,98572c79,f028772b,ecad2386,7801e8d9,07d7df22,a99f214a,6170926c,ecb851b2,1,0,1005,22924,320,50,2650,0,35,-1,157,9c17dc975d,1,5
9791354529291625670,14102806,0,0,85f751fd,c4e18dd6,50e219e0,03528b27,2347f47a,8ded1f7a,a99f214a,8a014cbb,be87996b,1,2,1005,22254,320,50,2545,0,167,-1,221,1de0dc92f6,4,4
13241292652326069960,14102807,0,1,b7e9786d,b12b9f85,f028772b,ecad2386,7801e8d9,07d7df22,a99f214a,cbfb550c,8a4875bd,1,0,1005,22680,320,50,2528,0,39,-1,221,7c95b5ba10,2,6
13260275694472799269,14102807,1,0,85f751fd,c4e18dd6,50e219e0,c42a073f,99b4c806,0f2161f8,0c79fafb,691d420b,d42e625d,1,0,1005,20346,300,250,2331,2,39,-1,23,b80e173fc7,8,9
14432593970833016297,14102807,0,1,43d6df75,27e3c518,28905ebd,ecad2386,7801e8d9,07d7df22,a99f214a,f5842a14,365e64e3,1,0,1005,22922,320,50,2650,0,35,100084,157,8cbe5159e2,1,1
14702205185082883735,14102807,0,0,8cbacf0b,a434fa42,f028772b,ecad2386,7801e8d9,07d7df22,a99f214a,b673fc6f,91c9c83e,1,0,1005,19771,320,50,2227,0,935,100077,48,91070b35ce,3,3
16887808407795026394,14102807,1,1,0a742914,510bd839,f028772b,ecad2386,7801e8d9,07d7df22,a99f214a,f61eecdf,76dc4769,1,0,1005,22681,320,50,2528,0,39,100075,221,e8067ccdf4,5,6
17313486378820805464,14102807,0,0,2dc42bde,fd0fa362,50e219e0,ecad2386,7801e8d9,07d7df22,3410d318,3f35d8dc,43e7b962,0,0,1002,6362,300,50,544,3,39,100076,23,e7b33e068c,1,1
17747579162127116260,14102807,1,0,85f751fd,c4e18dd6,50e219e0,e2fcccd2,5c5a694b,0f2161f8,a99f214a,96d89f10,a9fb0439,1,0,1005,20751,320,50,1895,0,681,100028,101,d401d3da91,5,17
2185605713692741592,14102807,0,1,856e6d3f,58a89a43,f028772b,ecad2386,7801e8d9,07d7df22,a99f214a,28cd18b1,8a4875bd,1,0,1005,22682,320,50,2528,0,39,100075,221,528eb0c9e3,3,4
2234327239943380938,14102807,0,0,85f751fd,c4e18dd6,50e219e0,e2a1ca37,2347f47a,8ded1f7a,a99f214a,11285ec3,e7816ba8,1,0,1005,16688,320,50,1873,3,39,100059,23,20c1587906,9,28
3282395026928919073,14102807,0,1,0a742914,510bd839,f028772b,ecad2386,7801e8d9,07d7df22,a99f214a,f4b938f4,8a4875bd,1,0,1005,22681,320,50,2528,0,39,-1,221,f7927bf8af,3,18
3389665134196566663,14102807,1,0,93eaba74,7687a86e,3e814130,ecad2386,7801e8d9,07d7df22,a99f214a,8a014cbb,84ebbcd4,1,0,1005,17653,300,250,1994,2,39,-1,33,688cbea0c8,6,8
6142387891393049053,14102807,0,0,9550c324,61db8349,50e219e0,ecad2386,7801e8d9,07d7df22,9f891cb4,9a660ca3,a12e847c,0,0,1002,22700,320,50,2624,0,35,100075,221,3778204cb3,27,35
6436059735389927508,14102807,0,0,0aab7161,660aeadc,f028772b,ecad2386,7801e8d9,07d7df22,a99f214a,4427e6f8,7dc3b26e,1,0,1005,18856,320,50,1882,3,35,-1,13,aa283ed6fb,57,59
8167312007115685577,14102807,0,0,85f751fd,c4e18dd6,50e219e0,685d1c4c,2347f47a,8ded1f7a,a99f214a,c2104497,711ee120,1,2,1005,22923,320,50,2650,0,35,-1,157,2f36e1f1a5,18,21
9435062980618168354,14102807,0,0,1fbe01fe,f3845767,28905ebd,ecad2386,7801e8d9,07d7df22,a99f214a,096ab0a4,be87996b,1,2,1005,20108,320,50,2299,2,1327,-1,52,c52434cc9e,6,8
9597232797113291219,14102807,0,1,b7e9786d,b12b9f85,f028772b,ecad2386,7801e8d9,07d7df22,a99f214a,94e3e16f,76dc4769,1,0,1005,22680,320,50,2528,0,39,100077,221,0157583b8f,4,11
12654658373935985135,14102808,0,0,1fbe01fe,f3845767,28905ebd,ecad2386,7801e8d9,07d7df22,a99f214a,87779c1b,ecb851b2,1,0,1005,21869,320,50,2524,0,35,100084,221,68ff03d1c7,20,35
12690451589828335085,14102808,1,0,71b18e86,a956e99a,3e814130,ecad2386,7801e8d9,07d7df22,a99f214a,2d0856af,76dc4769,1,0,1005,22682,320,50,2528,0,39,-1,221,308100931c,16,22
1349195895147564426,14102808,0,1,178a7b89,b4598159,f028772b,ecad2386,7801e8d9,07d7df22,a99f214a,d8e67616,3e7932d7,1,0,1005,19771,320,50,2227,0,935,-1,48,930d4243e8,2,2
13665665418705947483,14102808,0,1,d9750ee7,98572c79,f028772b,ecad2386,7801e8d9,07d7df22,a99f214a,9509e568,a0f5f879,1,0,1005,17753,320,50,1993,2,1063,100084,33,4faf063ccd,8,14
14955836366191867221,14102808,0,0,85f751fd,c4e18dd6,50e219e0,d36838b1,0e8616ad,0f2161f8,a99f214a,983c5676,9e3836ff,1,0,1005,23143,320,50,2665,0,34,100094,221,7c93000289,2,7
15091320566351390755,14102808,0,0,85f751fd,c4e18dd6,50e219e0,39fb6e33,d9b5648e,0f2161f8,a99f214a,b8d01763,2ea4f8ba,1,0,1005,20508,320,50,2351,3,163,100020,61,f0fd5db9ee,3,17
15108975661663765770,14102808,0,0,85f751fd,c4e18dd6,50e219e0,1d64ced5,2347f47a,8ded1f7a,01773de6,884297d2,3bd9e8e7,1,3,1005,21862,320,50,2524,0,35,-1,221,4d475b1fc2,1,1
15509578127752686367,14102808,0,0,85f751fd,c4e18dd6,50e219e0,38dda97f,97efe5c6,0f2161f8,a99f214a,ae4c9645,36b67a2a,1,0,1005,21197,320,50,2425,1,427,-1,71,6037339757,14,14
16886912950901883352,14102808,0,1,e8f79e60,c4342784,f028772b,ecad2386,7801e8d9,07d7df22,a99f214a,21133dd7,daa861e9,1,0,1005,23041,320,50,2660,2,35,100074,23,698e0d5b0f,24,24
18010480858977502733,14102808,0,1,b8eae5f9,1e334bd3,f028772b,ecad2386,7801e8d9,07d7df22,a99f214a,c9359f57,8a4875bd,1,0,1005,22682,320,50,2528,0,39,100079,221,959ba9a135,2,5
18096617027100034443,14102808,0,0,85f751fd,c4e18dd6,50e219e0,f0d41ff1,2347f47a,0f2161f8,a99f214a,348ecb7d,8803c3d6,1,2,1005,23144,320,50,2665,0,34,-1,221,d608125010,2,5
331461998271050629,14102808,0,1,85f751fd,c4e18dd6,50e219e0,ffc6ffd0,7801e8d9,0f2161f8,a0143004,522ed8a6,f07e20f8,4,0,1010,23105,320,50,2524,0,35,-1,221,e0ed8235a6,1,1
4017509859053574924,14102808,0,0,85f751fd,c4e18dd6,50e219e0,f0d41ff1,2347f47a,0f2161f8,a99f214a,78530cc8,f009ace1,1,0,1005,21862,320,50,2524,0,35,-1,221,8f7f8b2def,7,9
4588010348252511089,14102808,0,1,e4d8dd7b,a17bde68,3e814130,ecad2386,7801e8d9,07d7df22,a99f214a,7333708a,8a4875bd,1,0,1005,22680,320,50,2528,0,39,100077,221,4962305689,4,6
4725789126178319461,14102808,0,0,3cbca357,930f8ff6,50e219e0,ecad2386,7801e8d9,07d7df22,d518ea5a,13b054b4,43e7b962,0,0,1002,23142,300,50,2665,0,34,100079,221,b2b57ffad5,2,2
6407597390224355342,14102808,0,0,85f751fd,c4e18dd6,50e219e0,685d1c4c,2347f47a,8ded1f7a,a99f214a,693bff3e,ce762689,1,3,1005,21850,320,50,2524,0,35,-1,221,ff8fdd95b5,29,29
7355924431866937046,14102808,0,1,85f751fd,c4e18dd6,50e219e0,ffc6ffd0,7801e8d9,0f2161f8,881c6e2f,6b9769f2,ecb851b2,4,0,1010,15706,320,50,1722,0,35,-1,79,2020294c55,12,18
7619473910090670289,14102808,0,0,85f751fd,c4e18dd6,50e219e0,e9739828,df32afa9,cef3e649,a99f214a,5718ed1c,7abbbd5c,1,0,1005,23143,320,50,2665,0,34,-1,221,4377a737e6,1,1
7686514418452089573,14102808,0,0,85f751fd,c4e18dd6,50e219e0,92f5800b,ae637522,0f2161f8,a99f214a,f04ab360,e1eae715,1,3,1005,21189,320,50,2424,1,161,100189,71,17e5dcb624,1,1
792199668717345774,14102808,0,0,83a0ad1a,5c9ae867,f028772b,ecad2386,7801e8d9,07d7df22,a99f214a,ab718035,ecb851b2,1,0,1005,22683,320,50,2528,0,39,100075,221,dc4484e942,1,1
8783376809520783745,14102808,0,0,1fbe01fe,f3845767,28905ebd,ecad2386,7801e8d9,07d7df22,a99f214a,248cd30e,7fdd04d2,1,0,1005,15705,320,50,1722,0,35,-1,79,123c584c6f,1,2
8901571514959039263,14102808,0,0,6399eda6,968765cd,f028772b,ecad2386,7801e8d9,07d7df22,a99f214a,5c0083a8,cfda8af0,1,0,1005,22683,320,50,2528,0,39,100076,221,adefa93a35,6,10
8960262700328581484,14102808,1,1,e151e245,7e091613,f028772b,ecad2386,7801e8d9,07d7df22,a99f214a,4ad74e11,be74e6fe,1,0,1005,17262,320,50,1872,3,39,-1,23,8141228092,3,4
9007305640177320114,14102808,0,0,85f751fd,c4e18dd6,50e219e0,f3ab5c04,2347f47a,0f2161f8,a99f214a,7506c646,a0b262c6,1,2,1005,21862,320,50,2524,0,35,-1,221,535c552750,4,5
9207400346533707396,14102808,0,0,1fbe01fe,f3845767,28905ebd,ecad2386,7801e8d9,07d7df22,a99f214a,3f12b7ba,a25f5408,1,0,1005,21869,320,50,2524,0,35,-1,221,9d9c1cbc48,2,2
9361119979509793767,14102808,0,0,1fbe01fe,f3845767,28905ebd,ecad2386,7801e8d9,07d7df22,a99f214a,ca91ff47,78d9bd10,1,0,1005,21862,320,50,2524,0,35,100083,221,b381d02096,1,2
10490284149857161556,14102809,0,0,85f751fd,c4e18dd6,50e219e0,d36838b1,0e8616ad,0f2161f8,a99f214a,a93d02e5,24f6b932,1,0,1005,23143,320,50,2665,0,34,-1,221,3cbc60f0e1,2,11
11813637009684623529,14102809,1,1,e151e245,7e091613,f028772b,ecad2386,7801e8d9,07d7df22,a99f214a,f1ee9494,be87996b,1,2,1005,22815,320,50,2647,2,35,-1,23,87d7a7785d,9,11
13488674937819056980,14102809,0,0,85f751fd,c4e18dd6,50e219e0,9c13b419,2347f47a,f95efa07,a99f214a,cf1c2b39,ff065cf0,1,2,1005,22633,320,50,2060,3,39,-1,23,2b104e8258,2,40
13755639875602004318,14102809,0,0,4d1bf758,92c9e92d,f028772b,ecad2386,7801e8d9,07d7df22,a99f214a,dadecf72,5db079b5,1,2,1005,23145,300,250,2665,0,34,-1,221,706e9c6c99,1,8
14337843238340934182,14102809,0,0,5bcf81a2,9d54950b,f028772b,ecad2386,7801e8d9,07d7df22,a99f214a,b73c90bb,9ee2ab36,1,2,1005,23144,320,50,2665,0,34,-1,221,640b6fc218,32,39
14554489835029056079,14102809,0,0,1fbe01fe,f3845767,28905ebd,ecad2386,7801e8d9,07d7df22,a99f214a,428dca97,3f67c4c4,1,0,1005,23143,320,50,2665,0,35,-1,221,828bbf6d12,6,7
1455832835079034288,14102809,0,1,4407d527,c1e9c6cf,f028772b,ecad2386,7801e8d9,07d7df22,a99f214a,42f35416,36d749e5,1,0,1005,23105,320,50,2524,0,35,-1,221,a9f1f3774e,1,3
15688063236473747405,14102809,0,1,791b5571,fd13bc73,f028772b,ecad2386,7801e8d9,07d7df22,a99f214a,b5b0053f,76dc4769,1,0,1005,22680,320,50,2528,0,39,100075,221,63f436fa05,20,27
15912754649659236244,14102809,0,0,85f751fd,c4e18dd6,50e219e0,f53417e1,0e8616ad,0f2161f8,a99f214a,94efda36,dc15c87e,1,2,1005,23144,320,50,2665,0,34,-1,221,5e9881a86a,1,2
15926761197666696107,14102809,0,0,85f751fd,c4e18dd6,50e219e0,b24c9aae,43cf4f06,8ded1f7a,98ffc83c,8332797a,aabb774d,1,0,1007,23123,320,50,2524,0,35,-1,221,fda28d0d01,3,18
15984711574537080253,14102809,0,1,856e6d3f,58a89a43,f028772b,ecad2386,7801e8d9,07d7df22,a99f214a,b44a8d85,8a4875bd,1,0,1005,22682,320,50,2528,0,39,-1,221,3417b3d32d,1,10
16582422732394682404,14102809,0,1,856e6d3f,58a89a43,f028772b,ecad2386,7801e8d9,07d7df22,a99f214a,b751d5ab,88fe1d5d,1,0,1005,19771,320,50,2227,0,935,-1,48,3e58817720,1,1
17665459741078063761,14102809,0,0,1fbe01fe,f3845767,28905ebd,ecad2386,7801e8d9,07d7df22,a99f214a,1b318c99,4ea23a13,1,0,1005,22257,320,50,2545,0,167,-1,221,f2dd8586cc,12,15
1777376669830941524,14102809,0,0,fec6e632,ace5b8fd,3e814130,ecad2386,7801e8d9,07d7df22,a99f214a,e2038d5b,8a4875bd,1,0,1005,23143,320,50,2665,0,34,-1,221,37fe473f40,10,42
1967568422229138058,14102809,0,1,856e6d3f,58a89a43,f028772b,ecad2386,7801e8d9,07d7df22,a99f214a,70860e63,779d90c2,1,0,1005,19772,320,50,2227,0,935,100077,48,d0fa8d07ae,2,2
2982628936137033982,14102809,0,0,85f751fd,c4e18dd6,50e219e0,e9739828,df32afa9,cef3e649,a99f214a,86a35cdf,360a6729,1,0,1005,23143,320,50,2665,0,34,100106,221,a05316cc4f,1,2
304010007408741038,14102809,0,0,1fbe01fe,f3845767,28905ebd,ecad2386,7801e8d9,07d7df22,a99f214a,7239ef77,c6263d8a,1,0,1005,20108,320,50,2299,2,1327,-1,52,986c61cd9d,3,7
341334719846966203,14102809,0,1,a7853007,7e091613,f028772b,ecad2386,7801e8d9,07d7df22,a99f214a,930ec31d,3bb1ddd7,1,0,1005,22268,320,50,2566,3,815,100156,42,b847fa79ff,6,8
3479787094900571996,14102809,0,0,85f751fd,c4e18dd6,50e219e0,a5184c22,b8d325c3,0f2161f8,a99f214a,ebece3dc,d6e0e6ff,1,0,1005,22962,320,50,2655,2,35,-1,23,f28a1885b1,2,3
4010824233614411099,14102809,0,0,85f751fd,c4e18dd6,50e219e0,f53417e1,0e8616ad,0f2161f8,a99f214a,a78c02e6,ac221d6c,1,0,1005,23143,320,50,2665,0,34,-1,221,77d76f0861,5,31
4317459688699446773,14102809,0,0,85f751fd,c4e18dd6,50e219e0,de97da65,33da2e74,0f2161f8,a99f214a,009a7861,3bb1ddd7,1,0,1005,9248,320,50,768,3,175,100156,42,2a07429a45,23,27
4788547110379407013,14102809,1,0,1fbe01fe,f3845767,28905ebd,ecad2386,7801e8d9,07d7df22,a99f214a,07875ea4,f07e20f8,1,0,1005,20108,320,50,2299,2,1327,-1,52,f7c487c11f,15,22
5754695276380459710,14102809,0,1,3dc2d6de,e2a5dc06,3e814130,ecad2386,7801e8d9,07d7df22,a99f214a,2925f31a,4f4b5ad5,1,0,1005,22681,320,50,2528,0,39,-1,221,d14d500075,6,11
6373006727842322711,14102809,0,0,83a0ad1a,5c9ae867,f028772b,ecad2386,7801e8d9,07d7df22,a99f214a,4382a6b0,8a4875bd,1,0,1005,22683,320,50,2528,0,39,100079,221,97d87b90b3,2,3
6656844097326946590,14102809,0,0,85f751fd,c4e18dd6,50e219e0,f53417e1,0e8616ad,0f2161f8,a99f214a,f329933f,1f0bc64f,1,0,1005,23144,320,50,2665,0,34,-1,221,123c584c6f,11,13
8061957943604443496,14102809,0,0,6399eda6,968765cd,f028772b,ecad2386,7801e8d9,07d7df22,a99f214a,cf4563b8,9e3836ff,1,0,1005,23144,320,50,2665,0,34,-1,221,e8465d51a0,3,12
8184571729290441821,14102809,0,0,7a34d501,a7231621,50e219e0,ecad2386,7801e8d9,07d7df22,7950aef8,bf20defc,43e7b962,0,0,1002,15706,320,50,1722,0,35,100083,79,03f4954fd2,6,12
8474349704918124477,14102809,0,0,85f751fd,c4e18dd6,50e219e0,dfdd226c,7801e8d9,07d7df22,80dabf72,ba1e8b37,23c526cf,0,0,1002,15701,320,50,1722,0,35,100083,79,ab3db902af,8,8
9503383007054643330,14102809,0,0,85f751fd,c4e18dd6,50e219e0,f53417e1,0e8616ad,0f2161f8,a99f214a,2882a1f2,d6e0e6ff,1,0,1005,23144,320,50,2665,0,34,100064,221,9c5735c1f3,11,11
10627667207806120887,14102810,0,1,4407d527,c1e9c6cf,f028772b,ecad2386,7801e8d9,07d7df22,a99f214a,8a014cbb,711ee120,1,0,1005,23118,320,50,2524,0,419,-1,221,caf3004b84,14,26
11776037612497884554,14102810,0,1,b7e9786d,b12b9f85,f028772b,ecad2386,7801e8d9,07d7df22,a99f214a,2caafd0b,d4897fef,1,0,1005,22683,320,50,2528,0,39,-1,221,f251b1af4c,7,36
12616922104775379984,14102810,1,0,cf3a1767,98acf46c,50e219e0,ecad2386,7801e8d9,07d7df22,f047820a,80d03237,a9b05547,0,0,1002,6360,300,50,544,3,39,100075,23,c258e0a5bc,1,7
12756814698384151180,14102810,0,0,85f751fd,c4e18dd6,50e219e0,7358e05e,b9528b13,cef3e649,4cd38391,cba8f3a5,277e7b8c,1,0,1005,22561,320,50,1863,3,39,-1,23,7cbebd3e55,1,12
14618170169563737720,14102810,0,1,b7e9786d,b12b9f85,f028772b,ecad2386,7801e8d9,07d7df22,a99f214a,670036b4,684581ce,1,0,1005,22680,320,50,2528,0,39,100075,221,29a563bffd,1,1
15795976479071259328,14102810,0,0,85f751fd,c4e18dd6,50e219e0,03528b27,2347f47a,8ded1f7a,a99f214a,fff63196,1f0bc64f,1,0,1005,23144,320,50,2665,0,35,-1,221,905a9f5a21,17,19
15851845444991206898,14102810,0,1,7dd19f44,9690165f,f028772b,ecad2386,7801e8d9,07d7df22,a99f214a,9199ae00,eba9519f,1,0,1005,19772,320,50,2227,0,935,100077,48,f1f20e808a,4,4
16152860637512616617,14102810,0,1,856e6d3f,58a89a43,f028772b,ecad2386,7801e8d9,07d7df22,a99f214a,da0837af,89416188,1,0,1005,22680,320,50,2528,0,39,-1,221,e906550c03,3,7
1616346461739358550,14102810,0,0,85f751fd,c4e18dd6,50e219e0,9c13b419,2347f47a,f95efa07,a99f214a,e89ed3e2,8a4875bd,1,0,1005,23143,320,50,2665,0,35,100233,221,0cba1bbe3c,1,1
1635227187143794314,14102810,0,0,85f751fd,c4e18dd6,50e219e0,f53417e1,0e8616ad,0f2161f8,a99f214a,988ce5e7,db1d05df,1,0,1005,19776,320,50,2229,0,687,100031,48,8daf09379d,1,1
16645257810497249840,14102810,0,1,ba9aee1b,9eaf88fa,f028772b,ecad2386,7801e8d9,07d7df22,a99f214a,2be901e1,c64f1736,1,0,1005,16858,320,50,1887,3,39,-1,23,a9652c8887,1,1
16765307317649887970,14102810,0,0,85f751fd,c4e18dd6,50e219e0,5d74d2a4,2347f47a,f95efa07,a99f214a,d1d5766a,36d749e5,1,0,1005,15707,320,50,1722,0,35,-1,79,6d74b776a1,19,33
3701237219512622668,14102810,0,0,1fbe01fe,f3845767,28905ebd,ecad2386,7801e8d9,07d7df22,a99f214a,21932966,3bd9e8e7,1,0,1005,23193,320,50,2671,0,163,-1,221,554ee41da3,6,7
4370170863013070725,14102810,0,0,1fbe01fe,f3845767,28905ebd,ecad2386,7801e8d9,07d7df22,a99f214a,a05f04df,1f0bc64f,1,0,1005,23202,320,50,2671,0,163,100083,221,4605d7d842,5,5
4446698139415511044,14102810,0,0,85f751fd,c4e18dd6,50e219e0,685d1c4c,2347f47a,8ded1f7a,a99f214a,c8e68eb8,1ccc7835,1,2,1005,23193,320,50,2671,0,163,-1,221,158272caf0,16,17
5438131331993830016,14102810,1,0,1fbe01fe,f3845767,28905ebd,ecad2386,7801e8d9,07d7df22,a99f214a,0fb5925c,cdf6ea96,1,0,1005,22811,320,50,2647,2,35,100148,23,f436f0dbe9,5,11
5641042660888226679,14102810,0,0,1fbe01fe,f3845767,28905ebd,ecad2386,7801e8d9,07d7df22,a99f214a,28dbfb5d,c6263d8a,1,0,1005,23161,320,50,2667,0,35,-1,221,d469e61991,33,45
7924991940335982549,14102810,0,1,e8f79e60,c4342784,f028772b,ecad2386,7801e8d9,07d7df22,a99f214a,7412bef5,be6db1d7,1,0,1005,21893,320,50,2526,0,167,100075,221,904d423167,1,6
8586063988645428022,14102810,0,0,85f751fd,c4e18dd6,50e219e0,92f5800b,ae637522,0f2161f8,a99f214a,4ff3df35,36b67a2a,1,3,1005,21191,320,50,2424,1,161,100193,71,fd7f3f912a,1,3
9145563276203383398,14102810,0,0,85f751fd,c4e18dd6,50e219e0,92f5800b,ae637522,0f2161f8,a99f214a,cb1e8ce6,0bcabeaf,1,3,1005,21191,320,50,2424,1,161,100193,71,823f09fc9f,5,6
9365812528309329277,14102810,1,0,2328ee8e,7804dea6,f028772b,ecad2386,7801e8d9,07d7df22,a99f214a,7be75106,c4cff2ea,1,0,1005,23195,320,50,2671,0,163,100084,221,a7b3c7c3aa,5,14
9518699086277030290,14102810,0,1,5be530dd,3c544578,f028772b,ecad2386,7801e8d9,07d7df22,a99f214a,86dafc20,779d90c2,1,0,1005,19771,320,50,2227,0,935,100075,48,d401d3da91,1,18
9840961169860143510,14102810,0,0,85f751fd,c4e18dd6,50e219e0,f0d41ff1,2347f47a,0f2161f8,a99f214a,d86714b9,f07e20f8,1,2,1005,23143,320,50,2665,0,35,-1,221,c740eeb30b,7,14
9873794763237676462,14102810,0,0,85f751fd,c4e18dd6,50e219e0,e2fcccd2,5c5a694b,0f2161f8,a99f214a,8fc91f3f,8ce34352,1,0,1005,22813,320,50,2647,2,35,100148,23,a57f473cc9,1,7
1001032128772071325,14102811,0,0,6256f5b4,28f93029,f028772b,ecad2386,7801e8d9,07d7df22,a99f214a,6907f595,d4897fef,1,0,1005,23144,320,50,2665,0,35,-1,221,00a56ea3b3,1,9
10030243449788886447,14102811,0,0,d6137915,bb1ef334,f028772b,ecad2386,7801e8d9,07d7df22,a99f214a,b7b47ea3,8a4875bd,1,0,1005,20214,320,50,2316,0,167,-1,16,8a85d8b941,21,24
10665682363247041989,14102811,0,0,1fbe01fe,f3845767,28905ebd,ecad2386,7801e8d9,07d7df22,a99f214a,6707b44c,36d749e5,1,0,1005,23161,320,50,2667,0,35,-1,221,e70985fc3e,21,30
11134616565224146576,14102811,0,0,e7a92cc6,c4e18dd6,50e219e0,ecad2386,7801e8d9,07d7df22,d3699001,6c3f4815,dca31af0,0,0,1002,23205,320,50,2672,0,35,100074,221,ad4268fd22,28,35
112861188121328977,14102811,0,0,cc1b7a47,7256c623,50e219e0,ecad2386,7801e8d9,07d7df22,f3311f79,ba1e7a28,f3a53397,0,0,1002,5296,320,50,479,3,39,-1,23,29a563bffd,41,43
11440096255227283423,14102811,0,0,f727f4e0,fcb30e54,50e219e0,ecad2386,7801e8d9,07d7df22,5e679504,23ae2f47,a9b05547,0,0,1002,23203,320,50,2672,0,35,-1,221,23cd6d2872,14,22
12648628001484566902,14102811,0,0,85f751fd,c4e18dd6,50e219e0,685d1c4c,2347f47a,8ded1f7a,a99f214a,3c16e718,36c6b1de,1,2,1005,23143,320,50,2665,0,35,100176,221,10ad6504fa,17,24
12818929509547849591,14102811,1,0,1fbe01fe,f3845767,28905ebd,ecad2386,7801e8d9,07d7df22,a99f214a,c855f59d,4ceb2e0b,1,0,1005,23161,320,50,2667,0,35,-1,221,e8465d51a0,7,10
13224977316405355310,14102811,0,0,bb4524e7,d733bbc3,28905ebd,ecad2386,7801e8d9,07d7df22,a99f214a,e8bd88b4,158e4944,1,0,1005,22850,320,50,2645,3,35,100103,23,d0741cff5b,7,26
13418533932970477506,14102811,1,0,85f751fd,c4e18dd6,50e219e0,a5184c22,b8d325c3,0f2161f8,a99f214a,9d844379,5096d134,1,0,1005,23224,320,50,2676,0,35,100176,221,48a85bbf3b,10,13
13442578480921655513,14102811,0,0,85f751fd,c4e18dd6,50e219e0,f0d41ff1,2347f47a,0f2161f8,a99f214a,0fdfa31a,fe72bf31,1,0,1005,23224,320,50,2676,0,35,100176,221,de8cb92e5c,9,15
13651901795569098536,14102811,0,0,85f751fd,c4e18dd6,50e219e0,685d1c4c,2347f47a,8ded1f7a,a99f214a,ab888e86,56faa343,1,2,1005,23144,320,50,2665,0,35,100130,221,bc260e8185,7,11
14943484362240270268,14102811,0,0,85f751fd,c4e18dd6,50e219e0,54c5d545,2347f47a,0f2161f8,a99f214a,1691979e,ff065cf0,1,2,1005,22261,320,50,2545,0,167,100084,221,45726530b6,5,45
15024156762136120594,14102811,0,0,85f751fd,c4e18dd6,50e219e0,685d1c4c,2347f47a,8ded1f7a,a4abd400,ef72fead,ef726eae,1,2,1005,23144,320,50,2665,0,35,-1,221,efda708c23,13,32
15416186141203541730,14102811,0,0,85f751fd,c4e18dd6,50e219e0,e2a1ca37,2347f47a,8ded1f7a,375f6f39,883718e0,01afd1bc,1,0,1005,17017,320,50,1873,3,39,100173,23,f686ea205a,15,16
15630029420783058923,14102811,0,1,856e6d3f,58a89a43,f028772b,ecad2386,7801e8d9,07d7df22,a99f214a,9fa9857d,a0f5f879,1,0,1005,22683,320,50,2528,0,39,100079,221,a0f9360500,12,12
15787333222990037685,14102811,0,0,c54454a2,d0014321,50e219e0,ecad2386,7801e8d9,07d7df22,87456555,2238b4ec,37d3900c,0,0,1002,23207,320,50,2673,0,35,-1,221,648dbbe3c9,28,30
15891137051543991041,14102811,0,1,44637516,27e3c518,f028772b,ecad2386,7801e8d9,07d7df22,a99f214a,f334dcad,4ea23a13,1,0,1005,23144,320,50,2665,0,35,100131,221,c740eeb30b,1,1
16488718460091647467,14102811,1,1,791b5571,fd13bc73,f028772b,ecad2386,7801e8d9,07d7df22,a99f214a,7c02140e,6d794f22,1,0,1005,22682,320,50,2528,0,39,100076,221,4a32461c15,1,8
18124764561548826630,14102811,0,0,ac696ed4,c7dcd9d1,f66779e6,ecad2386,7801e8d9,07d7df22,a99f214a,532a04e1,ef726eae,1,0,1005,22792,320,50,2644,3,35,-1,23,6192130608,11,17
2798948317597788884,14102811,0,1,a7853007,7e091613,f028772b,ecad2386,7801e8d9,07d7df22,a99f214a,930ec31d,3bb1ddd7,1,0,1005,22267,320,50,2566,3,815,100156,42,0b40e09753,1,2
448749888757351623,14102811,0,0,85f751fd,c4e18dd6,50e219e0,c8e3e3c1,b5f3b24a,8ded1f7a,43a36a4f,20f6ed85,597ff2d3,1,2,1005,23221,320,50,2676,0,35,100176,221,3429e7ad28,35,59
4659233214439611945,14102811,0,0,1fbe01fe,f3845767,28905ebd,ecad2386,7801e8d9,07d7df22,a99f214a,665810f3,d787e91b,1,0,1005,23195,320,50,2671,0,163,100083,221,d0741cff5b,11,12
4714557445756156148,14102811,1,1,43d6df75,27e3c518,28905ebd,ecad2386,7801e8d9,07d7df22,a99f214a,0bb9c3ac,7abbbd5c,1,0,1005,23144,320,50,2665,0,35,100061,221,07dd1a2990,5,15
4885008503168063098,14102811,0,0,85f751fd,c4e18dd6,50e219e0,54c5d545,2347f47a,0f2161f8,c099f7fa,043f846e,ecb851b2,1,0,1005,23221,320,50,2676,0,35,100177,221,56038d3e31,2,3
5246299363907098128,14102811,0,1,856e6d3f,58a89a43,f028772b,ecad2386,7801e8d9,07d7df22,a99f214a,bb9c2422,0eb711ec,1,0,1005,22683,320,50,2528,0,39,100076,221,25dd5afc5d,1,1
5967852782347767357,14102811,0,1,57ef2c87,bd6d812f,f028772b,ecad2386,7801e8d9,07d7df22,a99f214a,de200da9,57e33432,1,0,1005,19771,320,50,2227,0,935,-1,48,cb7b65ec88,28,46
7141677634787094903,14102811,0,0,85f751fd,c4e18dd6,50e219e0,718e4622,d9b5648e,8ded1f7a,a99f214a,3bfe0fd8,f51246a7,1,0,1005,9236,320,50,863,3,169,100105,61,403fafa20f,1,1
7579142330457467116,14102811,1,0,85f751fd,c4e18dd6,50e219e0,a5184c22,b8d325c3,0f2161f8,a99f214a,97b04b4e,ef726eae,1,0,1005,23222,320,50,2676,0,35,100177,221,ab5c57cc89,9,13
8707630920138729330,14102811,0,0,1fbe01fe,f3845767,28905ebd,ecad2386,7801e8d9,07d7df22,a99f214a,d6464bce,1f0bc64f,1,0,1005,20108,320,50,2299,2,1327,100084,52,41f6f0ea32,1,2
10270349441462066723,14102812,0,0,1fbe01fe,f3845767,28905ebd,ecad2386,7801e8d9,07d7df22,a99f214a,ae9acd6a,d787e91b,1,0,1005,23172,320,50,2668,0,35,-1,221,9dc5d1f7a2,21,21
10887769978001104214,14102812,0,0,e7a92cc6,7e1e7bdf,50e219e0,ecad2386,7801e8d9,07d7df22,eaea05c5,e7715e53,08ac11ab,0,0,1002,23206,320,50,2672,0,35,100075,221,1fdfd4c4b7,1,28
12256173345290020364,14102812,0,0,7480e371,2d9329bb,50e219e0,ecad2386,7801e8d9,07d7df22,8f7dbc0b,8cfedb50,0e88538f,0,0,1002,6366,300,50,544,3,39,-1,23,1e85364345,2,2
12298724801751935430,14102812,0,0,85f751fd,c4e18dd6,50e219e0,6bcecbce,2347f47a,cef3e649,a99f214a,7dc54517,1f0bc64f,1,0,1005,23224,320,50,2676,0,35,100176,221,9c0478cc57,32,36
12308668935457021953,14102812,0,0,85f751fd,c4e18dd6,50e219e0,27550a3c,7801e8d9,07d7df22,812d5fb5,854ac14b,08ac11ab,0,0,1002,15704,320,50,1722,0,35,100084,79,02a87e2a8f,5,6
12345258751447533505,14102812,1,1,5ee41ff2,17d996e6,f028772b,ecad2386,7801e8d9,07d7df22,a99f214a,22dd3a6b,1b01c4ed,1,0,1005,8330,320,50,761,3,175,100077,23,ccb755cbf1,1,1
12702785551099856310,14102812,1,0,85f751fd,c4e18dd6,50e219e0,a4869716,2347f47a,d1327cf5,a99f214a,01a34c29,3223bcfe,1,2,1005,375,320,50,112,3,1319,-1,15,f4fa7600cc,2,14
13343432046015547628,14102812,0,0,85f751fd,c4e18dd6,50e219e0,685d1c4c,2347f47a,8ded1f7a,a99f214a,dc6bb9a1,6afc734f,1,3,1005,23222,320,50,2676,0,35,100176,221,4dff5680ff,5,12
14048793465727143035,14102812,1,0,fa2fd0b3,51d8d3b4,f028772b,ecad2386,7801e8d9,07d7df22,a99f214a,2111cba3,9b0f71c2,1,0,1005,19772,320,50,2227,0,935,100075,48,41f6f0ea32,19,25
14371368564007421,14102812,1,0,1fbe01fe,f3845767,28905ebd,ecad2386,7801e8d9,07d7df22,a99f214a,884297d2,711ee120,1,0,1005,22261,320,50,2545,0,167,-1,221,cac7991b88,5,7
16466446341887723130,14102812,0,1,57fe1b20,5b626596,f028772b,ecad2386,7801e8d9,07d7df22,a99f214a,9489b951,47a346ac,1,0,1005,21875,320,50,2526,0,167,100077,221,87586bce52,30,31
16952140264137177617,14102812,1,1,e151e245,7e091613,f028772b,ecad2386,7801e8d9,07d7df22,a99f214a,643e14e5,a0f5f879,1,0,1005,22814,320,50,2647,2,35,100148,23,ce770fb5a8,5,18
17235289493100406872,14102812,0,0,85f751fd,c4e18dd6,50e219e0,685d1c4c,2347f47a,8ded1f7a,a99f214a,4a959e25,a5a2318d,1,3,1005,23221,320,50,2676,0,35,100176,221,2840c56460,16,20
2198731397961683651,14102812,0,0,85f751fd,c4e18dd6,50e219e0,92f5800b,ae637522,0f2161f8,a99f214a,f588d28b,36b67a2a,1,0,1005,21191,320,50,2424,1,161,100189,71,25f95dec3b,1,5
3273641845916906394,14102812,0,1,d9750ee7,98572c79,f028772b,ecad2386,7801e8d9,07d7df22,a99f214a,ccd84329,711ee120,1,0,1005,17753,320,50,1993,2,1063,-1,33,a3affc391b,8,9
5634681516066685032,14102812,0,0,85f751fd,c4e18dd6,50e219e0,f0d41ff1,2347f47a,0f2161f8,a99f214a,af4e8161,36c6b1de,1,0,1005,23222,320,50,2676,0,35,100176,221,b0828d4a01,10,14
6898923472847217994,14102812,0,0,85f751fd,c4e18dd6,50e219e0,685d1c4c,2347f47a,8ded1f7a,a99f214a,50fe5a59,6afc734f,1,2,1005,23222,320,50,2676,0,35,100176,221,77a255df09,19,29
720312316100933044,14102812,0,0,85f751fd,c4e18dd6,50e219e0,92f5800b,ae637522,0f2161f8,a99f214a,5563ea48,981edffc,1,3,1005,21189,320,50,2424,1,161,100189,71,53d41859c2,9,11
7737198303896665470,14102812,0,0,1fbe01fe,f3845767,28905ebd,ecad2386,7801e8d9,07d7df22,a99f214a,43116d00,3de05cb4,1,2,1005,22258,320,50,2545,0,167,-1,221,cfb5adf3c2,19,24
7918001633888271315,14102812,1,0,85f751fd,c4e18dd6,50e219e0,a5184c22,b8d325c3,0f2161f8,a99f214a,8a5c3a2a,a8964a12,1,0,1005,23221,320,50,2676,0,35,100176,221,b5b22e6255,3,11
8879420792062180084,14102812,0,1,44637516,27e3c518,f028772b,ecad2386,7801e8d9,07d7df22,a99f214a,18be1791,8e981c91,1,2,1005,23144,320,50,2665,0,35,-1,221,91cadfb65a,15,15
8908912980966863519,14102812,0,0,85f751fd,c4e18dd6,50e219e0,685d1c4c,2347f47a,8ded1f7a,a99f214a,29dc2417,a8964a12,1,3,1005,23222,320,50,2676,0,35,100176,221,4a60be617c,1,4
8956724588545920613,14102812,0,1,a7853007,7e091613,f028772b,ecad2386,7801e8d9,07d7df22,a99f214a,af62faf4,cad4c01d,1,0,1005,22267,320,50,2566,3,815,100156,42,bcd07f42ff,4,6
9232204917733763560,14102812,0,0,85f751fd,c4e18dd6,50e219e0,73206397,2347f47a,8ded1f7a,d033228a,962c79d1,4ea23a13,1,0,1005,23144,320,50,2665,0,35,-1,221,f1f20e808a,18,19
10306512294937481480,14102813,0,0,85f751fd,c4e18dd6,50e219e0,e2fcccd2,5c5a694b,0f2161f8,a99f214a,1c9dc3eb,31bdffee,1,0,1005,22813,320,50,2647,2,35,100148,23,4968c6e929,4,19
10716490334098168046,14102813,0,1,e8f79e60,c4342784,f028772b,ecad2386,7801e8d9,07d7df22,a99f214a,44739894,feacaaee,1,0,1005,23441,320,50,2685,1,33,-1,212,1061793a55,1,1
10717855946608984946,14102813,0,1,e151e245,7e091613,f028772b,ecad2386,7801e8d9,07d7df22,a99f214a,a518e8c6,fce66524,1,0,1005,22814,320,50,2647,2,35,100148,23,6ee1a88635,17,18
10835655544938244092,14102813,0,1,85f751fd,c4e18dd6,50e219e0,03a08c3f,7801e8d9,0f2161f8,b90377e4,b33f3bd2,c144e605,4,2,1010,15704,320,50,1722,0,35,-1,79,b42616a72a,61,63
10911343089819243040,14102813,0,0,38217daf,449497bc,f028772b,ecad2386,7801e8d9,07d7df22,a99f214a,61bcd5b6,42a5d6ce,1,0,1005,20346,300,250,2331,2,39,100063,23,a150036498,1,1
11187430314230668578,14102813,1,0,85f751fd,c4e18dd6,50e219e0,c8e3e3c1,b5f3b24a,8ded1f7a,01a91500,285a5cc5,8ce34352,1,0,1005,23441,320,50,2685,1,33,100084,212,3b90f51bf0,19,20
11205313121231433953,14102813,0,0,85f751fd,c4e18dd6,50e219e0,685d1c4c,2347f47a,8ded1f7a,a99f214a,3924cb4c,7abbbd5c,1,2,1005,23454,320,50,2688,1,33,100176,212,8a2fe2b4be,5,5
12637975541909927610,14102813,0,0,85f751fd,c4e18dd6,50e219e0,e96166c7,2347f47a,0f2161f8,f747b15e,001bc2b3,be6db1d7,1,0,1005,23221,320,50,2676,0,35,100177,221,da62f4b746,1,5
12815428924233798060,14102813,0,0,85f751fd,c4e18dd6,50e219e0,3e2bf98d,2347f47a,0f2161f8,8b97dc8f,dddaa935,4567d2e5,1,2,1005,22787,320,50,2643,2,35,100141,23,87586bce52,10,15
13739917816271033854,14102813,0,0,85f751fd,c4e18dd6,50e219e0,3bfa19cb,2347f47a,0f2161f8,933d0a5c,b1e6f65d,684581ce,1,0,1005,8330,320,50,761,3,175,-1,23,8d336b824c,5,5
13905735024121950849,14102813,0,0,85f751fd,c4e18dd6,50e219e0,73206397,2347f47a,8ded1f7a,f804d243,3c8922bc,ecb851b2,1,0,1005,23144,320,50,2665,0,35,-1,221,4605d7d842,1,8
13912902302747032508,14102813,0,0,85f751fd,c4e18dd6,50e219e0,92f5800b,ae637522,0f2161f8,a99f214a,d901e111,981edffc,1,3,1005,21189,320,50,2424,1,161,100193,71,143448b7ea,2,3
14313514969656957205,14102813,0,0,9550c324,61db8349,50e219e0,ecad2386,7801e8d9,07d7df22,a23f1180,7d6dd281,c4a565e1,0,0,1002,23206,320,50,2672,0,35,100081,221,6a39d83dc9,12,13
14778299803106539950,14102813,1,0,85f751fd,c4e18dd6,50e219e0,3bfa19cb,2347f47a,0f2161f8,d4a46d20,221630db,684581ce,1,0,1005,8330,320,50,761,3,175,100075,23,9783f43f2a,21,32
15172321666339305986,14102813,0,0,0f1ff372,5a9df23a,72722551,ecad2386,7801e8d9,07d7df22,a99f214a,517b58a4,da10f4da,1,0,1005,23454,320,50,2688,1,33,-1,212,fcaba241c0,8,16
15460852872801915961,14102813,0,0,2135e051,e6a4792b,50e219e0,ecad2386,7801e8d9,07d7df22,ecc13dbf,337bc5c8,01e29bbb,0,0,1002,23438,320,50,2684,2,291,-1,52,52df68fbcd,2,2
1577260357462367791,14102813,0,0,85f751fd,c4e18dd6,50e219e0,7517bc36,813f3323,8ded1f7a,5bcbf39a,cfb3b35b,0bcabeaf,1,0,1005,23454,320,50,2688,1,33,100176,212,faf0584827,25,48
16787643533892829079,14102813,0,0,85f751fd,c4e18dd6,50e219e0,e8937587,d9b5648e,0f2161f8,a99f214a,5cfa3210,aad45b01,1,0,1005,23454,320,50,2688,1,33,100176,212,2ffff24450,11,11
17563161271880748131,14102813,0,0,1fbe01fe,f3845767,28905ebd,ecad2386,7801e8d9,07d7df22,a99f214a,91108ad6,cd5b1559,1,2,1005,23164,320,50,2668,0,35,-1,221,b9319612f5,11,19
1757219888439870694,14102813,0,1,5ee41ff2,17d996e6,f028772b,ecad2386,7801e8d9,07d7df22,a99f214a,9fd87f61,76dc4769,1,0,1005,22683,320,50,2528,0,39,100076,221,97d87b90b3,12,12
18080104636463278824,14102813,0,1,57ef2c87,bd6d812f,f028772b,ecad2386,7801e8d9,07d7df22,a99f214a,a42f9a26,aa03c32c,1,0,1005,19771,320,50,2227,0,935,100079,48,e70985fc3e,1,1
18282376151753482794,14102813,0,0,5bcf81a2,9d54950b,f028772b,ecad2386,7801e8d9,07d7df22,a99f214a,942280cb,88fbaa46,1,2,1005,23454,320,50,2688,1,33,-1,212,6a00e818dc,2,8
2371793231979743957,14102813,0,0,85f751fd,c4e18dd6,50e219e0,73206397,2347f47a,8ded1f7a,1e133072,4fa962c0,e55b4de4,1,0,1005,23144,320,50,2665,0,35,-1,221,791e90f2e9,3,5
2597931704533588144,14102813,0,0,85f751fd,c4e18dd6,50e219e0,e2fcccd2,5c5a694b,0f2161f8,b96cbbe0,f21238ca,e24c8b65,1,2,1005,23091,320,50,2526,0,167,100075,221,4027a20202,23,28
2652332303860605196,14102813,0,0,12fb4121,6b59f079,f028772b,ecad2386,7801e8d9,07d7df22,a99f214a,9cdd8d00,84ebbcd4,1,0,1005,23441,320,50,2685,1,33,-1,212,b7171cf74b,9,33
3061737819136210912,14102813,0,0,85f751fd,c4e18dd6,50e219e0,8df0e2ac,7801e8d9,0f2161f8,a99f214a,d46ce257,36b67a2a,1,0,1005,23455,728,90,2688,1,33,-1,212,bbd8f61c53,7,25
3086107106466638961,14102813,0,1,e4d8dd7b,a17bde68,3e814130,ecad2386,7801e8d9,07d7df22,a99f214a,9075da7a,86030d43,1,0,1005,22680,320,50,2528,0,39,-1,221,787541e89b,25,25
3479254193316696765,14102813,0,0,85f751fd,c4e18dd6,50e219e0,a5184c22,b8d325c3,0f2161f8,a99f214a,35b0a013,a8964a12,1,0,1005,23221,320,50,2676,0,35,100176,221,ec6d1c4610,19,27
3553085935628716750,14102813,1,1,5ee41ff2,17d996e6,f028772b,ecad2386,7801e8d9,07d7df22,a99f214a,f40eab3c,46d98882,1,0,1005,8994,320,50,827,3,1071,100074,23,5237139798,1,5
4227060645517523337,14102813,0,0,85f751fd,c4e18dd6,50e219e0,51cedd4e,aefc06bd,0f2161f8,a99f214a,9592e00a,3bb1ddd7,1,0,1005,22324,320,50,2576,1,161,-1,71,068e418178,3,3
4299680202367658504,14102813,0,1,5b4d2eda,16a36ef3,f028772b,ecad2386,7801e8d9,07d7df22,a99f214a,d42a0acc,d7bc6ccb,1,0,1005,22681,320,50,2528,0,39,-1,221,184d3063e1,10,20
5204623791432176860,14102813,0,0,85f751fd,c4e18dd6,50e219e0,fb7c70a3,d9b5648e,0f2161f8,f5c1e0eb,f5db6801,72a00661,1,0,1005,23454,320,50,2688,1,33,-1,212,5db56b5ac4,3,5
6025166613184303664,14102813,0,0,85f751fd,c4e18dd6,50e219e0,d36838b1,0e8616ad,0f2161f8,a99f214a,d87ad4c9,7ac6007f,1,2,1005,23454,320,50,2688,1,33,-1,212,6a4662b4f0,18,38
6448853006944133999,14102813,0,0,85f751fd,c4e18dd6,50e219e0,f0d41ff1,2347f47a,0f2161f8,a99f214a,35d69e4f,dc15c87e,1,2,1005,23454,320,50,2688,1,33,-1,212,3c49bc5b92,3,3
6505087941449973755,14102813,0,1,a7853007,7e091613,f028772b,ecad2386,7801e8d9,07d7df22,a99f214a,af62faf4,3bb1ddd7,1,0,1005,22267,320,50,2566,3,815,100156,42,d9eb258388,4,7
6617814009354935866,14102813,1,1,e151e245,7e091613,f028772b,ecad2386,7801e8d9,07d7df22,a99f214a,78f92885,6ae7fb43,1,0,1005,23438,320,50,2684,2,291,-1,52,067715c5b2,6,6
6808551090315004945,14102813,0,0,85f751fd,c4e18dd6,50e219e0,76a875e3,d9b5648e,fc6fa53d,a99f214a,6a223a27,af7fe221,1,0,1005,23454,320,50,2688,1,33,-1,212,1a393ffbab,2,3
7418054230366592869,14102813,0,0,85f751fd,c4e18dd6,50e219e0,f0d41ff1,2347f47a,0f2161f8,a99f214a,6a6f6a48,264e4f2c,1,0,1005,19776,320,50,2229,0,687,100031,48,482d2d3a0a,2,3
7520598591726710278,14102813,0,0,b8561528,61eb5bc4,f028772b,ecad2386,7801e8d9,07d7df22,a99f214a,def0d6f8,36b67a2a,1,0,1005,23456,300,250,2688,1,33,-1,212,e12d6f3267,1,1
7834917825238058502,14102813,0,0,12fb4121,6b59f079,f028772b,ecad2386,7801e8d9,07d7df22,a99f214a,0c2e9365,711ee120,1,0,1005,23401,320,50,2682,1,419,100084,212,cdca41b822,25,43
8109536810986289268,14102813,0,0,9e8cf15d,0d3cb7be,f028772b,ecad2386,7801e8d9,07d7df22,a99f214a,75710ded,4ea23a13,1,0,1005,23434,320,50,2683,1,163,-1,212,23cd6d2872,1,2
9878038884519174935,14102813,0,0,85f751fd,c4e18dd6,50e219e0,685d1c4c,2347f47a,8ded1f7a,a99f214a,4cc48d1a,3fafc49f,1,2,1005,23224,320,50,2676,0,35,100176,221,65082e013f,8,15
99516948705172847,14102813,0,0,85f751fd,c4e18dd6,50e219e0,92f5800b,ae637522,0f2161f8,a99f214a,3a261f33,496515fa,1,3,1005,21191,320,50,2424,1,161,100189,71,3ce8381186,4,20
10239231164840430619,14102814,0,1,5ee41ff2,17d996e6,f028772b,ecad2386,7801e8d9,07d7df22,a99f214a,d778ff84,76dc4769,1,0,1005,8330,320,50,761,3,175,100077,23,c95fd424d1,15,21
11185795378464085378,14102814,0,0,95be0243,c4e18dd6,50e219e0,ecad2386,7801e8d9,07d7df22,6a15f5dd,049df1ec,72dab84d,0,0,1002,23438,320,50,2684,2,291,100188,52,d7ec56b8b9,2,5
11655762549167781214,14102814,0,0,85f751fd,c4e18dd6,50e219e0,f0d41ff1,2347f47a,0f2161f8,a99f214a,5324dc0e,5db079b5,1,2,1005,23441,320,50,2685,1,33,-1,212,432bb5dd88,1,1
1222165843838959079,14102814,0,0,9e8cf15d,0d3cb7be,f028772b,ecad2386,7801e8d9,07d7df22,a99f214a,00f1d36b,711ee120,1,0,1005,23441,320,50,2685,1,33,100084,212,37bbe6c14b,12,35
12362067818485992355,14102814,0,0,85f751fd,c4e18dd6,50e219e0,73206397,2347f47a,8ded1f7a,916e6002,c3bbec99,2891f384,1,0,1005,23144,320,50,2665,0,35,-1,221,4d9a3734a9,3,4
12580929988752801207,14102814,0,1,e8f79e60,c4342784,f028772b,ecad2386,7801e8d9,07d7df22,a99f214a,0d83c846,a6403763,1,0,1005,21882,320,50,2526,0,167,-1,221,b247c25b39,3,7
13741861937742529966,14102814,0,0,1fbe01fe,f3845767,28905ebd,ecad2386,7801e8d9,07d7df22,a99f214a,2839f814,8a4875bd,1,0,1005,23169,320,50,2668,0,35,-1,221,f409a67946,5,5
15700720480965672189,14102814,0,1,a7853007,7e091613,f028772b,ecad2386,7801e8d9,07d7df22,a99f214a,009a7861,cad4c01d,1,0,1005,22268,320,50,2566,3,815,100156,42,5f6f70e2d1,3,7
15855513166963011535,14102814,0,0,83a0ad1a,5c9ae867,f028772b,ecad2386,7801e8d9,07d7df22,a99f214a,81d1cb21,1c6a881d,1,2,1005,23143,320,50,2665,0,35,-1,221,8c204b4bee,2,43
16271311292678876948,14102814,0,0,85f751fd,c4e18dd6,50e219e0,685d1c4c,2347f47a,8ded1f7a,a99f214a,69c93773,0d2aee01,1,2,1005,23454,320,50,2688,1,33,-1,212,883e8a3d78,8,10
16659746170741268952,14102814,0,0,c74e86fb,7bd4e8cc,50e219e0,ecad2386,7801e8d9,07d7df22,9bdbfcf7,c77273a2,a4102e4e,0,0,1002,15701,320,50,1722,0,35,-1,79,1a16ef98eb,1,2
17255295759593912181,14102814,1,1,d9750ee7,98572c79,f028772b,ecad2386,7801e8d9,07d7df22,a99f214a,5de83461,44801bc1,1,0,1005,17614,320,50,1993,2,1063,100084,33,f49427793b,6,29
17449541059485992417,14102814,0,0,dda591fe,0a4015b2,50e219e0,ecad2386,7801e8d9,07d7df22,65c77153,dcaf86ca,9a413b7b,0,0,1002,23441,320,50,2685,1,33,-1,212,535c552750,2,2
176295960490539841,14102814,0,0,85f751fd,c4e18dd6,50e219e0,a4869716,2347f47a,d1327cf5,a99f214a,2a112554,cdfde03b,1,2,1005,377,320,50,112,3,1319,-1,15,688cbea0c8,1,48
2369379654236225925,14102814,0,0,85f751fd,c4e18dd6,50e219e0,e9739828,df32afa9,cef3e649,a99f214a,cc6ddcc0,3bc980aa,1,0,1005,23441,320,50,2685,1,33,-1,212,5c87cc1365,2,2
3178601917199467794,14102814,0,0,1fbe01fe,f3845767,28905ebd,ecad2386,7801e8d9,07d7df22,a99f214a,a7d66c2d,8a4875bd,1,0,1005,23165,320,50,2668,0,35,-1,221,f5e53506e8,5,7
342208032746074753,14102814,0,0,85f751fd,c4e18dd6,50e219e0,e2fcccd2,5c5a694b,0f2161f8,a99f214a,b4a0ec64,4c9a62fd,1,0,1005,21875,320,50,2526,0,167,100079,221,98231771c9,10,21
3436203063155335908,14102814,0,0,fec6e632,ace5b8fd,3e814130,ecad2386,7801e8d9,07d7df22,a99f214a,9b4c02b8,1ccc7835,1,0,1005,17239,320,50,1973,3,39,-1,23,697d419e9e,7,8
3738119583555648238,14102814,0,0,85f751fd,c4e18dd6,50e219e0,a2b190d4,33da2e74,dc97ec06,a99f214a,35328784,3bb1ddd7,1,0,1005,23441,320,50,2685,1,33,-1,212,63230e90fe,6,42
3927650698748493638,14102814,0,1,57ef2c87,bd6d812f,f028772b,ecad2386,7801e8d9,07d7df22,a99f214a,357f7921,7abbbd5c,1,0,1005,19950,320,50,1800,3,167,100081,23,8b879e5c6f,1,3
4164353191368245066,14102814,0,1,d9750ee7,98572c79,f028772b,ecad2386,7801e8d9,07d7df22,a99f214a,ac2e474b,1f0bc64f,1,0,1005,18093,320,50,2060,3,39,100105,23,43d09d7607,6,11
4193339856365895838,14102814,0,0,ff361da0,6dbd48f0,3e814130,ecad2386,7801e8d9,07d7df22,a99f214a,74e4d0bc,a0f5f879,1,0,1005,23441,320,50,2685,1,33,100084,212,1fa1e159b0,4,4
4231126664176583437,14102814,0,0,85f751fd,c4e18dd6,50e219e0,51cedd4e,aefc06bd,0f2161f8,a99f214a,c4df7596,239543e1,1,0,1005,23441,320,50,2685,1,33,100084,212,8ab68bc047,8,14
4354011930687845465,14102814,1,0,38217daf,449497bc,f028772b,ecad2386,7801e8d9,07d7df22,a99f214a,05e89fe3,99ec2bcb,1,0,1005,20346,300,250,2331,2,39,100062,23,fd7f3f912a,3,3
4410378003638720016,14102814,0,1,85f751fd,c4e18dd6,50e219e0,03a08c3f,7801e8d9,0f2161f8,e897810d,2b12b04a,3bd9e8e7,4,2,1010,15706,320,50,1722,0,35,-1,79,c220de62ee,4,5
5000120528199260444,14102814,1,1,17caea14,0dde25ec,f028772b,ecad2386,7801e8d9,07d7df22,a99f214a,f7790133,5ef191d3,1,0,1005,21893,320,50,2526,0,167,100074,221,0dcb0b4daf,1,1
6209768498044129953,14102814,0,0,6399eda6,968765cd,f028772b,ecad2386,7801e8d9,07d7df22,a99f214a,81013374,76dc4769,1,0,1005,22680,320,50,2528,0,39,100075,221,ced31284d9,9,20
6436591064325937392,14102814,0,1,17caea14,0dde25ec,f028772b,ecad2386,7801e8d9,07d7df22,a99f214a,c0ce41ba,8a4875bd,1,0,1005,19950,320,50,1800,3,167,100075,23,7535893d84,11,33
6565825051974326331,14102814,0,0,85f751fd,c4e18dd6,50e219e0,98fed791,d9b5648e,0f2161f8,a99f214a,729ef157,72a00661,1,0,1005,23454,320,50,2688,1,33,-1,212,9603d1057f,6,8
6725661170299825874,14102814,0,0,85f751fd,c4e18dd6,50e219e0,98fed791,d9b5648e,0f2161f8,a99f214a,af454ab5,72a00661,1,0,1005,23454,320,50,2688,1,33,-1,212,0fdb7676f8,1,11
6980645715764660878,14102814,0,0,1fbe01fe,f3845767,28905ebd,ecad2386,7801e8d9,07d7df22,a99f214a,c5d4672b,8a4875bd,1,0,1005,23174,320,50,2668,0,35,-1,221,ad4268fd22,1,5
795038354737076814,14102814,0,1,85f751fd,c4e18dd6,50e219e0,d644e4e7,2347f47a,0f2161f8,a99f214a,171610a8,ab145aa1,1,0,1005,23164,320,50,2668,0,35,-1,221,8a85d8b941,19,21
8092543759924201310,14102814,0,0,85f751fd,c4e18dd6,50e219e0,92f5800b,ae637522,0f2161f8,a99f214a,a1b8c484,e1eae715,1,2,1005,23454,320,50,2688,1,33,100176,212,7a78787642,10,23
8351057450210135011,14102814,0,0,c1fcc9a1,422b8953,76b2941d,ecad2386,7801e8d9,07d7df22,a99f214a,30134232,36d749e5,1,0,1005,23441,320,50,2685,1,33,-1,212,a4ec759db2,14,26
9410542507342485891,14102814,0,0,1fbe01fe,f3845767,28905ebd,ecad2386,7801e8d9,07d7df22,a99f214a,268b607f,553f099b,1,0,1005,22258,320,50,2545,0,167,-1,221,c6ca9ed22d,3,10
9487023178146536441,14102814,0,0,85f751fd,c4e18dd6,50e219e0,e9739828,df32afa9,cef3e649,a99f214a,06cf6486,c144e605,1,0,1005,23441,320,50,2685,1,33,100084,212,11d8b06da2,7,36
9990336410405732208,14102814,0,0,85f751fd,c4e18dd6,50e219e0,f0d41ff1,2347f47a,0f2161f8,a99f214a,e5bec6b6,7abbbd5c,1,0,1005,19775,320,50,2229,0,687,100031,48,c42cfed67b,6,24
10154911639561528734,14102815,0,1,3dc2d6de,e2a5dc06,3e814130,ecad2386,7801e8d9,07d7df22,a99f214a,a6f95dd8,421872ab,1,0,1005,19772,320,50,2227,0,935,100081,48,48a85bbf3b,20,20
10499342390641214010,14102815,0,0,83a0ad1a,5c9ae867,f028772b,ecad2386,7801e8d9,07d7df22,a99f214a,11c3f59b,8a4875bd,1,0,1005,23144,320,50,2665,0,35,-1,221,8e86111306,9,14
12224957075851720587,14102815,1,0,85f751fd,c4e18dd6,50e219e0,e2fcccd2,5c5a694b,0f2161f8,5bf201dd,e13df820,fce66524,1,0,1005,20634,320,50,2374,3,39,-1,23,fcaba241c0,3,9
12819353608356949653,14102815,0,0,85f751fd,c4e18dd6,50e219e0,92f5800b,ae637522,0f2161f8,a99f214a,48f9633f,496515fa,1,3,1005,21191,320,50,2424,1,161,100193,71,921fd5e0d2,7,8
13184953922349899863,14102815,0,0,1ee69d19,ce81106c,50e219e0,ecad2386,7801e8d9,07d7df22,1762b6c1,8b2b88a2,43e7b962,0,0,1002,23204,300,50,2672,0,35,100081,221,574fc8094f,5,7
13202073256884496871,14102815,0,0,85f751fd,c4e18dd6,50e219e0,a4869716,2347f47a,d1327cf5,a99f214a,6f576150,d787e91b,1,2,1005,377,320,50,112,3,1319,-1,15,afc5a94bfb,1,11
14819676158255760592,14102815,1,1,e8f79e60,c4342784,f028772b,ecad2386,7801e8d9,07d7df22,a99f214a,7287ad74,be6db1d7,1,0,1005,8330,320,50,761,3,175,100077,23,844b2f5d0d,22,22
15550469608796365645,14102815,0,0,9e8cf15d,0d3cb7be,f028772b,ecad2386,7801e8d9,07d7df22,a99f214a,82a4593e,1ccc7835,1,0,1005,23405,320,50,2682,1,419,100084,212,253e7d943b,4,4
16038647953609930300,14102815,0,0,85f751fd,c4e18dd6,50e219e0,73206397,2347f47a,8ded1f7a,3c88683a,c6d2e401,158e4944,1,0,1005,23144,320,50,2665,0,35,-1,221,53d41859c2,6,35
1654237526638934313,14102815,0,0,85f751fd,c4e18dd6,50e219e0,73206397,2347f47a,8ded1f7a,85e76d16,fe9744c0,1a449446,1,0,1005,23143,320,50,2665,0,35,-1,221,1ae0f2c08d,2,2
17215165229483634958,14102815,1,0,1fbe01fe,f3845767,28905ebd,ecad2386,7801e8d9,07d7df22,a99f214a,1cf29716,7fdd04d2,1,0,1005,20108,320,50,2299,2,1327,-1,52,56c232f749,17,22
17339793020014904430,14102815,0,0,85f751fd,c4e18dd6,50e219e0,73206397,2347f47a,8ded1f7a,e123b227,3c0932a8,24f6b932,1,0,1005,23144,320,50,2665,0,35,-1,221,0420b8b42e,14,19
17527466950876671669,14102815,0,0,85f751fd,c4e18dd6,50e219e0,f888bf4c,5b9c592b,0f2161f8,5c000db5,dbae3656,0989142d,1,0,1005,23430,320,50,2683,1,163,-1,212,432bb5dd88,2,5
18175343942347272181,14102815,0,0,1fbe01fe,f3845767,28905ebd,ecad2386,7801e8d9,07d7df22,a99f214a,32f18d72,5db079b5,1,2,1005,8330,320,50,761,3,175,-1,23,b32a1405e6,27,40
284515684573378084,14102815,0,0,6256f5b4,28f93029,f028772b,ecad2386,7801e8d9,07d7df22,a99f214a,2458fc8d,8a4875bd,1,0,1005,6563,320,50,572,2,39,-1,32,3e58817720,11,12
3581064886379037482,14102815,0,1,e151e245,7e091613,f028772b,ecad2386,7801e8d9,07d7df22,a99f214a,6ca7b050,25e362e2,1,0,1005,17014,320,50,1872,3,39,-1,23,654fae47cf,1,3
5239277116205540384,14102815,0,1,d9750ee7,98572c79,f028772b,ecad2386,7801e8d9,07d7df22,a99f214a,2e2c8786,0153a639,1,0,1005,17753,320,50,1993,2,1063,-1,33,adefa93a35,3,4
5469808584976341888,14102815,0,1,d9750ee7,98572c79,f028772b,ecad2386,7801e8d9,07d7df22,a99f214a,d8ddd868,8a4875bd,1,0,1005,23401,320,50,2682,1,419,-1,212,62c7eee257,2,4
6201607326051178454,14102815,1,1,e151e245,7e091613,f028772b,ecad2386,7801e8d9,07d7df22,a99f214a,b23be129,7abbbd5c,1,0,1005,22814,320,50,2647,2,35,100148,23,c2b4df7054,1,1
6884314502398709286,14102815,0,1,57fe1b20,5b626596,f028772b,ecad2386,7801e8d9,07d7df22,a99f214a,05d7e3f4,8a4875bd,1,0,1005,23091,320,50,2526,0,167,100081,221,a910a2617e,2,3
7927661922585079328,14102815,1,0,5b08c53b,7687a86e,3e814130,ecad2386,7801e8d9,07d7df22,a99f214a,fbd08312,5db079b5,1,2,1005,20019,300,250,2286,3,39,100075,23,97d87b90b3,13,16
873418352272877950,14102815,0,0,38217daf,449497bc,f028772b,ecad2386,7801e8d9,07d7df22,a99f214a,04d4b67d,4ea23a13,1,0,1005,20345,300,250,2331,2,39,100055,23,654fae47cf,2,7
8988298813148322872,14102815,0,1,791b5571,fd13bc73,f028772b,ecad2386,7801e8d9,07d7df22,a99f214a,83433075,ecb851b2,1,0,1005,19950,320,50,1800,3,167,100079,23,36e3793710,5,10
9764259633663771023,14102815,1,1,5b4d2eda,16a36ef3,f028772b,ecad2386,7801e8d9,07d7df22,a99f214a,b4484a33,76dc4769,1,0,1005,22680,320,50,2528,0,39,100077,221,2f37426236,1,6
9817035613064357628,14102815,0,1,d9750ee7,98572c79,f028772b,ecad2386,7801e8d9,07d7df22,a99f214a,b3614987,d787e91b,1,0,1005,17753,320,50,1993,2,1063,-1,33,c8bf616893,6,9
10185285917559033663,14102816,0,0,5bcf81a2,9d54950b,f028772b,ecad2386,7801e8d9,07d7df22,a99f214a,432a9bc4,cc1b551e,1,2,1005,23438,320,50,2684,2,1319,100166,52,9d2437b45a,20,33
11248751316003934061,14102816,1,0,6256f5b4,28f93029,f028772b,ecad2386,7801e8d9,07d7df22,a99f214a,f3765f59,80b1a1d2,1,0,1005,23438,320,50,2684,2,1319,-1,52,af81412fdc,3,3
11826974551282511487,14102816,0,1,e4d8dd7b,a17bde68,3e814130,ecad2386,7801e8d9,07d7df22,a99f214a,c06caf8d,8a4875bd,1,0,1005,19950,320,50,1800,3,167,100075,23,8fb7b846de,6,20
12667530705961144460,14102816,0,1,e151e245,7e091613,f028772b,ecad2386,7801e8d9,07d7df22,a99f214a,eaa51818,5db079b5,1,2,1005,22812,320,50,2647,2,35,100148,23,d99d8ae1d9,1,3
1297455638482320239,14102816,1,0,5b08c53b,7687a86e,3e814130,ecad2386,7801e8d9,07d7df22,a99f214a,5c7a8c5d,36d749e5,1,0,1005,17653,300,250,1994,2,39,-1,33,9a516836ed,9,15
13656038993913557310,14102816,0,0,e8adaa99,c4e18dd6,70fb0e29,ecad2386,7801e8d9,07d7df22,a99f214a,5e4ed5d5,ed29f87a,1,0,1012,23438,320,50,2684,2,1319,-1,52,1cfb948e1b,3,8
14126159074245067460,14102816,1,0,f9c69707,e16ceb4b,28905ebd,ecad2386,7801e8d9,07d7df22,a99f214a,c36838dc,260bcecc,1,0,1005,19665,320,50,2253,2,303,-1,52,aa283ed6fb,1,3
14488030502548534218,14102816,1,1,e151e245,7e091613,f028772b,ecad2386,7801e8d9,07d7df22,a99f214a,1d7cc6db,7120e05e,1,0,1005,22810,320,50,2647,2,35,100148,23,6072505ab1,2,17
16503736327888501033,14102816,0,1,856e6d3f,58a89a43,f028772b,ecad2386,7801e8d9,07d7df22,a99f214a,5805d831,fe9f8125,1,0,1005,22681,320,50,2528,0,39,100075,221,ebed83665d,17,62
17272836402120311271,14102816,1,0,1fbe01fe,f3845767,28905ebd,ecad2386,7801e8d9,07d7df22,a99f214a,c6563308,be87996b,1,2,1005,20108,320,50,2299,2,1327,-1,52,1ecbc789cb,1,21
17675882912196820032,14102816,1,0,5b08c53b,7687a86e,3e814130,ecad2386,7801e8d9,07d7df22,a99f214a,52c27c75,3bd9e8e7,1,0,1005,17654,300,250,1994,2,39,-1,33,c5b0229fa1,1,4
17944599062400615853,14102816,0,0,85f751fd,c4e18dd6,50e219e0,92f5800b,ae637522,0f2161f8,a99f214a,44603b4b,496515fa,1,3,1005,21189,320,50,2424,1,161,100190,71,df54eddfcf,2,3
2106844993849833330,14102816,1,0,5b08c53b,7687a86e,3e814130,ecad2386,7801e8d9,07d7df22,a99f214a,feb189df,54408210,1,0,1005,17653,300,250,1994,2,39,-1,33,68b0d177f0,6,11
2600468960142782044,14102816,0,1,e151e245,7e091613,f028772b,ecad2386,7801e8d9,07d7df22,a99f214a,665acaec,56cfb4f8,1,0,1005,17747,320,50,1974,2,39,-1,33,09cf29084d,1,2
3209335755698957600,14102816,0,0,c1fcc9a1,422b8953,76b2941d,ecad2386,7801e8d9,07d7df22,a99f214a,c855f59d,44801bc1,1,0,1005,23430,320,50,2683,1,163,-1,212,145fa7f15a,7,9
3611216828085082604,14102816,0,0,1fbe01fe,f3845767,28905ebd,ecad2386,7801e8d9,07d7df22,a99f214a,c0c7cc63,18d8fb90,1,0,1005,23170,320,50,2668,0,35,-1,221,e365e01e39,59,59
3921438037808122610,14102816,0,1,e151e245,7e091613,f028772b,ecad2386,7801e8d9,07d7df22,a99f214a,af1ca3b1,76759795,1,0,1005,17747,320,50,1974,2,39,-1,33,85e847af1a,5,12
4190148346621679716,14102816,1,1,e8f79e60,c4342784,f028772b,ecad2386,7801e8d9,07d7df22,a99f214a,4e1f876f,07bb0685,1,0,1005,22682,320,50,2528,0,39,100074,221,7c95b5ba10,6,7
5163678092909540060,14102816,0,0,83a0ad1a,5c9ae867,f028772b,ecad2386,7801e8d9,07d7df22,a99f214a,af9205f9,03683bd4,1,0,1005,23371,320,50,2680,3,815,100156,42,fac7271c1e,9,15
5570984834773794974,14102816,0,0,c1fcc9a1,422b8953,76b2941d,ecad2386,7801e8d9,07d7df22,a99f214a,685efec8,dab823eb,1,0,1005,23430,320,50,2683,1,163,-1,212,308100931c,5,9
5858533346462734603,14102816,0,0,85f751fd,c4e18dd6,50e219e0,7358e05e,b9528b13,cef3e649,de80805c,b0070d9a,8a4875bd,1,0,1005,20632,320,50,2374,3,39,-1,23,20d176b5ba,9,10
6440094238642022821,14102816,0,0,1fbe01fe,f3845767,28905ebd,ecad2386,7801e8d9,07d7df22,a99f214a,6b9769f2,8a4875bd,1,0,1005,23172,320,50,2668,0,35,-1,221,bf1574e690,7,38
7250387496020667445,14102816,0,0,1fbe01fe,f3845767,28905ebd,ecad2386,7801e8d9,07d7df22,a99f214a,cb59d0b6,3f67c4c4,1,0,1005,23163,320,50,2668,0,35,-1,221,1bc85eeb5a,3,3
9304846062278498519,14102816,0,0,1fbe01fe,f3845767,28905ebd,ecad2386,7801e8d9,07d7df22,a99f214a,03f3bcc8,c144e605,1,0,1005,22257,320,50,2545,0,167,-1,221,eb67fc8095,9,10
9411865246951623696,14102816,0,0,85f751fd,c4e18dd6,50e219e0,e2fcccd2,5c5a694b,0f2161f8,a99f214a,b3d7ab8f,fdd86e39,1,0,1005,4687,320,50,423,2,39,100148,32,e70985fc3e,18,20
9564201278734642135,14102816,1,0,5b08c53b,7687a86e,3e814130,ecad2386,7801e8d9,07d7df22,a99f214a,b88e0b1e,1f0bc64f,1,0,1005,19015,300,250,2162,2,39,-1,33,ad12c96426,1,6
10494863706287211292,14102817,0,0,83a0ad1a,5c9ae867,f028772b,ecad2386,7801e8d9,07d7df22,a99f214a,814181d3,b3f4c8ce,1,0,1005,22680,320,50,2528,0,39,100077,221,b951e410b0,2,5
10533048559674091825,14102817,1,0,5b08c53b,7687a86e,3e814130,ecad2386,7801e8d9,07d7df22,a99f214a,824a361a,c6263d8a,1,0,1005,17654,300,250,1994,2,39,-1,33,a0f9360500,14,14
10771089075707166536,14102817,0,1,e151e245,7e091613,f028772b,ecad2386,7801e8d9,07d7df22,a99f214a,7354e6b0,897aafd7,1,0,1005,17037,320,50,1934,2,39,-1,16,b52261cf26,9,11
11299137478126116718,14102817,0,0,83a0ad1a,5c9ae867,f028772b,ecad2386,7801e8d9,07d7df22,a99f214a,eea4641d,524ad92e,1,0,1005,22683,320,50,2528,0,39,-1,221,5f6f70e2d1,1,2
12665947350910336898,14102817,0,0,85f751fd,c4e18dd6,50e219e0,f757bb8f,2347f47a,cef3e649,a99f214a,fc7c2119,3bd9e8e7,1,0,1005,23390,320,50,2681,1,419,100084,212,0433e5464c,1,3
14133662882781940977,14102817,0,0,1fbe01fe,f3845767,28905ebd,ecad2386,7801e8d9,07d7df22,a99f214a,a66d57b5,e438c1dc,1,0,1005,23438,320,50,2684,2,1327,-1,52,fcb7a40e66,12,16
14630942868343731304,14102817,0,1,a7853007,7e091613,f028772b,ecad2386,7801e8d9,07d7df22,a99f214a,285aa37d,3bb1ddd7,1,0,1005,23371,320,50,2680,3,815,100156,42,11621ed552,3,3
1465515764218086491,14102817,0,0,1fbe01fe,f3845767,28905ebd,ecad2386,7801e8d9,07d7df22,a99f214a,e59fd02f,ecb851b2,1,0,1005,8330,320,50,761,3,175,-1,23,73720e89c4,22,27
15634669493167405990,14102817,0,0,d6137915,bb1ef334,f028772b,ecad2386,7801e8d9,07d7df22,a99f214a,aa8d6938,be6db1d7,1,0,1005,20214,320,50,2316,0,167,-1,16,9005c20bf6,2,4
16146070210165579928,14102817,0,0,83a0ad1a,5c9ae867,f028772b,ecad2386,7801e8d9,07d7df22,a99f214a,b53dc58f,22d83a75,1,0,1005,23144,320,50,2665,0,35,-1,221,d1413e698f,8,11
17966574650765139278,14102817,0,1,e151e245,7e091613,f028772b,ecad2386,7801e8d9,07d7df22,a99f214a,cec310f2,ef726eae,1,0,1005,22754,320,50,2639,2,35,-1,23,fd7f3f912a,9,23
2127798572736276386,14102817,0,1,e5c60a05,7256c623,f028772b,ecad2386,7801e8d9,07d7df22,a99f214a,2b893feb,6ac9eb05,1,0,1005,19772,320,50,2227,0,935,100075,48,08ea896f22,3,10
21946517963964524,14102817,0,0,85f751fd,c4e18dd6,50e219e0,e2fcccd2,5c5a694b,0f2161f8,558d44a8,a0137f45,84ebbcd4,1,0,1005,18553,320,50,2104,3,1839,-1,171,bfb1855b2f,12,12
2619004709675520181,14102817,0,0,85f751fd,c4e18dd6,50e219e0,e2fcccd2,5c5a694b,0f2161f8,1b4209ae,5d04dddc,fce66524,1,0,1005,4687,320,50,423,2,39,-1,32,eb98f404b3,1,1
2967142580630840259,14102817,1,1,e023ba3e,75f9ddc3,f028772b,ecad2386,7801e8d9,07d7df22,a99f214a,755ba09d,fce66524,1,0,1005,20632,320,50,2374,3,39,-1,23,c500ac14ee,7,13
3674929188654617161,14102817,0,0,85f751fd,c4e18dd6,50e219e0,03528b27,2347f47a,8ded1f7a,91f24755,5086c270,d787e91b,1,0,1005,22190,320,50,2556,3,167,100200,23,fe616dba7e,2,5
4489922380885642016,14102817,0,0,5b08c53b,7687a86e,3e814130,ecad2386,7801e8d9,07d7df22,a99f214a,5b5e1ee1,e9b8d8d7,1,0,1005,17653,300,250,1994,2,39,100084,33,caf6271cfe,2,4
7222131119362288864,14102817,0,0,12fb4121,6b59f079,f028772b,ecad2386,7801e8d9,07d7df22,a99f214a,4c594685,78d9bd10,1,0,1005,23401,320,50,2682,1,419,-1,212,ea3d2b3cf4,1,5
7329884449600731449,14102817,1,0,85f751fd,c4e18dd6,50e219e0,92f5800b,ae637522,0f2161f8,a99f214a,b7191c7b,981edffc,1,3,1005,21189,320,50,2424,1,161,100193,71,87d7a7785d,3,4
7548748843860666959,14102817,0,1,856e6d3f,58a89a43,f028772b,ecad2386,7801e8d9,07d7df22,a99f214a,b3eebe37,d4897fef,1,0,1005,19950,320,50,1800,3,167,-1,23,1a11308b85,5,14
791544270776839990,14102817,0,1,e151e245,7e091613,f028772b,ecad2386,7801e8d9,07d7df22,a99f214a,3a37004c,1ccc7835,1,0,1005,22813,320,50,2647,2,35,100148,23,ca8293f05a,8,8
8219618508427931084,14102817,0,0,12fb4121,6b59f079,f028772b,ecad2386,7801e8d9,07d7df22,a99f214a,5b2b22e0,ecb851b2,1,0,1005,23405,320,50,2682,1,419,-1,212,fda28d0d01,13,16
942845053460403708,14102817,1,0,d6137915,bb1ef334,f028772b,ecad2386,7801e8d9,07d7df22,a99f214a,d14d10ba,5db079b5,1,2,1005,20213,320,50,2316,0,167,100081,16,187621f909,16,24
968598393060455560,14102817,0,1,e8f79e60,c4342784,f028772b,ecad2386,7801e8d9,07d7df22,a99f214a,e2a1d844,d787e91b,1,0,1005,21589,320,50,2478,3,167,100074,23,d24eda20a8,14,19
10280524384982546730,14102818,0,0,85f751fd,c4e18dd6,50e219e0,73206397,2347f47a,8ded1f7a,38405418,cbc89998,a8d2c4cf,1,0,1005,23143,320,50,2665,0,35,100221,221,371641a520,5,9
12371417737434396244,14102818,0,0,1fbe01fe,f3845767,28905ebd,ecad2386,7801e8d9,07d7df22,a99f214a,f987ca5e,b7c5bc1f,1,0,1005,22746,320,50,2638,2,35,100188,23,fc238611d9,1,2
12477470615322474162,14102818,1,0,85f751fd,c4e18dd6,50e219e0,213ab274,7801e8d9,07d7df22,4a30548b,30700e46,d9d47e05,0,0,1002,4687,320,50,423,2,39,100148,32,ec711f0da0,3,17
13730166885213147733,14102818,1,0,d9750ee7,98572c79,f028772b,ecad2386,7801e8d9,07d7df22,a99f214a,431b3174,711ee120,1,0,1005,23434,320,50,2683,1,163,-1,212,10360fa129,1,6
15029371014853921846,14102818,0,0,1fbe01fe,f3845767,28905ebd,ecad2386,7801e8d9,07d7df22,a99f214a,ceffea69,8a4875bd,1,0,1005,15706,320,50,1722,0,35,-1,79,0fe9084613,6,9
16341633236703567344,14102818,0,0,1fbe01fe,f3845767,28905ebd,ecad2386,7801e8d9,07d7df22,a99f214a,056ed482,8a4875bd,1,0,1005,15702,320,50,1722,0,35,-1,79,3237a97d1d,4,4
16388550451802678397,14102818,0,0,85f751fd,c4e18dd6,50e219e0,febd1138,82e27996,0f2161f8,a99f214a,6cf1b75d,2ea4f8ba,1,0,1005,21611,320,50,2480,3,297,100111,61,fb38b7fa4c,2,9
16681697965514539960,14102818,0,0,26fa1946,e2a5dc06,3e814130,ecad2386,7801e8d9,07d7df22,a99f214a,7b6a7305,d787e91b,1,0,1005,22680,320,50,2528,0,39,100076,221,c209e30e9f,2,9
17205650313185387437,14102818,0,0,1fbe01fe,f3845767,28905ebd,ecad2386,7801e8d9,07d7df22,a99f214a,ae504343,3d64834e,1,2,1005,22915,320,50,2617,0,35,-1,51,bc260e8185,2,4
1986606783646246158,14102818,0,0,85f751fd,c4e18dd6,50e219e0,92f5800b,ae637522,0f2161f8,a99f214a,faaa2a6d,0bcabeaf,1,3,1005,21189,320,50,2424,1,161,100193,71,0326a82378,6,13
2420025121118541795,14102818,0,0,1fbe01fe,f3845767,28905ebd,ecad2386,7801e8d9,07d7df22,a99f214a,75bb1b58,5096d134,1,0,1005,22255,320,50,2545,0,167,-1,221,c5b0229fa1,7,7
2654408599803737656,14102818,0,1,b7e9786d,b12b9f85,f028772b,ecad2386,7801e8d9,07d7df22,a99f214a,2dcfe8eb,57e33432,1,0,1005,19771,320,50,2227,0,935,100081,48,1eaa9b943b,9,21
2713523546799794257,14102818,0,0,6399eda6,968765cd,f028772b,ecad2386,7801e8d9,07d7df22,a99f214a,c9d30911,7abbbd5c,1,0,1005,22819,320,50,2648,3,35,100148,23,a4aab49ea2,5,6
2783398980588605131,14102818,0,1,e151e245,7e091613,f028772b,ecad2386,7801e8d9,07d7df22,a99f214a,55dcc996,76dc4769,1,0,1005,22811,320,50,2647,2,35,100148,23,f7f162e3d8,1,1
3655096984154837696,14102818,0,0,5b787406,f3ca2e42,50e219e0,ecad2386,7801e8d9,07d7df22,96bb3f29,4096657d,373ecbe6,0,0,1002,23438,320,50,2684,2,1327,100103,52,7bd627c459,1,1
3968244589852323515,14102818,0,0,85f751fd,c4e18dd6,50e219e0,e2a1ca37,2347f47a,8ded1f7a,ac786632,89c6ced6,cd5b1559,1,2,1005,17016,320,50,1873,3,39,-1,23,39ca9b40b1,1,1
4379547293822928808,14102818,1,0,2328ee8e,7804dea6,f028772b,ecad2386,7801e8d9,07d7df22,a99f214a,f6fca133,76dc4769,1,0,1005,23144,320,50,2665,0,35,-1,221,52cab3508e,7,8
6434109647114956256,14102818,0,0,70ed6df4,907f1c1a,f028772b,ecad2386,7801e8d9,07d7df22,a99f214a,d2b32c84,0fadd2fe,1,0,1005,23401,320,50,2682,1,419,100083,212,959b088f9d,20,34
6980118825827538986,14102818,0,1,3281baa7,61eac15d,f028772b,ecad2386,7801e8d9,07d7df22,a99f214a,5a20c3d9,9f8d0424,1,0,1005,15908,320,50,1752,3,297,100081,82,211a42db33,2,2
7015464009133843911,14102818,0,0,85f751fd,c4e18dd6,50e219e0,92f5800b,ae637522,0f2161f8,a99f214a,555ad380,e1eae715,1,3,1005,21191,320,50,2424,1,161,100193,71,3de1e743cb,1,2
7769730228872560224,14102818,1,0,5b08c53b,7687a86e,3e814130,ecad2386,7801e8d9,07d7df22,a99f214a,eeb4c780,1c6a881d,1,2,1005,17653,300,250,1994,2,39,-1,33,8f09ed93f9,21,25
7822952086347012805,14102818,0,0,85f751fd,c4e18dd6,50e219e0,73206397,2347f47a,8ded1f7a,377e6217,84b68518,4ea23a13,1,0,1005,23143,320,50,2665,0,35,-1,221,7274963d7d,6,8
8310594263025291445,14102818,0,0,1fbe01fe,f3845767,28905ebd,ecad2386,7801e8d9,07d7df22,a99f214a,d3c7f33f,8a4875bd,1,0,1005,15701,320,50,1722,0,35,-1,79,caf3004b84,2,2
8336637873053679023,14102818,1,0,1fbe01fe,f3845767,28905ebd,ecad2386,7801e8d9,07d7df22,a99f214a,1cf29716,711ee120,1,0,1005,22260,320,50,2545,0,167,-1,221,8c0c66bfcf,4,5
9736826291657416180,14102818,1,0,1fbe01fe,f3845767,28905ebd,ecad2386,7801e8d9,07d7df22,a99f214a,d0a3513f,6332421a,1,0,1005,20108,320,50,2299,2,1327,-1,52,e2e2aa8e6a,16,22
9989086909221526560,14102818,0,0,85f751fd,c4e18dd6,50e219e0,9c13b419,2347f47a,f95efa07,a99f214a,fe65e160,d787e91b,1,0,1005,21957,320,50,2520,2,35,-1,90,541df2b27b,10,13
10141498646276081988,14102819,0,0,85f751fd,c4e18dd6,50e219e0,2d869bee,d9b5648e,0f2161f8,a99f214a,6c6aa3a7,9b5ce758,1,0,1005,20751,320,50,1895,0,681,100028,101,9d1f5b4006,1,6
14748898036159712314,14102819,1,0,85f751fd,c4e18dd6,50e219e0,a97b17d0,aefc06bd,0f2161f8,a99f214a,9d40e3b7,f39b265e,1,0,1005,15707,320,50,1722,0,35,100084,79,0d978cd8fc,12,17
1517762032545428249,14102819,0,0,85f751fd,c4e18dd6,50e219e0,d44c074c,ae637522,cef3e649,a99f214a,d8ff6e8e,2692a96a,1,3,1005,21803,320,50,2515,1,161,100189,71,4456b96558,20,22
15997056208819802880,14102819,0,0,dcc019de,250469f8,3e814130,ecad2386,7801e8d9,07d7df22,a99f214a,e98cf6b3,95a0fb49,1,0,1005,8330,320,50,761,3,175,100079,23,73913480c4,1,2
16699596536851410161,14102819,0,0,1fbe01fe,f3845767,28905ebd,ecad2386,7801e8d9,07d7df22,a99f214a,fadb062b,8a4875bd,1,0,1005,15702,320,50,1722,0,35,-1,79,57b01c154b,9,16
16974807576134988566,14102819,0,0,85f751fd,c4e18dd6,50e219e0,9c13b419,2347f47a,f95efa07,a99f214a,2748b9b3,1f0bc64f,1,0,1005,18094,320,50,2060,3,39,-1,23,5ade85ab31,1,1
17272643120233173587,14102819,0,0,85f751fd,c4e18dd6,50e219e0,3e2bf98d,2347f47a,0f2161f8,be343193,c79c5adf,36c6b1de,1,0,1005,22814,320,50,2647,2,35,100148,23,bebbfb85e3,6,7
18217849523718681012,14102819,0,0,5b08c53b,7687a86e,3e814130,ecad2386,7801e8d9,07d7df22,a99f214a,2564c092,ecb851b2,1,0,1005,20093,300,250,2295,2,35,100077,23,5dbb61cfca,4,5
18422565467488383746,14102819,1,0,239adfaf,3465fba3,f028772b,ecad2386,7801e8d9,07d7df22,a99f214a,595ab930,429bf051,1,0,1005,19771,320,50,2227,0,935,100077,48,f88fdd781b,5,6
2227086427993406387,14102819,1,0,5b08c53b,7687a86e,3e814130,ecad2386,7801e8d9,07d7df22,a99f214a,596f0f01,909d8f37,1,0,1005,20093,300,250,2295,2,35,-1,23,37fe473f40,11,16
2362159873081425671,14102819,0,0,85f751fd,c4e18dd6,50e219e0,c73fb408,7801e8d9,07d7df22,c5408965,4100df4c,23c526cf,0,0,1002,15705,320,50,1722,0,35,100084,79,5359a1a40d,2,2
3271773684545819595,14102819,0,1,85f751fd,c4e18dd6,50e219e0,a607e6a7,7801e8d9,0f2161f8,bb3075cc,23d98f5f,ef726eae,4,0,1010,22895,320,50,2640,3,35,-1,23,a267e1c015,15,16
5217382806319186253,14102819,0,1,e151e245,7e091613,f028772b,ecad2386,7801e8d9,07d7df22,a99f214a,4d62a444,ef726eae,1,0,1005,17262,320,50,1872,3,39,-1,23,ca4f096c09,4,9
5618483305914744138,14102819,1,0,85f751fd,c4e18dd6,50e219e0,92f5800b,ae637522,0f2161f8,a99f214a,210557f4,36b67a2a,1,3,1005,21191,320,50,2424,1,161,100193,71,8bcb43294d,10,12
5663385011969178937,14102819,0,1,e4d8dd7b,a17bde68,3e814130,ecad2386,7801e8d9,07d7df22,a99f214a,8009f97e,0eb711ec,1,0,1005,8330,320,50,761,3,175,100077,23,02802d302b,1,6
6105623949297406650,14102819,0,0,85f751fd,c4e18dd6,50e219e0,92f5800b,ae637522,0f2161f8,a99f214a,4d358561,0bcabeaf,1,3,1005,21191,320,50,2424,1,161,100189,71,508f04169e,5,14
71520500416266349,14102819,0,1,0ed75ebe,7885b01e,3e814130,ecad2386,7801e8d9,07d7df22,a99f214a,da99e63a,375c3d47,1,0,1005,22683,320,50,2528,0,39,-1,221,0cba1bbe3c,11,27
8084205107585105016,14102819,0,1,85f751fd,c4e18dd6,50e219e0,1dc72b4d,2347f47a,0f2161f8,2018fe7e,e1e49dfa,c02433d4,1,0,1005,23000,300,50,2657,3,35,100013,23,1022c70d02,5,15
8599394406789806373,14102819,0,0,85f751fd,c4e18dd6,50e219e0,c8e0ba97,d9b5648e,0f2161f8,a99f214a,145705c5,801b384c,1,0,1005,9236,320,50,863,3,169,100105,61,984dc5941e,3,11
1291513759821426214,14102820,0,1,16c73019,8025317b,28905ebd,ecad2386,7801e8d9,07d7df22,a99f214a,e9ba47c8,8a4875bd,1,0,1005,22989,320,50,2657,3,38,100117,23,c500ac14ee,4,6
13117456547576823257,14102820,0,0,1fbe01fe,f3845767,28905ebd,ecad2386,7801e8d9,07d7df22,a99f214a,ade0235b,a5bce124,1,0,1005,22261,320,50,2545,0,167,100084,221,287aead468,4,4
14576727859274686300,14102820,0,0,a8c88b36,3fa3aa64,f028772b,ecad2386,7801e8d9,07d7df22,a99f214a,536bbb8f,dc00d461,1,0,1005,22990,320,50,2657,3,38,-1,23,1735e8ddab,1,1
14655151881261337009,14102820,1,0,5b08c53b,7687a86e,3e814130,ecad2386,7801e8d9,07d7df22,a99f214a,899f4b12,05e70df4,1,0,1005,17653,300,250,1994,2,39,100084,33,99a9d9a4c4,8,20
16478119656631502610,14102820,0,0,85f751fd,c4e18dd6,50e219e0,66f5e02e,6f7ca2ba,0f2161f8,0aa7f8ab,93925142,2d6d7ae9,1,2,1005,22960,320,50,2655,2,38,100050,23,406ecd6281,3,3
17088356000385541711,14102820,0,0,1fbe01fe,f3845767,28905ebd,ecad2386,7801e8d9,07d7df22,a99f214a,ad3378ec,0eb711ec,1,0,1005,22106,320,50,2545,0,167,100084,221,595df2d851,2,4
1733653610183159450,14102820,0,1,85f751fd,c4e18dd6,50e219e0,2e402503,7801e8d9,0f2161f8,b767f2e8,0faec58d,4a92be9b,5,0,1010,18987,320,50,2158,3,291,-1,61,b90ece4679,72,83
18389962808438204424,14102820,1,0,6256f5b4,28f93029,f028772b,ecad2386,7801e8d9,07d7df22,a99f214a,d3a61965,8a4875bd,1,0,1005,23144,320,50,2665,0,35,-1,221,9d1f5b4006,15,23
2127644732456637876,14102820,1,0,85f751fd,c4e18dd6,50e219e0,9c13b419,2347f47a,f95efa07,a99f214a,697240ee,aaffed8f,1,0,1005,22960,320,50,2655,2,38,-1,23,eb98f404b3,17,29
9762284603145819281,14102820,1,1,e151e245,7e091613,f028772b,ecad2386,7801e8d9,07d7df22,a99f214a,1da9569c,1f0bc64f,1,0,1005,20274,320,50,2225,0,935,-1,48,4df373b823,7,8
10793901086674369909,14102821,0,0,85f751fd,c4e18dd6,50e219e0,8b89048f,2347f47a,cef3e649,f98bd220,53dd7d3a,3c4f8b03,1,3,1005,22954,320,50,2654,3,38,100185,23,37a37740fb,4,20
10884195766508540975,14102821,1,0,1fbe01fe,f3845767,28905ebd,ecad2386,7801e8d9,07d7df22,a99f214a,6b24b2de,76dc4769,1,0,1005,22261,320,50,2545,0,167,100083,221,755c477f49,10,13
109368311231864391,14102821,1,0,cf3a1767,98acf46c,50e219e0,ecad2386,7801e8d9,07d7df22,37514477,93f00ae2,7767b6c8,0,0,1002,23438,320,50,2684,2,1327,-1,52,9919e5f021,4,6
11661351302380741365,14102821,0,1,e151e245,7e091613,f028772b,ecad2386,7801e8d9,07d7df22,a99f214a,8bc6a44f,8b1aa260,1,0,1005,22988,320,50,2657,3,38,-1,23,1f4dc110e4,24,41
121961873928653471,14102821,0,1,b7e9786d,b12b9f85,f028772b,ecad2386,7801e8d9,07d7df22,a99f214a,f22a3b93,76dc4769,1,0,1005,22680,320,50,2528,0,39,-1,221,78f715658b,15,21
13866085415163100843,14102821,0,0,85f751fd,c4e18dd6,50e219e0,92f5800b,ae637522,0f2161f8,a99f214a,41fe4f68,0bcabeaf,1,0,1005,21189,320,50,2424,1,161,100193,71,d1aade79b5,4,6
14524420378267458612,14102821,0,0,85f751fd,c4e18dd6,50e219e0,7358e05e,b9528b13,cef3e649,f4e37405,c7c52368,03c48e34,1,0,1005,20632,320,50,2374,3,39,-1,23,a7c707e5f3,7,13
14736774238507803150,14102821,1,1,e151e245,7e091613,f028772b,ecad2386,7801e8d9,07d7df22,a99f214a,8f3b465d,00b1f3a7,1,0,1005,22949,320,50,2654,3,38,-1,23,7132bd5652,1,1
15134713914457520050,14102821,0,0,85f751fd,c4e18dd6,50e219e0,febd1138,82e27996,0f2161f8,a99f214a,0f343bf7,2ea4f8ba,1,0,1005,21611,320,50,2480,3,297,100111,61,a6dad2c2ef,24,31
15484516209822660703,14102821,0,0,83a0ad1a,5c9ae867,f028772b,ecad2386,7801e8d9,07d7df22,a99f214a,3de4f563,575d0d2a,1,0,1005,23143,320,50,2665,0,35,-1,221,6a4662b4f0,5,8
16873489319801204018,14102821,0,1,5ee41ff2,17d996e6,f028772b,ecad2386,7801e8d9,07d7df22,a99f214a,a99ef5ed,8a4875bd,1,0,1005,20009,320,50,2283,0,163,100076,95,039fe5eeb3,3,17
3310629139358495855,14102821,0,0,1fbe01fe,f3845767,28905ebd,ecad2386,7801e8d9,07d7df22,a99f214a,46902852,ecb851b2,1,0,1005,22261,320,50,2545,0,167,-1,221,973588c794,8,25
5259116912827041992,14102821,0,1,85f751fd,c4e18dd6,50e219e0,03a08c3f,7801e8d9,0f2161f8,c7aa1fb0,3d1c020c,f07e20f8,4,3,1010,15707,320,50,1722,0,35,-1,79,ff555e8a1f,3,4
7494947781182035829,14102821,0,0,c74e86fb,c4e18dd6,50e219e0,ecad2386,7801e8d9,07d7df22,c439b533,bdc303a2,23c526cf,0,0,1002,15703,320,50,1722,0,35,-1,79,da9bc5dbac,11,11
8403174478665318580,14102821,0,0,1fbe01fe,f3845767,28905ebd,ecad2386,7801e8d9,07d7df22,a99f214a,c33b0db3,1f0bc64f,1,0,1005,22254,320,50,2545,0,167,-1,221,7bd627c459,16,22
9382196385475007564,14102821,0,0,85f751fd,c4e18dd6,50e219e0,39947756,2347f47a,cef3e649,5ccf3705,8e57285b,a1a7a957,1,2,1005,22954,320,50,2654,3,38,100190,23,f5b10d1872,9,16
10058203165634629787,14102822,0,0,85f751fd,c4e18dd6,50e219e0,7358e05e,b9528b13,cef3e649,49c990b3,de9d73a3,84ebbcd4,1,0,1005,22813,320,50,2647,2,35,100148,23,7efa7b1ffb,1,1
1326662355608093025,14102822,0,1,92c7cbe7,6e882918,75fa27f6,ecad2386,7801e8d9,07d7df22,a99f214a,b1e86f1b,8a4875bd,1,0,1005,23401,320,50,2682,1,419,100083,212,efda708c23,19,22
13815061668327038305,14102822,0,0,cf3a1767,86f1b24c,50e219e0,ecad2386,7801e8d9,07d7df22,6b91c51d,19a72552,97868ca6,0,0,1002,23438,320,50,2684,2,1327,100062,52,40a3ed9a1c,16,23
1428427837124254454,14102822,0,1,92c7cbe7,6e882918,75fa27f6,ecad2386,7801e8d9,07d7df22,a99f214a,ca431bfd,684581ce,1,0,1005,23401,320,50,2682,1,419,100084,212,5013c7cb6b,7,11
14293249985883278057,14102822,0,0,85f751fd,c4e18dd6,50e219e0,73206397,2347f47a,8ded1f7a,7301ff75,471ef2c5,ef726eae,1,0,1005,23143,320,50,2665,0,35,-1,221,3302bd4a83,2,12
14697051893638344814,14102822,0,0,1fbe01fe,f3845767,28905ebd,ecad2386,7801e8d9,07d7df22,a99f214a,e5f3c132,ecb851b2,1,0,1005,22260,320,50,2545,0,167,100083,221,b80e173fc7,3,7
17789143468339549986,14102822,0,0,85f751fd,c4e18dd6,50e219e0,92f5800b,ae637522,0f2161f8,a99f214a,1ffc2dbc,e1eae715,1,0,1005,21189,320,50,2424,1,161,100189,71,9ad39442e8,26,42
18003376152198646407,14102822,0,0,85f751fd,c4e18dd6,50e219e0,73206397,2347f47a,8ded1f7a,44f3b664,cf8e2c07,2cd8ff6d,1,0,1005,23143,320,50,2665,0,35,-1,221,762d4d5910,13,21
3374697602684789229,14102822,0,1,e151e245,7e091613,f028772b,ecad2386,7801e8d9,07d7df22,a99f214a,b50934d5,c6263d8a,1,0,1005,21679,320,50,2495,2,167,100181,23,15305ac6d3,16,16
5631708023620664425,14102822,0,0,85f751fd,c4e18dd6,50e219e0,e2fcccd2,5c5a694b,0f2161f8,ff4d9828,ffe86a70,1f0bc64f,1,0,1005,6558,320,50,571,2,39,-1,32,dc4484e942,1,3
6647868913026555945,14102822,0,0,85f751fd,c4e18dd6,50e219e0,a4db51b9,d9b5648e,0f2161f8,a99f214a,b0fd0ee0,93a90f85,1,0,1005,21611,320,50,2480,3,297,100111,61,eb98f404b3,1,1
11644861472475040800,14102823,1,0,1fbe01fe,f3845767,28905ebd,ecad2386,7801e8d9,07d7df22,a99f214a,af20cc89,f07e20f8,1,0,1005,22254,320,50,2545,0,167,100084,221,9fedd665d1,1,1
12280813945964306909,14102823,0,0,85f751fd,c4e18dd6,50e219e0,85b28c93,ae637522,8ded1f7a,a99f214a,7a3f7613,36b67a2a,1,0,1005,22322,320,50,2576,1,161,100193,71,ee8e2fa350,6,8
14295770280072577845,14102823,0,0,1fbe01fe,f3845767,28905ebd,ecad2386,7801e8d9,07d7df22,a99f214a,423a7593,36d749e5,1,0,1005,22914,320,50,2617,0,35,-1,51,66b5b15a1c,3,5
14634472867237284624,14102823,1,1,e151e245,7e091613,f028772b,ecad2386,7801e8d9,07d7df22,a99f214a,cc5fa5a6,0e010a30,1,0,1005,17262,320,50,1872,3,39,-1,23,3237a97d1d,4,6
17941365029641206267,14102823,0,0,1fbe01fe,f3845767,28905ebd,ecad2386,7801e8d9,07d7df22,a99f214a,59ac940d,1f0bc64f,1,0,1005,22676,320,50,2616,0,35,-1,51,df54eddfcf,11,16
18152479692368796098,14102823,0,0,85f751fd,c4e18dd6,50e219e0,92f5800b,ae637522,0f2161f8,a99f214a,7357868b,981edffc,1,3,1005,21189,320,50,2424,1,161,100193,71,828bbf6d12,10,12
298073722919318278,14102823,0,1,93de26ae,7d05db75,335d28a8,ecad2386,7801e8d9,07d7df22,a99f214a,5b287893,feacaaee,1,0,1005,23401,320,50,2682,1,419,-1,212,a7afbfdcd7,1,20
36390151189652869,14102823,0,1,e5c60a05,7256c623,f028772b,ecad2386,7801e8d9,07d7df22,a99f214a,381ef2fb,5ec45883,1,0,1005,19771,320,50,2227,0,935,-1,48,c5900ad55d,4,4
5005657451089397440,14102823,0,0,85f751fd,c4e18dd6,50e219e0,51cedd4e,aefc06bd,0f2161f8,a99f214a,61abd8a2,35e87701,1,0,1005,21611,320,50,2480,3,297,100111,61,19da5c7a7f,3,4
6265489902980438907,14102823,0,0,85f751fd,c4e18dd6,50e219e0,febd1138,82e27996,0f2161f8,a99f214a,5ae1ca02,d056b4bf,1,0,1005,21611,320,50,2480,3,297,100111,61,2c96bd1338,1,1
7792574829805810525,14102823,0,0,85f751fd,c4e18dd6,50e219e0,d44c074c,ae637522,cef3e649,a99f214a,ecce04db,e1eae715,1,3,1005,21801,320,50,2515,1,161,100192,71,f2590be705,1,1
8621483174764820893,14102823,0,0,6256f5b4,28f93029,f028772b,ecad2386,7801e8d9,07d7df22,a99f214a,dc78a980,7fb42699,1,0,1005,23144,320,50,2665,0,35,100126,221,f56be14f2c,2,7
10401869501469717202,14102900,0,0,1fbe01fe,f3845767,28905ebd,ecad2386,7801e8d9,07d7df22,a99f214a,75bb1b58,7e752449,1,2,1005,15702,320,50,1722,0,35,-1,79,8e19e5e343,2,3
13296568612789224122,14102900,0,1,92c7cbe7,6e882918,75fa27f6,ecad2386,7801e8d9,07d7df22,a99f214a,59fb2851,8a4875bd,1,0,1005,23405,320,50,2682,1,419,100084,212,56038d3e31,1,3
14340943030148664649,14102900,0,0,1fbe01fe,f3845767,28905ebd,ecad2386,7801e8d9,07d7df22,a99f214a,d82523d8,8a4875bd,1,0,1005,15706,320,50,1722,0,35,-1,79,593e7c0432,15,16
15819684956158941104,14102900,0,0,1fbe01fe,f3845767,28905ebd,ecad2386,7801e8d9,07d7df22,a99f214a,95b2935e,779d90c2,1,0,1005,22676,320,50,2616,0,35,-1,51,7afe65b60c,2,3
16743871874868427456,14102900,0,0,85f751fd,c4e18dd6,50e219e0,73206397,2347f47a,8ded1f7a,6500eb0d,54a9609f,c144e605,1,0,1005,23143,320,50,2665,0,35,-1,221,b847fa79ff,1,1
3540555245020767016,14102900,0,0,85f751fd,c4e18dd6,50e219e0,92f5800b,ae637522,0f2161f8,a99f214a,249f30d9,981edffc,1,3,1005,21191,320,50,2424,1,161,100191,71,0324feb201,11,20
4434181880153418570,14102900,0,0,1fbe01fe,f3845767,28905ebd,ecad2386,7801e8d9,07d7df22,a99f214a,418bc4a2,4ea23a13,1,0,1005,22676,320,50,2616,0,35,-1,51,68f0d09fd8,6,22
4975146421909390541,14102900,0,0,85f751fd,c4e18dd6,50e219e0,f0640131,d9e67b62,a3c42688,ad144ec1,9044f785,689b89c1,1,5,1007,21818,320,50,2519,0,163,100189,71,2fff528709,1,1
6389795842518666442,14102900,1,0,203b00f1,c4e18dd6,50e219e0,ecad2386,7801e8d9,07d7df22,0f7c61dc,63cd4d6d,373ecbe6,0,0,1002,23438,320,50,2684,2,1327,100004,52,07aece2c7a,6,6
6813028004394392692,14102900,1,1,e151e245,7e091613,f028772b,ecad2386,7801e8d9,07d7df22,a99f214a,72a25ccb,e9b8d8d7,1,0,1005,17014,320,50,1872,3,39,-1,23,56f18cc18e,2,3
7848085359491094259,14102900,0,0,1fbe01fe,f3845767,28905ebd,ecad2386,7801e8d9,07d7df22,a99f214a,bf10425c,d787e91b,1,0,1005,22261,320,50,2545,0,167,100084,221,5c77ff7c80,2,7
7892555320597242518,14102900,1,1,e151e245,7e091613,f028772b,ecad2386,7801e8d9,07d7df22,a99f214a,aef49fb8,6f21a189,1,0,1005,21678,320,50,2495,2,167,100221,23,706e9c6c99,1,1
9930196811845693650,14102900,0,1,e151e245,7e091613,f028772b,ecad2386,7801e8d9,07d7df22,a99f214a,80beab9b,1acb6434,1,0,1005,17037,320,50,1934,2,39,-1,16,cd3a9ae027,3,4
10632931067634875922,14102901,0,0,d6137915,bb1ef334,f028772b,ecad2386,7801e8d9,07d7df22,a99f214a,68dfbe69,ecb851b2,1,0,1005,20213,320,50,2316,0,167,100077,16,f5e53506e8,2,2
1071739675620270365,14102901,0,0,1fbe01fe,f3845767,28905ebd,ecad2386,7801e8d9,07d7df22,a99f214a,605596eb,f0e794f8,1,0,1005,22676,320,50,2616,0,35,-1,51,f4d588b8c7,3,8
11381972581028176760,14102901,0,0,1fbe01fe,f3845767,28905ebd,ecad2386,7801e8d9,07d7df22,a99f214a,fc66dc49,8a4875bd,1,0,1005,15705,320,50,1722,0,35,100084,79,42d6eb8dd0,1,2
11910373426107298523,14102901,0,0,0920c555,9d54950b,76b2941d,ecad2386,7801e8d9,07d7df22,a99f214a,e35ec47a,36b67a2a,1,0,1005,21819,300,250,2519,0,163,100192,71,29c42575a4,15,19
12015056991467637115,14102901,0,0,1a4609fd,be12a188,50e219e0,ecad2386,7801e8d9,07d7df22,6a44e5c9,533f5678,43e7b962,0,0,1002,6361,300,50,544,3,39,100079,23,8e2f45ea72,1,3
12298480340437520799,14102901,0,1,92c7cbe7,6e882918,75fa27f6,ecad2386,7801e8d9,07d7df22,a99f214a,e30791b6,feacaaee,1,0,1005,23401,320,50,2682,1,419,-1,212,9f04f3e735,10,12
14231250645476437667,14102901,0,1,92c7cbe7,6e882918,75fa27f6,ecad2386,7801e8d9,07d7df22,a99f214a,75bb1b58,44801bc1,1,0,1005,23405,320,50,2682,1,419,-1,212,39accbb4d3,4,4
16345164291266930096,14102901,0,0,85f751fd,c4e18dd6,50e219e0,18f03b8c,2347f47a,0f2161f8,bdd9fa2c,fcc0528b,b4d21d55,1,2,1005,20346,300,250,2331,2,39,100194,23,89095934c5,16,20
16582222779569635200,14102901,0,0,1fbe01fe,f3845767,28905ebd,ecad2386,7801e8d9,07d7df22,a99f214a,fd5d0526,1f0bc64f,1,0,1005,22260,320,50,2545,0,167,100083,221,a37d833091,3,4
16653048314223644830,14102901,0,0,83a0ad1a,5c9ae867,f028772b,ecad2386,7801e8d9,07d7df22,a99f214a,60066a2b,a0b0c0b3,1,0,1005,16859,320,50,1887,3,39,100194,23,b1b489c1bb,1,9
16868260552870391661,14102901,0,0,6c5b482c,7687a86e,3e814130,ecad2386,7801e8d9,07d7df22,a99f214a,411fb5e4,7b75d3a6,1,0,1005,20345,300,250,2331,2,39,-1,23,52266b49de,4,8
1725034196795964452,14102901,0,0,85f751fd,c4e18dd6,50e219e0,53de0284,d9b5648e,0f2161f8,a99f214a,9a571780,9b5ce758,1,0,1005,21611,320,50,2480,3,297,100111,61,2819d76e45,2,4
18081110513851688343,14102901,0,0,1fbe01fe,f3845767,28905ebd,ecad2386,7801e8d9,07d7df22,a99f214a,21f13711,4ceb2e0b,1,0,1005,22676,320,50,2616,0,35,-1,51,a8acc21dc5,3,5
18386853310090073105,14102901,0,0,1fbe01fe,f3845767,28905ebd,ecad2386,7801e8d9,07d7df22,a99f214a,5d2e90e9,36d749e5,1,0,1005,22676,320,50,2616,0,35,100083,51,47d01d61a3,3,8
3924794755733760862,14102901,0,0,1fbe01fe,f3845767,28905ebd,ecad2386,7801e8d9,07d7df22,a99f214a,56f355bc,4ea23a13,1,0,1005,15701,320,50,1722,0,35,-1,79,3cdf67254b,9,11
4229953509523822756,14102901,0,0,1fbe01fe,f3845767,28905ebd,ecad2386,7801e8d9,07d7df22,a99f214a,bae81086,4ea23a13,1,0,1005,22254,320,50,2545,0,167,-1,221,2b4ff8efa1,1,1
6101716762184289287,14102901,0,0,1fbe01fe,f3845767,28905ebd,ecad2386,7801e8d9,07d7df22,a99f214a,3d1c020c,8a4875bd,1,0,1005,15699,320,50,1722,0,35,-1,79,9732b1c5bf,3,4
7424631683693749017,14102901,0,0,dc2babb4,6390786d,f028772b,ecad2386,7801e8d9,07d7df22,a99f214a,ed67e1b2,9b5ce758,1,0,1005,20751,320,50,1895,0,681,100028,101,921fd5e0d2,1,7
10572842545744349093,14102902,0,0,85f751fd,c4e18dd6,50e219e0,a5184c22,b8d325c3,0f2161f8,a99f214a,5111e14b,73b4563d,1,2,1005,23224,320,50,2676,0,35,100176,221,ae3766f197,3,8
1114495487248637370,14102902,1,0,1fbe01fe,f3845767,28905ebd,ecad2386,7801e8d9,07d7df22,a99f214a,79c59fb2,f5267723,1,0,1005,22104,320,50,2545,0,167,100083,221,d5e945a75a,1,6
12536651541170712965,14102902,0,0,1fbe01fe,f3845767,28905ebd,ecad2386,7801e8d9,07d7df22,a99f214a,947d0c7f,8a4875bd,1,0,1005,23170,320,50,2668,0,35,-1,221,3b00f4c4ed,11,14
13106602047074347727,14102902,0,0,ac696ed4,c7dcd9d1,f66779e6,ecad2386,7801e8d9,07d7df22,a99f214a,2fa00af3,31368961,1,0,1005,22948,320,50,2654,3,38,100139,23,8838e81c0b,9,16
13802836595899762198,14102902,0,0,e3c09f3a,d262cf1e,28905ebd,ecad2386,7801e8d9,07d7df22,a99f214a,5140b292,109f35ad,1,0,1005,22948,320,50,2654,3,38,100200,23,31318ce909,4,24
17738569184628141976,14102902,0,0,85f751fd,c4e18dd6,50e219e0,51cedd4e,aefc06bd,0f2161f8,a99f214a,f51d2943,816484ae,1,0,1005,21611,320,50,2480,3,297,100111,61,bd2b99ec13,2,6
192616729475754943,14102902,0,0,85f751fd,c4e18dd6,50e219e0,a5184c22,b8d325c3,0f2161f8,a99f214a,1e3a8eaa,684581ce,1,0,1005,23222,320,50,2676,0,35,100176,221,33928148d2,4,6
3677855778740995144,14102902,0,0,e3c09f3a,d262cf1e,28905ebd,ecad2386,7801e8d9,07d7df22,a99f214a,99bd6d29,a1a7a957,1,0,1005,22954,320,50,2654,3,38,100026,23,91cadfb65a,4,17
3940645881054177568,14102902,0,0,85f751fd,c4e18dd6,50e219e0,febd1138,82e27996,0f2161f8,a99f214a,d6014fdc,99e427c9,1,0,1005,19743,320,50,2264,3,427,100000,61,9b89433f1d,2,3
4779142426440104216,14102902,0,0,89a490f5,ce307e01,3e814130,ecad2386,7801e8d9,07d7df22,a99f214a,cf693677,d4897fef,1,0,1005,23144,320,50,2665,0,35,-1,221,634ca9f7e8,4,6
6348395198490110107,14102902,0,1,92c7cbe7,6e882918,75fa27f6,ecad2386,7801e8d9,07d7df22,a99f214a,8fd890a7,16954458,1,0,1005,22987,320,50,2657,3,38,100084,23,77a255df09,2,5
8280126773970348811,14102902,0,1,92c7cbe7,6e882918,75fa27f6,ecad2386,7801e8d9,07d7df22,a99f214a,3e790b92,05e70df4,1,0,1005,23424,216,36,2683,1,163,-1,212,d401d3da91,7,7
8394750673876582599,14102902,0,1,57ef2c87,bd6d812f,f028772b,ecad2386,7801e8d9,07d7df22,a99f214a,5e62f21a,d787e91b,1,0,1005,8330,320,50,761,3,175,100081,23,ca9976e817,4,9
10048016023180569089,14102903,1,1,5ee41ff2,17d996e6,f028772b,ecad2386,7801e8d9,07d7df22,a99f214a,336149d7,779d90c2,1,0,1005,8996,320,50,827,3,1071,100081,23,40dca2526f,5,12
1061024854008200701,14102903,1,0,1fbe01fe,f3845767,28905ebd,ecad2386,7801e8d9,07d7df22,a99f214a,671065d9,3bd9e8e7,1,0,1005,22258,320,50,2545,0,167,-1,221,2f8aeef573,3,6
10727685314818773181,14102903,0,0,ac696ed4,c7dcd9d1,f66779e6,ecad2386,7801e8d9,07d7df22,a99f214a,5e3493d3,e981565c,1,0,1005,21626,320,50,2482,3,167,-1,23,2a71debe96,1,9
1093850090008965519,14102903,0,0,85f751fd,c4e18dd6,50e219e0,685d1c4c,2347f47a,8ded1f7a,a99f214a,ae3bac6d,3bc980aa,1,2,1005,23224,320,50,2676,0,35,100176,221,187621f909,28,36
11370210605606671083,14102903,0,0,85f751fd,c4e18dd6,50e219e0,a5184c22,b8d325c3,0f2161f8,a99f214a,f36c4627,de6c67f6,1,0,1005,22991,320,50,2657,3,38,-1,23,e292424b50,11,19
1180095122719494350,14102903,0,0,1fbe01fe,f3845767,28905ebd,ecad2386,7801e8d9,07d7df22,a99f214a,61641bc4,8a4875bd,1,0,1005,23174,320,50,2668,0,35,-1,221,89170a6e1e,2,22
1194098481728361098,14102903,0,0,1fbe01fe,f3845767,28905ebd,ecad2386,7801e8d9,07d7df22,a99f214a,c75145dc,0989142d,1,0,1005,23168,320,50,2668,0,35,-1,221,8c204b4bee,4,10
1233856503982928091,14102903,0,0,85f751fd,c4e18dd6,50e219e0,a5184c22,b8d325c3,0f2161f8,a99f214a,02851922,1f0bc64f,1,0,1005,23222,320,50,2676,0,35,100176,221,b17d6b2fa3,5,15
12894321778557633598,14102903,0,0,85f751fd,c4e18dd6,50e219e0,73206397,2347f47a,8ded1f7a,54703578,4cd69938,24f6b932,1,0,1005,23144,320,50,2665,0,35,100148,221,5e3c7588d8,7,9
13221898048255084669,14102903,0,0,85f751fd,c4e18dd6,50e219e0,66f5e02e,6f7ca2ba,0f2161f8,5b1d0aeb,5a984518,d787e91b,1,0,1005,22956,320,50,2655,2,38,-1,23,f8f7e7e2ce,1,5
13974102533175704381,14102903,1,0,85f751fd,c4e18dd6,50e219e0,a5184c22,b8d325c3,0f2161f8,a99f214a,f36c4627,de6c67f6,1,0,1005,22992,320,50,2657,3,38,-1,23,2964691255,25,26
14339859769141285137,14102903,0,0,1fbe01fe,f3845767,28905ebd,ecad2386,7801e8d9,07d7df22,a99f214a,348533f2,a0f5f879,1,0,1005,23163,320,50,2668,0,35,-1,221,ef6ea911f3,2,8
14796065614340192812,14102903,0,0,85f751fd,c4e18dd6,50e219e0,a5184c22,b8d325c3,0f2161f8,a99f214a,5ff16c95,1ccc7835,1,0,1005,23224,320,50,2676,0,35,-1,221,49546ae0c5,6,6
15710613021781254578,14102903,0,1,85f751fd,c4e18dd6,50e219e0,cf0327f9,2347f47a,0f2161f8,3192e3ec,4a8e3725,34d5fa08,1,0,1005,22941,300,50,2654,3,38,-1,23,7f359845a3,13,14
15865017436824588811,14102903,0,1,57ef2c87,bd6d812f,f028772b,ecad2386,7801e8d9,07d7df22,a99f214a,37a8c9f6,451af639,1,0,1005,22987,320,50,2657,3,38,100081,23,af387ec9c5,17,18
15943979081977389672,14102903,0,1,5b4d2eda,16a36ef3,f028772b,ecad2386,7801e8d9,07d7df22,a99f214a,5d32968f,8a4875bd,1,0,1005,21882,320,50,2526,0,167,-1,221,4dd543f575,3,3
16098717483018878153,14102903,0,0,1fbe01fe,f3845767,28905ebd,ecad2386,7801e8d9,07d7df22,a99f214a,7b90f8aa,8b1aa260,1,0,1005,23137,320,50,2664,0,35,-1,51,7bd627c459,23,24
16325527185503250790,14102903,0,0,1fbe01fe,f3845767,28905ebd,ecad2386,7801e8d9,07d7df22,a99f214a,674328b9,1aa0e912,1,0,1005,22915,320,50,2617,0,35,-1,51,26fb944a90,10,11
16484263189658894424,14102903,0,0,85f751fd,c4e18dd6,50e219e0,a4db51b9,d9b5648e,0f2161f8,a99f214a,0351bf17,93a90f85,1,0,1005,21611,320,50,2480,3,297,100111,61,36e00517d3,2,3
17268300251080048076,14102903,1,0,1fbe01fe,f3845767,28905ebd,ecad2386,7801e8d9,07d7df22,a99f214a,fadf41d7,4c8aeb60,1,0,1005,23173,320,50,2668,0,35,-1,221,fc238611d9,15,20
17397679469571888962,14102903,1,0,85f751fd,c4e18dd6,50e219e0,a5184c22,b8d325c3,0f2161f8,a99f214a,b5d11500,ff065cf0,1,2,1005,23221,320,50,2676,0,35,100176,221,7b5f002926,8,13
17917403627353193006,14102903,1,0,85f751fd,c4e18dd6,50e219e0,e2fcccd2,5c5a694b,0f2161f8,a99f214a,51a750e3,a0f5f879,1,0,1005,6560,320,50,571,2,39,-1,32,9b86a6192d,1,1
2333205821165496097,14102903,0,1,92c7cbe7,6e882918,75fa27f6,ecad2386,7801e8d9,07d7df22,a99f214a,a89d0cbe,d787e91b,1,0,1005,23430,320,50,2683,1,163,-1,212,cb7b65ec88,4,4
2968401386395473191,14102903,0,0,3136689e,950201e9,f66779e6,ecad2386,7801e8d9,07d7df22,a99f214a,b76f24bb,2a5026a5,1,0,1005,22607,300,250,2610,3,167,100200,23,d0741cff5b,5,7
5487754481438095242,14102903,0,0,1fbe01fe,f3845767,28905ebd,ecad2386,7801e8d9,07d7df22,a99f214a,6e451a96,d787e91b,1,0,1005,22916,320,50,2617,0,35,100084,51,5e54507ccb,2,7
5778759428112850561,14102903,0,0,69bc54b5,c4e18dd6,50e219e0,ecad2386,7801e8d9,07d7df22,32875fbd,f9ff4c69,a12e847c,0,0,1002,23438,320,50,2684,2,1327,100188,52,adefa93a35,1,4
6092135712081710458,14102903,0,0,85f751fd,c4e18dd6,50e219e0,a5184c22,b8d325c3,0f2161f8,a99f214a,7ae4e2fe,f07e20f8,1,0,1005,23224,320,50,2676,0,35,100176,221,4cbd26faea,10,38
6352556248908686837,14102903,0,1,5b4d2eda,16a36ef3,f028772b,ecad2386,7801e8d9,07d7df22,a99f214a,7e5c423c,8a4875bd,1,0,1005,21875,320,50,2526,0,167,100074,221,c17f3843e1,11,11
7208110581170003100,14102903,0,1,e8f79e60,c4342784,f028772b,ecad2386,7801e8d9,07d7df22,a99f214a,72aa8153,8a4875bd,1,0,1005,16208,320,50,1800,3,167,100079,23,0e7d03af35,1,5
8402983667282578407,14102903,0,0,85f751fd,c4e18dd6,50e219e0,a5184c22,b8d325c3,0f2161f8,a99f214a,cce6d5bf,1ccc7835,1,0,1005,23221,320,50,2676,0,35,100176,221,0577d14f1a,1,1
8850658503676797238,14102903,0,0,85f751fd,c4e18dd6,50e219e0,a5184c22,b8d325c3,0f2161f8,a99f214a,7a1b2f68,d31a172e,1,0,1005,23222,320,50,2676,0,35,100176,221,253e7d943b,1,1
8933352281986503092,14102903,0,1,e151e245,7e091613,f028772b,ecad2386,7801e8d9,07d7df22,a99f214a,f8cb7d38,44c701de,1,0,1005,22954,320,50,2654,3,38,-1,23,517bd19edf,67,70
927597128424132037,14102903,1,0,1fbe01fe,f3845767,28905ebd,ecad2386,7801e8d9,07d7df22,a99f214a,67108ce4,76dc4769,1,0,1005,22915,320,50,2617,0,35,100084,51,a0b261e867,7,19
11418868551808922480,14102904,0,1,856e6d3f,58a89a43,f028772b,ecad2386,7801e8d9,07d7df22,a99f214a,e6329ab6,597f7364,1,0,1005,19772,320,50,2227,0,935,100075,48,d2452af587,18,34
11836142392667078102,14102904,0,0,85f751fd,c4e18dd6,50e219e0,92f5800b,ae637522,0f2161f8,a99f214a,07a4b736,e1eae715,1,3,1005,21189,320,50,2424,1,161,100193,71,f1d813b4cc,7,8
1215802462000207049,14102904,0,0,85f751fd,c4e18dd6,50e219e0,e9739828,df32afa9,cef3e649,a99f214a,fa7a28a0,8f4fd1f0,1,0,1005,23221,320,50,2676,0,35,100176,221,fc238611d9,2,2
12879938559344857497,14102904,0,1,5b4d2eda,16a36ef3,f028772b,ecad2386,7801e8d9,07d7df22,a99f214a,916e191c,575d0d2a,1,0,1005,20006,320,50,2283,0,163,100076,95,3b90f51bf0,1,10
14423345907122117785,14102904,0,0,8342c1ae,7049c6b7,f028772b,ecad2386,7801e8d9,07d7df22,a99f214a,adf9efb9,ecb851b2,1,0,1005,21863,320,50,2524,0,423,-1,221,ea3d2b3cf4,3,5
14705075466940504311,14102904,0,1,e151e245,7e091613,f028772b,ecad2386,7801e8d9,07d7df22,a99f214a,abce0b32,2b580930,1,0,1005,17037,320,50,1934,2,39,-1,16,77f47bc716,3,16
1511946085540162797,14102904,0,0,85f751fd,c4e18dd6,50e219e0,92f5800b,ae637522,0f2161f8,a99f214a,edc2b105,e1eae715,1,3,1005,21191,320,50,2424,1,161,100189,71,91f83bfd82,2,5
15120621191604104614,14102904,0,0,83a0ad1a,5c9ae867,f028772b,ecad2386,7801e8d9,07d7df22,a99f214a,0052f182,b3f4c8ce,1,0,1005,16208,320,50,1800,3,167,100075,23,87acad6202,1,7
15264662997760722428,14102904,0,0,85f751fd,c4e18dd6,50e219e0,03528b27,2347f47a,8ded1f7a,de0db3fe,7b46aa92,c6263d8a,1,0,1005,23222,320,50,2676,0,35,100176,221,e77fa05208,3,3
16884671946019030770,14102904,0,0,5664de9a,98dac0cc,f028772b,ecad2386,7801e8d9,07d7df22,a99f214a,d0b207dd,0af36777,1,0,1005,23224,320,50,2676,0,35,100176,221,8c204b4bee,6,19
17380706788057892089,14102904,0,0,85f751fd,c4e18dd6,50e219e0,f0d41ff1,2347f47a,0f2161f8,a99f214a,b2f7f129,be74e6fe,1,0,1005,22773,320,50,2641,3,35,100013,23,30175cac8d,1,2
2813135522497136162,14102904,0,0,69bc54b5,dae63c6b,50e219e0,ecad2386,7801e8d9,07d7df22,0b941a08,7b5033bf,911a3c09,0,0,1002,21789,320,50,2512,2,291,-1,52,b6ac6b1fb2,9,47
3592766168716979417,14102904,0,1,e5c60a05,7256c623,f028772b,ecad2386,7801e8d9,07d7df22,a99f214a,6de6407c,0d9ae625,1,0,1005,20633,320,50,2374,3,39,-1,23,936dc22e2a,22,23
3739398189843053776,14102904,0,1,5b4d2eda,16a36ef3,f028772b,ecad2386,7801e8d9,07d7df22,a99f214a,2c4eefe7,ecb851b2,1,0,1005,22683,320,50,2528,0,39,-1,221,9f11afa7ac,16,22
4829272959595872963,14102904,0,0,805d7074,3a1a5671,50e219e0,ecad2386,7801e8d9,07d7df22,417b4598,b17eaa6e,8debacdb,0,0,1002,6563,320,50,572,2,39,-1,32,ab0d641088,14,14
556056287866841728,14102904,0,0,1fbe01fe,f3845767,28905ebd,ecad2386,7801e8d9,07d7df22,a99f214a,b307f855,8a4875bd,1,0,1005,23168,320,50,2668,0,35,100084,221,27e6f09fe2,30,59
5961885122506182520,14102904,0,0,85f751fd,c4e18dd6,50e219e0,e2fcccd2,5c5a694b,0f2161f8,a99f214a,d3add041,36a30aeb,1,0,1005,21678,320,50,2495,2,167,-1,23,f645db26da,16,26
6319946876802015839,14102904,0,0,85f751fd,c4e18dd6,50e219e0,98fed791,d9b5648e,0f2161f8,a99f214a,911b2b37,a4b6f65b,1,0,1005,19743,320,50,2264,3,427,100000,61,bc470c5864,3,32
6948090375776250003,14102904,0,1,0eb72673,d2f72222,f028772b,ecad2386,7801e8d9,07d7df22,a99f214a,90cb1093,4557228f,1,0,1005,22680,320,50,2528,0,39,100077,221,7475064f90,1,1
6998529860975070120,14102904,0,0,85f751fd,c4e18dd6,50e219e0,73206397,2347f47a,8ded1f7a,e18a90a3,96fa5333,5a6166c4,1,0,1005,23143,320,50,2665,0,35,-1,221,8fb7b846de,2,2
725471015994096022,14102904,0,1,5b4d2eda,16a36ef3,f028772b,ecad2386,7801e8d9,07d7df22,a99f214a,be0f38f6,8a4875bd,1,0,1005,21877,320,50,2526,0,167,100077,221,9e2206d7b7,2,3
8693141079759828676,14102904,0,0,6399eda6,968765cd,f028772b,ecad2386,7801e8d9,07d7df22,a99f214a,b3e10541,ecb851b2,1,0,1005,22680,320,50,2528,0,39,100076,221,df3243818e,9,14
9121961802707953942,14102904,0,0,1fbe01fe,f3845767,28905ebd,ecad2386,7801e8d9,07d7df22,a99f214a,38428dec,8a4875bd,1,0,1005,23166,320,50,2668,0,35,-1,221,4d9a3734a9,1,2
10971484541519007247,14102905,0,0,85f751fd,c4e18dd6,50e219e0,685d1c4c,2347f47a,8ded1f7a,a99f214a,527cde40,1f0bc64f,1,2,1005,23224,320,50,2676,0,35,100176,221,a6dd2d985a,3,19
12792251402151485606,14102905,0,1,e151e245,7e091613,f028772b,ecad2386,7801e8d9,07d7df22,a99f214a,6ddb55a8,3eb8d368,1,0,1005,20153,320,50,2307,3,163,-1,61,1384e057b7,6,10
14435065232179443112,14102905,0,1,5ee41ff2,17d996e6,f028772b,ecad2386,7801e8d9,07d7df22,a99f214a,4d542ff0,be6db1d7,1,0,1005,22680,320,50,2528,0,39,-1,221,828bbf6d12,1,1
15588863294864781886,14102905,0,1,ba9aee1b,9eaf88fa,f028772b,ecad2386,7801e8d9,07d7df22,a99f214a,baa4e370,e46cc378,1,0,1005,22680,320,50,2528,0,39,-1,221,355582b65e,2,17
15905385511611205869,14102905,0,0,85f751fd,c4e18dd6,50e219e0,685d1c4c,2347f47a,8ded1f7a,a99f214a,7793b6e9,1c6a881d,1,2,1005,23224,320,50,2676,0,35,100176,221,b69ae3492a,2,11
16586606939484207113,14102905,0,1,e5c60a05,7256c623,f028772b,ecad2386,7801e8d9,07d7df22,a99f214a,cb8441ef,4ceb2e0b,1,0,1005,22681,320,50,2528,0,39,100077,221,ad938c3e08,1,7
16765766448151290475,14102905,0,0,85f751fd,c4e18dd6,50e219e0,73206397,2347f47a,8ded1f7a,0a9f79c4,e6429eef,ff065cf0,1,2,1005,23144,320,50,2665,0,35,100050,221,2b8647bd87,5,9
2953447370325697291,14102905,0,1,856e6d3f,58a89a43,f028772b,ecad2386,7801e8d9,07d7df22,a99f214a,7894d4e6,5ec45883,1,0,1005,22681,320,50,2528,0,39,100076,221,fefe9d8feb,4,7
3096917038234809150,14102905,0,0,85f751fd,c4e18dd6,50e219e0,e9739828,df32afa9,cef3e649,a99f214a,e4c68721,d6e0e6ff,1,0,1005,23221,320,50,2676,0,35,100176,221,10f669e085,13,22
3196399961475136642,14102905,0,0,9a977531,a434fa42,f028772b,ecad2386,7801e8d9,07d7df22,a99f214a,7f477f12,38a79aa2,1,0,1005,19771,320,50,2227,0,935,100074,48,531eab70b3,1,5
3221543377588386393,14102905,0,0,1fbe01fe,f3845767,28905ebd,ecad2386,7801e8d9,07d7df22,a99f214a,bef25826,be6db1d7,1,0,1005,23438,320,50,2684,2,1327,100188,52,7efeaf68d7,11,14
4384882909319634720,14102905,0,0,85f751fd,c4e18dd6,50e219e0,685d1c4c,2347f47a,8ded1f7a,a99f214a,2d7fe02e,a8964a12,1,3,1005,23221,320,50,2676,0,35,100176,221,6644c7f6a0,1,2
5355666792276596416,14102905,0,1,b7e9786d,b12b9f85,f028772b,ecad2386,7801e8d9,07d7df22,a99f214a,8542bdc2,8ce34352,1,0,1005,22683,320,50,2528,0,39,100075,221,17de1349bb,5,8
5934097923315168296,14102905,0,0,85f751fd,c4e18dd6,50e219e0,73206397,2347f47a,8ded1f7a,9bee24b1,664ec3d6,05b9fa1b,1,0,1005,23143,320,50,2665,0,35,-1,221,c9249367c1,4,6
703969926780002831,14102905,1,1,e151e245,7e091613,f028772b,ecad2386,7801e8d9,07d7df22,a99f214a,2cc8cbee,0bc44f2a,1,0,1005,17014,320,50,1872,3,39,-1,23,4e22250113,1,1
7365519864697153020,14102905,0,1,856e6d3f,58a89a43,f028772b,ecad2386,7801e8d9,07d7df22,a99f214a,8e225d47,5ec45883,1,0,1005,22681,320,50,2528,0,39,-1,221,38a7b4c659,2,2
8437323852003344499,14102905,0,0,10a74e5b,08facbad,50e219e0,ecad2386,7801e8d9,07d7df22,6b81de73,3aaab16f,021b641d,0,0,1002,23438,320,50,2684,2,1327,-1,52,9c57d5f57d,20,32
9873092614666687202,14102905,0,0,517b8671,ac5abf20,f028772b,ecad2386,7801e8d9,07d7df22,a99f214a,7eadf336,d787e91b,1,0,1005,8330,320,50,761,3,175,100079,23,12cdcdd08b,1,3
10611514851121602992,14102906,0,1,e151e245,7e091613,f028772b,ecad2386,7801e8d9,07d7df22,a99f214a,ff2cdbb0,158e4944,1,0,1005,22814,320,50,2647,2,35,100148,23,64307519a9,10,21
10924434813605682928,14102906,0,0,85f751fd,c4e18dd6,50e219e0,e2fcccd2,5c5a694b,0f2161f8,2efea2f9,8a2d8540,d25693ce,1,0,1005,23224,320,50,2676,0,35,100176,221,936dc22e2a,6,13
11650141254974377703,14102906,0,0,85f751fd,c4e18dd6,50e219e0,b24c9aae,43cf4f06,8ded1f7a,9f78b083,cfd6be54,58d7eb15,1,2,1007,20476,320,50,2348,3,427,100004,61,411fc10d03,8,8
12188872575383800170,14102906,0,0,a8c88b36,3fa3aa64,f028772b,ecad2386,7801e8d9,07d7df22,a99f214a,0626afdd,a0f5f879,1,0,1005,20005,320,50,2283,0,163,100076,95,1ea7e2ab50,7,30
12596467029331982075,14102906,0,1,e5c60a05,7256c623,f028772b,ecad2386,7801e8d9,07d7df22,a99f214a,fdb7fbb4,86030d43,1,0,1005,19771,320,50,2227,0,935,100074,48,d95f0a3e9c,6,20
12636209458210647512,14102906,0,0,85f751fd,c4e18dd6,50e219e0,e2fcccd2,5c5a694b,0f2161f8,70d1ed11,37613496,a5bce124,1,0,1005,22163,320,50,2553,2,167,-1,23,f8cfb9c367,34,47
13580436028760691076,14102906,0,1,57ef2c87,bd6d812f,f028772b,ecad2386,7801e8d9,07d7df22,a99f214a,85d8f53e,6bfbb32f,1,0,1005,22681,320,50,2528,0,39,100076,221,4f22b87cba,2,7
1718914925226543807,14102906,1,0,85f751fd,c4e18dd6,50e219e0,78572dd4,7801e8d9,07d7df22,7d7bacbe,cdc9a084,90bcc8bd,0,0,1002,22702,300,50,2624,0,35,100077,221,27cf563640,5,9
17329702656418183299,14102906,0,0,85f751fd,c4e18dd6,50e219e0,d36838b1,0e8616ad,0f2161f8,a99f214a,73625c76,d6b5c09e,1,2,1005,22738,320,50,2636,0,47,100111,70,9e16f65b28,1,1
3202268696148187162,14102906,0,1,d9750ee7,98572c79,f028772b,ecad2386,7801e8d9,07d7df22,a99f214a,57cd4006,36a30aeb,1,0,1005,17753,320,50,1993,2,1063,-1,33,acac0a8b97,3,7
5779557164180528394,14102906,0,0,85f751fd,c4e18dd6,50e219e0,685d1c4c,2347f47a,8ded1f7a,a99f214a,8d28eeb8,a8964a12,1,2,1005,23224,320,50,2676,0,35,100176,221,cb7b65ec88,14,32
6735936600370312703,14102906,0,1,b7e9786d,b12b9f85,f028772b,ecad2386,7801e8d9,07d7df22,a99f214a,0fa7a79f,421872ab,1,0,1005,19772,320,50,2227,0,935,100081,48,183662dc02,2,14
7293048494337016493,14102906,1,1,e151e245,7e091613,f028772b,ecad2386,7801e8d9,07d7df22,a99f214a,e054ea8f,744ae245,1,0,1005,4687,320,50,423,2,39,100148,32,d9b3810754,5,6
7539797276147911611,14102906,0,0,85f751fd,c4e18dd6,50e219e0,73206397,2347f47a,8ded1f7a,71bb9d21,16a47f34,25fbd8f1,1,0,1005,23144,320,50,2665,0,35,-1,221,915085e443,1,1
9425407958161732828,14102906,0,0,325dbe14,373cce89,f028772b,ecad2386,7801e8d9,07d7df22,a99f214a,d3f44c89,b72d1c6e,1,0,1005,16263,320,50,1528,3,39,100075,23,b90ece4679,15,16
10513155116609700595,14102907,0,1,ba9aee1b,9eaf88fa,f028772b,ecad2386,7801e8d9,07d7df22,a99f214a,2d9bb5c9,5ec45883,1,0,1005,19772,320,50,2227,0,935,100074,48,a82d82abd7,9,12
10735946368131201566,14102907,0,0,85f751fd,c4e18dd6,50e219e0,66f5e02e,6f7ca2ba,0f2161f8,80868e89,13db412b,8803c3d6,1,2,1005,23635,320,50,2708,2,35,-1,23,7b8a88f49b,1,2
10978449389159933976,14102907,0,0,85f751fd,c4e18dd6,50e219e0,95b5e741,c6824def,cef3e649,a99f214a,c24d1eb9,1f0bc64f,1,0,1005,23642,320,50,2709,3,35,-1,23,728e03a1c6,2,4
11051795615472503612,14102907,1,0,0aab7161,660aeadc,f028772b,ecad2386,7801e8d9,07d7df22,a99f214a,13b1743f,be87996b,1,2,1005,15701,320,50,1722,0,35,-1,79,fa9766bc22,10,14
12010208373048908138,14102907,0,0,d6137915,bb1ef334,f028772b,ecad2386,7801e8d9,07d7df22,a99f214a,0ef2052f,6332421a,1,0,1005,15707,320,50,1722,0,35,-1,79,c98d2ff636,10,13
13928622977453243565,14102907,0,0,5bcf81a2,9d54950b,f028772b,ecad2386,7801e8d9,07d7df22,a99f214a,901d4ae1,77bf3c3c,1,2,1005,22738,320,50,2636,0,47,100111,70,01eb16a259,7,31
14856494972294967542,14102907,1,0,85f751fd,c4e18dd6,50e219e0,d2e094d4,2347f47a,cef3e649,7fa76610,b26bcd2d,84ebbcd4,1,3,1005,23730,300,250,2717,2,35,-1,23,37eb896671,4,16
15049038037454562579,14102907,0,0,b99a2c43,cc962a1f,f028772b,ecad2386,7801e8d9,07d7df22,a99f214a,1702dd53,db1d05df,1,0,1005,23642,320,50,2709,3,35,-1,23,8ea2edb886,2,7
1545191546669639325,14102907,0,0,2c70834c,7195bdd6,f028772b,ecad2386,7801e8d9,07d7df22,a99f214a,3c29d0d7,0dedddc5,1,2,1005,23730,300,250,2717,2,35,100130,23,65635e74c3,11,12
16201014766041289096,14102907,0,0,85f751fd,c4e18dd6,50e219e0,54c5d545,2347f47a,0f2161f8,e0eb3e83,42f8b402,7fdd04d2,1,0,1005,23642,320,50,2709,3,35,100233,23,70b5f98d5d,1,1
18132104826402117046,14102907,0,1,e151e245,7e091613,f028772b,ecad2386,7801e8d9,07d7df22,a99f214a,7a25e9e4,c9a7ccb1,1,0,1005,17037,320,50,1934,2,39,-1,16,f6bdf7b859,9,35
2272737413190449051,14102907,0,0,7aec40a2,f415c8a8,f028772b,ecad2386,7801e8d9,07d7df22,a99f214a,66e34596,e24c8b65,1,2,1005,23721,300,250,2716,3,35,-1,23,4faf063ccd,17,18
2721965645801728746,14102907,0,0,198f3f8c,5ce330bf,f028772b,ecad2386,7801e8d9,07d7df22,a99f214a,ac39be33,9955990f,1,0,1005,23722,320,50,2716,3,35,-1,23,66e74b9120,11,78
3303280205566457404,14102907,0,0,a8c88b36,3fa3aa64,f028772b,ecad2386,7801e8d9,07d7df22,a99f214a,c8649608,c9d107a4,1,0,1005,23642,320,50,2709,3,35,-1,23,5e9881a86a,1,2
3603459078112640193,14102907,0,0,85f751fd,c4e18dd6,50e219e0,9c13b419,2347f47a,f95efa07,a99f214a,1c7fb226,629a0986,1,0,1005,23635,320,50,2708,2,35,-1,23,9603d1057f,2,16
4611089923881034165,14102907,0,0,b8561528,61eb5bc4,f028772b,ecad2386,7801e8d9,07d7df22,a99f214a,06a5f3a0,8932b0c5,1,0,1005,23721,300,250,2716,3,35,-1,23,3d899a5583,22,30
6731190317611149422,14102907,0,0,419a32e2,6390786d,f028772b,ecad2386,7801e8d9,07d7df22,a99f214a,28e6d23a,e211cf54,1,0,1005,23730,300,250,2717,2,35,-1,23,75d858acf1,13,15
713618745736406795,14102907,0,1,16c73019,8025317b,28905ebd,ecad2386,7801e8d9,07d7df22,a99f214a,d8802a85,e9b8d8d7,1,0,1005,23642,320,50,2709,3,35,-1,23,bbd8f61c53,7,12
9245529220071425326,14102907,0,0,6c5b482c,7687a86e,3e814130,ecad2386,7801e8d9,07d7df22,a99f214a,0f89f963,1df52df3,1,0,1005,17654,300,250,1994,2,39,100084,33,a7654a8226,2,3
9815941372361534519,14102907,0,0,1fbe01fe,f3845767,28905ebd,ecad2386,7801e8d9,07d7df22,a99f214a,898c2741,977a2929,1,2,1005,23138,320,50,2664,0,35,-1,51,7af12101b7,1,4
1109433986932390677,14102908,1,1,ce3307ec,7e091613,f028772b,ecad2386,7801e8d9,07d7df22,a99f214a,930ec31d,3bb1ddd7,1,0,1005,23626,320,50,2707,3,937,100156,61,2947d11f1a,10,12
12356647067775919410,14102908,1,0,d6137915,bb1ef334,f028772b,ecad2386,7801e8d9,07d7df22,a99f214a,b12b0f17,9efa421a,1,0,1005,19771,320,50,2227,0,935,100075,48,c9ee1ccc3e,11,11
12402772784110264688,14102908,0,0,85f751fd,c4e18dd6,50e219e0,03528b27,2347f47a,8ded1f7a,3cc92a86,e5036aac,ff065cf0,1,2,1005,23146,320,50,2666,0,167,-1,221,5e54507ccb,4,8
13045828535123157219,14102908,0,0,1fbe01fe,f3845767,28905ebd,ecad2386,7801e8d9,07d7df22,a99f214a,702e4457,ff065cf0,1,2,1005,23161,320,50,2667,0,35,-1,221,09aeb38cc9,1,1
13770194043458729297,14102908,1,0,85f751fd,c4e18dd6,50e219e0,9c13b419,2347f47a,f95efa07,a99f214a,b2ba8753,58ff66fc,1,0,1005,23726,320,50,2717,2,35,-1,23,7d3448d07d,1,1
13856459153255591349,14102908,0,1,b8eae5f9,1e334bd3,f028772b,ecad2386,7801e8d9,07d7df22,a99f214a,03df656e,13d33e5c,1,0,1005,19771,320,50,2227,0,935,100077,48,ea44b13e6c,3,20
14890545418729089312,14102908,1,0,85f751fd,c4e18dd6,50e219e0,9c13b419,2347f47a,f95efa07,a99f214a,599e30d0,7b7ca585,1,0,1005,23729,320,50,2717,2,35,-1,23,ca9976e817,16,21
15504318931420459568,14102908,0,0,7a34d501,c4e18dd6,50e219e0,ecad2386,7801e8d9,07d7df22,44980321,f52bd6dd,23c526cf,0,0,1002,15705,320,50,1722,0,35,-1,79,4faf063ccd,5,19
15687213292462147430,14102908,0,0,e3c09f3a,d262cf1e,28905ebd,ecad2386,7801e8d9,07d7df22,a99f214a,04210545,36b67a2a,1,0,1005,21816,320,50,2519,0,175,100193,71,636fe26ebf,1,10
16826336226395204225,14102908,0,0,14c5faa4,30518255,f028772b,ecad2386,7801e8d9,07d7df22,a99f214a,66212be8,be6db1d7,1,0,1005,17239,320,50,1973,3,39,-1,23,269de991eb,8,12
17560936140046099354,14102908,0,0,85f751fd,c4e18dd6,50e219e0,d8784af5,2347f47a,8ded1f7a,5ab3994c,b718a93b,a0f5f879,1,0,1005,22795,320,50,2645,3,35,-1,23,af322b74ef,20,42
2270542787791208215,14102908,0,0,5a83611c,fa4bfe07,50e219e0,ecad2386,7801e8d9,07d7df22,f6dd35c7,e56151ae,f9ba9057,0,0,1002,23438,320,50,2684,2,1327,-1,52,39accbb4d3,6,9
3527482355182663319,14102908,0,0,5b08c53b,7687a86e,3e814130,ecad2386,7801e8d9,07d7df22,a99f214a,46bd4c29,d787e91b,1,0,1005,20093,300,250,2295,2,35,100079,23,2e3b8a99d0,1,1
4396306888695142657,14102908,0,0,b99a2c43,cc962a1f,f028772b,ecad2386,7801e8d9,07d7df22,a99f214a,9f076ede,44956a24,1,2,1005,23561,320,50,2691,0,419,-1,212,c1fb68d97b,2,6
4846068987658444352,14102908,0,1,0a742914,510bd839,f028772b,ecad2386,7801e8d9,07d7df22,a99f214a,c905be2a,6f21a189,1,0,1005,23729,320,50,2717,2,35,-1,23,8d02766693,1,4
563109624998437421,14102908,0,1,856e6d3f,58a89a43,f028772b,ecad2386,7801e8d9,07d7df22,a99f214a,b8729908,68b6db2c,1,0,1005,19771,320,50,2227,0,935,-1,48,6a39d83dc9,24,43
579704293677000421,14102908,0,0,1fbe01fe,f3845767,28905ebd,ecad2386,7801e8d9,07d7df22,a99f214a,b0d460e2,8a4875bd,1,0,1005,23160,320,50,2667,0,35,100188,221,83f42f2524,4,5
6323433677840105747,14102908,0,1,ce3307ec,7e091613,f028772b,ecad2386,7801e8d9,07d7df22,a99f214a,285aa37d,03683bd4,1,0,1005,23371,320,50,2680,3,815,100156,42,157c56df21,5,8
6595356870920412585,14102908,0,1,5b4d2eda,16a36ef3,f028772b,ecad2386,7801e8d9,07d7df22,a99f214a,0b085097,49bc419a,1,0,1005,21893,320,50,2526,0,167,100075,221,7c93000289,4,7
7028166929812386337,14102908,0,0,85f751fd,c4e18dd6,50e219e0,92f5800b,ae637522,0f2161f8,a99f214a,6beb7c5a,496515fa,1,3,1005,21191,320,50,2424,1,175,100193,71,c80da579ae,5,9
7834777378234412147,14102908,0,0,4cce46c7,3728a488,50e219e0,ecad2386,7801e8d9,07d7df22,3ba01159,fe4e1ae5,43e7b962,0,0,1002,20072,320,50,2291,3,35,100075,43,762d4d5910,1,2
7840685897665540515,14102908,0,0,85f751fd,c4e18dd6,50e219e0,7358e05e,b9528b13,cef3e649,5c370ca4,28a66de1,89416188,1,0,1005,22765,320,50,2640,3,35,-1,23,7b8a88f49b,1,5
7889871365386803973,14102908,0,0,1fbe01fe,f3845767,28905ebd,ecad2386,7801e8d9,07d7df22,a99f214a,17fedd7a,3bd9e8e7,1,0,1005,23138,320,50,2664,0,35,-1,51,7e09fc738a,9,11
8489629111189307063,14102908,1,1,17caea14,0dde25ec,f028772b,ecad2386,7801e8d9,07d7df22,a99f214a,6a2c7563,8a4875bd,1,0,1005,23722,320,50,2716,3,35,-1,23,f5b10d1872,6,47
859886734620962553,14102908,0,1,85f751fd,c4e18dd6,50e219e0,d644e4e7,2347f47a,0f2161f8,a99f214a,819b7461,575d0d2a,1,0,1005,20215,320,50,2316,0,167,100081,16,bde6009200,1,4
9076364308607707774,14102908,0,0,85f751fd,c4e18dd6,50e219e0,e2fcccd2,5c5a694b,0f2161f8,b224c0b3,76a07d6c,be74e6fe,1,0,1005,20632,320,50,2374,3,39,-1,23,5136886dbd,14,28
10831943098523340517,14102909,0,0,d9750ee7,98572c79,f028772b,ecad2386,7801e8d9,07d7df22,a99f214a,d430fa42,034b811d,1,0,1005,23562,320,50,2691,0,419,100084,212,0dcb0b4daf,6,15
11333694418345438170,14102909,0,0,9d5dba0f,964a3bd1,f028772b,ecad2386,7801e8d9,07d7df22,a99f214a,4c127853,684581ce,1,0,1005,20007,320,50,2283,0,163,100076,95,c209e30e9f,8,10
13649412325993555569,14102909,0,1,ce3307ec,7e091613,f028772b,ecad2386,7801e8d9,07d7df22,a99f214a,d90a7774,c3f7117b,1,0,1005,23626,320,50,2707,3,937,100156,61,e77ef4e5d2,4,8
13935329952109553267,14102909,0,0,1fbe01fe,f3845767,28905ebd,ecad2386,7801e8d9,07d7df22,a99f214a,636224ae,43a30462,1,0,1005,23161,320,50,2667,0,35,-1,221,f9b13b6dee,9,19
1420062391027577340,14102909,0,0,85f751fd,c4e18dd6,50e219e0,ce183bbd,ae637522,cef3e649,a99f214a,17b9bacb,36b67a2a,1,0,1005,21818,320,50,2519,0,175,100193,71,f95c6af55f,6,27
15267096774475609839,14102909,0,1,88154ade,9f448720,3e814130,ecad2386,7801e8d9,07d7df22,a99f214a,f01f5166,76dc4769,1,0,1005,17893,320,50,2039,2,39,-1,32,ad4413129c,1,3
15520115907445905706,14102909,0,0,a04d4526,7f3c543c,335d28a8,ecad2386,7801e8d9,07d7df22,a99f214a,6a22edad,8a2cc27a,1,0,1005,23562,320,50,2691,0,419,100084,212,1044e77d42,15,36
16807934703377714543,14102909,1,1,e151e245,7e091613,f028772b,ecad2386,7801e8d9,07d7df22,a99f214a,1046a1b7,1ccc7835,1,0,1005,21687,320,50,2495,2,167,100221,23,4962305689,7,17
16929088033096471446,14102909,0,1,57ef2c87,bd6d812f,f028772b,ecad2386,7801e8d9,07d7df22,a99f214a,f9551c22,7558c63e,1,0,1005,17894,320,50,2039,2,39,100081,32,993f9af552,15,17
17082555124308186946,14102909,0,0,1fbe01fe,f3845767,28905ebd,ecad2386,7801e8d9,07d7df22,a99f214a,d97d7a6d,1c6a881d,1,2,1005,22914,320,50,2617,0,35,-1,51,a1f32cf10d,3,3
18165089815500172498,14102909,0,0,85f751fd,c4e18dd6,50e219e0,b0302f74,2347f47a,8ded1f7a,959a6111,092c8d3a,dfeda01b,1,0,1005,23013,320,50,2658,3,35,100148,23,44ed046bad,17,18
18259093890122942786,14102909,1,1,ce3307ec,7e091613,f028772b,ecad2386,7801e8d9,07d7df22,a99f214a,2f323f36,3bb1ddd7,1,0,1005,23626,320,50,2707,3,937,100156,61,cb06f13c84,3,3
2193742444609901757,14102909,0,0,85f751fd,c4e18dd6,50e219e0,54c5d545,2347f47a,0f2161f8,a99f214a,60ae77e9,f3049821,1,0,1005,23642,320,50,2709,3,35,-1,23,d1aade79b5,26,34
221910541444571912,14102909,0,0,85f751fd,c4e18dd6,50e219e0,e2fcccd2,5c5a694b,0f2161f8,a9e59600,cf5f9fde,d787e91b,1,0,1005,21591,320,50,2478,3,167,100075,23,2b104e8258,22,25
2794375796647094177,14102909,0,1,856e6d3f,58a89a43,f028772b,ecad2386,7801e8d9,07d7df22,a99f214a,608cc4bc,13d33e5c,1,0,1005,19771,320,50,2227,0,935,100081,48,37eb896671,11,11
4054036372753254138,14102909,0,0,85f751fd,c4e18dd6,50e219e0,e2fcccd2,5c5a694b,0f2161f8,a99f214a,80739f6b,1f0bc64f,1,0,1005,4687,320,50,423,2,39,100148,32,7efeaf68d7,1,2
4261089906322736587,14102909,0,0,9a28a858,64778742,f028772b,ecad2386,7801e8d9,07d7df22,a99f214a,e9bf7367,be87996b,1,2,1005,23468,300,250,2691,0,419,-1,212,36efde2deb,1,19
443113481161608439,14102909,0,1,0eb72673,d2f72222,f028772b,ecad2386,7801e8d9,07d7df22,a99f214a,f6b8d701,d787e91b,1,0,1005,19772,320,50,2227,0,935,100081,48,82071fd0c4,1,11
4911860080718820206,14102909,0,0,85f751fd,c4e18dd6,50e219e0,ce183bbd,ae637522,cef3e649,a99f214a,21edb23a,36b67a2a,1,0,1005,21816,320,50,2519,1,175,100192,71,58d484102f,1,2
6834082184893005178,14102909,0,0,85f751fd,c4e18dd6,50e219e0,2fc8e3d8,2347f47a,dc97ec06,a99f214a,13b4f77c,be74e6fe,1,0,1005,23649,300,50,2710,3,35,-1,23,54147e4326,4,6
6937923809900871255,14102909,0,0,1fbe01fe,f3845767,28905ebd,ecad2386,7801e8d9,07d7df22,a99f214a,f81bbba2,5db079b5,1,2,1005,22915,320,50,2617,0,35,-1,51,791e90f2e9,1,1
7411585844886803753,14102909,1,1,856e6d3f,58a89a43,f028772b,ecad2386,7801e8d9,07d7df22,a99f214a,bde5f12f,7120e05e,1,0,1005,8330,320,50,761,3,175,100075,23,26146f20dc,2,11
9045517475875351200,14102909,0,1,85f751fd,c4e18dd6,50e219e0,1dc72b4d,2347f47a,0f2161f8,76ac3966,e9e2ee32,706847a1,1,0,1005,23709,300,50,2714,3,35,-1,23,360081a49a,1,1
9893717962113751676,14102909,0,1,ce3307ec,7e091613,f028772b,ecad2386,7801e8d9,07d7df22,a99f214a,d90a7774,3bb1ddd7,1,0,1005,23626,320,50,2707,3,937,100156,61,be2d43ebab,3,11
11056410290064939191,14102910,0,0,85f751fd,c4e18dd6,50e219e0,92f5800b,ae637522,0f2161f8,a99f214a,dfeb5435,e1eae715,1,0,1005,21189,320,50,2424,1,175,100190,71,1643778469,21,31
11319041965502992066,14102910,0,0,1a5c1d83,5dddf09e,f028772b,ecad2386,7801e8d9,07d7df22,a99f214a,d9a5968c,be6db1d7,1,0,1005,23438,320,50,2684,2,1327,-1,52,7900bfbecd,13,13
11442378362307279048,14102910,0,1,4407d527,c1e9c6cf,f028772b,ecad2386,7801e8d9,07d7df22,a99f214a,36a55b5b,f39b265e,1,0,1005,23561,320,50,2691,0,419,100083,212,ad5227cf21,4,6
12078363187673957939,14102910,0,1,57ef2c87,bd6d812f,f028772b,ecad2386,7801e8d9,07d7df22,a99f214a,e3f00a9d,7b279015,1,0,1005,19772,320,50,2227,0,935,100077,48,034b4010ab,7,9
12080756180541164737,14102910,1,0,6256f5b4,28f93029,f028772b,ecad2386,7801e8d9,07d7df22,a99f214a,8c08cfdc,e981565c,1,0,1005,23722,320,50,2716,3,43,-1,23,5e0b5009ad,1,12
12638452308124948802,14102910,1,1,c4e8210a,da7620e6,28905ebd,ecad2386,7801e8d9,07d7df22,a99f214a,8daeff42,6e1e2240,1,0,1005,17893,320,50,2039,2,39,-1,32,ab7b5f9b17,9,15
13385441204998326150,14102910,0,0,85f751fd,c4e18dd6,50e219e0,ce183bbd,ae637522,cef3e649,a99f214a,31966b0d,36b67a2a,1,0,1005,23754,320,50,2724,0,33,-1,253,663ca2f636,33,36
14547735178296696821,14102910,0,0,d6137915,bb1ef334,f028772b,ecad2386,7801e8d9,07d7df22,a99f214a,3ec5d6a1,8a4875bd,1,0,1005,20007,320,50,2283,0,163,-1,95,3f6a7852d4,3,14
14774529081785063904,14102910,1,0,9e8e8d09,17d996e6,50e219e0,ecad2386,7801e8d9,07d7df22,c2643d36,cf7e2c07,23c526cf,0,0,1002,22701,320,50,2624,0,35,100074,221,199e725cd6,31,50
16271051736100618099,14102910,0,1,ce3307ec,7e091613,f028772b,ecad2386,7801e8d9,07d7df22,a99f214a,930ec31d,bb2ea497,1,0,1005,23368,320,50,2680,3,815,100156,42,04dfb1dd2c,1,10
17692723122782483399,14102910,0,0,1fbe01fe,f3845767,28905ebd,ecad2386,7801e8d9,07d7df22,a99f214a,a1c6d022,d7bc6ccb,1,0,1005,23160,320,50,2667,0,35,-1,221,a23d82506d,4,13
2870307165324093813,14102910,0,0,1fbe01fe,f3845767,28905ebd,ecad2386,7801e8d9,07d7df22,a99f214a,9b609e22,a0f5f879,1,0,1005,23161,320,50,2667,0,35,-1,221,8e813b94b8,13,14
3159738627363776652,14102910,0,0,9a977531,a434fa42,f028772b,ecad2386,7801e8d9,07d7df22,a99f214a,c4064d8c,d7fe30a4,1,0,1005,19772,320,50,2227,0,935,-1,48,ea44b13e6c,1,18
3543945251260313003,14102910,0,0,12fb4121,6b59f079,f028772b,ecad2386,7801e8d9,07d7df22,a99f214a,1cf29716,e24c8b65,1,2,1005,23562,320,50,2691,0,419,-1,212,360081a49a,1,3
3799155240830010525,14102910,1,0,85f751fd,c4e18dd6,50e219e0,9c13b419,2347f47a,f95efa07,a99f214a,e681134e,747d243c,1,0,1005,18092,320,50,2060,3,39,-1,23,e330803d3a,16,62
4430407883698737430,14102910,0,0,1fbe01fe,f3845767,28905ebd,ecad2386,7801e8d9,07d7df22,a99f214a,03fa6d73,8a4875bd,1,0,1005,15701,320,50,1722,0,35,-1,79,cef1e2cd16,1,4
4517805964969023960,14102910,0,0,1fbe01fe,f3845767,28905ebd,ecad2386,7801e8d9,07d7df22,a99f214a,452d83ca,76dc4769,1,0,1005,22676,320,50,2616,0,35,-1,51,24d8c098b6,2,7
4578235623501716708,14102910,1,0,85f751fd,c4e18dd6,50e219e0,e2fcccd2,5c5a694b,0f2161f8,33b9d070,a7ac597c,be6db1d7,1,0,1005,21882,320,50,2526,0,167,-1,221,6ee1a88635,4,40
4737135026122718959,14102910,1,1,e4d8dd7b,a17bde68,3e814130,ecad2386,7801e8d9,07d7df22,a99f214a,8f9f179d,4ea23a13,1,0,1005,8330,320,50,761,3,175,-1,23,b15472074d,18,28
4960571269061959004,14102910,0,0,9e8cf15d,0d3cb7be,f028772b,ecad2386,7801e8d9,07d7df22,a99f214a,a9d1b415,16954458,1,0,1005,23561,320,50,2691,0,419,100083,212,e045d11929,7,7
5216051232143708611,14102910,0,0,c1fcc9a1,422b8953,76b2941d,ecad2386,7801e8d9,07d7df22,a99f214a,c13fdfd9,d787e91b,1,0,1005,23562,320,50,2691,0,419,-1,212,64307519a9,1,9
5270186682949999709,14102910,0,0,1fbe01fe,f3845767,28905ebd,ecad2386,7801e8d9,07d7df22,a99f214a,8a74d778,518f4a32,1,0,1005,23160,320,50,2667,0,35,100148,221,a932676c1f,6,23
5520688264233778147,14102910,0,1,d9750ee7,98572c79,f028772b,ecad2386,7801e8d9,07d7df22,a99f214a,47d022c5,5db079b5,1,2,1005,17614,320,50,1993,2,1063,-1,33,c1fb68d97b,12,43
9688298883565002592,14102910,1,0,4bf5bbe2,6b560cc1,28905ebd,ecad2386,7801e8d9,07d7df22,a99f214a,7fac4193,1f0bc64f,1,0,1005,20346,300,250,2331,2,39,-1,23,ca38ee03c9,1,1
10119875795620034766,14102911,0,1,636f3a62,c4e18dd6,f028772b,ecad2386,7801e8d9,07d7df22,a99f214a,71763943,380e283a,1,0,1005,9461,320,50,901,3,1315,-1,61,3ff99782a6,9,9
10172536844818724766,14102911,0,0,887a4754,c4e18dd6,50e219e0,ecad2386,7801e8d9,07d7df22,46edf837,dfe61e25,0e88538f,0,0,1002,22703,320,50,2624,0,35,-1,221,a9f80c2f51,5,14
10852345696493520603,14102911,0,0,85f751fd,c4e18dd6,50e219e0,92f5800b,ae637522,0f2161f8,a99f214a,1cbaed9f,981edffc,1,3,1005,21191,320,50,2424,1,175,100193,71,a7085eeabe,3,5
10917338233448924423,14102911,0,1,e151e245,7e091613,f028772b,ecad2386,7801e8d9,07d7df22,a99f214a,ad3423c5,8a4875bd,1,0,1005,21674,320,50,2495,2,167,-1,23,5b699a97cb,2,3
12502577997104014142,14102911,0,1,e5c60a05,7256c623,f028772b,ecad2386,7801e8d9,07d7df22,a99f214a,c22ef4b2,be6db1d7,1,0,1005,22680,320,50,2528,0,167,-1,221,bebbfb85e3,1,1
14670988873397485989,14102911,0,0,9e8cf15d,0d3cb7be,f028772b,ecad2386,7801e8d9,07d7df22,a99f214a,488a9a3e,05e70df4,1,0,1005,23561,320,50,2691,0,419,-1,212,3237a97d1d,4,6
1481597170159328260,14102911,0,1,5b4d2eda,16a36ef3,f028772b,ecad2386,7801e8d9,07d7df22,a99f214a,9334a9ce,8a4875bd,1,0,1005,21882,320,50,2526,0,167,100075,221,1c1627cabd,2,24
15137863331251812379,14102911,0,1,7dd19f44,9690165f,f028772b,ecad2386,7801e8d9,07d7df22,a99f214a,b4a0ec64,68b6db2c,1,0,1005,19772,320,50,2227,0,935,100079,48,7fe6fcbc6b,4,9
16050963242542639377,14102911,0,1,92c7cbe7,6e882918,75fa27f6,ecad2386,7801e8d9,07d7df22,a99f214a,08f83262,1f0bc64f,1,0,1005,23562,320,50,2691,0,419,100084,212,7fe6fcbc6b,6,12
16299474904371880387,14102911,0,0,1fbe01fe,f3845767,28905ebd,ecad2386,7801e8d9,07d7df22,a99f214a,27f63379,8a4875bd,1,0,1005,23537,320,50,2695,0,35,-1,51,57e4b6de6e,21,46
16811264095514310631,14102911,0,1,e151e245,7e091613,f028772b,ecad2386,7801e8d9,07d7df22,a99f214a,e73d345f,1ccc7835,1,0,1005,4687,320,50,423,2,39,100148,32,d5fce7aac7,2,26
16882431582567430620,14102911,0,0,39cffaa4,d9e5838f,50e219e0,ecad2386,7801e8d9,07d7df22,376d1168,9a02f9ca,c4a565e1,0,0,1002,6360,300,50,544,3,39,-1,23,782365fa28,4,13
17732023968701258783,14102911,0,0,a6e60555,c4e18dd6,dedf689d,ecad2386,7801e8d9,07d7df22,a99f214a,298f4f9f,a8735f2a,1,0,1012,23551,320,50,2698,0,163,-1,212,c95cc22614,3,14
2646870696423321921,14102911,1,1,e151e245,7e091613,f028772b,ecad2386,7801e8d9,07d7df22,a99f214a,44e5f0b2,7abbbd5c,1,0,1005,4687,320,50,423,2,39,100148,32,959ba9a135,1,1
2736488327511674321,14102911,0,1,e151e245,7e091613,f028772b,ecad2386,7801e8d9,07d7df22,a99f214a,ca4f9d2c,ecadc865,1,0,1005,17262,320,50,1872,3,39,-1,23,82ae9dfb78,1,2
3761867347328818714,14102911,0,1,5b4d2eda,16a36ef3,f028772b,ecad2386,7801e8d9,07d7df22,a99f214a,51e180ac,779d90c2,1,0,1005,19771,320,50,2227,0,935,100075,48,bbb4f4c546,1,4
4287722657493333850,14102911,0,1,5ee41ff2,17d996e6,f028772b,ecad2386,7801e8d9,07d7df22,a99f214a,136e23c4,36b8f4c5,1,0,1005,20008,320,50,2283,0,163,100076,95,b90ece4679,2,5
440236509621889345,14102911,0,0,85f751fd,c4e18dd6,50e219e0,dfdd226c,7801e8d9,07d7df22,b68c958b,d21b57d0,2683d6a0,0,0,1002,23552,320,50,2699,0,163,-1,212,d44db17c41,16,24
6470441702374306860,14102911,0,1,e4d8dd7b,a17bde68,3e814130,ecad2386,7801e8d9,07d7df22,a99f214a,26245f73,76dc4769,1,0,1005,8330,320,50,761,3,175,100075,23,33ac35e075,1,5
7706861774944300342,14102911,0,1,e151e245,7e091613,f028772b,ecad2386,7801e8d9,07d7df22,a99f214a,58522327,d8cfb063,1,0,1005,21679,320,50,2495,2,167,-1,23,45726530b6,13,21
8357987335383514372,14102911,0,0,85f751fd,c4e18dd6,50e219e0,92f5800b,ae637522,0f2161f8,a99f214a,b2150e96,e1eae715,1,3,1005,21189,320,50,2424,1,175,100193,71,f29d731ce7,5,6
8767797765392072129,14102911,0,1,5b4d2eda,16a36ef3,f028772b,ecad2386,7801e8d9,07d7df22,a99f214a,94aa4fae,8a4875bd,1,0,1005,20005,320,50,2283,0,163,-1,95,0dcb0b4daf,29,44
10456614029118870633,14102912,0,0,85f751fd,c4e18dd6,50e219e0,92f5800b,ae637522,0f2161f8,a99f214a,5c69a99d,e1eae715,1,3,1005,21191,320,50,2424,1,175,100189,71,44e2e35217,7,7
10489782521505428429,14102912,0,0,c1fcc9a1,422b8953,76b2941d,ecad2386,7801e8d9,07d7df22,a99f214a,0c8f9280,cbb77256,1,0,1005,23562,320,50,2691,0,419,100084,212,2b8647bd87,4,4
11901333877068819103,14102912,0,1,85f751fd,c4e18dd6,50e219e0,03a08c3f,7801e8d9,0f2161f8,7fb7b6af,19b4af68,f07e20f8,4,0,1010,15705,320,50,1722,0,35,-1,79,23cd6d2872,1,7
13040680689328595894,14102912,0,0,85f751fd,c4e18dd6,50e219e0,a37bf1e4,7801e8d9,07d7df22,cb7d10dc,d6329db1,a33e4057,0,0,1002,23552,320,50,2699,0,163,-1,212,7c95b5ba10,24,24
130415511438981430,14102912,0,0,85f751fd,c4e18dd6,50e219e0,92f5800b,ae637522,0f2161f8,a99f214a,06e33326,496515fa,1,3,1005,21189,320,50,2424,1,175,100190,71,0b366c2277,5,6
13385937682655707374,14102912,0,1,5b4d2eda,16a36ef3,f028772b,ecad2386,7801e8d9,07d7df22,a99f214a,f3f749e2,d787e91b,1,0,1005,23814,320,50,2727,1,35,-1,251,787e66156e,2,2
13776106116835692161,14102912,0,0,85f751fd,c4e18dd6,50e219e0,92f5800b,ae637522,0f2161f8,a99f214a,1cba306d,0bcabeaf,1,3,1005,21189,320,50,2424,1,175,100193,71,541df2b27b,5,6
16022921447289509376,14102912,1,1,17caea14,0dde25ec,f028772b,ecad2386,7801e8d9,07d7df22,a99f214a,1e8dd33c,8a4875bd,1,0,1005,23814,320,50,2727,1,35,-1,251,8a5d45b6ec,3,22
17459283386879391938,14102912,0,1,d9750ee7,98572c79,f028772b,ecad2386,7801e8d9,07d7df22,a99f214a,baac4541,c6263d8a,1,0,1005,17753,320,50,1993,2,1063,-1,33,61ab42c23f,4,10
17582425693285680923,14102912,0,1,92c7cbe7,6e882918,75fa27f6,ecad2386,7801e8d9,07d7df22,a99f214a,e8ef5535,8a4875bd,1,0,1005,23561,320,50,2691,0,419,100084,212,39c604ddaf,16,22
17810661050969243119,14102912,0,0,9a977531,a434fa42,f028772b,ecad2386,7801e8d9,07d7df22,a99f214a,15ef3456,d7fe30a4,1,0,1005,19771,320,50,2227,0,935,100074,48,0f17a5ede4,7,17
18120418988333673564,14102912,0,0,48b4dcd3,0dd58a92,50e219e0,ecad2386,7801e8d9,07d7df22,8b8c98b4,21c25b96,43e7b962,0,0,1002,22702,300,50,2624,0,35,100075,221,61ab42c23f,1,15
194984699629651095,14102912,0,0,85f751fd,c4e18dd6,50e219e0,f0d41ff1,2347f47a,0f2161f8,a99f214a,0f520e65,4567d2e5,1,2,1005,20476,320,50,2348,3,427,100004,61,a1118f80c8,1,1
2042347831360988270,14102912,0,1,57ef2c87,bd6d812f,f028772b,ecad2386,7801e8d9,07d7df22,a99f214a,2e3fd9ca,6e1e2240,1,0,1005,8330,320,50,761,3,175,100077,23,4510cc3616,3,3
2161559040810635497,14102912,0,0,85f751fd,c4e18dd6,50e219e0,e2a1ca37,2347f47a,8ded1f7a,a99f214a,8581e29e,5db079b5,1,2,1005,15706,320,50,1722,0,35,-1,79,98402a6d86,4,10
2544664844321313239,14102912,0,1,92c7cbe7,6e882918,75fa27f6,ecad2386,7801e8d9,07d7df22,a99f214a,393e6452,7fdd04d2,1,0,1005,23562,320,50,2691,0,419,100083,212,21545e5ee1,7,13
4061220406130705391,14102912,0,1,57ef2c87,bd6d812f,f028772b,ecad2386,7801e8d9,07d7df22,a99f214a,5979de5d,3c53a1a6,1,0,1005,19772,320,50,2227,0,935,100081,48,406ecd6281,4,6
4219373832299846938,14102912,0,0,686546d3,9d54950b,f028772b,ecad2386,7801e8d9,07d7df22,a99f214a,eb35043d,13472f46,1,0,1005,23691,320,50,2713,3,169,100241,91,d7adea53ee,3,24
4546384586795912744,14102912,0,0,2a68aa20,9b851bd8,3e814130,ecad2386,7801e8d9,07d7df22,a99f214a,771fb47b,76dc4769,1,0,1005,20215,320,50,2316,0,167,100081,16,4f22b87cba,1,7
4826883627324619027,14102912,1,1,85f751fd,c4e18dd6,50e219e0,03a08c3f,7801e8d9,0f2161f8,d182e8da,6b11a7fb,f07e20f8,4,3,1010,15704,320,50,1722,0,35,100084,79,ccef851cf5,2,2
5286931023296003348,14102912,0,1,85f751fd,c4e18dd6,50e219e0,03a08c3f,7801e8d9,0f2161f8,355fefd9,3763baad,f07e20f8,4,3,1010,15706,320,50,1722,0,35,100083,79,0c37d1c3c4,5,6
6211158091402097322,14102912,1,0,801dfefb,9b421927,75fa27f6,ecad2386,7801e8d9,07d7df22,a99f214a,6618f17f,56e6ab1d,1,0,1005,15703,320,50,1722,0,35,-1,79,d401d3da91,6,12
6359829610771570342,14102912,1,1,e151e245,7e091613,f028772b,ecad2386,7801e8d9,07d7df22,a99f214a,f57cd501,be6db1d7,1,0,1005,17014,320,50,1872,3,39,-1,23,250c384661,2,19
6651095243019925457,14102912,0,0,9e8cf15d,0d3cb7be,f028772b,ecad2386,7801e8d9,07d7df22,a99f214a,eee941fd,1ccc7835,1,0,1005,23561,320,50,2691,0,419,100083,212,e22e03359f,6,6
8745683764459268721,14102912,0,1,85f751fd,c4e18dd6,50e219e0,42dcacf7,7801e8d9,cef3e649,434cdaa1,52d70aca,f07e20f8,4,0,1010,22738,320,50,2636,0,303,100111,70,de8cb92e5c,17,32
9458410511261017938,14102912,0,0,85f751fd,c4e18dd6,50e219e0,d44c074c,ae637522,cef3e649,a99f214a,f094cdf6,0bcabeaf,1,3,1005,23742,320,50,2721,1,175,100189,71,a1b3d25045,6,7
956788812868436421,14102912,0,1,57ef2c87,bd6d812f,f028772b,ecad2386,7801e8d9,07d7df22,a99f214a,c8337f9b,d7fe30a4,1,0,1005,19771,320,50,2227,0,935,100081,48,403fafa20f,6,6
9721795846104485466,14102912,0,0,85f751fd,c4e18dd6,50e219e0,3bfa19cb,2347f47a,0f2161f8,6f2c3d69,6d3dcddb,4ceb2e0b,1,0,1005,23814,320,50,2727,1,35,100076,251,7fe7f1f953,1,1
9765882267613736432,14102912,0,0,12fb4121,6b59f079,f028772b,ecad2386,7801e8d9,07d7df22,a99f214a,8a014cbb,84ebbcd4,1,0,1005,23562,320,50,2691,0,419,-1,212,0facb6c819,1,2
9952496917236969963,14102912,1,0,85f751fd,c4e18dd6,50e219e0,03528b27,2347f47a,8ded1f7a,1ee9c11b,2e2d3c54,76dc4769,1,0,1005,16688,320,50,1873,3,39,-1,23,f437171806,3,4
10278630135858928140,14102913,1,1,e151e245,7e091613,f028772b,ecad2386,7801e8d9,07d7df22,a99f214a,b965c455,fa61e8fe,1,0,1005,4687,320,50,423,2,39,100148,32,b33fc08397,1,3
10315553682186227179,14102913,0,1,57ef2c87,bd6d812f,f028772b,ecad2386,7801e8d9,07d7df22,a99f214a,ccf4e532,5ec45883,1,0,1005,17893,320,50,2039,2,39,100077,32,319fbee763,5,8
11917033976112986894,14102913,0,0,9a28a858,64778742,f028772b,ecad2386,7801e8d9,07d7df22,a99f214a,57cd4006,5db079b5,1,2,1005,23468,300,250,2691,0,419,-1,212,c209e30e9f,3,3
1236621411344242567,14102913,0,1,85f751fd,c4e18dd6,50e219e0,03a08c3f,7801e8d9,0f2161f8,103126df,bac47459,375c3d47,4,2,1010,23551,320,50,2698,0,163,-1,212,5c4189ce81,24,36
1398915335166174529,14102913,1,1,57fe1b20,5b626596,f028772b,ecad2386,7801e8d9,07d7df22,a99f214a,a4d1a2a0,76dc4769,1,0,1005,19950,320,50,1800,3,167,-1,23,7d8cdc3a46,1,19
14333633189810536775,14102913,0,1,57ef2c87,bd6d812f,f028772b,ecad2386,7801e8d9,07d7df22,a99f214a,4493d199,6afc734f,1,0,1005,8330,320,50,761,3,175,100079,23,0cba1bbe3c,11,14
14473120162753428419,14102913,0,1,85f751fd,c4e18dd6,50e219e0,13684a79,2347f47a,0f2161f8,2339e25f,43c59871,44c701de,1,0,1005,23723,320,50,2716,3,43,-1,23,53d41859c2,2,3
15178530180265292339,14102913,0,1,5b4d2eda,16a36ef3,f028772b,ecad2386,7801e8d9,07d7df22,a99f214a,e464e03f,76dc4769,1,0,1005,8330,320,50,761,3,175,100077,23,79ae6784bd,1,3
15339725115064308347,14102913,0,1,5b4d2eda,16a36ef3,f028772b,ecad2386,7801e8d9,07d7df22,a99f214a,8aac325f,0eb711ec,1,0,1005,8330,320,50,761,3,175,-1,23,30c69580ac,3,16
1601877365580748505,14102913,0,1,e151e245,7e091613,f028772b,ecad2386,7801e8d9,07d7df22,a99f214a,3e44a49a,1f0bc64f,1,0,1005,17014,320,50,1872,3,39,-1,23,4ac0eb2207,18,39
16063501036604657797,14102913,0,0,85f751fd,c4e18dd6,50e219e0,090d3a47,0654b444,0f2161f8,a99f214a,9547e993,56f23684,1,2,1005,15699,320,50,1722,0,35,-1,79,a2adfd1858,11,11
16159135645478586278,14102913,0,0,85f751fd,c4e18dd6,50e219e0,92f5800b,ae637522,0f2161f8,a99f214a,d900191b,0bcabeaf,1,3,1005,21191,320,50,2424,1,175,100189,71,b1afac1de0,11,13
16369970000687461783,14102913,0,1,7dd19f44,9690165f,f028772b,ecad2386,7801e8d9,07d7df22,a99f214a,2181cc24,9efa421a,1,0,1005,19772,320,50,2227,0,935,100075,48,514869bec5,1,6
16398139858330867877,14102913,0,0,afc2e2de,4885402a,f028772b,ecad2386,7801e8d9,07d7df22,a99f214a,e8d44657,b78e6543,1,0,1005,23562,320,50,2691,0,419,100083,212,c114f6f749,1,1
16724568951246587558,14102913,0,1,e151e245,7e091613,f028772b,ecad2386,7801e8d9,07d7df22,a99f214a,5b02fa3d,b8353729,1,0,1005,17037,320,50,1934,2,39,-1,16,c64119c5ff,2,7
17083789620776105730,14102913,0,0,ee8b8550,f415c8a8,f028772b,ecad2386,7801e8d9,07d7df22,a99f214a,0b0b5902,5096d134,1,0,1005,23562,320,50,2691,0,419,-1,212,54147e4326,1,4
18252264036979739765,14102913,0,0,85f751fd,c4e18dd6,50e219e0,f9e3d7ec,ae637522,09481d60,a99f214a,bcc002f1,2b127119,1,2,1005,20288,728,90,2325,3,801,-1,42,69e844630d,13,17
3543284043852201645,14102913,0,0,1fbe01fe,f3845767,28905ebd,ecad2386,7801e8d9,07d7df22,a99f214a,7dc6c11a,5096d134,1,0,1005,15704,320,50,1722,0,35,100084,79,7e3dcae2bc,7,7
3840369073383530306,14102913,0,0,85f751fd,c4e18dd6,50e219e0,e2a1ca37,2347f47a,8ded1f7a,a99f214a,58c82c73,7abbbd5c,1,0,1005,17016,320,50,1873,3,39,-1,23,6d0447b50b,1,1
4086054494599113285,14102913,0,0,85f751fd,c4e18dd6,50e219e0,9c13b419,2347f47a,f95efa07,a99f214a,8c6fe5a9,d4897fef,1,0,1005,20633,320,50,2374,3,39,-1,23,2d95e5c9e9,16,42
497722803753726431,14102913,1,0,1fbe01fe,f3845767,28905ebd,ecad2386,7801e8d9,07d7df22,a99f214a,35f0a8a1,81b42528,1,0,1005,15699,320,50,1722,0,35,-1,79,c1a7955105,1,5
5428437433330630306,14102913,0,0,85f751fd,c4e18dd6,50e219e0,a37bf1e4,7801e8d9,07d7df22,e10bc929,d9227703,072c9f1e,0,0,1002,23552,320,50,2699,0,163,-1,212,fcaba241c0,5,49
5513948218212603333,14102913,0,0,85f751fd,c4e18dd6,50e219e0,92f5800b,ae637522,0f2161f8,a99f214a,3c626a9b,0bcabeaf,1,2,1005,21191,320,50,2424,1,175,100190,71,d83d3c808c,1,4
584250954951905921,14102913,0,1,85f751fd,c4e18dd6,50e219e0,617593f1,2347f47a,0f2161f8,a99f214a,35f83ef9,d25693ce,1,0,1005,15708,320,50,1722,0,35,-1,79,b40b61e0b0,3,5
6082401928652238171,14102913,0,0,85f751fd,c4e18dd6,50e219e0,92f5800b,ae637522,0f2161f8,a99f214a,8d9762df,e1eae715,1,3,1005,21189,320,50,2424,1,175,100190,71,4dd543f575,27,27
6860452553557204550,14102913,0,0,b99a2c43,cc962a1f,f028772b,ecad2386,7801e8d9,07d7df22,a99f214a,923ab8c5,d787e91b,1,0,1005,22606,320,50,2609,3,167,100200,23,b90ece4679,4,7
7418768382929365053,14102913,0,0,0aab7161,660aeadc,f028772b,ecad2386,7801e8d9,07d7df22,a99f214a,34c550b3,277e7b8c,1,0,1005,15701,320,50,1722,0,35,100084,79,667ba1450b,2,6
7800870810149628454,14102913,0,1,57ef2c87,bd6d812f,f028772b,ecad2386,7801e8d9,07d7df22,a99f214a,4784a96c,8db09f1c,1,0,1005,17894,320,50,2039,2,39,100077,32,5beb805c79,3,4
8255914211226776273,14102913,0,1,7dd19f44,9690165f,f028772b,ecad2386,7801e8d9,07d7df22,a99f214a,c47f9ffb,1f0bc64f,1,0,1005,19772,320,50,2227,0,935,-1,48,e0451da526,8,8
9929951016909906199,14102913,0,0,85f751fd,c4e18dd6,50e219e0,e71aba61,2347f47a,0f2161f8,a99f214a,00bc7ef3,5096d134,1,0,1005,15706,320,50,1722,0,35,100083,79,7fe6fcbc6b,11,12
10634301488390197372,14102914,0,0,85f751fd,c4e18dd6,50e219e0,e2a1ca37,2347f47a,8ded1f7a,a99f214a,9668db68,158e4944,1,0,1005,17016,320,50,1873,3,39,100059,23,2d4568efed,6,7
12314765617215765039,14102914,0,0,85f751fd,c4e18dd6,50e219e0,47d43909,7801e8d9,0f2161f8,0d7fab40,e9ae8ca2,fce66524,1,0,1005,23654,300,50,2710,3,35,-1,23,df54eddfcf,1,2
12747132246408998951,14102914,0,0,f84e52b6,d7e2f29b,28905ebd,ecad2386,7801e8d9,07d7df22,a99f214a,816f42bb,ad0177e7,1,0,1005,20635,300,250,2374,3,39,-1,23,98231771c9,2,14
13287953938232655793,14102914,1,0,85f751fd,c4e18dd6,50e219e0,febd1138,82e27996,0f2161f8,a99f214a,878fae3b,99e427c9,1,0,1005,21611,320,50,2480,3,297,100111,61,e2e2aa8e6a,2,2
14416195271763536962,14102914,0,0,85f751fd,c4e18dd6,50e219e0,53de0284,d9b5648e,0f2161f8,a99f214a,4a042d45,b4b19c97,1,0,1005,21611,320,50,2480,3,297,100111,61,eba1dd3a53,1,2
14999705334391799951,14102914,0,0,cc1b7a47,cdeab094,50e219e0,ecad2386,7801e8d9,07d7df22,8833e7ac,845e6a41,021b641d,0,0,1002,17566,320,50,479,3,39,-1,23,b9e31efbab,18,39
15285306105355822512,14102914,0,1,e8f79e60,c4342784,f028772b,ecad2386,7801e8d9,07d7df22,a99f214a,67fe0523,dc3b2970,1,0,1005,20251,320,50,2323,0,687,100081,48,65571f0913,4,4
15869655603783419921,14102914,0,0,85f751fd,c4e18dd6,50e219e0,de05bda4,7801e8d9,0f2161f8,a99f214a,fd5f27be,24f6b932,1,0,1005,23722,320,50,2716,3,43,100248,23,18b763af8a,2,3
16099439637608118877,14102914,0,1,856e6d3f,58a89a43,f028772b,ecad2386,7801e8d9,07d7df22,a99f214a,3caff920,8a4875bd,1,0,1005,15708,320,50,1722,0,35,-1,79,f7c487c11f,4,4
16161421812914970481,14102914,0,0,85f751fd,c4e18dd6,50e219e0,92f5800b,ae637522,0f2161f8,a99f214a,f51ef106,981edffc,1,3,1005,21191,320,50,2424,1,175,100193,71,bcd56cce66,7,19
16472431961217603693,14102914,0,0,85f751fd,c4e18dd6,50e219e0,92f5800b,ae637522,0f2161f8,a99f214a,d9d210c3,0bcabeaf,1,0,1005,21189,320,50,2424,1,175,100193,71,4a32461c15,20,20
17429694268565686628,14102914,0,0,85f751fd,c4e18dd6,50e219e0,442cfede,2347f47a,cef3e649,1992bfa7,d424138b,fda40691,1,2,1005,18496,320,50,2104,3,1831,-1,171,b90ece4679,1,12
17625134019235725794,14102914,0,1,d9750ee7,98572c79,f028772b,ecad2386,7801e8d9,07d7df22,a99f214a,0e705e46,711ee120,1,0,1005,17614,320,50,1993,2,1063,100084,33,11216ab2db,12,21
18403299770260793603,14102914,0,0,1fbe01fe,f3845767,28905ebd,ecad2386,7801e8d9,07d7df22,a99f214a,6d8c5b93,711ee120,1,0,1005,15703,320,50,1722,0,35,100083,79,21cdda9125,9,49
2382283429485898380,14102914,0,1,85f751fd,c4e18dd6,50e219e0,2e402503,7801e8d9,0f2161f8,683b5d19,033e44c8,92c020b0,4,0,1010,23823,320,50,2728,0,290,-1,42,9d5faed2ed,3,6
2609232938585986780,14102914,0,0,85f751fd,c4e18dd6,50e219e0,92f5800b,ae637522,0f2161f8,a99f214a,20a9a2c1,981edffc,1,3,1005,21191,320,50,2424,1,175,100192,71,966f4a2609,3,3
2623469420916056064,14102914,0,0,1fbe01fe,f3845767,28905ebd,ecad2386,7801e8d9,07d7df22,a99f214a,47d274b9,44801bc1,1,0,1005,15705,320,50,1722,0,35,100084,79,fdfe2c3684,9,9
3561177445877345281,14102914,1,0,1fbe01fe,f3845767,28905ebd,ecad2386,7801e8d9,07d7df22,a99f214a,11d0256d,597f7364,1,0,1005,23726,320,50,2717,2,47,-1,23,a2e20cf5de,7,7
388757025561304956,14102914,0,0,85f751fd,c4e18dd6,50e219e0,92f5800b,ae637522,0f2161f8,a99f214a,9953f7fd,e1eae715,1,3,1005,21191,320,50,2424,1,175,100189,71,0e89b9fa24,7,7
414096622733334875,14102914,0,0,df7971d4,08facbad,50e219e0,ecad2386,7801e8d9,07d7df22,f957fe1a,8a47340d,0dbcc560,0,0,1002,22702,300,50,2624,0,35,-1,221,11d8b06da2,21,27
4321097262659862377,14102914,0,0,1fbe01fe,f3845767,28905ebd,ecad2386,7801e8d9,07d7df22,a99f214a,ccddb7ac,fce66524,1,0,1005,22815,320,50,2647,2,35,100148,23,09958dd4d5,4,5
6291985396382147891,14102914,0,1,e151e245,7e091613,f028772b,ecad2386,7801e8d9,07d7df22,a99f214a,b9aa478b,1f0bc64f,1,0,1005,17264,320,50,1872,3,39,-1,23,7c95b5ba10,1,1
6441229669259464716,14102914,0,0,85f751fd,c4e18dd6,50e219e0,febd1138,82e27996,0f2161f8,a99f214a,0e52fad9,aad45b01,1,0,1005,21611,320,50,2480,3,297,100111,61,c6c2b91b70,2,5
6750371725744141829,14102914,1,0,fcf494bd,443e7920,50e219e0,ecad2386,7801e8d9,07d7df22,7353f810,b7320ad3,e96b49d6,0,0,1002,22701,320,50,2624,0,35,-1,221,f9b13b6dee,1,6
6812683968631400042,14102914,0,0,1fbe01fe,f3845767,28905ebd,ecad2386,7801e8d9,07d7df22,a99f214a,1f972fdc,8a4875bd,1,0,1005,15704,320,50,1722,0,35,-1,79,bcd07f42ff,1,1
8472981148038289266,14102914,0,1,85f751fd,c4e18dd6,50e219e0,1dc72b4d,2347f47a,0f2161f8,a1d8a39b,3efecc7c,84ebbcd4,1,0,1005,23658,300,50,2710,3,35,-1,23,44ed046bad,18,20
926248417337122173,14102914,0,0,85f751fd,c4e18dd6,50e219e0,f1f93810,2347f47a,0f2161f8,a99f214a,8cce4f0d,6e71128d,1,0,1005,23722,320,50,2716,3,43,-1,23,9c57d5f57d,16,19
9370240235287388607,14102914,0,1,85f751fd,c4e18dd6,50e219e0,feb2dcdb,7801e8d9,75d80bbe,7cfe1d19,4e717e37,f07e20f8,4,0,1010,23820,320,50,2728,0,290,-1,42,4ddb48753a,7,13
10770616872991204234,14102915,0,0,85f751fd,c4e18dd6,50e219e0,f888bf4c,5b9c592b,0f2161f8,ca0c680d,47f497db,aa35da31,1,0,1005,18987,320,50,2158,3,291,100192,61,0494e7b7ce,10,11
11009824517761198482,14102915,0,1,57ef2c87,bd6d812f,f028772b,ecad2386,7801e8d9,07d7df22,a99f214a,a7eb7d08,b4c772f2,1,0,1005,17893,320,50,2039,2,39,100075,32,b177011e7e,2,4
11740860516731207987,14102915,0,0,85f751fd,c4e18dd6,50e219e0,644cb0b0,ae637522,8ded1f7a,a99f214a,2d6ec5cf,496515fa,1,0,1005,15840,320,50,1741,3,175,100112,100,39accbb4d3,24,28
11808092109626546246,14102915,0,0,9a977531,a434fa42,f028772b,ecad2386,7801e8d9,07d7df22,a99f214a,55874bde,ad6d46df,1,0,1005,19772,320,50,2227,0,935,100074,48,e2384add73,1,1
11950702832990671878,14102915,0,1,e151e245,7e091613,f028772b,ecad2386,7801e8d9,07d7df22,a99f214a,4d8d3273,ecb851b2,1,0,1005,4687,320,50,423,2,39,100148,32,782365fa28,3,3
12052027284521589432,14102915,1,0,85f751fd,c4e18dd6,50e219e0,a5184c22,b8d325c3,0f2161f8,a99f214a,5e373798,24f6b932,1,0,1005,23802,320,50,2689,2,35,100176,90,c52434cc9e,8,18
12056612341257860271,14102915,1,0,85f751fd,c4e18dd6,50e219e0,e2fcccd2,5c5a694b,0f2161f8,423d0d43,f8a3e150,be6db1d7,1,0,1005,18503,320,50,2104,3,1831,-1,171,a68b797149,2,4
12300367869317031827,14102915,0,0,1fbe01fe,f3845767,28905ebd,ecad2386,7801e8d9,07d7df22,a99f214a,57de62c3,b7c5bc1f,1,0,1005,15701,320,50,1722,0,35,100083,79,9a958e89a2,16,19
12402797940139163473,14102915,0,0,9e8cf15d,0d3cb7be,f028772b,ecad2386,7801e8d9,07d7df22,a99f214a,05862775,1f0bc64f,1,0,1005,23562,320,50,2691,0,419,100084,212,823f09fc9f,5,21
12430017642322991039,14102915,0,0,1fbe01fe,f3845767,28905ebd,ecad2386,7801e8d9,07d7df22,a99f214a,06bbc86c,8a4875bd,1,0,1005,15708,320,50,1722,0,35,-1,79,269d67e984,4,6
13059781531503098958,14102915,0,0,93eaba74,7687a86e,3e814130,ecad2386,7801e8d9,07d7df22,a99f214a,23d468ff,84ebbcd4,1,0,1005,17653,300,250,1994,2,39,-1,33,bf11fc0a08,1,6
13142057366880089846,14102915,0,1,d9750ee7,98572c79,f028772b,ecad2386,7801e8d9,07d7df22,a99f214a,be7092cb,24399af1,1,0,1005,17753,320,50,1993,2,1063,-1,33,c9de37300f,9,10
14445848484202876248,14102915,0,0,49a835d6,db7a8013,f028772b,ecad2386,7801e8d9,07d7df22,a99f214a,fbc081a7,744ae245,1,0,1005,20346,300,250,2331,2,39,-1,23,f775fd6018,5,6
15359411335784558792,14102915,0,0,640ff09f,aa93eabc,f028772b,ecad2386,7801e8d9,07d7df22,a99f214a,0d1df9a8,99ec2bcb,1,0,1005,17239,320,50,1973,3,39,-1,23,9936551bd4,7,26
16945486902221103685,14102915,0,0,1fbe01fe,f3845767,28905ebd,ecad2386,7801e8d9,07d7df22,a99f214a,7e111478,1f0bc64f,1,0,1005,15704,320,50,1722,0,35,100084,79,be67c638ed,3,8
18287633147034220970,14102915,0,0,d70360ea,39b3d1ff,50e219e0,ecad2386,7801e8d9,07d7df22,6db4a32f,5cb22f22,1da119e0,0,0,1002,23438,320,50,2684,2,1327,100188,52,0be1846ddc,1,3
3744985353080507650,14102915,1,1,ce3307ec,7e091613,f028772b,ecad2386,7801e8d9,07d7df22,a99f214a,bd7006aa,5b799d60,1,0,1005,23626,320,50,2707,3,937,100156,61,3426acb851,7,7
6801470989276996704,14102915,0,0,1fbe01fe,f3845767,28905ebd,ecad2386,7801e8d9,07d7df22,a99f214a,87fba8d3,8a4875bd,1,0,1005,15701,320,50,1722,0,35,-1,79,a38e1c861a,3,13
7706534910811655068,14102915,0,1,ce3307ec,7e091613,f028772b,ecad2386,7801e8d9,07d7df22,a99f214a,af9205f9,cad4c01d,1,0,1005,23626,320,50,2707,3,937,100156,61,564e830453,13,21
8471404661286932893,14102915,0,0,6c5b482c,7687a86e,3e814130,ecad2386,7801e8d9,07d7df22,a99f214a,75bb1b58,8571106b,1,0,1005,17654,300,250,1994,2,39,-1,33,a1f32cf10d,22,30
8520446554774459141,14102915,0,0,85f751fd,c4e18dd6,50e219e0,e2fcccd2,5c5a694b,0f2161f8,a99f214a,7a80f891,be6db1d7,1,0,1005,4687,320,50,423,2,39,100148,32,6154274606,2,8
8573595989651935206,14102915,0,0,1fbe01fe,f3845767,28905ebd,ecad2386,7801e8d9,07d7df22,a99f214a,c28d46eb,0989142d,1,0,1005,15702,320,50,1722,0,35,-1,79,e67f903112,1,19
9009763913876109306,14102915,0,0,85f751fd,c4e18dd6,50e219e0,c1d5c84d,2347f47a,0f2161f8,911794c9,24d7ab90,1d5bfd2d,1,2,1005,21611,320,50,2480,3,297,100111,61,302c5c6a47,3,5
9606697838140491135,14102915,0,1,e151e245,7e091613,f028772b,ecad2386,7801e8d9,07d7df22,a99f214a,50ade413,c91cf4fa,1,0,1005,17262,320,50,1872,3,39,-1,23,1018539c0d,1,1
10053644713662202940,14102916,1,0,85f751fd,c4e18dd6,50e219e0,03528b27,2347f47a,8ded1f7a,a99f214a,c7d28e0e,6332421a,1,0,1005,15703,320,50,1722,0,35,-1,79,a12f076438,4,5
10592249227177346633,14102916,0,0,d6137915,bb1ef334,f028772b,ecad2386,7801e8d9,07d7df22,a99f214a,8ea4b364,0eb711ec,1,0,1005,20213,320,50,2316,0,167,100075,16,82086e9183,2,16
10646609590348098634,14102916,1,0,93eaba74,7687a86e,3e814130,ecad2386,7801e8d9,07d7df22,a99f214a,07b7b634,fce66524,1,0,1005,20018,300,250,2286,3,39,100075,23,250c384661,6,7
10893416128585596424,14102916,0,0,85f751fd,c4e18dd6,50e219e0,92f5800b,ae637522,0f2161f8,a99f214a,686de8c0,4ffd3a7e,1,3,1005,21191,320,50,2424,1,175,100192,71,9732b1c5bf,1,19
10920484174911947701,14102916,0,1,e151e245,7e091613,f028772b,ecad2386,7801e8d9,07d7df22,a99f214a,3fb21df9,be74e6fe,1,0,1005,4687,320,50,423,2,39,100148,32,5b699a97cb,1,15
11454473976547702825,14102916,0,1,6d592c60,f930238e,3e814130,ecad2386,7801e8d9,07d7df22,a99f214a,cf1b1dda,36b8f4c5,1,0,1005,19772,320,50,2227,0,935,100075,48,94d8e3d5ea,1,10
11863154844794374496,14102916,0,1,ce3307ec,7e091613,f028772b,ecad2386,7801e8d9,07d7df22,a99f214a,6394f6f6,3bb1ddd7,1,0,1005,23626,320,50,2707,3,937,100156,61,4ddde3dee5,1,1
14390416801573969823,14102916,1,0,5b08c53b,7687a86e,3e814130,ecad2386,7801e8d9,07d7df22,a99f214a,694a8bc2,d787e91b,1,0,1005,19015,300,250,2162,2,39,100188,33,ade5b9c6a2,2,2
14515668180101124604,14102916,0,0,7d50a826,400fbb48,f028772b,ecad2386,7801e8d9,07d7df22,a99f214a,75e349bf,2203a096,1,0,1005,22850,320,50,2645,3,35,-1,23,dfcea2a88c,8,13
14599171271009165637,14102916,0,0,85f751fd,c4e18dd6,50e219e0,de97da65,33da2e74,0f2161f8,a99f214a,c41fe74f,f60c2fd3,1,0,1005,9248,320,50,768,3,175,100156,42,bcdea7c633,15,31
15069611900797594425,14102916,0,1,e151e245,7e091613,f028772b,ecad2386,7801e8d9,07d7df22,a99f214a,8546df25,1f0bc64f,1,0,1005,17264,320,50,1872,3,39,-1,23,8141228092,7,13
15427552399637382722,14102916,0,0,85f751fd,c4e18dd6,50e219e0,92f5800b,ae637522,0f2161f8,a99f214a,71c93712,2692a96a,1,3,1005,21191,320,50,2424,1,175,100189,71,02a87e2a8f,5,5
15860828672100614753,14102916,0,0,85f751fd,c4e18dd6,50e219e0,f0d41ff1,2347f47a,0f2161f8,a99f214a,cf5fb1cd,6d44e29a,1,0,1005,22221,320,50,2560,3,43,100181,61,ab5c57cc89,42,46
17173942734753901702,14102916,1,0,85f751fd,c4e18dd6,50e219e0,e2fcccd2,5c5a694b,0f2161f8,a99f214a,e317c64c,c9e27f06,1,0,1005,18595,320,50,2104,3,1831,-1,171,15058bbbb3,34,50
17964514876055696193,14102916,1,0,6f34dd1d,c4e18dd6,50e219e0,ecad2386,7801e8d9,07d7df22,9d71b0e1,04e2aeea,6f856677,0,0,1002,22702,300,50,2624,0,35,100081,221,df54eddfcf,2,2
18109198887756443563,14102916,0,0,85f751fd,c4e18dd6,50e219e0,bbcfa7a2,b9528b13,cef3e649,3e164baa,aa42be81,d25693ce,1,3,1005,15704,320,50,1722,0,35,-1,79,76fb8b3b96,1,1
18351120880846141147,14102916,1,0,85f751fd,c4e18dd6,50e219e0,54c5d545,2347f47a,0f2161f8,e3fb535b,d86211c0,6715887e,1,0,1005,20071,320,50,2291,3,35,-1,43,078d5aab54,6,18
2790064983737282421,14102916,0,0,85f751fd,c4e18dd6,50e219e0,8b89048f,2347f47a,cef3e649,bf1d0750,886abdd4,fa61e8fe,1,2,1005,20071,320,50,2291,3,35,-1,43,d7adea53ee,5,23
3079824304995511221,14102916,0,1,5b4d2eda,16a36ef3,f028772b,ecad2386,7801e8d9,07d7df22,a99f214a,a33e8b45,8a4875bd,1,0,1005,21893,320,50,2526,0,167,-1,221,efc58b6c14,15,16
3938682772879352071,14102916,0,1,85f751fd,c4e18dd6,50e219e0,fd5f799a,7801e8d9,cef3e649,3395c964,4319b638,f07e20f8,4,2,1010,11325,320,50,1174,3,47,-1,23,8874113c32,2,5
4272975518472834342,14102916,0,0,85f751fd,c4e18dd6,50e219e0,e2fcccd2,5c5a694b,0f2161f8,a99f214a,08bd3cbe,c9e27f06,1,0,1005,18574,320,50,2104,3,1831,-1,171,f31cde6184,1,1
4991603225221213579,14102916,0,0,85f751fd,c4e18dd6,50e219e0,92f5800b,ae637522,0f2161f8,a99f214a,c433a592,e1eae715,1,3,1005,21191,320,50,2424,1,175,100191,71,2de89a08b5,1,5
5903775002569331140,14102916,0,0,85f751fd,c4e18dd6,50e219e0,8fb44044,2347f47a,f95efa07,a99f214a,c16ca71c,4ea23a13,1,0,1005,15707,320,50,1722,0,35,-1,79,455ef69b96,11,18
727087433956708065,14102916,0,0,85f751fd,c4e18dd6,50e219e0,e2fcccd2,5c5a694b,0f2161f8,a99f214a,2cbbedc3,be74e6fe,1,0,1005,4687,320,50,423,2,39,100148,32,1125cdbe1a,6,12
8571958838044542947,14102916,0,1,5b4d2eda,16a36ef3,f028772b,ecad2386,7801e8d9,07d7df22,a99f214a,c1f1bf97,8a4875bd,1,0,1005,21893,320,50,2526,0,167,100075,221,ccb755cbf1,1,11
8695903826919207925,14102916,0,0,1fbe01fe,f3845767,28905ebd,ecad2386,7801e8d9,07d7df22,a99f214a,8a014cbb,81b42528,1,0,1005,23759,320,50,2724,0,35,-1,253,4dff5680ff,4,9
8734934092363484165,14102916,0,0,85f751fd,c4e18dd6,50e219e0,78572dd4,7801e8d9,07d7df22,8cf393d6,a8d0674d,0e88538f,0,0,1002,23553,300,50,2699,0,163,100103,212,c9993d43d1,3,5
9104290011344743251,14102916,1,0,38217daf,449497bc,f028772b,ecad2386,7801e8d9,07d7df22,a99f214a,30d40d44,ef337993,1,0,1005,20346,300,250,2331,2,39,-1,23,8416bd17f7,19,19
9612691175562908727,14102916,0,1,85f751fd,c4e18dd6,50e219e0,03a08c3f,7801e8d9,0f2161f8,98e366ec,24567c5e,517bef98,4,0,1010,23551,320,50,2698,0,163,100084,212,bb06745317,12,13
12886967894509617365,14102917,0,0,d266097b,db11867b,c0dd3be3,ecad2386,7801e8d9,07d7df22,a99f214a,b3589153,78d9bd10,1,0,1012,17894,320,50,2039,2,39,100077,32,efda708c23,12,27
14290285157036913165,14102917,0,1,e151e245,7e091613,f028772b,ecad2386,7801e8d9,07d7df22,a99f214a,94d856b9,1f0bc64f,1,0,1005,20271,320,50,2225,0,935,100101,48,77a255df09,1,2
14631601776017424320,14102917,0,1,ce3307ec,7e091613,f028772b,ecad2386,7801e8d9,07d7df22,a99f214a,af62faf4,f60c2fd3,1,0,1005,23626,320,50,2707,3,937,100156,61,5ef7f9579b,3,4
14707050285318502827,14102917,1,0,6c5b482c,7687a86e,3e814130,ecad2386,7801e8d9,07d7df22,a99f214a,77f32a19,84ebbcd4,1,0,1005,17653,300,250,1994,2,39,-1,33,ea237a45a9,13,15
15282124248894645077,14102917,0,0,85f751fd,c4e18dd6,50e219e0,685d1c4c,2347f47a,8ded1f7a,a99f214a,fb291447,a8964a12,1,2,1005,23540,320,50,2695,0,35,-1,51,99d82c8767,6,7
15722733663639587023,14102917,0,0,1fbe01fe,f3845767,28905ebd,ecad2386,7801e8d9,07d7df22,a99f214a,13708912,a5bce124,1,0,1005,20072,320,50,2291,3,35,100188,43,7b5f002926,4,11
2393784689756623177,14102917,0,0,85f751fd,c4e18dd6,50e219e0,febd1138,82e27996,0f2161f8,a99f214a,4f510342,99e427c9,1,0,1005,21611,320,50,2480,3,297,100111,61,de8cb92e5c,2,4
2767548593721227977,14102917,0,1,b7e9786d,b12b9f85,f028772b,ecad2386,7801e8d9,07d7df22,a99f214a,867cc91c,ce576f14,1,0,1005,19771,320,50,2227,0,935,-1,48,1286c39602,9,11
2832571831202821435,14102917,0,0,85f751fd,c4e18dd6,50e219e0,e2fcccd2,5c5a694b,0f2161f8,81799e33,64165f9f,fce66524,1,0,1005,4687,320,50,423,2,39,100148,32,f6a0211bce,2,2
285806323411826957,14102917,0,1,85f751fd,c4e18dd6,50e219e0,f7dd00ec,7801e8d9,0f2161f8,c54ce116,23341231,49ea3580,4,0,1010,23825,320,50,2728,0,290,-1,42,e8465d51a0,3,10
320293759010970199,14102917,0,1,b7e9786d,b12b9f85,f028772b,ecad2386,7801e8d9,07d7df22,a99f214a,8c751a80,be6db1d7,1,0,1005,22683,320,50,2528,0,167,100077,221,85056b9d1f,20,20
4216721577333541219,14102917,0,1,178a7b89,b4598159,f028772b,ecad2386,7801e8d9,07d7df22,a99f214a,5d71d6c5,8a4875bd,1,0,1005,18856,320,50,1882,3,35,-1,13,56dbe9daba,1,2
4558667246978265295,14102917,0,0,85f751fd,c4e18dd6,50e219e0,7358e05e,b9528b13,cef3e649,fe9968f5,8383ebbc,b3f4c8ce,1,0,1005,20072,320,50,2291,3,35,-1,43,604a8316cf,1,1
478678421029453393,14102917,0,1,5b4d2eda,16a36ef3,f028772b,ecad2386,7801e8d9,07d7df22,a99f214a,9b979048,0a6537f7,1,0,1005,19771,320,50,2227,0,935,100081,48,96c0491bf3,14,18
690579566809298988,14102917,0,0,1fbe01fe,f3845767,28905ebd,ecad2386,7801e8d9,07d7df22,a99f214a,3615d34d,897aafd7,1,0,1005,23137,320,50,2664,0,35,100084,51,b32a1405e6,1,5
8035990598878969354,14102917,0,0,e3c09f3a,d262cf1e,28905ebd,ecad2386,7801e8d9,07d7df22,a99f214a,20393058,60f13afb,1,0,1005,20072,320,50,2291,3,35,100194,43,e00825db76,1,1
919034795318991645,14102917,1,0,85f751fd,c4e18dd6,50e219e0,9c13b419,2347f47a,f95efa07,a99f214a,0cfc360b,91be858e,1,0,1005,20072,320,50,2291,3,35,-1,43,02802d302b,3,28
9227393596729572660,14102917,1,1,ce3307ec,7e091613,f028772b,ecad2386,7801e8d9,07d7df22,a99f214a,af9205f9,3bb1ddd7,1,0,1005,23626,320,50,2707,3,937,100156,61,2aa3c7326d,2,2
9825737683143583809,14102917,0,0,1fbe01fe,f3845767,28905ebd,ecad2386,7801e8d9,07d7df22,a99f214a,8a014cbb,ecb851b2,1,0,1005,23139,320,50,2664,0,35,-1,51,6018012e98,8,9
10587243052133578271,14102918,0,0,1fbe01fe,f3845767,28905ebd,ecad2386,7801e8d9,07d7df22,a99f214a,ff85b33b,aaffed8f,1,0,1005,23137,320,50,2664,0,35,-1,51,ced31284d9,2,2
11286729726174781870,14102918,0,1,17caea14,0dde25ec,f028772b,ecad2386,7801e8d9,07d7df22,a99f214a,61714901,76dc4769,1,0,1005,16208,320,50,1800,3,167,-1,23,3006b2fc0c,3,4
11470093377138836914,14102918,0,1,b7e9786d,b12b9f85,f028772b,ecad2386,7801e8d9,07d7df22,a99f214a,4305d1c1,86030d43,1,0,1005,19772,320,50,2227,0,935,100074,48,a18bb29a70,2,2
12110596009339269423,14102918,0,0,1fbe01fe,f3845767,28905ebd,ecad2386,7801e8d9,07d7df22,a99f214a,c6563308,ce12dd72,1,0,1005,23137,320,50,2664,0,35,-1,51,60e7c9e07c,2,2
12116612291899711489,14102918,0,0,1a5c1d83,5dddf09e,f028772b,ecad2386,7801e8d9,07d7df22,a99f214a,efca21d0,16954458,1,0,1005,23642,320,50,2709,3,35,-1,23,a05316cc4f,2,5
12665814831045491601,14102918,0,0,85f751fd,c4e18dd6,50e219e0,e2a1ca37,2347f47a,8ded1f7a,a99f214a,1fd05f75,77bf3c3c,1,2,1005,20072,320,50,2291,3,35,-1,43,3a995a775b,6,46
12836627960020222514,14102918,0,0,1fbe01fe,f3845767,28905ebd,ecad2386,7801e8d9,07d7df22,a99f214a,5ce34d54,8a4875bd,1,0,1005,15707,320,50,1722,0,35,100084,79,5dca8b4ad4,6,6
13307701334987917087,14102918,1,1,e151e245,7e091613,f028772b,ecad2386,7801e8d9,07d7df22,a99f214a,0e242041,61761ee1,1,0,1005,17037,320,50,1934,2,39,-1,16,308100931c,13,22
13355458533964768444,14102918,1,1,e151e245,7e091613,f028772b,ecad2386,7801e8d9,07d7df22,a99f214a,3dc0bad8,c6263d8a,1,0,1005,17264,320,50,1872,3,39,-1,23,777789b5e8,5,12
13686770111750069345,14102918,0,0,85f751fd,c4e18dd6,50e219e0,e2a1ca37,2347f47a,8ded1f7a,2a451725,cac60289,e59b7176,1,2,1005,20071,320,50,2291,3,35,-1,43,1a393ffbab,2,5
14009060283487267785,14102918,1,0,85f751fd,c4e18dd6,50e219e0,e2a1ca37,2347f47a,8ded1f7a,2dcb4e83,c22fc056,be6db1d7,1,0,1005,17016,320,50,1873,3,39,-1,23,a5d124d5ad,1,3
15411787267780552010,14102918,0,1,5b4d2eda,16a36ef3,f028772b,ecad2386,7801e8d9,07d7df22,a99f214a,206102a6,8a4875bd,1,0,1005,21882,320,50,2526,0,167,-1,221,5ef7f9579b,5,6
15955062728754364174,14102918,0,0,85f751fd,c4e18dd6,50e219e0,54c5d545,2347f47a,0f2161f8,809c0c1f,4e22d9bd,1f0bc64f,1,0,1005,17017,320,50,1873,3,39,-1,23,4fbbc2885a,1,1
16304210942313260284,14102918,0,0,05e73403,3eff0fba,50e219e0,ecad2386,7801e8d9,07d7df22,dc8b2836,8cabc992,7c170de9,0,0,1002,17081,320,50,1921,3,47,100075,23,ea2fa6ed80,18,41
209761822307708207,14102918,1,0,85f751fd,c4e18dd6,50e219e0,e2fcccd2,5c5a694b,0f2161f8,a99f214a,f96f7b32,451af639,1,0,1005,20251,320,50,2323,0,687,100081,48,c9de37300f,47,62
2363898278072925111,14102918,0,0,85f751fd,c4e18dd6,50e219e0,c0a736f4,7801e8d9,07d7df22,46a24744,9f60a826,0e88538f,0,0,1002,23552,320,50,2699,0,163,-1,212,ee038b63f3,1,1
2906308691372515473,14102918,0,0,85f751fd,c4e18dd6,50e219e0,7358e05e,b9528b13,cef3e649,a2182314,8df17d79,4ea23a13,1,0,1005,23642,320,50,2709,3,35,-1,23,8d7ca68d20,2,4
399057087415041861,14102918,0,0,85f751fd,c4e18dd6,50e219e0,7358e05e,b9528b13,cef3e649,32dac896,b91bd1ae,ef726eae,1,0,1005,23642,320,50,2709,3,35,-1,23,7535893d84,1,2
4654518110159101481,14102918,0,0,85f751fd,c4e18dd6,50e219e0,54c5d545,2347f47a,0f2161f8,17534370,0b4d16f5,7ac6007f,1,2,1005,17016,320,50,1873,3,39,100173,23,87d7a7785d,1,16
4877955654217398994,14102918,0,0,1fbe01fe,f3845767,28905ebd,ecad2386,7801e8d9,07d7df22,a99f214a,44ec6108,8a4875bd,1,0,1005,15705,320,50,1722,0,35,-1,79,0c6c191ec6,1,1
5074972050491477397,14102918,0,0,54e6fb06,91dd76e0,28905ebd,ecad2386,7801e8d9,07d7df22,a99f214a,35484014,837b5bc8,1,0,1005,20072,320,50,2291,3,35,-1,43,14002639c0,9,22
7926831465680321350,14102918,0,0,85f751fd,c4e18dd6,50e219e0,9c13b419,2347f47a,f95efa07,a99f214a,bf7d78dd,d787e91b,1,0,1005,21957,320,50,2520,2,35,-1,90,8ea3d0c3af,3,8
10276315722652977005,14102919,0,0,2c4ed2f7,cf5fcee6,50e219e0,ecad2386,7801e8d9,07d7df22,9e6a68d4,3bd5939b,6949c332,0,0,1002,23438,320,50,2684,2,1327,-1,52,6a44bb7b64,1,1
10289746340550955591,14102919,0,0,1fbe01fe,f3845767,28905ebd,ecad2386,7801e8d9,07d7df22,a99f214a,7e77d21d,3f67c4c4,1,0,1005,15704,320,50,1722,0,35,100084,79,37bbe6c14b,7,19
10644725885003236647,14102919,0,0,85f751fd,c4e18dd6,50e219e0,8b89048f,2347f47a,cef3e649,ce92de77,2902c5e8,be74e6fe,1,3,1005,20072,320,50,2291,3,35,-1,43,354817631b,6,11
11277446091224233030,14102919,0,0,9a977531,a434fa42,f028772b,ecad2386,7801e8d9,07d7df22,a99f214a,91e7a451,38a79aa2,1,0,1005,19772,320,50,2227,0,935,100075,48,574fc8094f,8,10
12180337375787120682,14102919,0,0,85f751fd,c4e18dd6,50e219e0,27550a3c,7801e8d9,07d7df22,77d45c78,344ec854,f9ba9057,0,0,1002,23553,300,50,2699,0,163,-1,212,00110bfc30,4,13
12325898971994471578,14102919,0,0,85f751fd,c4e18dd6,50e219e0,febd1138,82e27996,0f2161f8,a99f214a,e5f483d7,aad45b01,1,0,1005,21611,320,50,2480,3,297,100111,61,9dd4c29c19,3,11
12468289261091267897,14102919,0,0,f84e52b6,d7e2f29b,28905ebd,ecad2386,7801e8d9,07d7df22,a99f214a,a7071dba,ac221d6c,1,0,1005,20346,300,250,2331,2,39,100057,23,585479f8b7,3,3
12899747818834790962,14102919,0,0,85f751fd,c4e18dd6,50e219e0,98fed791,d9b5648e,0f2161f8,a99f214a,14f0787c,72a00661,1,0,1005,16685,320,50,1092,3,811,100156,61,98f10ff1e4,1,2
13110617028243882926,14102919,0,0,1fbe01fe,f3845767,28905ebd,ecad2386,7801e8d9,07d7df22,a99f214a,bf271877,1f0bc64f,1,0,1005,15703,320,50,1722,0,35,100083,79,fd7f3f912a,2,5
1578061929858645295,14102919,0,0,dbf3f634,4947870a,50e219e0,ecad2386,7801e8d9,07d7df22,08ebf54f,b3bfacc7,23bff86a,0,0,1002,20071,320,50,2291,3,35,-1,43,99d82c8767,4,9
1666025832104699331,14102919,1,0,5b08c53b,7687a86e,3e814130,ecad2386,7801e8d9,07d7df22,a99f214a,83b564b0,711ee120,1,0,1005,17654,300,250,1994,2,39,-1,33,96d5eb2e01,2,3
17583002959466202741,14102919,0,0,e3c09f3a,d262cf1e,28905ebd,ecad2386,7801e8d9,07d7df22,a99f214a,225339bc,629a53ca,1,0,1005,20072,320,50,2291,3,35,-1,43,baf21a857d,1,5
17991850580649769103,14102919,0,0,e3c09f3a,d262cf1e,28905ebd,ecad2386,7801e8d9,07d7df22,a99f214a,31751186,2882146f,1,0,1005,20072,320,50,2291,3,35,100119,43,b847fa79ff,3,6
1877392488706469679,14102919,0,1,85f751fd,c4e18dd6,50e219e0,8486dd4e,7801e8d9,0f2161f8,e7c50b05,82f38773,2b092d6f,4,0,1010,23552,320,50,2699,0,163,-1,212,4e3bd945d0,5,12
2746372303088101654,14102919,0,0,5bfa0409,c4e18dd6,50e219e0,ecad2386,7801e8d9,07d7df22,b630744f,c7de9d92,cf19f7f7,0,0,1002,9438,320,50,898,3,427,100005,61,77a255df09,1,1
3211140096063291912,14102919,0,0,5b08c53b,7687a86e,3e814130,ecad2386,7801e8d9,07d7df22,a99f214a,c3d96ed7,4ea23a13,1,0,1005,17653,300,250,1994,2,39,100083,33,b08e8ef326,3,10
4775395367203265406,14102919,0,0,85f751fd,c4e18dd6,50e219e0,08a53ae7,7801e8d9,07d7df22,426bf925,07b939f2,fd10e5c6,0,0,1002,23552,320,50,2699,0,163,-1,212,354dccd01a,11,17
6123561161534850080,14102919,1,0,85f751fd,c4e18dd6,50e219e0,9c13b419,2347f47a,f95efa07,a99f214a,8439297b,f51db838,1,0,1005,23725,320,50,2716,3,47,-1,23,fac7271c1e,7,28
6373400507879842016,14102919,0,0,85f751fd,c4e18dd6,50e219e0,c0a736f4,7801e8d9,07d7df22,658e7b72,8f733853,c4a565e1,0,0,1002,23552,320,50,2699,0,163,-1,212,abd592f5ee,10,17
8907159926962117041,14102919,0,0,85f751fd,c4e18dd6,50e219e0,92f5800b,ae637522,0f2161f8,a99f214a,024bf6f3,496515fa,1,3,1005,21189,320,50,2424,1,175,100189,71,de52004313,1,8
9285095961938570030,14102919,0,0,1fbe01fe,f3845767,28905ebd,ecad2386,7801e8d9,07d7df22,a99f214a,da43a02c,8a4875bd,1,0,1005,15701,320,50,1722,0,35,100084,79,a74d682658,8,8
9756231846963828716,14102919,1,0,c54454a2,2296b5b3,50e219e0,ecad2386,7801e8d9,07d7df22,e1f8c82e,f7232315,94c759d5,0,0,1002,20072,320,50,2291,3,35,-1,43,4df373b823,3,12
13138935420764353944,14102920,0,0,85f751fd,c4e18dd6,50e219e0,45aff1a2,5c620f04,d1327cf5,4cfe8c87,74407bfd,ecb851b2,1,0,1005,20071,320,50,2291,3,35,-1,43,63230e90fe,1,1
14295462526788558567,14102920,0,0,6399eda6,968765cd,f028772b,ecad2386,7801e8d9,07d7df22,a99f214a,4075d643,8a4875bd,1,0,1005,16208,320,50,1800,3,167,100075,23,82071fd0c4,1,4
14992470375232134659,14102920,1,7,85f751fd,c4e18dd6,50e219e0,5325bfcf,7801e8d9,0f2161f8,eb9254eb,63e10bb4,7ac6007f,5,2,1010,21794,768,1024,2513,3,1059,-1,68,b611ff565b,1,7
18164607835169393806,14102920,0,0,85f751fd,c4e18dd6,50e219e0,92f5800b,ae637522,0f2161f8,a99f214a,ed8f980a,e1eae715,1,3,1005,21189,320,50,2424,1,175,100193,71,355582b65e,7,7
2729966944226014337,14102920,1,0,29229f8e,a10eb148,f028772b,ecad2386,7801e8d9,07d7df22,a99f214a,d8f9ef03,8a4875bd,1,0,1005,6563,320,50,572,2,39,-1,32,0fe9084613,3,4
4204310314528446144,14102920,0,0,85f751fd,c4e18dd6,50e219e0,66f5e02e,6f7ca2ba,0f2161f8,6a6d9969,aa226465,89416188,1,0,1005,23683,300,50,2712,2,35,-1,23,71cd2f1cd4,4,7
4643939914550329057,14102920,0,0,85f751fd,c4e18dd6,50e219e0,febd1138,82e27996,0f2161f8,a99f214a,18a8e786,9b5ce758,1,0,1005,21611,320,50,2480,3,297,100111,61,2df91026fd,6,7
6136680208024902580,14102920,0,0,85f751fd,c4e18dd6,50e219e0,e2fcccd2,5c5a694b,0f2161f8,fad98d36,c3b10958,cdf6ea96,1,0,1005,4687,320,50,423,2,39,100148,32,f09c6e063c,2,3
6152510031465090046,14102920,0,0,85f751fd,c4e18dd6,50e219e0,3c4b944d,2347f47a,0f2161f8,a99f214a,6d21021b,a5bce124,1,0,1005,20071,320,50,2291,3,35,-1,43,27e6f09fe2,5,7
7729780167073574384,14102920,0,0,85f751fd,c4e18dd6,50e219e0,e2fcccd2,5c5a694b,0f2161f8,a99f214a,16c02780,be74e6fe,1,0,1005,22813,320,50,2647,2,35,100148,23,4d475b1fc2,8,9
8018322204789831062,14102920,1,0,85f751fd,c4e18dd6,50e219e0,7358e05e,b9528b13,cef3e649,fe5e0931,45c5896a,ab4085d5,1,0,1005,22813,320,50,2647,2,35,100148,23,94ce4bb452,4,10
8117490100978152372,14102920,0,0,bb4524e7,d733bbc3,28905ebd,ecad2386,7801e8d9,07d7df22,a99f214a,502d201f,8d96a23d,1,2,1005,20632,320,50,2374,3,39,-1,23,39c604ddaf,4,4
8948347932479094421,14102920,0,0,85f751fd,c4e18dd6,50e219e0,febd1138,82e27996,0f2161f8,a99f214a,65c00102,99e427c9,1,0,1005,21611,320,50,2480,3,297,100111,61,02a87e2a8f,3,3
1240880015609238773,14102921,0,0,2328ee8e,7804dea6,f028772b,ecad2386,7801e8d9,07d7df22,a99f214a,2f323f36,cad4c01d,1,0,1005,23369,320,50,2680,3,815,100156,42,7c08045cce,2,2
1291777384736548207,14102921,0,1,ce3307ec,7e091613,f028772b,ecad2386,7801e8d9,07d7df22,a99f214a,fadf993c,5b799d60,1,0,1005,23626,320,50,2707,3,937,100156,61,4cbd26faea,23,35
13942130572736139783,14102921,1,0,85f751fd,c4e18dd6,50e219e0,e2fcccd2,5c5a694b,0f2161f8,af91b6c8,d90c92e8,a1a7a957,1,0,1005,18496,320,50,2104,3,1831,-1,171,0f9488bb34,1,2
14821058472181173409,14102921,0,0,85f751fd,c4e18dd6,50e219e0,8b89048f,2347f47a,cef3e649,c07c17ef,63d99c2c,1f0bc64f,1,3,1005,20072,320,50,2291,3,35,-1,43,f6a0211bce,2,2
17047916494944265054,14102921,0,0,85f751fd,c4e18dd6,50e219e0,9c13b419,2347f47a,f95efa07,a99f214a,655ee176,7abbbd5c,1,0,1005,23722,320,50,2716,3,47,-1,23,b968776c94,6,22
18294769204267833660,14102921,0,0,85f751fd,c4e18dd6,50e219e0,febd1138,82e27996,0f2161f8,a99f214a,aebd553c,99e427c9,1,0,1005,21611,320,50,2480,3,297,100111,61,d140444d5b,3,5
6045107467422018264,14102921,0,1,ce3307ec,7e091613,f028772b,ecad2386,7801e8d9,07d7df22,a99f214a,af62faf4,3bb1ddd7,1,0,1005,23626,320,50,2707,3,937,100156,61,d4bb9e257a,4,4
8941432378912742083,14102921,1,0,85f751fd,c4e18dd6,50e219e0,9c13b419,2347f47a,f95efa07,a99f214a,0b535307,e9b8d8d7,1,0,1005,23729,320,50,2717,2,47,-1,23,4d077339da,4,6
9422644970773398407,14102921,0,0,85f751fd,c4e18dd6,50e219e0,9c13b419,2347f47a,f95efa07,a99f214a,2bb5d272,1f0bc64f,1,0,1005,23729,320,50,2717,2,47,-1,23,634ca9f7e8,3,3
9581978961656574482,14102921,0,0,85f751fd,c4e18dd6,50e219e0,9c13b419,2347f47a,f95efa07,a99f214a,f963d4d4,a5bce124,1,0,1005,22633,320,50,2060,3,39,100050,23,96d5eb2e01,3,3
9750072373864312906,14102921,1,1,178a7b89,b4598159,f028772b,ecad2386,7801e8d9,07d7df22,a99f214a,552cf21f,5ec45883,1,0,1005,17894,320,50,2039,2,39,100075,32,fd7f3f912a,48,81
10349457658184622211,14102922,0,0,85f751fd,c4e18dd6,50e219e0,92f5800b,ae637522,0f2161f8,a99f214a,a1080f2c,981edffc,1,0,1005,21191,320,50,2424,1,175,100193,71,51d367b200,6,7
11358957323468366470,14102922,0,0,85f751fd,c4e18dd6,50e219e0,92f5800b,ae637522,0f2161f8,a99f214a,8ddf1192,981edffc,1,3,1005,21191,320,50,2424,1,161,100193,71,99a9d9a4c4,3,7
12878859417849610427,14102922,0,1,e151e245,7e091613,f028772b,ecad2386,7801e8d9,07d7df22,a99f214a,8401d76a,fce66524,1,0,1005,22813,320,50,2647,2,35,100148,23,2c15027dab,6,7
14222566674992454721,14102922,0,0,85f751fd,c4e18dd6,50e219e0,0acbeaa3,45a51db4,f95efa07,a99f214a,9d11b9fb,cd5b1559,1,2,1005,23725,320,50,2716,3,47,-1,23,3ce8381186,10,13
15297614654086002066,14102922,0,0,1fbe01fe,f3845767,28905ebd,ecad2386,7801e8d9,07d7df22,a99f214a,b4e74089,1f0bc64f,1,0,1005,15703,320,50,1722,0,35,-1,79,81159d82de,53,82
15556343757977570144,14102922,0,0,85f751fd,c4e18dd6,50e219e0,e2fcccd2,5c5a694b,0f2161f8,a1f67481,ad19121a,be6db1d7,1,0,1005,18496,320,50,2104,3,1831,-1,171,0246291f31,6,7
467423228793180453,14102922,0,1,e151e245,7e091613,f028772b,ecad2386,7801e8d9,07d7df22,a99f214a,b3177f50,24f6b932,1,0,1005,22832,320,50,2647,2,35,100148,23,429c44dde6,2,4
4936004544339081150,14102922,0,1,e151e245,7e091613,f028772b,ecad2386,7801e8d9,07d7df22,a99f214a,3220d215,8a4875bd,1,0,1005,22754,320,50,2639,2,35,-1,23,bfe6cd59b7,41,52
7944351870219196369,14102922,0,0,1fbe01fe,f3845767,28905ebd,ecad2386,7801e8d9,07d7df22,a99f214a,6929d972,3e176bb5,1,0,1005,15704,320,50,1722,0,35,-1,79,a6dad2c2ef,36,52
8328034587476056129,14102922,0,1,85f751fd,c4e18dd6,50e219e0,8c0dcd5a,7801e8d9,0f2161f8,efaa6bc9,e9d766ab,be74e6fe,4,0,1010,23819,320,50,2728,0,290,-1,42,2fb4b20544,7,9
1074724989159903051,14102923,0,0,85f751fd,c4e18dd6,50e219e0,45aff1a2,5c620f04,d1327cf5,03627949,2ea6f1fd,41971090,1,0,1005,22823,320,50,2648,3,39,100148,23,8c0c66bfcf,4,32
11861296391016381602,14102923,0,1,85f751fd,c4e18dd6,50e219e0,ffc6ffd0,7801e8d9,0f2161f8,4da11bcb,6085ff56,7abbbd5c,4,0,1010,23726,320,50,2717,2,47,-1,23,3006b2fc0c,1,5
12606018094151131113,14102923,1,0,93eaba74,7687a86e,3e814130,ecad2386,7801e8d9,07d7df22,a99f214a,ece9d700,779d90c2,1,0,1005,19015,300,250,2162,2,39,-1,33,e292424b50,1,1
13751251494718960517,14102923,0,0,54e6fb06,91dd76e0,28905ebd,ecad2386,7801e8d9,07d7df22,a99f214a,2be58236,260bcecc,1,0,1005,23723,320,50,2716,3,47,100248,23,07dd1a2990,6,13
16074093287141130480,14102923,0,0,1fbe01fe,f3845767,28905ebd,ecad2386,7801e8d9,07d7df22,a99f214a,16db5ec5,8a4875bd,1,0,1005,15708,320,50,1722,0,35,-1,79,e90d4d53c5,4,5
194208839372599355,14102923,0,1,85f751fd,c4e18dd6,50e219e0,ffc6ffd0,7801e8d9,0f2161f8,ff4b9a28,f92a51a2,2b092d6f,4,0,1010,23823,320,50,2728,0,290,-1,42,9bc5724c30,19,24
3433281009787720967,14102923,0,0,85f751fd,c4e18dd6,50e219e0,92f5800b,ae637522,0f2161f8,a99f214a,b5192b92,0bcabeaf,1,3,1005,21191,320,50,2424,1,161,100192,71,384cc86d4b,1,1
3518004383024281042,14102923,0,0,1fbe01fe,f3845767,28905ebd,ecad2386,7801e8d9,07d7df22,a99f214a,d68f9993,7abbbd5c,1,0,1005,15699,320,50,1722,0,35,100084,79,8d336b824c,6,32
4136917359508373354,14102923,0,0,85f751fd,c4e18dd6,50e219e0,92f5800b,ae637522,0f2161f8,a99f214a,d14fdd02,e1eae715,1,3,1005,21191,320,50,2424,1,161,100193,71,3c3f72ad33,3,4
5991154907087068779,14102923,0,0,85f751fd,c4e18dd6,50e219e0,c3f39675,2347f47a,0f2161f8,a99f214a,75b21d83,5db079b5,1,2,1005,23725,320,50,2716,3,47,-1,23,b116a8ca0e,2,2
7115492577784789341,14102923,0,0,85f751fd,c4e18dd6,50e219e0,53de0284,d9b5648e,0f2161f8,a99f214a,0a6fbe9b,9b5ce758,1,0,1005,21611,320,50,2480,3,297,100111,61,bf7293482d,8,19
7716216872154047257,14102923,0,0,f9c4aa74,9d18acfb,50e219e0,ecad2386,7801e8d9,07d7df22,e24ccc7e,51fff57a,e27ae37e,0,0,1002,23552,320,50,2699,0,163,100103,212,360081a49a,2,2
9983890192267672127,14102923,0,0,85f751fd,c4e18dd6,50e219e0,92f5800b,ae637522,0f2161f8,a99f214a,7b696d53,e1eae715,1,3,1005,21191,320,50,2424,1,161,100190,71,54147e4326,1,1
10194515763389661290,14103000,1,0,85f751fd,c4e18dd6,50e219e0,9c13b419,2347f47a,f95efa07,a99f214a,7d912161,c6263d8a,1,0,1005,23722,320,50,2716,3,47,-1,23,68b0d177f0,19,23
10353570265614031823,14103000,0,0,5c7db25f,3b5e35d7,50e219e0,ecad2386,7801e8d9,07d7df22,c31c1f28,61587797,a9b05547,0,0,1002,15708,320,50,1722,0,35,-1,79,e70f8d9c29,1,1
10504457611794278697,14103000,0,1,b7e9786d,b12b9f85,f028772b,ecad2386,7801e8d9,07d7df22,a99f214a,127ef277,3e7932d7,1,0,1005,19771,320,50,2227,0,935,100081,48,5ade85ab31,7,9
11097139515658456874,14103000,0,1,e4d8dd7b,a17bde68,3e814130,ecad2386,7801e8d9,07d7df22,a99f214a,0ae59c8b,86030d43,1,0,1005,19772,320,50,2227,0,935,100074,48,e3d8157e68,3,4
11234288191731868186,14103000,0,0,85f751fd,c4e18dd6,50e219e0,3bfa19cb,2347f47a,0f2161f8,fb9f73d8,fb250529,4ceb2e0b,1,0,1005,22487,320,50,1161,3,427,100221,61,f3e4b4eda9,5,26
11414399613000035536,14103000,0,1,ec47f32a,7e091613,f028772b,ecad2386,7801e8d9,07d7df22,a99f214a,ad67dfb4,62062c1e,1,0,1005,23537,320,50,2695,0,35,100021,51,dfaef0f3af,2,2
11665968446469322323,14103000,1,0,4bf5bbe2,6b560cc1,28905ebd,ecad2386,7801e8d9,07d7df22,a99f214a,a6fcfd40,2573dd72,1,0,1005,16859,320,50,1887,3,39,100194,23,9d6b519805,29,34
12801308683690932875,14103000,1,1,e151e245,7e091613,f028772b,ecad2386,7801e8d9,07d7df22,a99f214a,81f9a122,2882146f,1,0,1005,23725,320,50,2716,3,47,-1,23,f027f9f18e,2,3
12803358302869360094,14103000,0,0,1fbe01fe,f3845767,28905ebd,ecad2386,7801e8d9,07d7df22,a99f214a,07875ea4,5096d134,1,0,1005,15699,320,50,1722,0,35,-1,79,0b5ee7f620,1,10
13766614769463183749,14103000,0,0,85f751fd,c4e18dd6,50e219e0,9c13b419,2347f47a,f95efa07,a99f214a,64b5d105,3138cddf,1,0,1005,23722,320,50,2716,3,47,-1,23,31318ce909,2,2
13846487065735612477,14103000,1,0,84c7ba46,c4e18dd6,50e219e0,ecad2386,7801e8d9,07d7df22,3cdb4052,ac17c9c5,373ecbe6,0,0,1002,23438,320,50,2684,2,1327,100055,52,91aab31df4,9,19
13976306271450813408,14103000,0,1,ec47f32a,7e091613,f028772b,ecad2386,7801e8d9,07d7df22,a99f214a,4604f561,4ea23a13,1,0,1005,23537,320,50,2695,0,35,100021,51,f5e53506e8,2,9
14240513442999661976,14103000,1,1,e151e245,7e091613,f028772b,ecad2386,7801e8d9,07d7df22,a99f214a,af4a4985,fce66524,1,0,1005,22832,320,50,2647,2,35,100148,23,2bc0ef2d4e,1,2
1426475381334048300,14103000,0,1,e151e245,7e091613,f028772b,ecad2386,7801e8d9,07d7df22,a99f214a,8ddc19fe,e9b8d8d7,1,0,1005,17747,320,50,1974,2,39,-1,33,5f28cbbc3f,9,17
14349193070350938262,14103000,0,0,85f751fd,c4e18dd6,50e219e0,7358e05e,b9528b13,cef3e649,d736b5ff,546bd033,1f0bc64f,1,0,1005,23726,320,50,2717,2,47,-1,23,1abfd033f5,14,16
14602034331782396475,14103000,0,0,85f751fd,c4e18dd6,50e219e0,febd1138,82e27996,0f2161f8,a99f214a,e2b4f31f,b4b19c97,1,0,1005,21611,320,50,2480,3,297,100111,61,b5e7279d5c,12,18
15577163999794132437,14103000,1,1,ec47f32a,7e091613,f028772b,ecad2386,7801e8d9,07d7df22,a99f214a,0a82fee8,8f5c9827,1,0,1005,23536,320,50,2695,0,35,-1,51,311bca7b9a,2,2
15815379167397623059,14103000,0,0,85f751fd,c4e18dd6,50e219e0,66f5e02e,6f7ca2ba,0f2161f8,a99f214a,16d2a065,24f6b932,1,0,1005,23689,300,50,2712,2,35,-1,23,ae6274d768,4,4
16774270359618036929,14103000,0,1,ec47f32a,7e091613,f028772b,ecad2386,7801e8d9,07d7df22,a99f214a,938950e7,4395dba6,1,0,1005,23540,320,50,2695,0,35,-1,51,e8067ccdf4,9,10
17118098579211425485,14103000,0,1,e151e245,7e091613,f028772b,ecad2386,7801e8d9,07d7df22,a99f214a,d23fd29f,e9b8d8d7,1,0,1005,23722,320,50,2716,3,47,-1,23,99c3921404,1,5
17338664908893888238,14103000,0,1,e151e245,7e091613,f028772b,ecad2386,7801e8d9,07d7df22,a99f214a,a5529924,1ccc7835,1,0,1005,22170,320,50,2553,2,167,-1,23,203741cab3,1,39
17446119000472914126,14103000,1,0,85f751fd,c4e18dd6,50e219e0,9c13b419,2347f47a,f95efa07,a99f214a,359c959f,c6263d8a,1,0,1005,23725,320,50,2716,3,47,-1,23,486cc46668,12,24
17816218179924665283,14103000,0,0,85f751fd,c4e18dd6,50e219e0,7358e05e,b9528b13,cef3e649,d5060040,426fdc12,d4897fef,1,0,1005,23728,320,50,2717,2,47,-1,23,73e88f9136,5,5
1803396302914340972,14103000,0,0,25e5c4b8,7d78a76e,f028772b,ecad2386,7801e8d9,07d7df22,a99f214a,a94cf797,1f0bc64f,1,0,1005,23730,300,250,2717,2,47,-1,23,3c3f72ad33,2,31
1826003682584588747,14103000,0,0,85f751fd,c4e18dd6,50e219e0,9c13b419,2347f47a,f95efa07,a99f214a,b14d3d64,cd5b1559,1,2,1005,23726,320,50,2717,2,47,-1,23,5e4bb36db0,19,41
2023549697452406588,14103000,1,0,cd58172f,b9c4ab81,f028772b,ecad2386,7801e8d9,07d7df22,a99f214a,81065f85,5db079b5,1,2,1005,23723,320,50,2716,3,47,-1,23,4fe2a74129,10,26
2370712853671432351,14103000,0,0,85f751fd,c4e18dd6,50e219e0,da90aa44,d9b5648e,0f2161f8,a99f214a,8d044e35,f4fffcd0,1,0,1005,21611,320,50,2480,3,297,100111,61,8e86111306,1,2
2720036652878117862,14103000,0,0,1fbe01fe,f3845767,28905ebd,ecad2386,7801e8d9,07d7df22,a99f214a,431b3174,3bd9e8e7,1,0,1005,15708,320,50,1722,0,35,-1,79,0be1846ddc,2,3
435667233916783219,14103000,0,1,e151e245,7e091613,f028772b,ecad2386,7801e8d9,07d7df22,a99f214a,81f9a122,2882146f,1,0,1005,23722,320,50,2716,3,47,-1,23,b14ac25567,10,17
4555596312475894026,14103000,0,0,85f751fd,c4e18dd6,50e219e0,9c13b419,2347f47a,f95efa07,a99f214a,b7b59615,cd5b1559,1,2,1005,23728,320,50,2717,2,47,-1,23,e2753a5576,3,10
4649064803639224259,14103000,0,0,85f751fd,c4e18dd6,50e219e0,e2fcccd2,5c5a694b,0f2161f8,a99f214a,b0070d9a,4ea23a13,1,0,1005,20634,320,50,2374,3,39,-1,23,858d030de8,2,4
4752714544212713616,14103000,0,1,85f751fd,c4e18dd6,50e219e0,1dc72b4d,2347f47a,0f2161f8,1da025df,37f5219f,79aa6016,1,0,1005,23712,300,50,2714,3,35,-1,23,25cd00d5e6,6,16
5728283151771665096,14103000,0,1,e4d8dd7b,a17bde68,3e814130,ecad2386,7801e8d9,07d7df22,a99f214a,debf7edc,76dc4769,1,0,1005,8330,320,50,761,3,175,100075,23,cb7b65ec88,4,8
5772722214241126803,14103000,0,0,1fbe01fe,f3845767,28905ebd,ecad2386,7801e8d9,07d7df22,a99f214a,ccc84497,0153a639,1,0,1005,15705,320,50,1722,0,35,-1,79,36efde2deb,8,10
5853550793818526800,14103000,0,0,85f751fd,c4e18dd6,50e219e0,a37bf1e4,7801e8d9,07d7df22,d386d63e,dffe88f1,a08d16cd,0,0,1002,23552,320,50,2699,0,163,-1,212,313fe595fd,7,17
589776728529528704,14103000,0,0,cf3a1767,98acf46c,50e219e0,ecad2386,7801e8d9,07d7df22,972a8e1f,09f69535,c8f4cbde,0,0,1002,22170,320,50,2553,2,167,-1,23,a4aab49ea2,20,20
6797166627567529275,14103000,0,1,e151e245,7e091613,f028772b,ecad2386,7801e8d9,07d7df22,a99f214a,40c020f3,711ee120,1,0,1005,21674,320,50,2495,2,167,-1,23,a5d124d5ad,4,11
7305035971118998580,14103000,0,1,85f751fd,c4e18dd6,50e219e0,1dc72b4d,2347f47a,0f2161f8,451bdd87,a9b1d517,180a896e,1,0,1005,23712,300,50,2714,3,35,-1,23,f8a65245f2,13,13
7626594458546208268,14103000,0,0,85f751fd,c4e18dd6,50e219e0,92f5800b,ae637522,0f2161f8,a99f214a,b519d290,0bcabeaf,1,3,1005,21191,320,50,2424,1,161,100189,71,26146f20dc,9,9
7846810929215637562,14103000,0,0,1fbe01fe,f3845767,28905ebd,ecad2386,7801e8d9,07d7df22,a99f214a,b9b7e7d3,36d749e5,1,0,1005,15708,320,50,1722,0,35,-1,79,187621f909,5,13
7956594259695424967,14103000,0,1,85f751fd,c4e18dd6,50e219e0,b8875973,7801e8d9,0f2161f8,6a590999,df565ac3,2b127119,5,2,1010,20285,728,90,2325,3,801,-1,42,d12f08c23a,3,8
828689892230031518,14103000,0,0,1fbe01fe,f3845767,28905ebd,ecad2386,7801e8d9,07d7df22,a99f214a,0ea7311d,fba60933,1,0,1005,15701,320,50,1722,0,35,-1,79,b9a4890b61,6,7
8483495907024565895,14103000,1,0,1fbe01fe,f3845767,28905ebd,ecad2386,7801e8d9,07d7df22,a99f214a,41cf8095,5096d134,1,0,1005,15702,320,50,1722,0,35,-1,79,bf3945dbc1,1,6
8535679931891138371,14103000,0,1,ec47f32a,7e091613,f028772b,ecad2386,7801e8d9,07d7df22,a99f214a,7f5cf1c4,e8811b1f,1,0,1005,23540,320,50,2695,0,35,100021,51,ee5333331c,4,5
8636805993068596963,14103000,0,1,e151e245,7e091613,f028772b,ecad2386,7801e8d9,07d7df22,a99f214a,abc215f5,60f13afb,1,0,1005,17014,320,50,1872,3,39,-1,23,38f7a0c352,1,11
9892594603358502940,14103000,0,0,85f751fd,c4e18dd6,50e219e0,febd1138,82e27996,0f2161f8,a99f214a,4c0e93e1,99e427c9,1,0,1005,21611,320,50,2480,3,297,100111,61,3b00f4c4ed,14,14
10575653797449320364,14103001,1,1,e151e245,7e091613,f028772b,ecad2386,7801e8d9,07d7df22,a99f214a,b6cc5a97,d787e91b,1,0,1005,17014,320,50,1872,3,39,-1,23,0cb992b59e,7,14
11238047888693593493,14103001,0,1,85f751fd,c4e18dd6,50e219e0,1dc72b4d,2347f47a,0f2161f8,8bb50c36,35717486,fce66524,1,0,1005,23714,300,50,2714,3,35,100013,23,5d48fbac9a,1,1
11460609004039794142,14103001,0,0,1fbe01fe,f3845767,28905ebd,ecad2386,7801e8d9,07d7df22,a99f214a,b0367aef,a5bce124,1,0,1005,15708,320,50,1722,0,35,100084,79,18f6dd09db,4,8
11921643235929462933,14103001,1,1,57fe1b20,5b626596,f028772b,ecad2386,7801e8d9,07d7df22,a99f214a,f9aae96a,ecb851b2,1,0,1005,23723,320,50,2716,3,47,-1,23,2964691255,4,4
12386100738182021651,14103001,0,1,d9750ee7,98572c79,f028772b,ecad2386,7801e8d9,07d7df22,a99f214a,b224eb57,0fadd2fe,1,0,1005,17614,320,50,1993,2,1063,100084,33,d89713cc2b,2,8
12641562644670438948,14103001,0,1,85f751fd,c4e18dd6,50e219e0,cf0327f9,2347f47a,0f2161f8,ab011747,a8e05c09,172bcd0d,1,0,1005,23710,300,50,2714,3,35,-1,23,f57a907099,2,2
12684880376659529671,14103001,0,1,85f751fd,c4e18dd6,50e219e0,8c0dcd5a,7801e8d9,0f2161f8,cdc06950,f70ad4a1,8c7bf5ca,4,0,1010,23641,320,50,2709,3,39,100130,23,e0c813acc3,1,3
13021006997770338276,14103001,0,1,85f751fd,c4e18dd6,50e219e0,cf0327f9,2347f47a,0f2161f8,e660b3a6,88b1b49e,03845d44,1,0,1005,23644,300,50,2709,3,39,-1,23,e77fa05208,2,24
13230643014125964514,14103001,0,0,85f751fd,c4e18dd6,50e219e0,febd1138,82e27996,0f2161f8,a99f214a,e40b622c,99e427c9,1,0,1005,21611,320,50,2480,3,297,100111,61,5ade85ab31,1,1
14045964789276328080,14103001,0,0,1fbe01fe,f3845767,28905ebd,ecad2386,7801e8d9,07d7df22,a99f214a,1735dc60,8a4875bd,1,0,1005,15704,320,50,1722,0,35,-1,79,e80ed9693c,2,11
1430418658597423327,14103001,0,0,85f751fd,c4e18dd6,50e219e0,e96fc2d3,7801e8d9,07d7df22,a99f214a,2ed593f2,cd5b1559,1,2,1012,23715,320,50,2715,2,35,100111,90,866a587f23,3,3
14530720701582259592,14103001,0,0,e7a92cc6,7e1e7bdf,50e219e0,ecad2386,7801e8d9,07d7df22,63251bd5,2c44f7a9,43e7b962,0,0,1002,22702,300,50,2624,0,35,100074,221,0fe9084613,8,16
14648586276438193630,14103001,0,0,1fbe01fe,f3845767,28905ebd,ecad2386,7801e8d9,07d7df22,a99f214a,3d603d26,ecb851b2,1,0,1005,15705,320,50,1722,0,35,-1,79,604a8316cf,1,4
15448763099580596963,14103001,0,0,5c446ec1,9eb38397,50e219e0,ecad2386,7801e8d9,07d7df22,0c3da8e0,4c1fdfec,d10eeaaf,0,0,1002,6563,320,50,572,2,39,-1,32,c7c2c6ffa6,31,38
15547624318101964875,14103001,0,0,bb4524e7,d733bbc3,28905ebd,ecad2386,7801e8d9,07d7df22,a99f214a,0c63e700,24f6b932,1,0,1005,22624,320,50,2374,3,39,100119,23,116f203332,3,3
16088440825646155816,14103001,0,0,85f751fd,c4e18dd6,50e219e0,febd1138,82e27996,0f2161f8,a99f214a,12e6bbde,99e427c9,1,0,1005,21611,320,50,2480,3,297,100111,61,9dcb89b112,4,8
1637715847690731694,14103001,0,0,85f751fd,c4e18dd6,50e219e0,9c13b419,2347f47a,f95efa07,a99f214a,f02d77a7,41971090,1,0,1005,23728,320,50,2717,2,47,-1,23,af387ec9c5,5,7
1643094803909242527,14103001,0,1,96e44b4b,9057b1fe,3e814130,ecad2386,7801e8d9,07d7df22,a99f214a,c50494dd,a0f5f879,1,0,1005,15704,320,50,1722,0,35,100084,79,c220de62ee,1,1
16666401708322789369,14103001,0,1,856e6d3f,58a89a43,f028772b,ecad2386,7801e8d9,07d7df22,a99f214a,e20f2e41,be6db1d7,1,0,1005,22680,320,50,2528,0,167,100079,221,5ac0c00650,14,26
17088416393176964274,14103001,1,0,2328ee8e,7804dea6,f028772b,ecad2386,7801e8d9,07d7df22,a99f214a,c41fe74f,3bb1ddd7,1,0,1005,23369,320,50,2680,3,815,100156,42,db42795335,2,2
17907851162142703495,14103001,0,0,1fbe01fe,f3845767,28905ebd,ecad2386,7801e8d9,07d7df22,a99f214a,bca8f26d,78d9bd10,1,0,1005,15703,320,50,1722,0,35,-1,79,a071e6b454,2,4
18419544581679335886,14103001,0,0,ec6898f1,589c925d,50e219e0,ecad2386,7801e8d9,07d7df22,6d27dbdd,a50cae83,373ecbe6,0,0,1002,21789,320,50,2512,2,291,100012,52,dc4484e942,13,31
2056832107506119600,14103001,0,0,85f751fd,c4e18dd6,50e219e0,2bc6bb64,7801e8d9,0f2161f8,e03ddaff,4b655ee4,1b13b020,1,0,1005,23725,320,50,2716,3,47,-1,23,a4aab49ea2,1,2
2513903665606038167,14103001,0,0,85f751fd,c4e18dd6,50e219e0,54c5d545,2347f47a,0f2161f8,6705aba7,557140ff,cd5b1559,1,2,1005,17017,320,50,1873,3,39,-1,23,56a110b0d6,2,6
2914672265045561816,14103001,1,1,17caea14,0dde25ec,f028772b,ecad2386,7801e8d9,07d7df22,a99f214a,7532e44f,5ec45883,1,0,1005,22681,320,50,2528,0,167,100079,221,844b2f5d0d,8,8
3017105401555633357,14103001,1,1,ec47f32a,7e091613,f028772b,ecad2386,7801e8d9,07d7df22,a99f214a,7cea2dea,8b1aa260,1,0,1005,23536,320,50,2695,0,35,100021,51,42025c351c,8,9
3020797634940637932,14103001,0,1,ec47f32a,7e091613,f028772b,ecad2386,7801e8d9,07d7df22,a99f214a,4602070e,2cd8ff6d,1,0,1005,23540,320,50,2695,0,35,-1,51,1494827e25,1,9
3202183919735313696,14103001,1,0,85f751fd,c4e18dd6,50e219e0,e2fcccd2,5c5a694b,0f2161f8,4515459f,475ecaac,d787e91b,1,0,1005,20633,320,50,2374,3,39,-1,23,3d7779584c,10,22
3839903870345984083,14103001,0,0,85f751fd,c4e18dd6,50e219e0,a4db51b9,d9b5648e,0f2161f8,a99f214a,956d91e2,aad45b01,1,0,1005,21611,320,50,2480,3,297,100111,61,1a2faba7af,1,5
4207182610323703303,14103001,1,1,e151e245,7e091613,f028772b,ecad2386,7801e8d9,07d7df22,a99f214a,f728f06a,0af36777,1,0,1005,22166,320,50,2553,2,167,-1,23,31b388ba86,4,16
4334539141428044541,14103001,0,1,d9750ee7,98572c79,f028772b,ecad2386,7801e8d9,07d7df22,a99f214a,df96a37a,84ebbcd4,1,0,1005,17614,320,50,1993,2,1063,100084,33,65b2f2c914,6,6
4609424270912813192,14103001,0,0,6c5b482c,7687a86e,3e814130,ecad2386,7801e8d9,07d7df22,a99f214a,59ba61e8,8587457d,1,0,1005,22607,300,250,2610,3,167,100200,23,ced31284d9,1,53
4678118016381241021,14103001,0,0,47753f16,9ece7167,f028772b,ecad2386,7801e8d9,07d7df22,a99f214a,220cb046,79aa6016,1,0,1005,17212,320,50,1887,3,39,100194,23,f436f0dbe9,11,12
516701911581471256,14103001,1,0,1fbe01fe,f3845767,28905ebd,ecad2386,7801e8d9,07d7df22,a99f214a,bca8f26d,d787e91b,1,0,1005,15705,320,50,1722,0,35,-1,79,1abfd033f5,6,8
5417803368749022957,14103001,0,0,85f751fd,c4e18dd6,50e219e0,7358e05e,b9528b13,cef3e649,a275a062,31f8e95a,89416188,1,0,1005,23729,320,50,2717,2,47,-1,23,9e8b68f567,8,8
5478010452241490059,14103001,0,0,85f751fd,c4e18dd6,50e219e0,e2a1ca37,2347f47a,8ded1f7a,57f52752,73c66b60,27c67709,1,0,1005,15702,320,50,1722,0,35,100084,79,1ecbc789cb,6,8
5485898519329400233,14103001,0,0,1fbe01fe,f3845767,28905ebd,ecad2386,7801e8d9,07d7df22,a99f214a,e255b88b,ff065cf0,1,2,1005,15705,320,50,1722,0,35,-1,79,c64119c5ff,4,17
5766653071083076050,14103001,1,0,9e8e8d09,c4e18dd6,50e219e0,ecad2386,7801e8d9,07d7df22,ca04fec1,7a550ee2,0dbcc560,0,0,1002,22703,320,50,2624,0,35,-1,221,58fc1e3bd5,9,21
5956088327230067277,14103001,0,0,5b08c53b,7687a86e,3e814130,ecad2386,7801e8d9,07d7df22,a99f214a,94912606,36d749e5,1,0,1005,17654,300,250,1994,2,39,-1,33,e7597d6b02,1,8
6829977666569131050,14103001,0,0,1fbe01fe,f3845767,28905ebd,ecad2386,7801e8d9,07d7df22,a99f214a,2a5b8822,711ee120,1,0,1005,15705,320,50,1722,0,35,-1,79,dfcfe2e58e,36,48
7120259878833505530,14103001,1,0,85f751fd,c4e18dd6,50e219e0,da90aa44,d9b5648e,0f2161f8,a99f214a,2da57490,2ea4f8ba,1,0,1005,21611,320,50,2480,3,297,100111,61,64878294d5,9,31
7580032751481839605,14103001,1,0,5b08c53b,7687a86e,3e814130,ecad2386,7801e8d9,07d7df22,a99f214a,d195e308,05e70df4,1,0,1005,17653,300,250,1994,2,39,100083,33,82071fd0c4,3,8
7612506766472504803,14103001,0,0,85f751fd,c4e18dd6,50e219e0,febd1138,82e27996,0f2161f8,a99f214a,06c17e1a,2ea4f8ba,1,0,1005,21611,320,50,2480,3,297,100111,61,e00825db76,3,7
7659315027889936329,14103001,1,1,5b4d2eda,16a36ef3,f028772b,ecad2386,7801e8d9,07d7df22,a99f214a,38c8f850,a0f5f879,1,0,1005,8330,320,50,761,3,175,-1,23,1494827e25,4,5
8690454919612191224,14103001,0,0,85f751fd,c4e18dd6,50e219e0,9c13b419,2347f47a,f95efa07,a99f214a,ec728dc3,7abbbd5c,1,0,1005,23725,320,50,2716,3,47,-1,23,f053587ed9,1,7
8850363254817597933,14103001,0,0,85f751fd,c4e18dd6,50e219e0,9c13b419,2347f47a,f95efa07,a99f214a,91cf1152,1f0bc64f,1,0,1005,23729,320,50,2717,2,47,-1,23,252479b306,2,5
9409707903762963921,14103001,0,1,e151e245,7e091613,f028772b,ecad2386,7801e8d9,07d7df22,a99f214a,d663abe0,c9a7ccb1,1,0,1005,17037,320,50,1934,2,39,-1,16,7d3448d07d,3,6
9551287247517830731,14103001,0,0,5daed544,400fbb48,50e219e0,ecad2386,7801e8d9,07d7df22,d73c6dd8,eba4a001,0e88538f,0,0,1002,5299,320,50,479,3,39,100081,23,fda8e369e3,8,17
978056050220600281,14103001,1,0,1fbe01fe,f3845767,28905ebd,ecad2386,7801e8d9,07d7df22,a99f214a,fe349647,a0f5f879,1,0,1005,15706,320,50,1722,0,35,-1,79,36efd6bc7a,1,2
9808123557371970209,14103001,0,0,1fbe01fe,f3845767,28905ebd,ecad2386,7801e8d9,07d7df22,a99f214a,0f3dc242,517bef98,1,0,1005,15708,320,50,1722,0,35,-1,79,c530c3f590,3,28
9820339297463586541,14103001,0,0,a0a4523d,c4e18dd6,50e219e0,ecad2386,7801e8d9,07d7df22,96a15844,9c0ca599,0d331951,0,0,1002,6563,320,50,572,2,39,-1,32,79a59aa501,36,49
9981189148353545894,14103001,0,1,d9750ee7,98572c79,f028772b,ecad2386,7801e8d9,07d7df22,a99f214a,14d78899,e9b8d8d7,1,0,1005,17614,320,50,1993,2,1063,-1,33,1c541d5426,3,3
10045435017410823081,14103002,0,0,85f751fd,c4e18dd6,50e219e0,51cedd4e,aefc06bd,0f2161f8,a99f214a,c8b8fd54,bbeedfee,1,0,1005,18648,320,50,1092,3,811,100156,61,c9c3f9881e,4,4
10072152406044163998,14103002,0,0,85f751fd,c4e18dd6,50e219e0,febd1138,82e27996,0f2161f8,a99f214a,01f31a32,99e427c9,1,0,1005,21611,320,50,2480,3,297,100111,61,7aa4acf7c3,1,3
1024973268009952587,14103002,1,0,1fbe01fe,f3845767,28905ebd,ecad2386,7801e8d9,07d7df22,a99f214a,300ac05c,711ee120,1,0,1005,23756,320,50,2724,0,35,-1,253,d7211e70c4,1,29
10500199968527305580,14103002,0,1,5b4d2eda,16a36ef3,f028772b,ecad2386,7801e8d9,07d7df22,a99f214a,45a3ea3b,505731e4,1,0,1005,21893,320,50,2526,0,167,-1,221,097802cb23,12,18
10769804617174422425,14103002,0,0,85f751fd,c4e18dd6,50e219e0,66f5e02e,6f7ca2ba,0f2161f8,dc92365c,3f2b8d6f,be87996b,1,2,1005,20071,320,50,2291,3,35,-1,43,07dd1a2990,5,6
10874488404512038612,14103002,1,0,85f751fd,c4e18dd6,50e219e0,9c13b419,2347f47a,f95efa07,a99f214a,1467b2b7,be74e6fe,1,0,1005,23725,320,50,2716,3,47,-1,23,41141b53e4,6,8
1088274863755758039,14103002,0,0,826d04d2,05a0f9ec,c0dd3be3,ecad2386,7801e8d9,07d7df22,a99f214a,4eb30768,1ccc7835,1,0,1005,8330,320,50,761,3,175,100079,23,a527882ae0,3,7
11155194149804711922,14103002,0,0,93eaba74,7687a86e,3e814130,ecad2386,7801e8d9,07d7df22,a99f214a,6b9769f2,8571106b,1,0,1005,17653,300,250,1994,2,39,-1,33,5e4bb36db0,7,16
11289562663538877829,14103002,0,0,85f751fd,c4e18dd6,50e219e0,e2fcccd2,5c5a694b,0f2161f8,a99f214a,9acb7170,a0f5f879,1,0,1005,4687,320,50,423,2,39,-1,32,ab0d641088,5,13
11314699475398973313,14103002,0,0,93eaba74,7687a86e,3e814130,ecad2386,7801e8d9,07d7df22,a99f214a,a75faa98,84ebbcd4,1,0,1005,17653,300,250,1994,2,39,-1,33,3fe68b5a5f,7,10
11364411236517898434,14103002,0,7,85f751fd,c4e18dd6,50e219e0,6c3ef9e3,7801e8d9,0f2161f8,a2771da4,b4800e65,5dee1d65,4,3,1010,20289,320,480,2325,3,801,-1,42,2bc0ef2d4e,7,14
11419397443473360557,14103002,0,1,e4d8dd7b,a17bde68,3e814130,ecad2386,7801e8d9,07d7df22,a99f214a,c69122bb,be6db1d7,1,0,1005,8330,320,50,761,3,175,100077,23,e46dd5887f,2,6
11654711478362807379,14103002,0,1,85f751fd,c4e18dd6,50e219e0,cf0327f9,2347f47a,0f2161f8,7c60fc73,07d8913e,84ebbcd4,1,0,1005,22641,300,50,2060,3,39,-1,23,f39217048c,1,3
11707045670092056520,14103002,0,0,47753f16,9ece7167,f028772b,ecad2386,7801e8d9,07d7df22,a99f214a,a452225c,17c39b97,1,0,1005,16858,320,50,1887,3,39,100199,23,c76841cf70,7,11
11846076055687493126,14103002,0,0,85f751fd,c4e18dd6,50e219e0,e96166c7,2347f47a,0f2161f8,4d3552f5,cc304e31,a37235a0,1,0,1005,21611,320,50,2480,3,297,100111,61,77d76f0861,1,9
12126309451477203249,14103002,1,1,e151e245,7e091613,f028772b,ecad2386,7801e8d9,07d7df22,a99f214a,3ef3c9fe,e043f7b2,1,0,1005,17037,320,50,1934,2,39,-1,16,8874113c32,1,1
12167920692522966618,14103002,0,1,e151e245,7e091613,f028772b,ecad2386,7801e8d9,07d7df22,a99f214a,bf02a32d,4ea23a13,1,0,1005,23725,320,50,2716,3,47,-1,23,4dd543f575,1,2
12545208109552297340,14103002,0,0,85f751fd,c4e18dd6,50e219e0,febd1138,82e27996,0f2161f8,a99f214a,d4df5f77,9b5ce758,1,0,1005,21611,320,50,2480,3,297,100111,61,a23d82506d,4,18
1264823320801943191,14103002,0,1,57ef2c87,bd6d812f,f028772b,ecad2386,7801e8d9,07d7df22,a99f214a,f9dc3804,c144e605,1,0,1005,8330,320,50,761,3,175,100077,23,cea06f2305,1,1
12790945812386648891,14103002,0,1,85f751fd,c4e18dd6,50e219e0,1dc72b4d,2347f47a,0f2161f8,80a172d7,c72d318b,7fdd04d2,1,0,1005,23709,300,50,2714,3,35,100013,23,9d7fcf7de3,1,13
13441773103218711316,14103002,0,1,e151e245,7e091613,f028772b,ecad2386,7801e8d9,07d7df22,a99f214a,79cacfe5,ecb851b2,1,0,1005,21674,320,50,2495,2,167,-1,23,bdcf780eb6,1,5
13536909195165553989,14103002,0,1,57ef2c87,bd6d812f,f028772b,ecad2386,7801e8d9,07d7df22,a99f214a,d9ff0865,9f765ab9,1,0,1005,17893,320,50,2039,2,39,100075,32,2c9bddd44e,2,2
1415078355557276822,14103002,0,0,85f751fd,c4e18dd6,50e219e0,a5184c22,b8d325c3,0f2161f8,a99f214a,c0d392eb,7abbbd5c,1,0,1005,22800,320,50,2645,3,35,-1,23,1eaa9b943b,6,6
14571600530161980481,14103002,0,0,39cffaa4,c4e18dd6,50e219e0,ecad2386,7801e8d9,07d7df22,27c69c33,d3969edd,0e88538f,0,0,1002,23438,320,50,2684,2,1327,100188,52,17ef2358b4,1,1
14857811165501715669,14103002,1,0,85f751fd,c4e18dd6,50e219e0,9c13b419,2347f47a,f95efa07,a99f214a,ab9f4d55,d787e91b,1,0,1005,23725,320,50,2716,3,47,-1,23,35243cfc3e,9,22
14861396361498254810,14103002,0,0,85f751fd,c4e18dd6,50e219e0,9c13b419,2347f47a,f95efa07,a99f214a,a957b466,a53d68c3,1,0,1005,23722,320,50,2716,3,47,-1,23,baa1ecad30,4,13
15436168955122281195,14103002,0,1,e151e245,7e091613,f028772b,ecad2386,7801e8d9,07d7df22,a99f214a,4b65da57,1f0bc64f,1,0,1005,23723,320,50,2716,3,47,-1,23,123c584c6f,7,8
15550593515180965449,14103002,1,0,1fbe01fe,f3845767,28905ebd,ecad2386,7801e8d9,07d7df22,a99f214a,b8d43bb7,0989142d,1,0,1005,23756,320,50,2724,0,35,-1,253,bac1504516,7,80
15773955185769200799,14103002,0,0,85f751fd,c4e18dd6,50e219e0,65f37f55,d9b5648e,0f2161f8,a99f214a,c5b0dcad,72a00661,1,0,1005,20508,320,50,2351,3,163,-1,61,2eb3e54d78,5,7
16220074108753920820,14103002,0,1,5b4d2eda,16a36ef3,f028772b,ecad2386,7801e8d9,07d7df22,a99f214a,99d93744,8b1aa260,1,0,1005,23725,320,50,2716,3,47,-1,23,5b8e638982,5,10
1626012966847849237,14103002,0,0,85f751fd,c4e18dd6,50e219e0,e2fcccd2,5c5a694b,0f2161f8,4a414d6c,3291f42a,09f99953,1,0,1005,18588,320,50,2104,3,1831,-1,171,34bb766544,19,40
16814840908457279391,14103002,1,0,84c7ba46,c4e18dd6,50e219e0,ecad2386,7801e8d9,07d7df22,3cdb4052,8c12fef9,373ecbe6,0,0,1002,23438,320,50,2684,2,1327,100055,52,652390c18c,2,6
16839478795340819864,14103002,0,0,18859862,b5188ae6,f028772b,ecad2386,7801e8d9,07d7df22,a99f214a,8ff199b0,1ccc7835,1,0,1005,20071,320,50,2291,3,35,-1,43,1c541d5426,9,13
1710008453794818873,14103002,0,0,78d60190,1b32ed33,70fb0e29,ecad2386,7801e8d9,07d7df22,a99f214a,c621177c,fcc05fef,1,0,1005,22606,320,50,2609,3,167,100199,23,0be1846ddc,6,10
17125944931213094768,14103002,0,1,e151e245,7e091613,f028772b,ecad2386,7801e8d9,07d7df22,a99f214a,2c4a5556,cdf6ea96,1,0,1005,17262,320,50,1872,3,39,-1,23,f7f162e3d8,8,21
17283717480409299727,14103002,0,1,e151e245,7e091613,f028772b,ecad2386,7801e8d9,07d7df22,a99f214a,3d57f370,3bc980aa,1,0,1005,17037,320,50,1934,2,39,-1,16,b97eeb4f69,1,7
17306815612816461563,14103002,0,0,1fbe01fe,f3845767,28905ebd,ecad2386,7801e8d9,07d7df22,a99f214a,0f73fe5a,1f0bc64f,1,0,1005,15704,320,50,1722,0,35,-1,79,5fa06e5e78,22,69
17427122465795496622,14103002,0,0,85f751fd,c4e18dd6,50e219e0,9c13b419,2347f47a,f95efa07,a99f214a,69f3a38a,c4cff2ea,1,0,1005,23723,320,50,2716,3,47,-1,23,9f04f3e735,8,26
1763432002802940679,14103002,1,0,87cb5f55,1230bd67,50e219e0,ecad2386,7801e8d9,07d7df22,b6db525b,b8ff9ab5,44b7a49b,0,0,1002,22700,320,50,2624,0,35,-1,221,04d0219670,10,13
17896927492206931875,14103002,0,0,85f751fd,c4e18dd6,50e219e0,b149d645,2347f47a,8ded1f7a,7c248eb8,431b3174,945dd5c4,1,3,1005,15705,320,50,1722,0,35,-1,79,b700bf865e,4,17
17912054539784173142,14103002,0,0,d9750ee7,98572c79,f028772b,ecad2386,7801e8d9,07d7df22,a99f214a,80f9e118,4ea23a13,1,0,1005,18093,320,50,2060,3,39,-1,23,6e9374e7c0,6,6
2654561593093285330,14103002,1,0,85f751fd,c4e18dd6,50e219e0,03528b27,2347f47a,8ded1f7a,a3c540dd,b085df20,cbb77256,1,0,1005,16688,320,50,1873,3,39,-1,23,184d3063e1,5,9
2696425963885476717,14103002,0,0,85f751fd,c4e18dd6,50e219e0,39cfef32,d9b5648e,0f2161f8,a99f214a,c8928240,f4fffcd0,1,0,1005,21611,320,50,2480,3,297,100111,61,81159d82de,2,8
2766912729506176466,14103002,0,0,85f751fd,c4e18dd6,50e219e0,febd1138,82e27996,0f2161f8,a99f214a,4d857c7a,99e427c9,1,0,1005,19743,320,50,2264,3,427,100000,61,5167ead820,5,6
3477090416176732982,14103002,0,0,85f751fd,c4e18dd6,50e219e0,febd1138,82e27996,0f2161f8,a99f214a,4d857c7a,99e427c9,1,0,1005,19743,320,50,2264,3,427,100000,61,a4f54d07a1,1,1
3786689919776724885,14103002,0,0,85f751fd,c4e18dd6,50e219e0,c51f82bc,d9b5648e,0f2161f8,a99f214a,a7379fd2,b4b19c97,1,0,1005,21611,320,50,2480,3,297,100111,61,f6b95ba2e3,17,19
4286865185542854804,14103002,0,0,e3c09f3a,d262cf1e,28905ebd,ecad2386,7801e8d9,07d7df22,a99f214a,651f08ab,d6e0e6ff,1,0,1005,23018,320,50,2658,3,35,100148,23,a98d2d620b,1,5
4513206963407396414,14103002,1,0,85f751fd,c4e18dd6,50e219e0,54c5d545,2347f47a,0f2161f8,dcf38868,001e865a,aaffed8f,1,0,1005,15703,320,50,1722,0,35,100083,79,d9eb258388,3,11
4548443756275425974,14103002,0,1,e4d8dd7b,a17bde68,3e814130,ecad2386,7801e8d9,07d7df22,a99f214a,a6888191,0eb711ec,1,0,1005,8330,320,50,761,3,175,100075,23,f13ac2cddc,3,7
5130732695949224220,14103002,0,0,e3c09f3a,d262cf1e,28905ebd,ecad2386,7801e8d9,07d7df22,a99f214a,475dc4ae,13555279,1,0,1005,20072,320,50,2291,3,35,-1,43,8412c504a2,16,23
5609472006605778778,14103002,0,0,85f751fd,c4e18dd6,50e219e0,51cedd4e,aefc06bd,0f2161f8,a99f214a,ef6a222c,e3bb76b5,1,0,1005,21611,320,50,2480,3,297,100111,61,75d858acf1,2,2
5699307245973375141,14103002,0,0,85f751fd,c4e18dd6,50e219e0,0acbeaa3,45a51db4,f95efa07,a99f214a,7c4888d6,a9fb0439,1,0,1005,20751,320,50,1895,0,681,100028,101,bc324a001f,18,27
5728010150637357248,14103002,0,1,57fe1b20,5b626596,f028772b,ecad2386,7801e8d9,07d7df22,a99f214a,6e96d193,8a4875bd,1,0,1005,6563,320,50,572,2,39,-1,32,398c393358,20,20
5748422538198493940,14103002,0,1,791b5571,fd13bc73,f028772b,ecad2386,7801e8d9,07d7df22,a99f214a,62cb8d09,ecb851b2,1,0,1005,8330,320,50,761,3,175,100074,23,d39e44472e,8,10
6181116263714287663,14103002,0,0,85f751fd,c4e18dd6,50e219e0,e2fcccd2,5c5a694b,0f2161f8,a99f214a,63c9374c,fce66524,1,0,1005,22753,320,50,2639,2,35,-1,23,41141b53e4,4,6
643581980949899662,14103002,1,1,47cb5f41,772ba7b7,f028772b,ecad2386,7801e8d9,07d7df22,a99f214a,28fc6ebd,48fdda0b,1,0,1005,15908,320,50,1752,3,297,100081,82,ce18df176f,1,4
6769136571156798625,14103002,0,0,85f751fd,c4e18dd6,50e219e0,febd1138,82e27996,0f2161f8,a99f214a,6cd019d7,99e427c9,1,0,1005,21611,320,50,2480,3,297,100111,61,698e0d5b0f,7,7
7718522565803800262,14103002,0,0,72af592e,19944fab,3e814130,ecad2386,7801e8d9,07d7df22,a99f214a,5da001a6,fce66524,1,0,1005,17239,320,50,1973,3,39,-1,23,9732b1c5bf,9,14
7766315974623322,14103002,0,1,e8f79e60,c4342784,f028772b,ecad2386,7801e8d9,07d7df22,a99f214a,3b8cd616,72306e4c,1,0,1005,23722,320,50,2716,3,47,-1,23,c3607b676d,3,29
8171103272229651769,14103002,0,0,85f751fd,c4e18dd6,50e219e0,e2fcccd2,5c5a694b,0f2161f8,a99f214a,d959df69,0eb711ec,1,0,1005,20072,320,50,2291,3,35,-1,43,af1611eb1c,2,13
8277380811854796210,14103002,1,1,235ba823,f6ebf28e,f028772b,ecad2386,7801e8d9,07d7df22,a99f214a,43e69f05,6e1e2240,1,0,1005,8330,320,50,761,3,175,100075,23,3f848a08a8,7,16
843931124725975554,14103002,0,1,17caea14,0dde25ec,f028772b,ecad2386,7801e8d9,07d7df22,a99f214a,99fff6cf,57e33432,1,0,1005,22680,320,50,2528,0,167,100074,221,faf0584827,2,3
8494252355954888758,14103002,0,0,85f751fd,c4e18dd6,50e219e0,f0d41ff1,2347f47a,0f2161f8,a99f214a,64413720,dc70b0f9,1,0,1005,20476,320,50,2348,3,427,100003,61,4dff5680ff,3,9
8760014238687416525,14103002,0,1,e5c60a05,7256c623,f028772b,ecad2386,7801e8d9,07d7df22,a99f214a,09c739e5,45a0fd1f,1,0,1005,19197,320,50,863,3,169,100105,61,933cd18157,2,3
9061508035365773416,14103002,0,0,85f751fd,c4e18dd6,50e219e0,088b6a7b,2347f47a,0f2161f8,a99f214a,2484692a,ce576f14,1,0,1005,23635,320,50,2708,2,39,-1,23,89095934c5,4,6
9982783328663939195,14103002,0,1,178a7b89,b4598159,f028772b,ecad2386,7801e8d9,07d7df22,a99f214a,1efe164f,7558c63e,1,0,1005,17894,320,50,2039,2,39,100081,32,4b5da1a209,2,3
10006879103191476846,14103003,0,1,85f751fd,c4e18dd6,50e219e0,1dc72b4d,2347f47a,0f2161f8,df555727,9591ee30,da23c8f7,1,0,1005,23712,300,50,2714,3,35,-1,23,3e30245f40,5,13
10026119793134071582,14103003,0,0,6256f5b4,28f93029,f028772b,ecad2386,7801e8d9,07d7df22,a99f214a,af9205f9,c3f7117b,1,0,1005,23368,320,50,2680,3,815,100156,42,9df12b31fb,6,6
10698853778627770034,14103003,0,0,85f751fd,c4e18dd6,50e219e0,28f05a44,2347f47a,cef3e649,a99f214a,2ed538cf,d787e91b,1,0,1005,23804,320,50,2726,3,803,100202,229,7274963d7d,1,3
11188693655724691111,14103003,0,0,85f751fd,c4e18dd6,50e219e0,e96773f0,2347f47a,0f2161f8,a99f214a,c94cf8ff,b8e20f65,1,0,1005,23804,320,50,2726,3,803,-1,229,123c584c6f,11,11
11337562233801400250,14103003,0,0,d187a6d3,1e0acfb4,50e219e0,ecad2386,7801e8d9,07d7df22,2663dd9e,33194e1b,1da119e0,0,0,1002,17893,320,50,2039,2,39,100076,32,2b104e8258,2,2
11370380854791619349,14103003,0,0,6ec06dbd,d262cf1e,8fd0aea4,ecad2386,7801e8d9,07d7df22,a99f214a,692be69f,d787e91b,1,0,1005,20071,320,50,2291,3,35,100022,43,4f22b87cba,8,9
11838051618496458972,14103003,0,0,85f751fd,c4e18dd6,50e219e0,685d1c4c,2347f47a,8ded1f7a,a99f214a,1ca96543,ecb851b2,1,3,1005,23139,320,50,2664,0,35,-1,51,21cdda9125,5,6
11874741302658489054,14103003,1,0,d9750ee7,98572c79,f028772b,ecad2386,7801e8d9,07d7df22,a99f214a,97b16681,4ea23a13,1,0,1005,23138,320,50,2664,0,35,-1,51,a1f32cf10d,2,3
12182152537400040962,14103003,1,0,85f751fd,c4e18dd6,50e219e0,66f5e02e,6f7ca2ba,0f2161f8,378cedfc,de2f5838,1538d6e1,1,2,1005,23804,320,50,2726,3,803,-1,229,e2e2aa8e6a,3,8
12342683302944130934,14103003,0,0,85f751fd,c4e18dd6,50e219e0,e2fcccd2,5c5a694b,0f2161f8,a99f214a,7ef435fc,84ebbcd4,1,0,1005,18588,320,50,2104,3,1831,-1,171,1384e057b7,8,12
12791126734768313301,14103003,0,0,15a497fe,277e7114,50e219e0,ecad2386,7801e8d9,07d7df22,5848350d,441e363d,6f856677,0,0,1002,23764,300,50,2724,0,35,100083,253,5a56cc8260,8,29
13454235324545394229,14103003,0,0,85f751fd,c4e18dd6,50e219e0,e96773f0,2347f47a,0f2161f8,a99f214a,e7cee8d1,73b4563d,1,2,1005,23804,320,50,2726,3,803,100143,229,4ee61d527e,2,4
13509536794810133231,14103003,0,0,1b581e08,fba7221d,f028772b,ecad2386,7801e8d9,07d7df22,a99f214a,be554ea7,d787e91b,1,0,1005,8330,320,50,761,3,175,100077,23,97eb13f8c6,2,3
13578037360921370316,14103003,0,1,85f751fd,c4e18dd6,50e219e0,1dc72b4d,2347f47a,0f2161f8,0680c69e,f8c627f3,ca136f4e,1,0,1005,23699,300,50,2714,3,35,100013,23,4609f53e1d,3,4
13588416677054007816,14103003,0,0,85f751fd,c4e18dd6,50e219e0,98fed791,d9b5648e,0f2161f8,a99f214a,93fff892,aad45b01,1,0,1005,19743,320,50,2264,3,427,100000,61,1c1627cabd,19,34
14116620834153491897,14103003,0,0,85f751fd,c4e18dd6,50e219e0,7358e05e,b9528b13,cef3e649,de1962b1,3d3c5ee0,00b1f3a7,1,0,1005,22813,320,50,2647,2,39,100148,23,37a37740fb,2,2
14354071506633154697,14103003,0,1,2fdff0f2,2296b5b3,3e814130,ecad2386,7801e8d9,07d7df22,a99f214a,578709f0,76dc4769,1,0,1005,17894,320,50,2039,2,39,100075,32,33a3123244,3,5
1435748575076728922,14103003,0,1,85f751fd,c4e18dd6,50e219e0,f7dc58b6,44324ff4,0f2161f8,9efee0ea,1f874394,770896e6,1,0,1005,21611,320,50,2480,3,297,100111,61,1cfb948e1b,3,3
14564022598917205481,14103003,0,1,43d6df75,27e3c518,28905ebd,ecad2386,7801e8d9,07d7df22,a99f214a,fe6f0893,2203a096,1,0,1005,23141,320,50,2664,0,35,100084,51,f274bbbac5,4,6
14787410516670079833,14103003,0,1,5b4d2eda,16a36ef3,f028772b,ecad2386,7801e8d9,07d7df22,a99f214a,f2fe2c28,76dc4769,1,0,1005,8330,320,50,761,3,175,-1,23,784c6f49a1,7,12
14908061201338552078,14103003,0,0,85f751fd,c4e18dd6,50e219e0,d36838b1,0e8616ad,0f2161f8,a99f214a,fd025b2b,8f1db0bc,1,2,1005,23804,320,50,2726,3,803,-1,229,212f5c1ec0,26,34
1507946010315670704,14103003,0,0,85f751fd,c4e18dd6,50e219e0,febd1138,82e27996,0f2161f8,a99f214a,98e7b7ec,2ea4f8ba,1,0,1005,21611,320,50,2480,3,297,100111,61,1d3fdff3c4,8,10
15118565082064390429,14103003,0,1,5b904c3a,e3bf79b4,3e814130,ecad2386,7801e8d9,07d7df22,a99f214a,69451fbf,be6db1d7,1,0,1005,8330,320,50,761,3,175,100075,23,4faf063ccd,1,3
15287535903003120214,14103003,0,0,85f751fd,c4e18dd6,50e219e0,66f5e02e,6f7ca2ba,0f2161f8,464df2c3,02b14602,0f086703,1,0,1005,23804,320,50,2726,3,803,-1,229,c32ad1b32c,4,6
15883289665389302770,14103003,0,0,85f751fd,c4e18dd6,50e219e0,b28a5164,2347f47a,0f2161f8,a99f214a,8f23c5cf,7abbbd5c,1,0,1005,23804,320,50,2726,3,803,-1,229,3b90f51bf0,2,3
16529996955465812428,14103003,0,1,57ef2c87,bd6d812f,f028772b,ecad2386,7801e8d9,07d7df22,a99f214a,75745908,be6db1d7,1,0,1005,8330,320,50,761,3,175,100077,23,46467a936e,1,2
1711228809268023846,14103003,0,1,c9dabf4c,24f213ee,75fa27f6,ecad2386,7801e8d9,07d7df22,a99f214a,ebc49adf,ee007ad3,1,0,1005,23723,320,50,2716,3,47,-1,23,3f850dc074,3,6
17252172136353704880,14103003,0,0,bb4524e7,d733bbc3,28905ebd,ecad2386,7801e8d9,07d7df22,a99f214a,d5840e0c,be6db1d7,1,0,1005,22937,320,50,2653,0,47,-1,94,480fc9839b,10,18
17253364466741252216,14103003,0,0,85f751fd,c4e18dd6,50e219e0,66f5e02e,6f7ca2ba,0f2161f8,0ba21aff,b137bd7f,90df9d44,1,0,1005,23804,320,50,2726,3,803,100160,229,b1192d9f4a,1,2
17273840080824344473,14103003,0,0,85f751fd,c4e18dd6,50e219e0,febd1138,82e27996,0f2161f8,a99f214a,5db2996d,a4b6f65b,1,0,1005,19743,320,50,2264,3,427,100000,61,2707c1567b,1,1
17293536660793669627,14103003,1,0,85f751fd,c4e18dd6,50e219e0,9c13b419,2347f47a,f95efa07,a99f214a,8fdcbd99,ecb851b2,1,0,1005,23726,320,50,2717,2,47,-1,23,0e0962ed81,6,16
17353371737805694374,14103003,0,0,85f751fd,c4e18dd6,50e219e0,53de0284,d9b5648e,0f2161f8,a99f214a,633c8f10,2ea4f8ba,1,0,1005,21611,320,50,2480,3,297,100111,61,19ce97f5f1,9,12
1745772876351076217,14103003,0,0,d9750ee7,98572c79,f028772b,ecad2386,7801e8d9,07d7df22,a99f214a,72c1df7f,d5db24c3,1,0,1005,23137,320,50,2664,0,35,-1,51,de0c02b309,4,11
17662153832293131978,14103003,0,0,1fbe01fe,f3845767,28905ebd,ecad2386,7801e8d9,07d7df22,a99f214a,9912f3c9,5096d134,1,0,1005,23755,320,50,2724,0,35,100084,253,c220de62ee,6,7
17752455880961660367,14103003,0,0,4b0f0061,7195bdd6,f028772b,ecad2386,7801e8d9,07d7df22,a99f214a,29f936dd,4ea23a13,1,0,1005,23137,320,50,2664,0,35,-1,51,5c4189ce81,2,7
17775871005386660456,14103003,0,0,85f751fd,c4e18dd6,50e219e0,73206397,2347f47a,8ded1f7a,36f488f7,098fefad,ce12dd72,1,0,1005,23804,320,50,2726,3,803,-1,229,187621f909,1,50
1924617092433315942,14103003,0,0,85f751fd,c4e18dd6,50e219e0,d36838b1,0e8616ad,0f2161f8,a99f214a,44417112,ac221d6c,1,0,1005,23804,320,50,2726,3,803,-1,229,ffb6d9f1b9,1,2
2567510019516795923,14103003,0,0,85f751fd,c4e18dd6,50e219e0,8b89048f,2347f47a,cef3e649,421953a5,ffe7fd3d,23823d8b,1,2,1005,23804,320,50,2726,3,803,-1,229,52b0bd8d78,1,1
3174169682996942172,14103003,0,0,85f751fd,c4e18dd6,50e219e0,febd1138,82e27996,0f2161f8,a99f214a,aea1ebdf,9b5ce758,1,0,1005,21611,320,50,2480,3,297,100111,61,905a9f5a21,19,20
322688864642821955,14103003,1,0,85f751fd,c4e18dd6,50e219e0,54c5d545,2347f47a,0f2161f8,e192eb40,8e583965,1f0bc64f,1,0,1005,23758,320,50,2724,0,35,100083,253,169d671480,16,18
3517079649449056176,14103003,0,1,57ef2c87,bd6d812f,f028772b,ecad2386,7801e8d9,07d7df22,a99f214a,1ab5f7ee,8441e1f3,1,0,1005,17894,320,50,2039,2,39,100081,32,5297083790,6,6
3599512380048424486,14103003,0,1,e151e245,7e091613,f028772b,ecad2386,7801e8d9,07d7df22,a99f214a,b835c33c,0eb711ec,1,0,1005,22813,320,50,2647,2,35,100148,23,6c06082c5c,4,4
3605553043155568112,14103003,1,1,85f751fd,c4e18dd6,50e219e0,cf0327f9,2347f47a,0f2161f8,fbf6e6e0,be82c1b5,526fa832,1,0,1005,23646,300,50,2709,3,39,-1,23,c1baa14c45,1,1
3837176674003406771,14103003,0,1,3281baa7,61eac15d,f028772b,ecad2386,7801e8d9,07d7df22,a99f214a,455cd0d4,1ccc7835,1,0,1005,8330,320,50,761,3,175,100077,23,0dcb0b4daf,15,59
4204180116504550477,14103003,0,1,17caea14,0dde25ec,f028772b,ecad2386,7801e8d9,07d7df22,a99f214a,f222b4e5,d787e91b,1,0,1005,23725,320,50,2716,3,47,-1,23,8e86111306,8,9
4394135448922551096,14103003,0,0,85f751fd,c4e18dd6,50e219e0,03528b27,2347f47a,8ded1f7a,a99f214a,aae5720f,be6db1d7,1,0,1005,23804,320,50,2726,3,803,-1,229,638d4844ab,2,2
4599869771337918555,14103003,0,0,85f751fd,c4e18dd6,50e219e0,40dde43d,2347f47a,0f2161f8,a99f214a,57e55c9f,1f0bc64f,1,0,1005,23804,320,50,2726,3,803,-1,229,ac3ce64030,4,7
4788629014787511538,14103003,0,0,85f751fd,c4e18dd6,50e219e0,febd1138,82e27996,0f2161f8,a99f214a,857c082e,aad45b01,1,0,1005,21611,320,50,2480,3,297,100111,61,12f759112f,7,16
5052456875894071701,14103003,0,0,85f751fd,c4e18dd6,50e219e0,d36838b1,0e8616ad,0f2161f8,a99f214a,8fdbc512,2d5eed58,1,2,1005,23804,320,50,2726,3,803,-1,229,ec3ddfce46,4,10
5175703900509584087,14103003,0,0,1fbe01fe,f3845767,28905ebd,ecad2386,7801e8d9,07d7df22,a99f214a,85a6d2ee,feacaaee,1,0,1005,23141,320,50,2664,0,35,100084,51,f3b1d89a1e,2,9
5204175123003117086,14103003,0,0,85f751fd,c4e18dd6,50e219e0,35e4919f,2347f47a,0f2161f8,a99f214a,34cda420,a9fb0439,1,0,1005,23804,320,50,2726,3,803,100111,229,d64be87f28,17,24
5688553194753694134,14103003,0,0,382f795d,e92d510a,50e219e0,ecad2386,7801e8d9,07d7df22,80fb3b5c,268ccf67,08ac11ab,0,0,1002,22700,320,50,2624,0,35,100079,221,b1b83f9be3,17,23
6155642348107926036,14103003,0,0,85f751fd,c4e18dd6,50e219e0,28f05a44,2347f47a,cef3e649,a99f214a,6bbae20c,d787e91b,1,0,1005,23804,320,50,2726,3,803,-1,229,a68b797149,3,6
6212645553825082772,14103003,0,0,85f751fd,c4e18dd6,50e219e0,e8691eac,2347f47a,0f2161f8,a99f214a,1c5a1060,a29a4df9,1,2,1005,23804,320,50,2726,3,803,-1,229,0324feb201,2,2
6490308695336499715,14103003,0,1,d9750ee7,98572c79,f028772b,ecad2386,7801e8d9,07d7df22,a99f214a,31990b5d,711ee120,1,0,1005,17753,320,50,1993,2,1063,-1,33,867d240517,7,7
66296753421426916,14103003,0,0,d9750ee7,98572c79,f028772b,ecad2386,7801e8d9,07d7df22,a99f214a,4209e301,277e7b8c,1,0,1005,23137,320,50,2664,0,35,-1,51,711d031f34,1,1
6719105586063475486,14103003,0,0,85f751fd,c4e18dd6,50e219e0,9c13b419,2347f47a,f95efa07,a99f214a,699f5a85,b51372e2,1,0,1005,23728,320,50,2717,2,47,-1,23,5b24de4b77,2,7
7330560438797945660,14103003,0,1,856e6d3f,58a89a43,f028772b,ecad2386,7801e8d9,07d7df22,a99f214a,65b8262c,be6db1d7,1,0,1005,22683,320,50,2528,0,167,100077,221,82071fd0c4,3,14
7518737519637308828,14103003,0,0,85f751fd,c4e18dd6,50e219e0,e96773f0,2347f47a,0f2161f8,a99f214a,5740a155,1f0bc64f,1,0,1005,23804,320,50,2726,3,803,-1,229,68e3c628c9,49,56
7831141747536065457,14103003,0,0,85f751fd,c4e18dd6,50e219e0,7358e05e,b9528b13,cef3e649,05e3b7cd,31f8e95a,41971090,1,0,1005,23804,320,50,2726,3,803,-1,229,239f316c3b,3,8
8335530631388354405,14103003,1,0,5272eb7b,08facbad,50e219e0,ecad2386,7801e8d9,07d7df22,852db04d,7ab1771e,c1e9606c,0,0,1002,22703,320,50,2624,0,35,-1,221,26146f20dc,10,13
8480387208775885891,14103003,0,0,85f751fd,c4e18dd6,50e219e0,febd1138,82e27996,0f2161f8,a99f214a,3edb20a3,99e427c9,1,0,1005,21611,320,50,2480,3,297,100111,61,1de6592607,3,17
8635062255454864271,14103003,0,0,85f751fd,c4e18dd6,50e219e0,5adb10d9,2347f47a,cef3e649,8addf81a,bd204e05,c6df9e19,1,3,1005,23804,320,50,2726,3,803,100194,229,42fbba43ed,5,8
8711878276906678171,14103003,0,0,78d431de,4471d11e,28905ebd,ecad2386,7801e8d9,07d7df22,a99f214a,686e3b45,ecb851b2,1,0,1005,21476,300,250,2471,2,167,100105,23,91c36b3383,4,4
9140645514122933351,14103003,0,0,543a539e,c7ca3108,3e814130,ecad2386,7801e8d9,07d7df22,a99f214a,962af659,a37235a0,1,0,1005,22633,320,50,2060,3,39,100111,23,3ee8040893,5,12
9206333222466421053,14103003,0,1,e151e245,7e091613,f028772b,ecad2386,7801e8d9,07d7df22,a99f214a,3fb1f2b8,5096d134,1,0,1005,22832,320,50,2647,2,35,100148,23,6a649d4aeb,2,18
924810954118039924,14103003,0,0,1fbe01fe,f3845767,28905ebd,ecad2386,7801e8d9,07d7df22,a99f214a,c6563308,7eef184d,1,0,1005,20108,320,50,2299,2,1327,-1,52,bcf9489fbc,4,6
9327244070168187750,14103003,0,0,d9750ee7,98572c79,f028772b,ecad2386,7801e8d9,07d7df22,a99f214a,6b9769f2,06fbfd42,1,0,1005,23139,320,50,2664,0,35,-1,51,2964691255,1,8
9547235644296241186,14103003,0,1,e5c60a05,7256c623,f028772b,ecad2386,7801e8d9,07d7df22,a99f214a,e7ae4526,be6db1d7,1,0,1005,22681,320,50,2528,0,167,100081,221,a0f5335cbb,3,17
9551884819210121300,14103003,0,0,85f751fd,c4e18dd6,50e219e0,d36838b1,0e8616ad,0f2161f8,a99f214a,fe7ad5bb,8f1db0bc,1,2,1005,23804,320,50,2726,3,803,-1,229,189d21fa41,9,24
9692618847192845634,14103003,1,0,85f751fd,c4e18dd6,50e219e0,febd1138,82e27996,0f2161f8,a99f214a,862a7c57,99e427c9,1,0,1005,21611,320,50,2480,3,297,100111,61,8338be01a3,1,2
10032654593894412578,14103004,0,0,1fbe01fe,f3845767,28905ebd,ecad2386,7801e8d9,07d7df22,a99f214a,40914220,047b3d4d,1,0,1005,23153,320,50,2666,0,167,100083,221,032c37c471,14,17
10039208783181193491,14103004,0,1,43d6df75,27e3c518,28905ebd,ecad2386,7801e8d9,07d7df22,a99f214a,9b1fe278,d787e91b,1,0,1005,23138,320,50,2664,0,35,-1,51,fd7f3f912a,6,6
10040054585236736409,14103004,1,0,85f751fd,c4e18dd6,50e219e0,d36838b1,0e8616ad,0f2161f8,a99f214a,73140149,b588c462,1,2,1005,23804,320,50,2726,3,803,100016,229,822a798a9c,9,39
10211983504264929481,14103004,0,0,85f751fd,c4e18dd6,50e219e0,d36838b1,0e8616ad,0f2161f8,a99f214a,bc1a9d0d,8f1db0bc,1,2,1005,23804,320,50,2726,3,803,-1,229,a7b3c7c3aa,4,8
10393561353621762958,14103004,1,0,85f751fd,c4e18dd6,50e219e0,d292c32f,2347f47a,0f2161f8,a99f214a,864b2e36,7abbbd5c,1,0,1005,23804,320,50,2726,3,803,-1,229,2c15027dab,4,10
10438831826003621242,14103004,0,0,85f751fd,c4e18dd6,50e219e0,f0d41ff1,2347f47a,0f2161f8,a99f214a,e7f3d199,5726e67e,1,0,1005,23804,320,50,2726,3,803,-1,229,1018539c0d,5,10
1073092368831218739,14103004,0,0,85f751fd,c4e18dd6,50e219e0,c105f675,2347f47a,0f2161f8,a99f214a,160f55d9,744ae245,1,0,1005,23804,320,50,2726,3,803,-1,229,45726530b6,2,4
10925374198229608318,14103004,0,0,85f751fd,c4e18dd6,50e219e0,d36838b1,0e8616ad,0f2161f8,a99f214a,646763cb,1f0bc64f,1,0,1005,23804,320,50,2726,3,803,-1,229,3c3f72ad33,6,7
11025721886209699652,14103004,0,0,85f751fd,c4e18dd6,50e219e0,a5184c22,b8d325c3,0f2161f8,a99f214a,ea44559c,1f0bc64f,1,0,1005,23804,320,50,2726,3,803,-1,229,ba3ef5f20f,9,14
11035972253555298725,14103004,0,0,85f751fd,c4e18dd6,50e219e0,da7390fc,2347f47a,0f2161f8,a99f214a,7bcc5b9b,00b08597,1,0,1005,23804,320,50,2726,3,803,100128,229,d83d3c808c,6,11
1117447423544697102,14103004,0,0,85f751fd,c4e18dd6,50e219e0,a5184c22,b8d325c3,0f2161f8,a99f214a,93f990e4,cc1b551e,1,2,1005,23804,320,50,2726,3,803,100217,229,cd04a57b4f,1,1
11177940280003469052,14103004,0,0,85f751fd,c4e18dd6,50e219e0,d36838b1,0e8616ad,0f2161f8,a99f214a,0e56b38d,2891f384,1,0,1005,23804,320,50,2726,3,803,-1,229,8ea3d0c3af,4,7
11247175337786786338,14103004,1,0,85f751fd,c4e18dd6,50e219e0,d36838b1,0e8616ad,0f2161f8,a99f214a,ff866b1f,2891f384,1,0,1005,23804,320,50,2726,3,803,100152,229,a415172f6a,4,22
11498518214853824096,14103004,0,1,7dd19f44,9690165f,f028772b,ecad2386,7801e8d9,07d7df22,a99f214a,16e0fa0e,6bfbb32f,1,0,1005,23723,320,50,2716,3,47,-1,23,91070b35ce,2,2
11514759864541715586,14103004,0,0,85f751fd,c4e18dd6,50e219e0,d36838b1,0e8616ad,0f2161f8,a99f214a,c5b0317e,d787e91b,1,0,1005,23804,320,50,2726,3,803,-1,229,de82a630fb,4,6
11932104931648167993,14103004,0,1,e151e245,7e091613,f028772b,ecad2386,7801e8d9,07d7df22,a99f214a,a33aa644,be74e6fe,1,0,1005,22754,320,50,2639,2,35,-1,23,df54eddfcf,4,4
12102571008847460604,14103004,0,0,85f751fd,c4e18dd6,50e219e0,d36838b1,0e8616ad,0f2161f8,a99f214a,c4625641,e8d6bd6d,1,0,1005,23804,320,50,2726,3,803,-1,229,e2200210c1,2,2
12132968567391349893,14103004,0,0,85f751fd,c4e18dd6,50e219e0,03528b27,2347f47a,8ded1f7a,260dc373,8e84a149,ef726eae,1,0,1005,23804,320,50,2726,3,803,100148,229,2dec109865,3,5
12202565664572504272,14103004,0,0,85f751fd,c4e18dd6,50e219e0,e8691eac,2347f47a,0f2161f8,a99f214a,7382b550,77bf3c3c,1,2,1005,23804,320,50,2726,3,803,100148,229,0b38e8db03,9,9
12241481078005289065,14103004,0,0,85f751fd,c4e18dd6,50e219e0,d36838b1,0e8616ad,0f2161f8,a99f214a,40f8adb4,2891f384,1,0,1005,23804,320,50,2726,3,803,100169,229,f88ff5b559,3,3
12250409253006741201,14103004,0,0,85f751fd,c4e18dd6,50e219e0,d36838b1,0e8616ad,0f2161f8,a99f214a,26ca22b6,d787e91b,1,0,1005,23804,320,50,2726,3,803,-1,229,2b897d4a19,8,12
12299050232708197031,14103004,0,0,85f751fd,c4e18dd6,50e219e0,9c13b419,2347f47a,f95efa07,a99f214a,fe0ff02a,1f0bc64f,1,0,1005,23160,320,50,2667,0,35,-1,221,8c0c66bfcf,29,37
12316602862139690464,14103004,1,0,85f751fd,c4e18dd6,50e219e0,9c13b419,2347f47a,f95efa07,a99f214a,31d10b5d,be6db1d7,1,0,1005,23161,320,50,2667,0,35,-1,221,6ed58aad87,2,4
12441585789307080971,14103004,0,0,85f751fd,c4e18dd6,50e219e0,d36838b1,0e8616ad,0f2161f8,a99f214a,0a45c625,2319f641,1,2,1005,23804,320,50,2726,3,803,-1,229,4ceb7f9437,3,3
12454897176840515120,14103004,0,0,85f751fd,c4e18dd6,50e219e0,40dde43d,2347f47a,0f2161f8,a99f214a,08626721,8f1db0bc,1,2,1005,23804,320,50,2726,3,803,-1,229,20d176b5ba,1,1
12455832465496242926,14103004,0,0,85f751fd,c4e18dd6,50e219e0,f53417e1,0e8616ad,0f2161f8,a99f214a,211f96b8,0b188ab3,1,0,1005,23804,320,50,2726,3,803,-1,229,f0e071be4b,3,11
12596780366512876405,14103004,0,0,85f751fd,c4e18dd6,50e219e0,9c13b419,2347f47a,f95efa07,a99f214a,79a9e7d1,1ccc7835,1,0,1005,23804,320,50,2726,3,803,-1,229,5f6f70e2d1,8,26
12662190543443652350,14103004,0,1,cffc1324,bc63ea42,335d28a8,ecad2386,7801e8d9,07d7df22,a99f214a,847bf6be,7e752449,1,2,1005,8330,320,50,761,3,175,100079,23,d355e58301,16,19
12754348667081909129,14103004,0,0,85f751fd,c4e18dd6,50e219e0,d36838b1,0e8616ad,0f2161f8,a99f214a,65a99fbe,aa35da31,1,0,1005,23804,320,50,2726,3,803,-1,229,da62f4b746,12,19
1297595384472844586,14103004,0,0,85f751fd,c4e18dd6,50e219e0,f0d41ff1,2347f47a,0f2161f8,a99f214a,381c1831,be74e6fe,1,0,1005,23804,320,50,2726,3,803,-1,229,9c1c03a900,2,21
12996395359784621539,14103004,0,1,856e6d3f,58a89a43,f028772b,ecad2386,7801e8d9,07d7df22,a99f214a,94fa54c4,158e4944,1,0,1005,8330,320,50,761,3,175,-1,23,acac0a8b97,24,42
13019619936933728842,14103004,0,0,85f751fd,c4e18dd6,50e219e0,d36838b1,0e8616ad,0f2161f8,a99f214a,c26e8f11,ac221d6c,1,0,1005,23804,320,50,2726,3,803,-1,229,d39e44472e,4,8
13034516021934346146,14103004,0,0,85f751fd,c4e18dd6,50e219e0,d36838b1,0e8616ad,0f2161f8,a99f214a,1dad78a5,8f1db0bc,1,2,1005,23804,320,50,2726,3,803,-1,229,660094ee3a,1,5
13054838732192445117,14103004,0,0,85f751fd,c4e18dd6,50e219e0,f53417e1,0e8616ad,0f2161f8,a99f214a,77eae6b3,a5a2318d,1,0,1005,23804,320,50,2726,3,803,-1,229,2dec109865,5,11
13055622316931932793,14103004,0,0,85f751fd,c4e18dd6,50e219e0,40dde43d,2347f47a,0f2161f8,a99f214a,08626721,8f1db0bc,1,2,1005,23804,320,50,2726,3,803,-1,229,32dbd72395,1,1
13095053876537796247,14103004,0,0,85f751fd,c4e18dd6,50e219e0,d36838b1,0e8616ad,0f2161f8,a99f214a,c4625641,e8d6bd6d,1,0,1005,23804,320,50,2726,3,803,-1,229,b342d63242,15,24
13151764044716253709,14103004,1,0,5b08c53b,7687a86e,3e814130,ecad2386,7801e8d9,07d7df22,a99f214a,f43b8e04,be87996b,1,2,1005,19016,300,250,2162,2,39,100170,33,f39217048c,10,15
13195241567570790140,14103004,0,0,85f751fd,c4e18dd6,50e219e0,f0d41ff1,2347f47a,0f2161f8,a99f214a,196ea1e4,2cd85f9e,1,0,1005,23804,320,50,2726,3,803,100064,229,e97b7a4012,10,14
13200265328911573739,14103004,0,1,b7e9786d,b12b9f85,f028772b,ecad2386,7801e8d9,07d7df22,a99f214a,d402e7f4,76dc4769,1,0,1005,8330,320,50,761,3,175,100075,23,a05316cc4f,10,41
13204125275670683653,14103004,0,0,85f751fd,c4e18dd6,50e219e0,a5184c22,b8d325c3,0f2161f8,a99f214a,9bca2f89,5096d134,1,0,1005,23804,320,50,2726,3,803,100013,229,02c9fccdd6,1,12
13290675633982402131,14103004,0,0,85f751fd,c4e18dd6,50e219e0,d36838b1,0e8616ad,0f2161f8,a99f214a,c3add288,6569eeb3,1,0,1005,23804,320,50,2726,3,803,-1,229,915c610828,1,11
13412106994112435019,14103004,0,0,85f751fd,c4e18dd6,50e219e0,febd1138,82e27996,0f2161f8,a99f214a,093b6584,9b5ce758,1,0,1005,21611,320,50,2480,3,297,100111,61,b97eeb4f69,1,4
13422054626382342537,14103004,0,0,85f751fd,c4e18dd6,50e219e0,921977f6,813f3323,8ded1f7a,b2339674,9e6cff16,ff065cf0,1,2,1005,23804,320,50,2726,3,803,-1,229,41141b53e4,15,18
13431714309847700879,14103004,0,0,85f751fd,c4e18dd6,50e219e0,f53417e1,0e8616ad,0f2161f8,a99f214a,8f23c5cf,7abbbd5c,1,0,1005,23804,320,50,2726,3,803,-1,229,53d2d0abf4,14,44
13459817333105593744,14103004,0,0,85f751fd,c4e18dd6,50e219e0,e2fcccd2,5c5a694b,0f2161f8,e9c9f13d,87da99c9,be74e6fe,1,0,1005,4687,320,50,423,2,39,100148,32,b3984716bf,1,54
13532698004569898556,14103004,0,0,85f751fd,c4e18dd6,50e219e0,28f05a44,2347f47a,cef3e649,a99f214a,4248ec63,cebbcb2d,1,0,1005,23804,320,50,2726,3,803,100199,229,1a393ffbab,8,8
13662100356435041676,14103004,0,0,85f751fd,c4e18dd6,50e219e0,d36838b1,0e8616ad,0f2161f8,a99f214a,5a797569,e8d6bd6d,1,0,1005,23804,320,50,2726,3,803,-1,229,385aeffbdb,2,2
13677845366144792657,14103004,0,0,6f34dd1d,1591263c,50e219e0,ecad2386,7801e8d9,07d7df22,606dc64b,e20f2e41,5ca4757d,0,0,1002,22701,320,50,2624,0,35,100079,221,4395611748,3,3
13959129810492674940,14103004,1,0,85f751fd,c4e18dd6,50e219e0,d36838b1,0e8616ad,0f2161f8,a99f214a,23a64c60,1906c924,1,0,1005,23804,320,50,2726,3,803,-1,229,12cdcdd08b,2,2
13965271932652520293,14103004,0,0,85f751fd,c4e18dd6,50e219e0,f53417e1,0e8616ad,0f2161f8,a99f214a,8551a226,84eb6b0e,1,0,1005,23804,320,50,2726,3,803,-1,229,a3433b2fd4,15,21
14009574505510918259,14103004,0,0,85f751fd,c4e18dd6,50e219e0,d36838b1,0e8616ad,0f2161f8,a99f214a,d48b7d36,100d45b5,1,0,1005,23804,320,50,2726,3,803,-1,229,1de0dc92f6,3,27
14015112643940490749,14103004,1,0,85f751fd,c4e18dd6,50e219e0,d36838b1,0e8616ad,0f2161f8,a99f214a,995f7619,2891f384,1,0,1005,23804,320,50,2726,3,803,-1,229,43d09d7607,21,26
14124618069832712386,14103004,0,0,85f751fd,c4e18dd6,50e219e0,d36838b1,0e8616ad,0f2161f8,a99f214a,6d5dc6f9,31f63ca2,1,0,1005,23804,320,50,2726,3,803,-1,229,2020294c55,20,21
14187452687616638291,14103004,0,1,5b4d2eda,16a36ef3,f028772b,ecad2386,7801e8d9,07d7df22,a99f214a,48882f86,68b6db2c,1,0,1005,20251,320,50,2323,0,687,100081,48,7c93000289,2,11
14309886702932313831,14103004,0,1,5b4d2eda,16a36ef3,f028772b,ecad2386,7801e8d9,07d7df22,a99f214a,747f7148,76dc4769,1,0,1005,8330,320,50,761,3,175,100077,23,9c69bc8451,1,6
14329091627088433583,14103004,0,0,85f751fd,c4e18dd6,50e219e0,d36838b1,0e8616ad,0f2161f8,a99f214a,e0b15f91,2891f384,1,0,1005,23804,320,50,2726,3,803,-1,229,1ab5872376,4,12
14397283798473698669,14103004,1,0,85f751fd,c4e18dd6,50e219e0,a5184c22,b8d325c3,0f2161f8,a99f214a,835002f3,2891f384,1,0,1005,23804,320,50,2726,3,803,100165,229,6ad1b71eb9,15,24
14516755247682166758,14103004,0,1,5b904c3a,e3bf79b4,3e814130,ecad2386,7801e8d9,07d7df22,a99f214a,8aa68f5c,76dc4769,1,0,1005,8330,320,50,761,3,175,100075,23,9919e5f021,19,25
14586784060849279680,14103004,0,0,85f751fd,c4e18dd6,50e219e0,febd1138,82e27996,0f2161f8,a99f214a,2a66848d,aad45b01,1,0,1005,21611,320,50,2480,3,297,100111,61,c5539c9385,6,15
14604182634291098249,14103004,0,0,85f751fd,c4e18dd6,50e219e0,febd1138,82e27996,0f2161f8,a99f214a,97096ce6,2ea4f8ba,1,0,1005,21611,320,50,2480,3,297,100111,61,9c368290de,2,4
14617093976752245671,14103004,1,0,85f751fd,c4e18dd6,50e219e0,9c13b419,2347f47a,f95efa07,a99f214a,e14c8202,d4897fef,1,0,1005,23160,320,50,2667,0,35,-1,221,e6e5a0cb6d,1,16
14657498879848505884,14103004,0,0,85f751fd,c4e18dd6,50e219e0,40dde43d,2347f47a,0f2161f8,a99f214a,9b3d5c67,dc15c87e,1,2,1005,23804,320,50,2726,3,803,-1,229,db341721b5,3,22
14867447253890049008,14103004,0,0,85f751fd,c4e18dd6,50e219e0,9c13b419,2347f47a,f95efa07,a99f214a,ff0771d3,4ea23a13,1,0,1005,23160,320,50,2667,0,35,100128,221,1050e1bb4e,1,5
14887767993471187831,14103004,0,0,85f751fd,c4e18dd6,50e219e0,1cc958a2,2347f47a,f95efa07,a99f214a,a56ae0da,4e560d5d,1,2,1005,23804,320,50,2726,3,803,-1,229,7d5cc63cd9,1,1
14965342658277828260,14103004,0,0,d9750ee7,98572c79,f028772b,ecad2386,7801e8d9,07d7df22,a99f214a,30eb46ae,8b1aa260,1,0,1005,23137,320,50,2664,0,35,-1,51,83f42f2524,2,24
15120824151078114675,14103004,0,1,5ee41ff2,17d996e6,f028772b,ecad2386,7801e8d9,07d7df22,a99f214a,ccd961e8,1ccc7835,1,0,1005,8330,320,50,761,3,175,100081,23,5b699a97cb,35,45
15306426512120407172,14103004,1,0,85f751fd,c4e18dd6,50e219e0,d36838b1,0e8616ad,0f2161f8,a99f214a,5a845d84,aa35da31,1,0,1005,23804,320,50,2726,3,803,-1,229,585479f8b7,1,1
15338619097665387793,14103004,0,0,85f751fd,c4e18dd6,50e219e0,d36838b1,0e8616ad,0f2161f8,a99f214a,a20138a5,be74e6fe,1,0,1005,23804,320,50,2726,3,803,-1,229,5c7f7bf678,5,11
15388728485544084040,14103004,0,0,85f751fd,c4e18dd6,50e219e0,d36838b1,0e8616ad,0f2161f8,a99f214a,819f9b59,f3049821,1,0,1005,23804,320,50,2726,3,803,-1,229,bf7293482d,9,27
1539284342121201195,14103004,0,0,85f751fd,c4e18dd6,50e219e0,d36838b1,0e8616ad,0f2161f8,a99f214a,f2a4b6a0,2b61f4fd,1,0,1005,23804,320,50,2726,3,803,-1,229,364872d9eb,21,23
15693446226163844288,14103004,0,0,85f751fd,c4e18dd6,50e219e0,e2fcccd2,5c5a694b,0f2161f8,a99f214a,303550bf,d787e91b,1,0,1005,23804,320,50,2726,3,803,-1,229,f7f162e3d8,17,35
15702170639527679373,14103004,0,0,85f751fd,c4e18dd6,50e219e0,d36838b1,0e8616ad,0f2161f8,a99f214a,921cc80b,8167f128,1,0,1005,23804,320,50,2726,3,803,-1,229,17e5dcb624,2,7
15925654201658559697,14103004,1,0,85f751fd,c4e18dd6,50e219e0,a5184c22,b8d325c3,0f2161f8,a99f214a,a0815872,fa61e8fe,1,0,1005,23804,320,50,2726,3,803,-1,229,c220de62ee,2,3
15987239839062297839,14103004,0,0,85f751fd,c4e18dd6,50e219e0,d36838b1,0e8616ad,0f2161f8,a99f214a,e936e62f,9e3836ff,1,0,1005,23804,320,50,2726,3,803,-1,229,a150036498,17,24
16060471345282230640,14103004,0,0,85f751fd,c4e18dd6,50e219e0,d36838b1,0e8616ad,0f2161f8,a99f214a,4a8eaa04,7375dd40,1,0,1005,23804,320,50,2726,3,803,-1,229,ffb6d9f1b9,8,14
16071106489404792477,14103004,0,0,85f751fd,c4e18dd6,50e219e0,9c13b419,2347f47a,f95efa07,a99f214a,1c388a2c,3bc980aa,1,0,1005,23160,320,50,2667,0,35,100128,221,27e6f09fe2,7,7
16114675534318774696,14103004,0,1,34040f5c,c5206c87,3e814130,ecad2386,7801e8d9,07d7df22,a99f214a,e41b659e,8b1aa260,1,0,1005,23722,320,50,2716,3,35,100112,23,8f7f8b2def,2,5
16161312281684615692,14103004,0,0,85f751fd,c4e18dd6,50e219e0,f53417e1,0e8616ad,0f2161f8,a99f214a,bf37edf0,2891f384,1,0,1005,23804,320,50,2726,3,803,100166,229,fb38b7fa4c,4,4
16191206216263241563,14103004,0,0,9719d06e,7a0d164d,3e814130,ecad2386,7801e8d9,07d7df22,a99f214a,0b8c09d7,1df52df3,1,0,1005,22795,320,50,2645,3,35,100103,23,b1f5c8d09b,3,4
16235021460939219740,14103004,1,0,85f751fd,c4e18dd6,50e219e0,d36838b1,0e8616ad,0f2161f8,a99f214a,a2e55ea7,38a73904,1,0,1005,23804,320,50,2726,3,803,-1,229,f0a29039e3,2,10
1631928280581008331,14103004,0,0,85f751fd,c4e18dd6,50e219e0,d36838b1,0e8616ad,0f2161f8,a99f214a,a0868ac8,24f6b932,1,0,1005,23804,320,50,2726,3,803,-1,229,31ada7e53e,3,5
16503232604707743471,14103004,0,0,85f751fd,c4e18dd6,50e219e0,d36838b1,0e8616ad,0f2161f8,a99f214a,b539db60,2cd8ff6d,1,0,1005,23804,320,50,2726,3,803,-1,229,406ecd6281,1,3
16531394608734060691,14103004,1,0,85f751fd,c4e18dd6,50e219e0,d36838b1,0e8616ad,0f2161f8,a99f214a,673cccd4,d6b5c09e,1,2,1005,23804,320,50,2726,3,803,-1,229,4f22b87cba,2,4
1653332310568310824,14103004,0,0,85f751fd,c4e18dd6,50e219e0,d36838b1,0e8616ad,0f2161f8,a99f214a,65727a77,684581ce,1,0,1005,23804,320,50,2726,3,803,-1,229,2bc3c46ea7,8,13
16586103502773275299,14103004,0,0,85f751fd,c4e18dd6,50e219e0,d36838b1,0e8616ad,0f2161f8,a99f214a,99dbd2a2,ef337993,1,0,1005,23804,320,50,2726,3,803,-1,229,35243cfc3e,2,2
16630249514336385831,14103004,0,0,85f751fd,c4e18dd6,50e219e0,f53417e1,0e8616ad,0f2161f8,a99f214a,be3922f1,7abbbd5c,1,0,1005,23804,320,50,2726,3,803,-1,229,ccb755cbf1,4,28
1676793777011859909,14103004,0,0,78d60190,1b32ed33,70fb0e29,ecad2386,7801e8d9,07d7df22,a99f214a,764503a5,7b75d3a6,1,0,1005,23723,320,50,2716,3,47,100194,23,d502d046e1,17,19
16815393998587964232,14103004,0,0,85f751fd,c4e18dd6,50e219e0,d36838b1,0e8616ad,0f2161f8,a99f214a,07acfeac,5db079b5,1,2,1005,23804,320,50,2726,3,803,-1,229,91d54a1066,4,4
16915467221409734542,14103004,0,0,85f751fd,c4e18dd6,50e219e0,d36838b1,0e8616ad,0f2161f8,a99f214a,0e56b38d,2891f384,1,0,1005,23804,320,50,2726,3,803,-1,229,22ff51c774,1,7
16944159692559910434,14103004,0,0,85f751fd,c4e18dd6,50e219e0,e2a1ca37,2347f47a,8ded1f7a,947b6bf6,6e8377d8,a5bce124,1,0,1005,23804,320,50,2726,3,803,100050,229,275770df34,1,1
17016060145510509236,14103004,0,1,85f751fd,c4e18dd6,50e219e0,03a08c3f,7801e8d9,0f2161f8,28d882f9,05e76645,24399af1,4,3,1010,23551,320,50,2698,0,163,100083,212,ae54473298,2,4
17073677485863168187,14103004,0,1,92c7cbe7,6e882918,75fa27f6,ecad2386,7801e8d9,07d7df22,a99f214a,1c760255,158e4944,1,0,1005,8330,320,50,761,3,175,100074,23,973588c794,6,18
1710179577521948391,14103004,0,0,85f751fd,c4e18dd6,50e219e0,28f05a44,2347f47a,cef3e649,a99f214a,1917f701,1b4a6f26,1,0,1005,23804,320,50,2726,3,803,100200,229,af0da3c60e,24,24
17278828399296277791,14103004,1,0,85f751fd,c4e18dd6,50e219e0,9c13b419,2347f47a,f95efa07,a99f214a,cb4b1d0b,c136b9bf,1,0,1005,23161,320,50,2667,0,35,-1,221,8874113c32,38,41
17349298646072941386,14103004,0,0,85f751fd,c4e18dd6,50e219e0,d36838b1,0e8616ad,0f2161f8,a99f214a,6ed1eafa,b3f4c8ce,1,0,1005,23804,320,50,2726,3,803,-1,229,c48792124c,5,13
17462673543866371441,14103004,0,0,85f751fd,c4e18dd6,50e219e0,d36838b1,0e8616ad,0f2161f8,a99f214a,01a318c9,1610002a,1,0,1005,23804,320,50,2726,3,803,-1,229,aa70a46ce4,13,21
17548331826505164862,14103004,0,0,85f751fd,c4e18dd6,50e219e0,45aff1a2,5c620f04,d1327cf5,38d18d8a,d2b1e7c6,a8d2c4cf,1,0,1005,23804,320,50,2726,3,803,-1,229,9ed6bac2fb,6,8
17689597544827365416,14103004,0,0,85f751fd,c4e18dd6,50e219e0,e2fcccd2,5c5a694b,0f2161f8,aea54ea5,1fc1bcbd,cdf6ea96,1,0,1005,23804,320,50,2726,3,803,-1,229,4faf063ccd,7,11
17706665846068467247,14103004,0,0,85f751fd,c4e18dd6,50e219e0,d36838b1,0e8616ad,0f2161f8,a99f214a,a4b5af5b,d400d41b,1,0,1005,23804,320,50,2726,3,803,-1,229,42d6eb8dd0,8,22
17886972451584883605,14103004,0,0,d6137915,bb1ef334,f028772b,ecad2386,7801e8d9,07d7df22,a99f214a,e184a39f,86030d43,1,0,1005,20214,320,50,2316,0,167,100077,16,23338d33b1,1,2
17904346908131732196,14103004,0,0,85f751fd,c4e18dd6,50e219e0,febd1138,82e27996,0f2161f8,a99f214a,a1941aec,9b5ce758,1,0,1005,21611,320,50,2480,3,297,100111,61,4aac432a81,5,8
17929908933018050329,14103004,1,0,85f751fd,c4e18dd6,50e219e0,f1f93810,2347f47a,0f2161f8,a99f214a,41ee1c31,c144e605,1,0,1005,23804,320,50,2726,3,803,-1,229,d26976d500,11,11
17933474218186028200,14103004,0,0,85f751fd,c4e18dd6,50e219e0,d36838b1,0e8616ad,0f2161f8,a99f214a,1fe5aabc,73b4563d,1,2,1005,23804,320,50,2726,3,803,-1,229,31dedc938e,3,3
18147747765705769700,14103004,0,0,85f751fd,c4e18dd6,50e219e0,d36838b1,0e8616ad,0f2161f8,a99f214a,099b671d,31368bbf,1,0,1005,23804,320,50,2726,3,803,-1,229,fda28d0d01,4,7
18158842043691050474,14103004,0,0,85f751fd,c4e18dd6,50e219e0,e2fcccd2,5c5a694b,0f2161f8,f4105d40,ba3c6f51,e62a69fe,1,0,1005,23804,320,50,2726,3,803,-1,229,02a87e2a8f,2,14
18164161395769794807,14103004,0,0,85f751fd,c4e18dd6,50e219e0,d36838b1,0e8616ad,0f2161f8,a99f214a,60116212,8f1db0bc,1,2,1005,23804,320,50,2726,3,803,-1,229,406ecd6281,3,6
18164933048537504726,14103004,1,1,e151e245,7e091613,f028772b,ecad2386,7801e8d9,07d7df22,a99f214a,4c51916f,8bfcd3c6,1,0,1005,17037,320,50,1934,2,39,-1,16,1e85364345,2,5
18168710645858062345,14103004,1,0,fa004722,2296b5b3,3e814130,ecad2386,7801e8d9,07d7df22,a99f214a,9682d7fa,fce66524,1,0,1005,17239,320,50,1973,3,39,-1,23,246a5321e9,17,24
18205789337489522965,14103004,0,0,85f751fd,c4e18dd6,50e219e0,d36838b1,0e8616ad,0f2161f8,a99f214a,89b18201,08e8b691,1,0,1005,23804,320,50,2726,3,803,-1,229,21caebbb16,5,6
18211941203196562286,14103004,1,0,85f751fd,c4e18dd6,50e219e0,d36838b1,0e8616ad,0f2161f8,a99f214a,b9036ab0,2891f384,1,0,1005,23804,320,50,2726,3,803,100062,229,97a38ef876,6,13
1825538214501021510,14103004,0,0,85f751fd,c4e18dd6,50e219e0,d36838b1,0e8616ad,0f2161f8,a99f214a,bb9408e4,5db079b5,1,2,1005,23804,320,50,2726,3,803,-1,229,293030a8b8,4,16
18288830522015589116,14103004,0,0,85f751fd,c4e18dd6,50e219e0,66f5e02e,6f7ca2ba,0f2161f8,bf566b6a,8326a31a,dfeda01b,1,0,1005,23688,300,50,2712,2,35,100051,23,87527aaeb6,17,20
1831411179953714778,14103004,0,0,85f751fd,c4e18dd6,50e219e0,f0d41ff1,2347f47a,0f2161f8,a99f214a,204f4a71,7f91d101,1,2,1005,23804,320,50,2726,3,803,100166,229,5fb3dab613,1,8
18415670181606555878,14103004,0,0,85f751fd,c4e18dd6,50e219e0,d36838b1,0e8616ad,0f2161f8,a99f214a,50889185,b13341d8,1,2,1005,23804,320,50,2726,3,803,100183,229,6bd315c6f7,5,9
1850717817076792231,14103004,0,0,85f751fd,c4e18dd6,50e219e0,d36838b1,0e8616ad,0f2161f8,a99f214a,e5b77638,c3fac03e,1,2,1005,23804,320,50,2726,3,803,-1,229,594092070a,5,19
1872002328474484337,14103004,0,0,85f751fd,c4e18dd6,50e219e0,d36838b1,0e8616ad,0f2161f8,a99f214a,4756d1b8,b3f4c8ce,1,0,1005,23804,320,50,2726,3,803,-1,229,c87e3bbcde,14,16
2038570991078101469,14103004,0,0,85f751fd,c4e18dd6,50e219e0,40dde43d,2347f47a,0f2161f8,a99f214a,54f27d6b,4422b3db,1,2,1005,23804,320,50,2726,3,803,-1,229,ef6ea911f3,12,12
2085883024068276595,14103004,0,0,85f751fd,c4e18dd6,50e219e0,40dde43d,2347f47a,0f2161f8,a99f214a,dd2b3e2b,b78e6543,1,0,1005,23804,320,50,2726,3,803,-1,229,9f04f3e735,5,12
2151713251249498117,14103004,1,0,85f751fd,c4e18dd6,50e219e0,d36838b1,0e8616ad,0f2161f8,a99f214a,0cd8d369,0eb711ec,1,0,1005,23804,320,50,2726,3,803,-1,229,6d74b776a1,4,5
2234177753578969365,14103004,0,0,85f751fd,c4e18dd6,50e219e0,d36838b1,0e8616ad,0f2161f8,a99f214a,291a48ea,b13341d8,1,2,1005,23804,320,50,2726,3,803,-1,229,d95f0a3e9c,1,1
2385918889907705353,14103004,0,1,e151e245,7e091613,f028772b,ecad2386,7801e8d9,07d7df22,a99f214a,a8790f23,5db079b5,1,2,1005,23722,320,50,2716,3,35,100019,23,82237482e3,11,14
2532523599409105945,14103004,0,0,85f751fd,c4e18dd6,50e219e0,d36838b1,0e8616ad,0f2161f8,a99f214a,dad35ce1,a8d2c4cf,1,0,1005,23804,320,50,2726,3,803,-1,229,651087d467,1,2
2645570232155498291,14103004,1,0,85f751fd,c4e18dd6,50e219e0,9c13b419,2347f47a,f95efa07,a99f214a,f1bfd537,1f0bc64f,1,0,1005,23804,320,50,2726,3,803,-1,229,7efa7b1ffb,7,19
2667165341014195521,14103004,0,1,856e6d3f,58a89a43,f028772b,ecad2386,7801e8d9,07d7df22,a99f214a,9550a9d0,a0f5f879,1,0,1005,8330,320,50,761,3,175,-1,23,539f5068ef,1,4
2707403009838350510,14103004,1,1,17caea14,0dde25ec,f028772b,ecad2386,7801e8d9,07d7df22,a99f214a,31e089ac,89deac5a,1,2,1005,6563,320,50,572,2,39,-1,32,a02258d2b5,4,7
276533141561858215,14103004,0,0,85f751fd,c4e18dd6,50e219e0,d36838b1,0e8616ad,0f2161f8,a99f214a,c340eadc,2891f384,1,0,1005,23804,320,50,2726,3,803,-1,229,786dcbc25b,4,14
3056445754748098814,14103004,0,0,85f751fd,c4e18dd6,50e219e0,36f58dec,2347f47a,f95efa07,a99f214a,40f98592,5db079b5,1,2,1005,23804,320,50,2726,3,803,-1,229,7aa4acf7c3,3,25
3084847152948106030,14103004,0,1,5b4d2eda,16a36ef3,f028772b,ecad2386,7801e8d9,07d7df22,a99f214a,8ed52024,8a4875bd,1,0,1005,21893,320,50,2526,0,167,100075,221,9dc5d1f7a2,7,7
3117199132988521860,14103004,0,1,57ef2c87,bd6d812f,f028772b,ecad2386,7801e8d9,07d7df22,a99f214a,9fbba907,428bcb95,1,0,1005,19985,320,50,2278,2,35,100077,95,1e358254bc,17,31
3131488593633315049,14103004,0,0,15d93b0b,dd7026ee,50e219e0,ecad2386,7801e8d9,07d7df22,8f51a880,3d2654dc,9fc6d8f0,0,0,1002,23438,320,50,2684,2,1327,-1,52,ea3d2b3cf4,11,11
3184419276556013516,14103004,0,0,1fbe01fe,f3845767,28905ebd,ecad2386,7801e8d9,07d7df22,a99f214a,b0b1f473,16954458,1,0,1005,15704,320,50,1722,0,35,100084,79,d0e7a2f679,1,12
3283405397909652933,14103004,0,0,1fbe01fe,f3845767,28905ebd,ecad2386,7801e8d9,07d7df22,a99f214a,b03ca994,6332421a,1,0,1005,15702,320,50,1722,0,35,-1,79,7c658edcdb,3,4
3369219821415900345,14103004,1,0,85f751fd,c4e18dd6,50e219e0,d36838b1,0e8616ad,0f2161f8,a99f214a,ae2cdcee,77bf3c3c,1,2,1005,23804,320,50,2726,3,803,-1,229,5beb805c79,47,52
3370236537082443080,14103004,0,1,c63170c5,a9bba545,f028772b,ecad2386,7801e8d9,07d7df22,a99f214a,1c021bcb,ab169851,1,0,1005,19771,320,50,2227,0,935,100081,48,bcb225d370,8,19
3597195293596908011,14103004,0,0,85f751fd,c4e18dd6,50e219e0,d36838b1,0e8616ad,0f2161f8,a99f214a,05a1314f,158e4944,1,0,1005,23804,320,50,2726,3,803,-1,229,a4ec759db2,1,9
3802119881778743651,14103004,0,0,85f751fd,c4e18dd6,50e219e0,3bfa19cb,2347f47a,0f2161f8,00384d0d,be10ff0d,fb007d6f,1,0,1005,23804,320,50,2726,3,803,100084,229,cb06f13c84,7,17
3934643726372765276,14103004,1,0,83a0ad1a,5c9ae867,f028772b,ecad2386,7801e8d9,07d7df22,a99f214a,9863d87e,1b4a6f26,1,0,1005,16858,320,50,1887,3,39,100194,23,0ecbd4e009,24,24
3941356802592850445,14103004,0,0,85f751fd,c4e18dd6,50e219e0,40dde43d,2347f47a,0f2161f8,a99f214a,08626721,8f1db0bc,1,2,1005,23804,320,50,2726,3,803,-1,229,7ef4d3550e,3,4
401707536492481124,14103004,0,0,85f751fd,c4e18dd6,50e219e0,d36838b1,0e8616ad,0f2161f8,a99f214a,ad28a728,a29a4df9,1,2,1005,23804,320,50,2726,3,803,-1,229,31318ce909,35,36
4056084881756773894,14103004,0,0,85f751fd,c4e18dd6,50e219e0,e2fcccd2,5c5a694b,0f2161f8,a99f214a,fc4416f0,ffe69079,1,0,1005,23804,320,50,2726,3,803,-1,229,702be6329e,3,4
4090947441099480133,14103004,0,0,85f751fd,c4e18dd6,50e219e0,d36838b1,0e8616ad,0f2161f8,a99f214a,b135ad72,7abbbd5c,1,0,1005,23804,320,50,2726,3,803,-1,229,2fbc9f3c95,8,9
4325361924922215535,14103004,0,0,47753f16,9ece7167,f028772b,ecad2386,7801e8d9,07d7df22,a99f214a,fbe6099f,48d464e5,1,0,1005,16858,320,50,1887,3,39,-1,23,26a1774305,2,12
4436997365710787186,14103004,0,0,85f751fd,c4e18dd6,50e219e0,f53417e1,0e8616ad,0f2161f8,a99f214a,a64cee3b,0dedddc5,1,2,1005,23804,320,50,2726,3,803,-1,229,841cb68a2f,3,5
4457225863143923587,14103004,0,0,85f751fd,c4e18dd6,50e219e0,d36838b1,0e8616ad,0f2161f8,a99f214a,a572a032,8f1db0bc,1,2,1005,23804,320,50,2726,3,803,-1,229,f167b2c58d,8,12
4572249139353006707,14103004,0,0,85f751fd,c4e18dd6,50e219e0,d36838b1,0e8616ad,0f2161f8,a99f214a,6ccc6296,04f5b394,1,0,1005,23804,320,50,2726,3,803,-1,229,4fc12e7331,6,6
4749468174045775905,14103004,0,0,85f751fd,c4e18dd6,50e219e0,54c5d545,2347f47a,0f2161f8,a99f214a,b7c1e507,703bf03e,1,0,1005,23804,320,50,2726,3,803,-1,229,a2e20cf5de,6,8
4753806831414561611,14103004,0,0,85f751fd,c4e18dd6,50e219e0,d36838b1,0e8616ad,0f2161f8,a99f214a,fe7ad5bb,8f1db0bc,1,2,1005,23804,320,50,2726,3,803,-1,229,7aa4acf7c3,10,41
4762063830950879590,14103004,0,0,85f751fd,c4e18dd6,50e219e0,d36838b1,0e8616ad,0f2161f8,a99f214a,740de2d5,1ccc7835,1,0,1005,23804,320,50,2726,3,803,-1,229,3c74bc2bbc,2,13
4842917508134091734,14103004,0,1,5b4d2eda,16a36ef3,f028772b,ecad2386,7801e8d9,07d7df22,a99f214a,93e33d93,46d98882,1,0,1005,19772,320,50,2227,0,935,-1,48,e8067ccdf4,2,6
4854168350443354757,14103004,0,0,85f751fd,c4e18dd6,50e219e0,e2fcccd2,5c5a694b,0f2161f8,a99f214a,df21a16e,d4897fef,1,0,1005,21893,320,50,2526,0,167,100075,221,b2b57ffad5,2,3
4878681495234690000,14103004,0,0,85f751fd,c4e18dd6,50e219e0,73206397,2347f47a,8ded1f7a,b1d45de1,1e85912f,be74e6fe,1,0,1005,23804,320,50,2726,3,803,100166,229,bf7293482d,2,3
4884496306033893880,14103004,0,0,85f751fd,c4e18dd6,50e219e0,a5184c22,b8d325c3,0f2161f8,a99f214a,a27e6ada,31368bbf,1,0,1005,23804,320,50,2726,3,803,-1,229,9dd4c29c19,6,13
4927010137171328721,14103004,0,0,85f751fd,c4e18dd6,50e219e0,d36838b1,0e8616ad,0f2161f8,a99f214a,e83c553f,9ee2ab36,1,2,1005,23804,320,50,2726,3,803,-1,229,70cc4c9e4e,1,3
5118351713329654314,14103004,0,0,85f751fd,c4e18dd6,50e219e0,d36838b1,0e8616ad,0f2161f8,a99f214a,44417112,ac221d6c,1,0,1005,23804,320,50,2726,3,803,-1,229,a4aab49ea2,6,25
533214559181675428,14103004,0,0,85f751fd,c4e18dd6,50e219e0,f53417e1,0e8616ad,0f2161f8,a99f214a,d002e212,e24c8b65,1,2,1005,23804,320,50,2726,3,803,-1,229,2ac991dd7d,19,27
5345706269131391473,14103004,0,0,85f751fd,c4e18dd6,50e219e0,f53417e1,0e8616ad,0f2161f8,a99f214a,f683cba6,787562bc,1,0,1005,23804,320,50,2726,3,803,-1,229,d1413e698f,1,29
5370740663718131416,14103004,0,0,85f751fd,c4e18dd6,50e219e0,f53417e1,0e8616ad,0f2161f8,a99f214a,0e024fda,1c6a881d,1,2,1005,23804,320,50,2726,3,803,-1,229,6a44bb7b64,1,14
5439745695350622616,14103004,0,0,85f751fd,c4e18dd6,50e219e0,e96773f0,2347f47a,0f2161f8,a99f214a,fe17c64e,60eb1f19,1,0,1005,23804,320,50,2726,3,803,-1,229,bfe6cd59b7,11,13
5442343275261896116,14103004,0,0,85f751fd,c4e18dd6,50e219e0,e2fcccd2,5c5a694b,0f2161f8,dfba3782,8e158ff2,1f0bc64f,1,0,1005,23804,320,50,2726,3,803,-1,229,3dcf9701b6,6,18
5487870966387333208,14103004,0,0,85f751fd,c4e18dd6,50e219e0,d36838b1,0e8616ad,0f2161f8,a99f214a,a41e4866,3520c226,1,2,1005,23804,320,50,2726,3,803,-1,229,96d5eb2e01,11,15
5912547173719555339,14103004,0,0,85f751fd,c4e18dd6,50e219e0,d36838b1,0e8616ad,0f2161f8,a99f214a,911628a7,e438c1dc,1,0,1005,23804,320,50,2726,3,803,-1,229,fa00e2e90b,19,19
5999937374859184532,14103004,0,0,85f751fd,c4e18dd6,50e219e0,54c5d545,2347f47a,0f2161f8,e80b3f2b,11953e0e,8bfcd3c6,1,0,1005,23804,320,50,2726,3,803,-1,229,9864bd1417,1,13
6002920104954173445,14103004,1,0,85f751fd,c4e18dd6,50e219e0,03528b27,2347f47a,8ded1f7a,a99f214a,f077459c,553f099b,1,0,1005,15703,320,50,1722,0,35,-1,79,eaa0b128a7,8,8
613607317978063028,14103004,0,0,85f751fd,c4e18dd6,50e219e0,d36838b1,0e8616ad,0f2161f8,a99f214a,23258247,5096d134,1,0,1005,23804,320,50,2726,3,803,-1,229,e12d6f3267,7,9
6158501589445455615,14103004,0,0,85f751fd,c4e18dd6,50e219e0,febd1138,82e27996,0f2161f8,a99f214a,e52ab5c5,2ea4f8ba,1,0,1005,21611,320,50,2480,3,297,100111,61,3302bd4a83,1,1
6159412088026375492,14103004,0,0,85f751fd,c4e18dd6,50e219e0,d36838b1,0e8616ad,0f2161f8,a99f214a,0359418c,89416188,1,0,1005,23804,320,50,2726,3,803,-1,229,7e67ce8a59,9,41
6248623014799493096,14103004,0,0,85f751fd,c4e18dd6,50e219e0,d36838b1,0e8616ad,0f2161f8,a99f214a,2989fbd4,e24c8b65,1,2,1005,23804,320,50,2726,3,803,-1,229,eedd397101,28,38
6279137924863220074,14103004,0,0,85f751fd,c4e18dd6,50e219e0,e2fcccd2,5c5a694b,0f2161f8,761cc075,a8f542f8,41971090,1,0,1005,23804,320,50,2726,3,803,-1,229,45726530b6,6,27
6332164094488160572,14103004,0,0,85f751fd,c4e18dd6,50e219e0,40dde43d,2347f47a,0f2161f8,a99f214a,243a797a,597ff2d3,1,2,1005,23804,320,50,2726,3,803,-1,229,3006b2fc0c,1,3
6504333835462030624,14103004,0,0,85f751fd,c4e18dd6,50e219e0,f53417e1,0e8616ad,0f2161f8,a99f214a,39c42ea3,2cd8ff6d,1,0,1005,23804,320,50,2726,3,803,-1,229,8a25dab580,13,23
6519999012804968586,14103004,0,0,5b787406,f3ca2e42,50e219e0,ecad2386,7801e8d9,07d7df22,4f551e0d,3e622f70,43e7b962,0,0,1002,23725,320,50,2716,3,35,100105,23,cb17f09bd6,1,11
6609634084650108412,14103004,0,0,d6137915,bb1ef334,f028772b,ecad2386,7801e8d9,07d7df22,a99f214a,ca42be3f,88fe1d5d,1,0,1005,20251,320,50,2323,0,687,100081,48,959ba9a135,2,7
6819170404551161588,14103004,0,0,85f751fd,c4e18dd6,50e219e0,d36838b1,0e8616ad,0f2161f8,a99f214a,d1c527a4,7fdd04d2,1,0,1005,23804,320,50,2726,3,803,-1,229,7af12101b7,3,6
6834381845395396388,14103004,1,1,5b4d2eda,16a36ef3,f028772b,ecad2386,7801e8d9,07d7df22,a99f214a,846aac73,60eb1f19,1,0,1005,23723,320,50,2716,3,47,-1,23,01a6884e5e,3,5
6942056971435304886,14103004,0,0,85f751fd,c4e18dd6,50e219e0,d36838b1,0e8616ad,0f2161f8,a99f214a,a0868ac8,24f6b932,1,0,1005,23804,320,50,2726,3,803,-1,229,80d6c974eb,1,4
6953598631580542358,14103004,0,1,0a742914,510bd839,f028772b,ecad2386,7801e8d9,07d7df22,a99f214a,7bfb81b3,8a4875bd,1,0,1005,16208,320,50,1800,3,167,-1,23,cbe78921a4,12,23
6980854807922510096,14103004,0,0,85f751fd,c4e18dd6,50e219e0,e2a1ca37,2347f47a,8ded1f7a,69f692a5,e0baf9b2,ecb851b2,1,0,1005,23804,320,50,2726,3,803,-1,229,921ed98aa3,16,23
7000758147037372422,14103004,0,0,85f751fd,c4e18dd6,50e219e0,d36838b1,0e8616ad,0f2161f8,a99f214a,88d1cd8b,2cd85f9e,1,0,1005,23804,320,50,2726,3,803,-1,229,8a8f93f3e9,1,2
7052608645750527372,14103004,0,0,85f751fd,c4e18dd6,50e219e0,54c5d545,2347f47a,0f2161f8,d95bfe17,ceffea69,1f0bc64f,1,0,1005,23757,320,50,2724,0,35,-1,253,8338be01a3,21,34
7122118934434858736,14103004,0,0,85f751fd,c4e18dd6,50e219e0,febd1138,82e27996,0f2161f8,a99f214a,43cc344b,b4b19c97,1,0,1005,21611,320,50,2480,3,297,100111,61,10ad6504fa,3,7
7175934882647189406,14103004,0,0,85f751fd,c4e18dd6,50e219e0,f53417e1,0e8616ad,0f2161f8,a99f214a,150e413d,1ccc7835,1,0,1005,23804,320,50,2726,3,803,-1,229,dfcea2a88c,3,4
7336883897204833923,14103004,0,0,85f751fd,c4e18dd6,50e219e0,f53417e1,0e8616ad,0f2161f8,a99f214a,ce842a0d,c144e605,1,0,1005,23804,320,50,2726,3,803,-1,229,53cf8322a6,8,9
741379116030686694,14103004,0,0,85f751fd,c4e18dd6,50e219e0,d36838b1,0e8616ad,0f2161f8,a99f214a,4db80805,639777a9,1,0,1005,23804,320,50,2726,3,803,-1,229,82a3371274,3,4
7425522244682504859,14103004,0,0,85f751fd,c4e18dd6,50e219e0,d36838b1,0e8616ad,0f2161f8,a99f214a,f4c84eb4,2891f384,1,0,1005,23804,320,50,2726,3,803,-1,229,048df3abc2,7,8
7505053919357183579,14103004,0,0,85f751fd,c4e18dd6,50e219e0,f53417e1,0e8616ad,0f2161f8,a99f214a,61b43f9d,be87996b,1,2,1005,23804,320,50,2726,3,803,100131,229,097802cb23,5,17
7532352005524061345,14103004,0,0,85f751fd,c4e18dd6,50e219e0,3e2bf98d,2347f47a,0f2161f8,afeffc18,dbfa7418,1c6a881d,1,2,1005,23804,320,50,2726,3,803,-1,229,480b64b6bc,19,20
7543923407039524892,14103004,0,0,85f751fd,c4e18dd6,50e219e0,66f5e02e,6f7ca2ba,0f2161f8,0fbacc9b,f69e137b,d787e91b,1,0,1005,23804,320,50,2726,3,803,-1,229,034b4010ab,9,10
7547512791742460553,14103004,0,0,85f751fd,c4e18dd6,50e219e0,d36838b1,0e8616ad,0f2161f8,a99f214a,339cd255,2319f641,1,2,1005,23804,320,50,2726,3,803,-1,229,1ecbc789cb,1,2
7642563911198831266,14103004,0,0,85f751fd,c4e18dd6,50e219e0,f53417e1,0e8616ad,0f2161f8,a99f214a,eb3a415d,f5351a9b,1,2,1005,23804,320,50,2726,3,803,-1,229,caf3004b84,3,29
7673208916964802177,14103004,0,0,85f751fd,c4e18dd6,50e219e0,e96773f0,2347f47a,0f2161f8,a99f214a,c94cf8ff,b8e20f65,1,0,1005,23804,320,50,2726,3,803,-1,229,fb38b7fa4c,12,19
7902507311893002475,14103004,0,0,85f751fd,c4e18dd6,50e219e0,d36838b1,0e8616ad,0f2161f8,a99f214a,1672ec71,8f1db0bc,1,2,1005,23804,320,50,2726,3,803,-1,229,293e280057,9,10
7916507994481770105,14103004,1,1,e151e245,7e091613,f028772b,ecad2386,7801e8d9,07d7df22,a99f214a,759dcafb,272ca818,1,0,1005,17014,320,50,1872,3,39,-1,23,e0c813acc3,16,17
7941624331361770328,14103004,0,0,85f751fd,c4e18dd6,50e219e0,f0d41ff1,2347f47a,0f2161f8,a99f214a,b6c333a0,b7c5bc1f,1,0,1005,23804,320,50,2726,3,803,-1,229,d7211e70c4,3,5
8053462891626338396,14103004,1,0,db49295e,efcd0a5a,3e814130,ecad2386,7801e8d9,07d7df22,a99f214a,de8e42bd,d42e625d,1,0,1005,15706,320,50,1722,0,35,100083,79,a05316cc4f,15,25
8087230450932273142,14103004,0,0,85f751fd,c4e18dd6,50e219e0,54c5d545,2347f47a,0f2161f8,a99f214a,48ca84f3,d25693ce,1,0,1005,15702,320,50,1722,0,35,100084,79,f0c0c26f99,2,9
8155929703710677041,14103004,0,0,85f751fd,c4e18dd6,50e219e0,d36838b1,0e8616ad,0f2161f8,a99f214a,0c9892c6,5096d134,1,0,1005,23804,320,50,2726,3,803,-1,229,f0a29039e3,3,3
8235734945653708020,14103004,0,0,85f751fd,c4e18dd6,50e219e0,51cedd4e,aefc06bd,0f2161f8,a99f214a,4b7d091e,542422a7,1,0,1005,19743,320,50,2264,3,427,100000,61,d39e44472e,8,20
8337240380628128690,14103004,0,0,85f751fd,c4e18dd6,50e219e0,d36838b1,0e8616ad,0f2161f8,a99f214a,2989fbd4,e24c8b65,1,2,1005,23804,320,50,2726,3,803,-1,229,acac0a8b97,5,11
8415334376715119334,14103004,0,0,85f751fd,c4e18dd6,50e219e0,d36838b1,0e8616ad,0f2161f8,a99f214a,7f1f4148,9e3836ff,1,0,1005,23804,320,50,2726,3,803,-1,229,80511f385a,5,5
8531847577806053656,14103004,0,0,85f751fd,c4e18dd6,50e219e0,f53417e1,0e8616ad,0f2161f8,a99f214a,ad990043,a29a4df9,1,2,1005,23804,320,50,2726,3,803,-1,229,4b5da1a209,6,11
8537185890158969642,14103004,0,0,85f751fd,c4e18dd6,50e219e0,d36838b1,0e8616ad,0f2161f8,a99f214a,2d776855,2891f384,1,0,1005,23804,320,50,2726,3,803,-1,229,c114f6f749,9,14
8754486533714626589,14103004,0,0,85f751fd,c4e18dd6,50e219e0,f53417e1,0e8616ad,0f2161f8,a99f214a,d2c1f345,5096d134,1,0,1005,23804,320,50,2726,3,803,-1,229,f3b1d89a1e,2,5
8811260034251750378,14103004,0,0,85f751fd,c4e18dd6,50e219e0,d36838b1,0e8616ad,0f2161f8,a99f214a,af595c94,8803c3d6,1,2,1005,23804,320,50,2726,3,803,-1,229,d698999cf6,28,28
8991721272725667747,14103004,1,1,0a742914,510bd839,f028772b,ecad2386,7801e8d9,07d7df22,a99f214a,78ef3f3d,711ee120,1,0,1005,23723,320,50,2716,3,47,100084,23,8bcb43294d,6,11
922277313602501987,14103004,0,0,85f751fd,c4e18dd6,50e219e0,d36838b1,0e8616ad,0f2161f8,a99f214a,5593b0d9,2b61f4fd,1,0,1005,23804,320,50,2726,3,803,-1,229,f57a907099,22,26
9238518366699576451,14103004,0,1,17caea14,0dde25ec,f028772b,ecad2386,7801e8d9,07d7df22,a99f214a,3b3ed329,46d98882,1,0,1005,23725,320,50,2716,3,47,100077,23,5546ca3799,4,6
9563691862892005042,14103004,0,0,85f751fd,c4e18dd6,50e219e0,685d1c4c,2347f47a,8ded1f7a,a99f214a,05b4dec7,ecb851b2,1,3,1005,23141,320,50,2664,0,35,100083,51,31db0ce8a4,32,45
9722311091508466189,14103004,0,0,4bf5bbe2,6b560cc1,28905ebd,ecad2386,7801e8d9,07d7df22,a99f214a,ee85145e,d787e91b,1,0,1005,20345,300,250,2331,2,39,-1,23,43d09d7607,1,2
9774520979695998985,14103004,0,0,85f751fd,c4e18dd6,50e219e0,d36838b1,0e8616ad,0f2161f8,a99f214a,2d67c374,a29a4df9,1,2,1005,23804,320,50,2726,3,803,-1,229,7c08045cce,20,22
9839707299076337401,14103004,0,0,085bfc46,c4e18dd6,50e219e0,ecad2386,7801e8d9,07d7df22,e3007b40,67b766f8,d002cb2f,0,0,1002,23438,320,50,2684,2,1327,-1,52,26fb944a90,1,8
10195443179278839932,14103005,0,1,af544f8f,76d3a7cd,f028772b,ecad2386,7801e8d9,07d7df22,a99f214a,50a386e7,779d90c2,1,0,1005,19771,320,50,2227,0,935,-1,48,6c02812b29,4,20
10324536756343513003,14103005,0,0,85f751fd,c4e18dd6,50e219e0,9c13b419,2347f47a,f95efa07,a99f214a,38da3e12,1f0bc64f,1,0,1005,23161,320,50,2667,0,35,-1,221,5c4fadeb4d,9,16
10471562049209903843,14103005,0,1,5b4d2eda,16a36ef3,f028772b,ecad2386,7801e8d9,07d7df22,a99f214a,48126f37,8a4875bd,1,0,1005,21882,320,50,2526,0,167,100081,221,6f1d3f41f9,2,15
10541109954109660952,14103005,1,0,85f751fd,c4e18dd6,50e219e0,f53417e1,0e8616ad,0f2161f8,a99f214a,25ea6819,d25693ce,1,0,1005,23804,320,50,2726,3,803,-1,229,e3d8157e68,20,28
10664357217723373060,14103005,0,0,1fbe01fe,f3845767,28905ebd,ecad2386,7801e8d9,07d7df22,a99f214a,6c6e18ba,8a4875bd,1,0,1005,23755,320,50,2724,0,35,-1,253,517bd19edf,3,14
10765273915035064005,14103005,0,0,85f751fd,c4e18dd6,50e219e0,28f05a44,2347f47a,cef3e649,a99f214a,d2d27f74,d787e91b,1,0,1005,23804,320,50,2726,3,803,100194,229,c94dcb09c6,1,2
10973328566871314549,14103005,0,1,85f751fd,c4e18dd6,50e219e0,8ac2d945,7801e8d9,75d80bbe,6e1cf34d,91515c9a,f07e20f8,4,2,1010,23754,320,50,2724,0,35,-1,253,2eb3e54d78,8,17
1125986409249048848,14103005,0,0,85f751fd,c4e18dd6,50e219e0,019f1849,2347f47a,879c24eb,a99f214a,2d6ac088,fa61e8fe,1,0,1005,23804,320,50,2726,3,803,-1,229,80d6c974eb,1,4
11347996545247677893,14103005,0,0,85f751fd,c4e18dd6,50e219e0,e2fcccd2,5c5a694b,0f2161f8,382b04c7,6d571dc4,be6db1d7,1,0,1005,4687,320,50,423,2,39,100148,32,b57f24fbb6,5,6
11375633883566230788,14103005,0,0,85f751fd,c4e18dd6,50e219e0,d36838b1,0e8616ad,0f2161f8,a99f214a,e6b14aef,55bcf790,1,2,1005,23804,320,50,2726,3,803,-1,229,067715c5b2,1,7
11441276010348836618,14103005,0,0,cd58172f,b9c4ab81,f028772b,ecad2386,7801e8d9,07d7df22,a99f214a,fce0a98f,5096d134,1,0,1005,23723,320,50,2716,3,47,-1,23,b1192d9f4a,1,1
11497810923568031909,14103005,0,0,85f751fd,c4e18dd6,50e219e0,6f8bcb0f,2347f47a,0f2161f8,32e6f95b,e286c82f,d787e91b,1,0,1005,23866,320,50,2736,3,33,100172,246,c9ee1ccc3e,2,4
11498843458220758989,14103005,0,1,5b4d2eda,16a36ef3,f028772b,ecad2386,7801e8d9,07d7df22,a99f214a,fb233904,be6db1d7,1,0,1005,23875,320,50,2738,0,163,-1,17,7aa12e2064,5,5
11582334742767298168,14103005,1,0,cf3a1767,98acf46c,50e219e0,ecad2386,7801e8d9,07d7df22,557308d3,3cd62eb4,f9ba9057,0,0,1002,23438,320,50,2684,2,1327,-1,52,bf27dd2510,35,44
11706306657122609603,14103005,0,0,85f751fd,c4e18dd6,50e219e0,685d1c4c,2347f47a,8ded1f7a,a99f214a,a40981ff,d31a172e,1,2,1005,23738,320,50,2676,0,299,-1,221,33a3123244,1,15
118752103104339930,14103005,0,0,85f751fd,c4e18dd6,50e219e0,685d1c4c,2347f47a,8ded1f7a,a99f214a,3ccc7aac,1f0bc64f,1,2,1005,23224,320,50,2676,0,299,100176,221,f702bcfcbe,2,2
11985138640858163258,14103005,0,1,5b4d2eda,16a36ef3,f028772b,ecad2386,7801e8d9,07d7df22,a99f214a,cfeabb9c,76dc4769,1,0,1005,8330,320,50,761,3,175,100075,23,f775fd6018,36,68
11999166005272642709,14103005,0,0,85f751fd,c4e18dd6,50e219e0,685d1c4c,2347f47a,8ded1f7a,a99f214a,a17189b8,1f0bc64f,1,2,1005,23738,320,50,2676,0,299,100176,221,4609f53e1d,3,8
12132642794180424662,14103005,0,0,1fbe01fe,f3845767,28905ebd,ecad2386,7801e8d9,07d7df22,a99f214a,650eef24,04f5b394,1,0,1005,23123,320,50,2524,0,167,100083,221,eafc293175,7,7
12475974803033226173,14103005,0,0,93eaba74,7687a86e,3e814130,ecad2386,7801e8d9,07d7df22,a99f214a,61ec1366,4ea23a13,1,0,1005,17654,300,250,1994,2,39,-1,33,c48792124c,1,1
12907014353932009404,14103005,0,1,e151e245,7e091613,f028772b,ecad2386,7801e8d9,07d7df22,a99f214a,1336ba81,0e32c832,1,0,1005,17037,320,50,1934,2,39,-1,16,af322b74ef,6,27
12994760602403028403,14103005,0,0,85f751fd,c4e18dd6,50e219e0,febd1138,82e27996,0f2161f8,a99f214a,6cd019d7,99e427c9,1,0,1005,21611,320,50,2480,3,297,100111,61,6bb3602bf0,7,7
13084128080660956385,14103005,1,1,b7e9786d,b12b9f85,f028772b,ecad2386,7801e8d9,07d7df22,a99f214a,bd8e6c34,6ac9eb05,1,0,1005,19772,320,50,2227,0,935,100076,48,1a14c7644f,3,6
13097055094067181205,14103005,1,0,85f751fd,c4e18dd6,50e219e0,06f8745c,2347f47a,75d80bbe,42a4a2b9,ebb2bf2a,7abbbd5c,1,3,1005,23804,320,50,2726,3,803,-1,229,2a71debe96,14,26
13101451689697899527,14103005,0,0,85f751fd,c4e18dd6,50e219e0,685d1c4c,2347f47a,8ded1f7a,a99f214a,3ccf6e84,d6e0e6ff,1,2,1005,23739,320,50,2676,0,299,100176,221,20679abeb1,12,16
13284951768744588769,14103005,0,0,85f751fd,c4e18dd6,50e219e0,d36838b1,0e8616ad,0f2161f8,a99f214a,c03d177f,5347522c,1,2,1005,23804,320,50,2726,3,803,-1,229,a74ec9b213,1,7
13372728257667171521,14103005,0,0,85f751fd,c4e18dd6,50e219e0,d36838b1,0e8616ad,0f2161f8,a99f214a,0a49a92a,d3b3178d,1,2,1005,23804,320,50,2726,3,803,-1,229,a7654a8226,18,23
13528182196958617472,14103005,1,0,85f751fd,c4e18dd6,50e219e0,9c13b419,2347f47a,f95efa07,a99f214a,985d3b0b,779d90c2,1,0,1005,23729,320,50,2717,2,47,-1,23,8daf09379d,1,15
13531592348569213727,14103005,0,0,85f751fd,c4e18dd6,50e219e0,d36838b1,0e8616ad,0f2161f8,a99f214a,a572a032,8f1db0bc,1,2,1005,23804,320,50,2726,3,803,-1,229,718004687a,2,2
13680319886359010911,14103005,0,0,85f751fd,c4e18dd6,50e219e0,685d1c4c,2347f47a,8ded1f7a,a99f214a,7a085627,ecb851b2,1,3,1005,23739,320,50,2676,0,299,100176,221,a02258d2b5,10,22
13911465295911775625,14103005,1,0,85f751fd,c4e18dd6,50e219e0,e2fcccd2,5c5a694b,0f2161f8,76f93abd,0f956550,1f0bc64f,1,0,1005,23804,320,50,2726,3,803,-1,229,14002639c0,2,2
14019687499708261052,14103005,0,1,e8f79e60,c4342784,f028772b,ecad2386,7801e8d9,07d7df22,a99f214a,f2af4b40,24bda58a,1,0,1005,23722,320,50,2716,3,47,100199,23,d0b6af72bd,3,3
14081716118821821527,14103005,0,1,0eb72673,d2f72222,f028772b,ecad2386,7801e8d9,07d7df22,a99f214a,344aeb9a,6e1e2240,1,0,1005,8330,320,50,761,3,175,-1,23,398c393358,2,9
14118732127201549315,14103005,0,1,b7e9786d,b12b9f85,f028772b,ecad2386,7801e8d9,07d7df22,a99f214a,d9aaac00,daa861e9,1,0,1005,19771,320,50,2227,0,935,100081,48,6f81f37083,7,10
14387853346693486667,14103005,0,1,92fa1eaf,060c1a43,3e814130,ecad2386,7801e8d9,07d7df22,a99f214a,8de1dd89,8b1aa260,1,0,1005,23723,320,50,2716,3,47,-1,23,a1429ecf88,4,5
1440629603190391994,14103005,0,0,85f751fd,c4e18dd6,50e219e0,d36838b1,0e8616ad,0f2161f8,a99f214a,b665fa07,04f5b394,1,0,1005,23804,320,50,2726,3,803,-1,229,690757766c,6,6
14484014879907762171,14103005,0,1,856e6d3f,58a89a43,f028772b,ecad2386,7801e8d9,07d7df22,a99f214a,8bf2e132,be6db1d7,1,0,1005,22680,320,50,2528,0,167,100077,221,cea06f2305,14,26
14706655982362252285,14103005,0,1,856e6d3f,58a89a43,f028772b,ecad2386,7801e8d9,07d7df22,a99f214a,66d1a38a,6e1e2240,1,0,1005,8330,320,50,761,3,175,100075,23,d2e7e67518,3,3
14912610862623936065,14103005,0,0,85f751fd,c4e18dd6,50e219e0,f53417e1,0e8616ad,0f2161f8,a99f214a,913ffda6,be87996b,1,2,1005,23804,320,50,2726,3,803,-1,229,0205facb9e,4,5
14966810227744407275,14103005,0,0,4adf86b9,e2b020ce,f028772b,ecad2386,7801e8d9,07d7df22,a99f214a,32f7f437,09137ff4,1,0,1012,23718,320,50,2715,2,35,100111,90,61ffa12fba,1,6
15037797567888384501,14103005,0,1,e151e245,7e091613,f028772b,ecad2386,7801e8d9,07d7df22,a99f214a,4cc89738,d4897fef,1,0,1005,21674,320,50,2495,2,167,-1,23,5c87cc1365,1,8
15083469898119954490,14103005,0,0,85f751fd,c4e18dd6,50e219e0,d36838b1,0e8616ad,0f2161f8,a99f214a,39b705fb,4135a4b4,1,0,1005,23804,320,50,2726,3,803,-1,229,ea1fbcf210,9,10
15130678647343681565,14103005,1,0,85f751fd,c4e18dd6,50e219e0,a5184c22,b8d325c3,0f2161f8,a99f214a,e6aa9abd,1610002a,1,0,1005,23804,320,50,2726,3,803,-1,229,308100931c,1,12
15162051718022842695,14103005,0,1,b7e9786d,b12b9f85,f028772b,ecad2386,7801e8d9,07d7df22,a99f214a,6366c443,76dc4769,1,0,1005,8330,320,50,761,3,175,100075,23,308100931c,2,6
15394332251009112210,14103005,0,0,85f751fd,c4e18dd6,50e219e0,99c720b6,2347f47a,0f2161f8,a99f214a,7c19a9bf,5b211c0d,1,0,1005,23861,320,50,2735,1,35,100148,251,9e04b46f72,11,12
15498631111632789463,14103005,0,1,0eb72673,d2f72222,f028772b,ecad2386,7801e8d9,07d7df22,a99f214a,e30b0d56,daa861e9,1,0,1005,19772,320,50,2227,0,935,100075,48,6325278268,15,20
15631123031189980235,14103005,0,0,85f751fd,c4e18dd6,50e219e0,f0d41ff1,2347f47a,0f2161f8,a99f214a,51b2194c,c464aa46,1,0,1005,23804,320,50,2726,3,803,-1,229,ab736d14a7,1,1
15947096762878403229,14103005,0,0,85f751fd,c4e18dd6,50e219e0,f0d41ff1,2347f47a,0f2161f8,a99f214a,2d6ae5af,fe72bf31,1,0,1005,23804,320,50,2726,3,803,-1,229,ed8dff0c75,2,3
1633092070513854507,14103005,1,0,85f751fd,c4e18dd6,50e219e0,d36838b1,0e8616ad,0f2161f8,a99f214a,8a05cf59,a5bce124,1,0,1005,23804,320,50,2726,3,803,-1,229,e60e0f37c0,1,1
16433507105710029425,14103005,0,0,85f751fd,c4e18dd6,50e219e0,d36838b1,0e8616ad,0f2161f8,a99f214a,04678659,cc1b551e,1,2,1005,23804,320,50,2726,3,803,-1,229,2b8647bd87,2,4
16491604289500918567,14103005,0,0,85f751fd,c4e18dd6,50e219e0,d36838b1,0e8616ad,0f2161f8,a99f214a,8c6dbe42,be87996b,1,2,1005,23804,320,50,2726,3,803,100094,229,de8cb92e5c,8,11
16721791451494566083,14103005,0,0,85f751fd,c4e18dd6,50e219e0,9c13b419,2347f47a,f95efa07,a99f214a,3458f90c,836d2439,1,0,1005,23728,320,50,2717,2,47,-1,23,4f22b87cba,2,2
16756216621543097302,14103005,0,0,85f751fd,c4e18dd6,50e219e0,e96773f0,2347f47a,0f2161f8,a99f214a,8d77467a,158e4944,1,0,1005,23804,320,50,2726,3,803,-1,229,2cce0a2113,23,24
16781033390527859665,14103005,0,0,bb4524e7,d733bbc3,28905ebd,ecad2386,7801e8d9,07d7df22,a99f214a,a24e05d5,945dd5c4,1,0,1005,20633,320,50,2374,3,39,-1,23,d6ee0bb7f3,8,8
16956427655781632790,14103005,0,0,85f751fd,c4e18dd6,50e219e0,9c13b419,2347f47a,f95efa07,a99f214a,4dc2a945,fa61e8fe,1,0,1005,23161,320,50,2667,0,35,100221,221,d5f2abf671,4,9
